{"ret":0,"errmsg":"ok","msg_count":10,"can_msg_continue":1,"general_msg_list":"{\"list\":[{\"comm_msg_info\":{\"id\":1000001676,\"type\":49,\"datetime\":1608706801,\"fakeid\":\"3075228534\",\"status\":2,\"content\":\"\"},\"app_msg_ext_info\":{\"title\":\"33岁女科学家向海水“要”稀有金属，采用全新电化学方法提取铀和锂，开辟海水采矿新领域\",\"digest\":\"“保持积极，保持创新” 似乎是刘翀的信仰，其很享受在实验中的探索过程。她直言：“不断接近真相的时候最高兴。”\",\"content\":\"\",\"fileid\":0,\"content_url\":\"http:\/\/mp.weixin.qq.com\/s?__biz=MzA3NTIyODUzNA==&amp;mid=2649611583&amp;idx=1&amp;sn=77610d4a5b6d54790724cbec5ba3b06c&amp;chksm=876ac926b01d403093e50b09bbca74163a41626c43e53ddb306519955e8acb5a184bbdce825b&amp;scene=27#wechat_redirect\",\"source_url\":\"https:\/\/a.app.qq.com\/o\/simple.jsp?pkgname=com.mittrchina.mit&amp;from=singlemessage\",\"cover\":\"http:\/\/mmbiz.qpic.cn\/mmbiz_jpg\/JJtKEey0hPYj9jqAObsgwUcLlBHzGWDoRoEjic8yUmScDmI5pGKB2InYj6ibfNFs9naMfaBe6ccYgQUzL1jKnxMw\/0?wx_fmt=jpeg\",\"subtype\":9,\"is_multi\":1,\"multi_app_msg_item_list\":[{\"title\":\"互联网带农产品出村，AI让农民 “回家”\",\"digest\":\"“机器换人已经成为农业发展的必然方向”。\",\"content\":\"\",\"fileid\":0,\"content_url\":\"http:\/\/mp.weixin.qq.com\/s?__biz=MzA3NTIyODUzNA==&amp;mid=2649611583&amp;idx=2&amp;sn=a770941459877236b63dd322a7a3c2e3&amp;chksm=876ac926b01d403092186cf0df857991f625040005fc271a1251bc6a1b63aeca4df748dfaf98&amp;scene=27#wechat_redirect\",\"source_url\":\"https:\/\/a.app.qq.com\/o\/simple.jsp?pkgname=com.mittrchina.mit&amp;from=singlemessage\",\"cover\":\"http:\/\/mmbiz.qpic.cn\/mmbiz_jpg\/JJtKEey0hPYsW5vXfJmjF1CKfEqIyX3MJqehdnREPTCKB9m5TZnXXatlGvqrcDLYjDReibUmoEuia1FnpNKj9QPg\/0?wx_fmt=jpeg\",\"author\":\"赵欣\",\"copyright_stat\":11,\"del_flag\":1,\"item_show_type\":0,\"audio_fileid\":0,\"duration\":0,\"play_url\":\"\",\"malicious_title_reason_id\":0,\"malicious_content_type\":0},{\"title\":\"​晶泰科技CEO马健：AI正在成为生命科学爆发与裂变的技术支点\",\"digest\":\"人工智能是下一个时代生命科学爆发的外源动力。\",\"content\":\"\",\"fileid\":0,\"content_url\":\"http:\/\/mp.weixin.qq.com\/s?__biz=MzA3NTIyODUzNA==&amp;mid=2649611583&amp;idx=3&amp;sn=f807e54a44fc221d9e69e6102105e82e&amp;chksm=876ac926b01d4030c1f2535743419d409012d242b723db546b322e0372758d09d6f44d6179d9&amp;scene=27#wechat_redirect\",\"source_url\":\"\",\"cover\":\"http:\/\/mmbiz.qpic.cn\/mmbiz_jpg\/JJtKEey0hPYsW5vXfJmjF1CKfEqIyX3MtlCBjAatsOxZk2oQus3UYOnV2IklFgy4prYYicahEdIwGia3Ifc96qYQ\/0?wx_fmt=jpeg\",\"author\":\"\",\"copyright_stat\":100,\"del_flag\":1,\"item_show_type\":0,\"audio_fileid\":0,\"duration\":0,\"play_url\":\"\",\"malicious_title_reason_id\":0,\"malicious_content_type\":0},{\"title\":\"斯坦福疫苗分配算法“惹众怒”，首批5000剂新冠疫苗仅7名一线医护人员被选中\",\"digest\":\"该大学医院将疫苗分配不均归咎于 “非常复杂的算法”。本文将分析问题出在哪里。\",\"content\":\"\",\"fileid\":0,\"content_url\":\"http:\/\/mp.weixin.qq.com\/s?__biz=MzA3NTIyODUzNA==&amp;mid=2649611583&amp;idx=4&amp;sn=4887d78a49a5152cea67dcc487f2d479&amp;chksm=876ac926b01d40306fdbe64aaf20635a2e627c5e05a552028cc8be4eb61ba49d8f6949dec1d0&amp;scene=27#wechat_redirect\",\"source_url\":\"https:\/\/a.app.qq.com\/o\/simple.jsp?pkgname=com.mittrchina.mit&amp;from=singlemessage\",\"cover\":\"http:\/\/mmbiz.qpic.cn\/mmbiz_jpg\/JJtKEey0hPYsW5vXfJmjF1CKfEqIyX3MicxmpM9qFhfHrkfcnMwWSAazfKic0XbfWUCMMCdBSpDSHZhmliae3jzpg\/0?wx_fmt=jpeg\",\"author\":\"艾琳·郭 凯伦·郝\",\"copyright_stat\":11,\"del_flag\":1,\"item_show_type\":0,\"audio_fileid\":0,\"duration\":0,\"play_url\":\"\",\"malicious_title_reason_id\":0,\"malicious_content_type\":0},{\"title\":\"药明生物 1.83 亿美元收购拜耳原料药工厂，加速布局欧洲市场\",\"digest\":\"生物制药在 2020 年尤其火热，应市场需求和资本热潮，各大药企不断扩大研发管线。这一趋势对生物药合同开发与\",\"content\":\"\",\"fileid\":0,\"content_url\":\"http:\/\/mp.weixin.qq.com\/s?__biz=MzA3NTIyODUzNA==&amp;mid=2649611583&amp;idx=5&amp;sn=b4bacfb7a26c7b0afcc29363d2953725&amp;chksm=876ac926b01d403041cc4cb329f7f1db8dc127c9c80c6887e0c029985e59e45a3a6ed5c19b83&amp;scene=27#wechat_redirect\",\"source_url\":\"\",\"cover\":\"http:\/\/mmbiz.qpic.cn\/mmbiz_jpg\/JJtKEey0hPYsW5vXfJmjF1CKfEqIyX3MxK3MaKFxVDueBTKMWIUzcDJGibiakACAogOg6eJoaoAArzyWOTJRx5OA\/0?wx_fmt=jpeg\",\"author\":\"韦昱彬\",\"copyright_stat\":201,\"del_flag\":1,\"item_show_type\":0,\"audio_fileid\":0,\"duration\":0,\"play_url\":\"\",\"malicious_title_reason_id\":0,\"malicious_content_type\":0},{\"title\":\"Regenacy 与本草资本成立合资公司，糖尿病周围神经病变研究已进入 II 期\",\"digest\":\"近日，Regenacy Pharmaceuticals（以下简称 “Regenacy”）宣布与本草资本成立合\",\"content\":\"\",\"fileid\":0,\"content_url\":\"http:\/\/mp.weixin.qq.com\/s?__biz=MzA3NTIyODUzNA==&amp;mid=2649611583&amp;idx=6&amp;sn=0be6ff00dd06eb9599c8299a0307c2e8&amp;chksm=876ac926b01d4030a6622e6b368f7b2c25612a50fab65f7445b3bd0d58a9fee9c1598966bbf4&amp;scene=27#wechat_redirect\",\"source_url\":\"\",\"cover\":\"http:\/\/mmbiz.qpic.cn\/mmbiz_jpg\/8iaq2iavZjQlMS4naod2t2qEfaygCHJfyiaIorWlyLkkdytgr2vJsr5pyMLgw0uH4lJUG04havZb4aEfk27w40PXw\/0?wx_fmt=jpeg\",\"author\":\"胡莉花\",\"copyright_stat\":201,\"del_flag\":1,\"item_show_type\":0,\"audio_fileid\":0,\"duration\":0,\"play_url\":\"\",\"malicious_title_reason_id\":0,\"malicious_content_type\":0}],\"author\":\"王平平、凌晨\",\"copyright_stat\":11,\"duration\":0,\"del_flag\":1,\"item_show_type\":0,\"audio_fileid\":0,\"play_url\":\"\",\"malicious_title_reason_id\":0,\"malicious_content_type\":0}},{\"comm_msg_info\":{\"id\":1000001675,\"type\":49,\"datetime\":1608625331,\"fakeid\":\"3075228534\",\"status\":2,\"content\":\"\"},\"app_msg_ext_info\":{\"title\":\"首张“癌症转移图谱”问世！集合500个人类癌细胞系转移规律，研究登上Nature封面｜专访\",\"digest\":\"若能预先知道癌细胞可能转移的路线，或许对癌症治疗有很大帮助。\",\"content\":\"\",\"fileid\":0,\"content_url\":\"http:\/\/mp.weixin.qq.com\/s?__biz=MzA3NTIyODUzNA==&amp;mid=2649611493&amp;idx=1&amp;sn=eecf44c965939c4f04b6ac6a9c8c4394&amp;chksm=876ac8fcb01d41ea5870a2f7b6b69925b90465dd723a2b28fb3c94e93513e070914fd8666790&amp;scene=27#wechat_redirect\",\"source_url\":\"https:\/\/a.app.qq.com\/o\/simple.jsp?pkgname=com.mittrchina.mit&amp;from=singlemessage\",\"cover\":\"http:\/\/mmbiz.qpic.cn\/mmbiz_jpg\/JJtKEey0hPbiaG84LFDJ4oR1ribFW02H810XoKHBRImd7GNw3xwDPicxWZAa8NEiabXGCH3v4pricJE0cpaa0Ny4O4w\/0?wx_fmt=jpeg\",\"subtype\":9,\"is_multi\":1,\"multi_app_msg_item_list\":[{\"title\":\"报名倒计时！「真格星球」邀请你开启生物医疗科技创新之旅\",\"digest\":\"顶级生物医药领域导师阵容！\",\"content\":\"\",\"fileid\":0,\"content_url\":\"http:\/\/mp.weixin.qq.com\/s?__biz=MzA3NTIyODUzNA==&amp;mid=2649611493&amp;idx=2&amp;sn=b442817cfa85632de605b86d57667c40&amp;chksm=876ac8fcb01d41ea131531a6582d1d1b5a1d6edc4d8144b53254a2c02cc8b4f8ae723c0057bd&amp;scene=27#wechat_redirect\",\"source_url\":\"http:\/\/deeptech2020.mikecrm.com\/00G2Fhp\",\"cover\":\"http:\/\/mmbiz.qpic.cn\/mmbiz_jpg\/JJtKEey0hPYj9jqAObsgwUcLlBHzGWDoDhqHpQlu8z6n7yZQqhJg2ibibPmBFUplWthrBaC5AbCzJeibgJ28E0juw\/0?wx_fmt=jpeg\",\"author\":\"真格星球\",\"copyright_stat\":100,\"del_flag\":1,\"item_show_type\":0,\"audio_fileid\":0,\"duration\":0,\"play_url\":\"\",\"malicious_title_reason_id\":0,\"malicious_content_type\":0},{\"title\":\"卢培龙：从头设计蛋白质的时代已到来\",\"digest\":\"通过蛋白质设计可以产生出新型蛋白质工具，也可以应用于蛋白质治疗领域。\",\"content\":\"\",\"fileid\":0,\"content_url\":\"http:\/\/mp.weixin.qq.com\/s?__biz=MzA3NTIyODUzNA==&amp;mid=2649611493&amp;idx=3&amp;sn=3b91e9c3be784cd0ceab68de6e26cf00&amp;chksm=876ac8fcb01d41ea55971f698f204e8e6ef7e878cdee0845e15776093911f548dc0c7ec9b4aa&amp;scene=27#wechat_redirect\",\"source_url\":\"https:\/\/a.app.qq.com\/o\/simple.jsp?pkgname=com.mittrchina.mit&amp;from=singlemessage\",\"cover\":\"http:\/\/mmbiz.qpic.cn\/mmbiz_jpg\/JJtKEey0hPbiaG84LFDJ4oR1ribFW02H81VIyCOzPIo0JXXOWjMhfWcSiaicrnnjvfapyzu9Say4Fbb6c0VteG3NMg\/0?wx_fmt=jpeg\",\"author\":\"卢培龙\",\"copyright_stat\":100,\"del_flag\":1,\"item_show_type\":0,\"audio_fileid\":0,\"duration\":0,\"play_url\":\"\",\"malicious_title_reason_id\":0,\"malicious_content_type\":0},{\"title\":\"2021年区块链预测：公链性能跃升两个数量级，跨链达成共识\",\"digest\":\"近几年，区块链迅速成为各大科技公司角逐的新领域，它所拓展的行业也越来越多。区块链技术正在成为当今热点的新技术，谁能率先将其应用到产业中，谁就有机会弯道超车。\",\"content\":\"\",\"fileid\":0,\"content_url\":\"http:\/\/mp.weixin.qq.com\/s?__biz=MzA3NTIyODUzNA==&amp;mid=2649611493&amp;idx=4&amp;sn=9a8ff335f9cf32b3b5b65b5a852e3c68&amp;chksm=876ac8fcb01d41ea42a6b0c894cdaa1d17cf5d018634439341fcf130478bdc47b057173bf3e6&amp;scene=27#wechat_redirect\",\"source_url\":\"https:\/\/a.app.qq.com\/o\/simple.jsp?pkgname=com.mittrchina.mit&amp;from=singlemessage\",\"cover\":\"http:\/\/mmbiz.qpic.cn\/mmbiz_jpg\/JJtKEey0hPYj9jqAObsgwUcLlBHzGWDoiccdaXhPDwlQAUKTO8icN8sWbvBk7Yrhequ3HYAIF0IrxDj87b9bobrA\/0?wx_fmt=jpeg\",\"author\":\"三石\",\"copyright_stat\":11,\"del_flag\":1,\"item_show_type\":0,\"audio_fileid\":0,\"duration\":0,\"play_url\":\"\",\"malicious_title_reason_id\":0,\"malicious_content_type\":0},{\"title\":\"Apple Car要来了，最快将于明年9月上市\",\"digest\":\"苹果的 Apple Car 可能要比所有人预想的来的更早一些。据 MacRumors 报道，苹果传闻已久的电\",\"content\":\"\",\"fileid\":0,\"content_url\":\"http:\/\/mp.weixin.qq.com\/s?__biz=MzA3NTIyODUzNA==&amp;mid=2649611493&amp;idx=5&amp;sn=742101bddb8c53454439ebcef95d711f&amp;chksm=876ac8fcb01d41ea0f364738aa236f223f617842c1782dcd7c8fc5b9a8047bfc0b2e94f83487&amp;scene=27#wechat_redirect\",\"source_url\":\"https:\/\/a.app.qq.com\/o\/simple.jsp?pkgname=com.mittrchina.mit&amp;from=singlemessage\",\"cover\":\"http:\/\/mmbiz.qpic.cn\/mmbiz_jpg\/JJtKEey0hPYj9jqAObsgwUcLlBHzGWDobAvC63p3OQoZBG17iat0jYAID2OicNKiaXOIB4whOp3wicctoyfQYB2N4g\/0?wx_fmt=jpeg\",\"author\":\"十三\",\"copyright_stat\":100,\"del_flag\":1,\"item_show_type\":0,\"audio_fileid\":0,\"duration\":0,\"play_url\":\"\",\"malicious_title_reason_id\":0,\"malicious_content_type\":0},{\"title\":\"盟科医药完成7亿元E轮融资，君联资本领投，推动新药拓展适应症研究\",\"digest\":\"12 月 21 日，上海盟科药业股份有限公司（下称 “盟科医药”）宣布完成总计超过 7 亿元人民币的 E 轮\",\"content\":\"\",\"fileid\":0,\"content_url\":\"http:\/\/mp.weixin.qq.com\/s?__biz=MzA3NTIyODUzNA==&amp;mid=2649611493&amp;idx=6&amp;sn=ad8a6b158baf40b7b6f82ca0e8ec06c8&amp;chksm=876ac8fcb01d41eaaef57988a78e5543da87609a3e3b6e70d989458c88b489e9937f854496ca&amp;scene=27#wechat_redirect\",\"source_url\":\"\",\"cover\":\"http:\/\/mmbiz.qpic.cn\/mmbiz_jpg\/JJtKEey0hPYj9jqAObsgwUcLlBHzGWDoicibF3PXHLINaicx75xeoylucvf5yH58fz8sLzegG9ibTmxyugpzSdDO3w\/0?wx_fmt=jpeg\",\"author\":\"赵佳雯\",\"copyright_stat\":201,\"del_flag\":1,\"item_show_type\":0,\"audio_fileid\":0,\"duration\":0,\"play_url\":\"\",\"malicious_title_reason_id\":0,\"malicious_content_type\":0},{\"title\":\"肿瘤药物研发企业加科思登陆港交所，首日市值超100亿港元\",\"digest\":\"12 月 21 日，专注于肿瘤创新疗法的生物医药企业加科思药业集团（以下简称 “加科思”）在香港交易所主板成\",\"content\":\"\",\"fileid\":0,\"content_url\":\"http:\/\/mp.weixin.qq.com\/s?__biz=MzA3NTIyODUzNA==&amp;mid=2649611493&amp;idx=7&amp;sn=0b5103031b15000cefab492f470585be&amp;chksm=876ac8fcb01d41ea5112c2adad620e031b1e93f74bf0a44e44cc0603d794befd98dbe1f8d91a&amp;scene=27#wechat_redirect\",\"source_url\":\"\",\"cover\":\"http:\/\/mmbiz.qpic.cn\/mmbiz_jpg\/8iaq2iavZjQlMlAx2R0vurIiagP3aUrtuz46Curevok2icqpejk3Oweo0lMFDQJWM9cvJQSfJ15RXQiapfwiawibDp5Wg\/0?wx_fmt=jpeg\",\"author\":\"韦昱彬\",\"copyright_stat\":201,\"del_flag\":1,\"item_show_type\":0,\"audio_fileid\":0,\"duration\":0,\"play_url\":\"\",\"malicious_title_reason_id\":0,\"malicious_content_type\":0}],\"author\":\"婉杨\",\"copyright_stat\":11,\"duration\":0,\"del_flag\":1,\"item_show_type\":0,\"audio_fileid\":0,\"play_url\":\"\",\"malicious_title_reason_id\":0,\"malicious_content_type\":0}},{\"comm_msg_info\":{\"id\":1000001674,\"type\":49,\"datetime\":1608554407,\"fakeid\":\"3075228534\",\"status\":2,\"content\":\"\"},\"app_msg_ext_info\":{\"title\":\"中科大少年班出身，28岁青年运用量子技术立志“为国造仪”，公司估值已近30亿元\",\"digest\":\"量子科技未来会有极大的延展可能性，但它目前并不能包治百病。\",\"content\":\"\",\"fileid\":0,\"content_url\":\"http:\/\/mp.weixin.qq.com\/s?__biz=MzA3NTIyODUzNA==&amp;mid=2649611445&amp;idx=1&amp;sn=28b3677e25693728396429d0b4bb424f&amp;chksm=876ac8acb01d41ba54d287b2da2b0a11fa10de0db94921799a31b461e3a5a9c9d308f1c6354c&amp;scene=27#wechat_redirect\",\"source_url\":\"https:\/\/deeptech.huodongxing.com\/event\/3574075446300?utm_source=%e4%b8%bb%e5%8a%9e%e6%96%b9%e9%a1%b5&amp;utm_medium=&amp;utm_campaign=orgpage\",\"cover\":\"http:\/\/mmbiz.qpic.cn\/mmbiz_jpg\/JJtKEey0hPZW84ia1X6HjCNGIsUeHNHObLBNibOY1cceHKN48YnicEVBdJibrM0Qv81wF9GBC7WK3r7UW27YsvY5pg\/0?wx_fmt=jpeg\",\"subtype\":9,\"is_multi\":1,\"multi_app_msg_item_list\":[{\"title\":\"深圳正在成为万亿工程生物产业驱动引擎！光明科学城·2020工程生物创新大会成功举办，共话第三次生命科学革命\",\"digest\":\"\",\"content\":\"\",\"fileid\":0,\"content_url\":\"http:\/\/mp.weixin.qq.com\/s?__biz=MzA3NTIyODUzNA==&amp;mid=2649611445&amp;idx=2&amp;sn=f6424d2f251ca35988cbbd9106d10e61&amp;chksm=876ac8acb01d41ba79f29a21ea3b84490082b4fcf941f6bc554517b9e5ca777e72825635ab81&amp;scene=27#wechat_redirect\",\"source_url\":\"\",\"cover\":\"http:\/\/mmbiz.qpic.cn\/mmbiz_jpg\/JJtKEey0hPbiaG84LFDJ4oR1ribFW02H81MT729C0teT1mfNsBUXuOuqCaBiaz55s7MaibxL2HNBricL00ZhPhuMCiaw\/0?wx_fmt=jpeg\",\"author\":\"生辉\",\"copyright_stat\":100,\"del_flag\":1,\"item_show_type\":0,\"audio_fileid\":0,\"duration\":0,\"play_url\":\"\",\"malicious_title_reason_id\":0,\"malicious_content_type\":0},{\"title\":\"13家潜力团队年终角逐！首届《麻省理工科技评论》中国生命科学创业大赛追光闭幕\",\"digest\":\"现场决选出“ BioFuture 大奖”、“技术突破奖”、“最佳团队奖”、“商业想象力奖”、“年度新锐奖”和“现场人气奖”六个奖项。\",\"content\":\"\",\"fileid\":0,\"content_url\":\"http:\/\/mp.weixin.qq.com\/s?__biz=MzA3NTIyODUzNA==&amp;mid=2649611445&amp;idx=3&amp;sn=5ead421562403867f75ca1b99e418ca5&amp;chksm=876ac8acb01d41bad064fab4b6aaeb7daa5b51277a6621460c1640be8ccb83b23f420aaca8aa&amp;scene=27#wechat_redirect\",\"source_url\":\"\",\"cover\":\"http:\/\/mmbiz.qpic.cn\/mmbiz_jpg\/JJtKEey0hPbiaG84LFDJ4oR1ribFW02H81xTVOicDiczib4LXIe5SiaBjb1OlgsbYsg1LqqVwNib5zzOia5k3ogibGJ54Aw\/0?wx_fmt=jpeg\",\"author\":\"生辉\",\"copyright_stat\":100,\"del_flag\":1,\"item_show_type\":0,\"audio_fileid\":0,\"duration\":0,\"play_url\":\"\",\"malicious_title_reason_id\":0,\"malicious_content_type\":0},{\"title\":\"英特尔又要被抛弃？微软或将自研ARM芯片，用于云服务器和Surface电脑\",\"digest\":\"可以预见的是，随着亚马逊、苹果和微软等科技巨头纷纷布局自研芯片，未来势必会有更多公司走上类似的道路。芯片行业也将向专业化、专用化靠拢。\",\"content\":\"\",\"fileid\":502127724,\"content_url\":\"http:\/\/mp.weixin.qq.com\/s?__biz=MzA3NTIyODUzNA==&amp;mid=2649611445&amp;idx=4&amp;sn=a3324cb77fe2932d57e92e91ab4479f0&amp;chksm=876ac8acb01d41ba6648b2e711c8161e35aa4c3d99fc72591231f2a3d0353301b056f1b4dbd6&amp;scene=27#wechat_redirect\",\"source_url\":\"https:\/\/a.app.qq.com\/o\/simple.jsp?pkgname=com.mittrchina.mit&amp;from=singlemessage\",\"cover\":\"http:\/\/mmbiz.qpic.cn\/mmbiz_jpg\/JJtKEey0hPbiaG84LFDJ4oR1ribFW02H81y7XMwLWTiaqKhsjkebjH9sN4YtPTsnwNLxUrBuqmzhEuGUVmcXh8cmg\/0?wx_fmt=jpeg\",\"author\":\"REN\",\"copyright_stat\":11,\"del_flag\":1,\"item_show_type\":0,\"audio_fileid\":0,\"duration\":0,\"play_url\":\"\",\"malicious_title_reason_id\":0,\"malicious_content_type\":0},{\"title\":\"代码、协同、口令，科学家谈区块链最前沿技术\",\"digest\":\"12 月，麻省理工科技评论与蚂蚁集团共同举办了区块链与数字经济发展论坛，几位专家分别从代码、性能、口令等领域，分享了区块链技术最前沿现状。\",\"content\":\"\",\"fileid\":0,\"content_url\":\"http:\/\/mp.weixin.qq.com\/s?__biz=MzA3NTIyODUzNA==&amp;mid=2649611445&amp;idx=5&amp;sn=6dd68d697b03c4c29974afe125cad235&amp;chksm=876ac8acb01d41ba784d9a48996ae94c3ba6af61be3f7ad6fb8a4e3bddb7997642353b415223&amp;scene=27#wechat_redirect\",\"source_url\":\"https:\/\/a.app.qq.com\/o\/simple.jsp?pkgname=com.mittrchina.mit&amp;from=singlemessage\",\"cover\":\"http:\/\/mmbiz.qpic.cn\/mmbiz_jpg\/JJtKEey0hPbiaG84LFDJ4oR1ribFW02H81ibQTEpwMXmvGsmveTSj7nlCPfUoqAfC1OsIYgCP1aIP7yXgPoiaMfs7A\/0?wx_fmt=jpeg\",\"author\":\"三石\",\"copyright_stat\":11,\"del_flag\":1,\"item_show_type\":0,\"audio_fileid\":0,\"duration\":0,\"play_url\":\"\",\"malicious_title_reason_id\":0,\"malicious_content_type\":0},{\"title\":\"英国新冠病毒发生变异，新菌株传染性增加 70%\",\"digest\":\"英国境内的新冠病毒正在发生变异，一种新的病毒菌株已经开始在公众中蔓延。受此影响，英国首相鲍里斯・约翰逊（Boris Johnson）宣布从周日开始，伦敦和英格兰东南部将实行出行禁令。\",\"content\":\"\",\"fileid\":502113373,\"content_url\":\"http:\/\/mp.weixin.qq.com\/s?__biz=MzA3NTIyODUzNA==&amp;mid=2649611445&amp;idx=6&amp;sn=d71eb8957b9cbecadfe0e5ed8ce457c1&amp;chksm=876ac8acb01d41ba3280a9b02ea7a6534bb939309bd1e5498260f4f551a76cfa4eefdd4d2dfa&amp;scene=27#wechat_redirect\",\"source_url\":\"https:\/\/a.app.qq.com\/o\/simple.jsp?pkgname=com.mittrchina.mit&amp;from=singlemessage\",\"cover\":\"http:\/\/mmbiz.qpic.cn\/mmbiz_jpg\/JJtKEey0hPbiaG84LFDJ4oR1ribFW02H81GPGlA5F5hl1GhmKhrHPibd8utqRxo1ZSJ4XLwDSHwL3I5cC9RACicH2A\/0?wx_fmt=jpeg\",\"author\":\"王平平\",\"copyright_stat\":100,\"del_flag\":1,\"item_show_type\":0,\"audio_fileid\":0,\"duration\":0,\"play_url\":\"\",\"malicious_title_reason_id\":0,\"malicious_content_type\":0},{\"title\":\"君圣泰完成B+轮融资，治疗PSC产品已获孤儿药认证\",\"digest\":\"近日，君圣泰生物（以下简称 “君圣泰”）宣布完成数千万美元 B + 轮融资，本轮融资由嘉泰新世纪生物医药基金\",\"content\":\"\",\"fileid\":0,\"content_url\":\"http:\/\/mp.weixin.qq.com\/s?__biz=MzA3NTIyODUzNA==&amp;mid=2649611445&amp;idx=7&amp;sn=b487afc79454b14a13cdc3ae077a2f8a&amp;chksm=876ac8acb01d41bad003515a979f17128d4fc830e5e61af80d269e72dfd5562d957cca0fa807&amp;scene=27#wechat_redirect\",\"source_url\":\"\",\"cover\":\"http:\/\/mmbiz.qpic.cn\/mmbiz_jpg\/8iaq2iavZjQlMK7gvc4l8NYCUpv35bEa1AZeRIKrscMuaKQ0etqTu7PCTPHo9DpPFU8wduOucmqMgC13t2CCGGxQ\/0?wx_fmt=jpeg\",\"author\":\"胡莉花\",\"copyright_stat\":201,\"del_flag\":1,\"item_show_type\":0,\"audio_fileid\":0,\"duration\":0,\"play_url\":\"\",\"malicious_title_reason_id\":0,\"malicious_content_type\":0},{\"title\":\"Roivant靶向蛋白降解平台获2亿美元融资，首批候选药物有望在2021年进入临床\",\"digest\":\"近日，Roivant Science 推出了靶向蛋白降解药物研发平台，研发针对肿瘤\",\"content\":\"\",\"fileid\":0,\"content_url\":\"http:\/\/mp.weixin.qq.com\/s?__biz=MzA3NTIyODUzNA==&amp;mid=2649611445&amp;idx=8&amp;sn=672d672aa5a80bf9f988f16894dfece9&amp;chksm=876ac8acb01d41ba34ba24f680407e43ff139bea4c04ded0d311dd0a0959f69755ea7d138d16&amp;scene=27#wechat_redirect\",\"source_url\":\"\",\"cover\":\"http:\/\/mmbiz.qpic.cn\/mmbiz_jpg\/8iaq2iavZjQlMK7gvc4l8NYCUpv35bEa1Amg1w0bWiahwef5r84JJnAWic1zbicbibLNxVibxxdJU0kIIC1Ibz4jWibBTQ\/0?wx_fmt=jpeg\",\"author\":\"韦昱彬\",\"copyright_stat\":201,\"del_flag\":1,\"item_show_type\":0,\"audio_fileid\":0,\"duration\":0,\"play_url\":\"\",\"malicious_title_reason_id\":0,\"malicious_content_type\":0}],\"author\":\"都保杰\",\"copyright_stat\":11,\"duration\":0,\"del_flag\":1,\"item_show_type\":0,\"audio_fileid\":0,\"play_url\":\"\",\"malicious_title_reason_id\":0,\"malicious_content_type\":0}},{\"comm_msg_info\":{\"id\":1000001673,\"type\":49,\"datetime\":1608448214,\"fakeid\":\"3075228534\",\"status\":2,\"content\":\"\"},\"app_msg_ext_info\":{\"title\":\"35岁MIT海归博士后开创软材料新型仿生设计，力学性能堪比人体组织\",\"digest\":\"在刘吉的设想中，将来还会发展水凝胶类材料的 3D 打印制造，希望能将现有软材料设计与制造技术、新的传感技术、新型增材制造技术等结合，实现功能器件的一体化设计、制备和功能化，以扩展其应用场景。\",\"content\":\"\",\"fileid\":0,\"content_url\":\"http:\/\/mp.weixin.qq.com\/s?__biz=MzA3NTIyODUzNA==&amp;mid=2649611338&amp;idx=1&amp;sn=5a078572c9393b69e01285b3c8974c80&amp;chksm=876ac853b01d41456d286f7397a8102aee0b64469064b083e34e9c8f69e1dae6b7d494f61791&amp;scene=27#wechat_redirect\",\"source_url\":\"https:\/\/deeptech.huodongxing.com\/event\/3574075446300?utm_source=%e4%b8%bb%e5%8a%9e%e6%96%b9%e9%a1%b5&amp;utm_medium=&amp;utm_campaign=orgpage\",\"cover\":\"http:\/\/mmbiz.qpic.cn\/mmbiz_jpg\/JJtKEey0hPZW84ia1X6HjCNGIsUeHNHObCJk25FOMg8jV6hvWdQTibGrYc412kVKCeLuxTsHVpDgibicQpWaDic7iamA\/0?wx_fmt=jpeg\",\"subtype\":9,\"is_multi\":1,\"multi_app_msg_item_list\":[{\"title\":\"中国芯的双面矛盾：梁孟松与国产化是反向路\",\"digest\":\"分享一篇文章。\",\"content\":\"\",\"fileid\":0,\"content_url\":\"http:\/\/mp.weixin.qq.com\/s?__biz=MzA3NTIyODUzNA==&amp;mid=2649611338&amp;idx=2&amp;sn=a327eddefcaa64cb8a881d395ac68016&amp;chksm=876ac853b01d414588b50b379e985e43318e8fb1ea6b8719ee8ca5db71324955f17bcca3a00d&amp;scene=27#wechat_redirect\",\"source_url\":\"\",\"cover\":\"http:\/\/mmbiz.qpic.cn\/mmbiz_jpg\/viaUuks3128Ljmz3mSOCiceJTq6DTsBOANLTsibmJxiboYsAo8aDacBXEuljxeEynYBWz6YD0BpFW9ic66xp3Y1amfA\/0?wx_fmt=jpeg\",\"author\":\"\",\"copyright_stat\":101,\"del_flag\":1,\"item_show_type\":0,\"audio_fileid\":0,\"duration\":0,\"play_url\":\"\",\"malicious_title_reason_id\":0,\"malicious_content_type\":0},{\"title\":\"浙大药学院顾臻：借助生理信号触发药物释放，探寻更多智能药物设计\",\"digest\":\"“我们人类对自身、对自然、对宇宙的了解实际上还是非常肤浅，在这个层面上我们可以向自然界学习很多东西。”\",\"content\":\"\",\"fileid\":0,\"content_url\":\"http:\/\/mp.weixin.qq.com\/s?__biz=MzA3NTIyODUzNA==&amp;mid=2649611338&amp;idx=3&amp;sn=68517f2c1f440827b227a441577c5060&amp;chksm=876ac853b01d414558fabdc86c5aad271cf3abaab83d9cd472f6c1d2e64bf91b7ab0c2bbd30f&amp;scene=27#wechat_redirect\",\"source_url\":\"https:\/\/deeptech.huodongxing.com\/event\/3574075446300?utm_source=%e4%b8%bb%e5%8a%9e%e6%96%b9%e9%a1%b5&amp;utm_medium=&amp;utm_campaign=orgpage\",\"cover\":\"http:\/\/mmbiz.qpic.cn\/mmbiz_jpg\/JJtKEey0hPZW84ia1X6HjCNGIsUeHNHOb14rSFyqMEfvRlwXZgvLTWe4xUW3Nmzgo8I2ObuNialw2rg4ZI7icZF6w\/0?wx_fmt=jpeg\",\"author\":\"顾臻\",\"copyright_stat\":100,\"del_flag\":1,\"item_show_type\":0,\"audio_fileid\":0,\"duration\":0,\"play_url\":\"\",\"malicious_title_reason_id\":0,\"malicious_content_type\":0},{\"title\":\"宠物也成新冠易感群体， 意大利新冠高发区3.3%的狗和5.8%的猫检测到新冠抗体\",\"digest\":\"业内专家认为，随着病毒在人与人之间传播趋于稳定的态势和流行病学追踪的日益普及，可以提倡对宠物进行血清学监测，以全面了解疾病动态并确保终止所有传播机会。\",\"content\":\"\",\"fileid\":502127658,\"content_url\":\"http:\/\/mp.weixin.qq.com\/s?__biz=MzA3NTIyODUzNA==&amp;mid=2649611338&amp;idx=4&amp;sn=ec4a8ea5f19092f2572339ffa7104a59&amp;chksm=876ac853b01d4145f9c39c4b22281a7718623b08237f2cae0fb581705bdd1754b7614be090d9&amp;scene=27#wechat_redirect\",\"source_url\":\"https:\/\/deeptech.huodongxing.com\/event\/3574075446300?utm_source=%e4%b8%bb%e5%8a%9e%e6%96%b9%e9%a1%b5&amp;utm_medium=&amp;utm_campaign=orgpage\",\"cover\":\"http:\/\/mmbiz.qpic.cn\/mmbiz_jpg\/JJtKEey0hPZW84ia1X6HjCNGIsUeHNHObArlBg8ibHiaG27bNqkia7COiaKr8UIT73ty6icanwC8blQpPwbxnZia1tUxw\/0?wx_fmt=jpeg\",\"author\":\"王平平\",\"copyright_stat\":11,\"del_flag\":1,\"item_show_type\":0,\"audio_fileid\":0,\"duration\":0,\"play_url\":\"\",\"malicious_title_reason_id\":0,\"malicious_content_type\":0},{\"title\":\"前GSK神经科学研发全球负责人创办神经性疾病公司，获1亿美元投资\",\"digest\":\"近日，SciNeuro Pharmaceuticals（赛神医药）宣布完成 1 亿美元的 A 轮融资。本轮融\",\"content\":\"\",\"fileid\":0,\"content_url\":\"http:\/\/mp.weixin.qq.com\/s?__biz=MzA3NTIyODUzNA==&amp;mid=2649611338&amp;idx=5&amp;sn=cd5801a17c3b353bf20292632aaa1999&amp;chksm=876ac853b01d41455fcf6b861d72ba4d9b60ae810f9ff16acb2735deb53f3c111e307835b2c2&amp;scene=27#wechat_redirect\",\"source_url\":\"\",\"cover\":\"http:\/\/mmbiz.qpic.cn\/mmbiz_jpg\/8iaq2iavZjQlMK7gvc4l8NYCUpv35bEa1A7U4SetaG325FibIMMrl6A51jmxnpNYBiaM7w4O46DKyZBQQbPDib7CicwA\/0?wx_fmt=jpeg\",\"author\":\"胡莉花\",\"copyright_stat\":201,\"del_flag\":1,\"item_show_type\":0,\"audio_fileid\":0,\"duration\":0,\"play_url\":\"\",\"malicious_title_reason_id\":0,\"malicious_content_type\":0}],\"author\":\"张硕\",\"copyright_stat\":11,\"duration\":0,\"del_flag\":1,\"item_show_type\":0,\"audio_fileid\":0,\"play_url\":\"\",\"malicious_title_reason_id\":0,\"malicious_content_type\":0}},{\"comm_msg_info\":{\"id\":1000001672,\"type\":49,\"datetime\":1608349440,\"fakeid\":\"3075228534\",\"status\":2,\"content\":\"\"},\"app_msg_ext_info\":{\"title\":\"“又是”崔屹！斯坦福能源中心迎首位华裔主任，上任四大计划首次曝光 | 独家专访\",\"digest\":\"“气候变化是全球性挑战，要想解决问题就得让有能之士来担任该职位。”\",\"content\":\"\",\"fileid\":0,\"content_url\":\"http:\/\/mp.weixin.qq.com\/s?__biz=MzA3NTIyODUzNA==&amp;mid=2649611292&amp;idx=1&amp;sn=758deec4133108dda853eceb8bced834&amp;chksm=876ac805b01d4113a20c7fcedeeaaa088664294e527af4839b14613715fb8166048aae2c2a86&amp;scene=27#wechat_redirect\",\"source_url\":\"https:\/\/deeptech.huodongxing.com\/event\/3574075446300?utm_source=%e4%b8%bb%e5%8a%9e%e6%96%b9%e9%a1%b5&amp;utm_medium=&amp;utm_campaign=orgpage\",\"cover\":\"http:\/\/mmbiz.qpic.cn\/mmbiz_jpg\/JJtKEey0hPYWI6UYkszMZjzYJWplZ3rPnz1MHo0mNxOMmfu13JnFRyAdKw0EL2PexdxtnFJJ6DBG7WcW3eUhtw\/0?wx_fmt=jpeg\",\"subtype\":9,\"is_multi\":1,\"multi_app_msg_item_list\":[{\"title\":\"西安交大团队研发，国内首个脑机康复机器人即将上市，脑机接口技术将成为新型数字疗法\",\"digest\":\"在融合算法处理方面，通过视觉和运动两个区域的关联机制，把每次指令识别准确率提升到了 90% 以上，平均 1 秒内完成单次响应。\",\"content\":\"\",\"fileid\":0,\"content_url\":\"http:\/\/mp.weixin.qq.com\/s?__biz=MzA3NTIyODUzNA==&amp;mid=2649611292&amp;idx=2&amp;sn=ffef55f0b3d654e3d2c0c0ac27022b9f&amp;chksm=876ac805b01d41135662968930ba35d039afd85e6857bf561075dd03a5661f69aa406ec54717&amp;scene=27#wechat_redirect\",\"source_url\":\"https:\/\/deeptech.huodongxing.com\/event\/3574075446300?utm_source=%e4%b8%bb%e5%8a%9e%e6%96%b9%e9%a1%b5&amp;utm_medium=&amp;utm_campaign=orgpage\",\"cover\":\"http:\/\/mmbiz.qpic.cn\/mmbiz_jpg\/JJtKEey0hPaNKt3rzDavrd2bYMqqmaz9BYV3Regg0QiaibrWKyZCdPCiaZr7X7j2r7tHzju7ozJNRXKC5umR3A98w\/0?wx_fmt=jpeg\",\"author\":\"平越\",\"copyright_stat\":11,\"del_flag\":1,\"item_show_type\":0,\"audio_fileid\":0,\"duration\":0,\"play_url\":\"\",\"malicious_title_reason_id\":0,\"malicious_content_type\":0},{\"title\":\"诺和诺德口服索马鲁肽治疗阿尔兹海默症直接进入临床III期，拟2021年入组3700名患者\",\"digest\":\"近日，诺和诺德宣布其口服索马鲁肽治疗阿尔兹海默症（AD）的研究直接进入临床 III 期，该决定是在评估了临床\",\"content\":\"\",\"fileid\":0,\"content_url\":\"http:\/\/mp.weixin.qq.com\/s?__biz=MzA3NTIyODUzNA==&amp;mid=2649611292&amp;idx=3&amp;sn=3a44e74f13e669110c161b1546f7db53&amp;chksm=876ac805b01d4113f9800bd4ce8b20b6484ee8e0f6771b94b27271baf7a57c341bc5969468e2&amp;scene=27#wechat_redirect\",\"source_url\":\"\",\"cover\":\"http:\/\/mmbiz.qpic.cn\/mmbiz_jpg\/8iaq2iavZjQlOsjQibgXXb5UduHXt3dxCqibVHGTDSjX3iaGa0BhCj49EKpXgQroc6sGibRkE9EDicxJG01zWiaWAcialYA\/0?wx_fmt=jpeg\",\"author\":\"胡莉花\",\"copyright_stat\":201,\"del_flag\":1,\"item_show_type\":0,\"audio_fileid\":0,\"duration\":0,\"play_url\":\"\",\"malicious_title_reason_id\":0,\"malicious_content_type\":0},{\"title\":\"英伟达初创加速计划落地中国4年，下一步关注基因与制药\",\"digest\":\"点击图片查看“引领未来移动AI的女性”视频（内容支持：高通）“在医疗领域聚集的初创企业非常多……大部分是做医\",\"content\":\"\",\"fileid\":502127622,\"content_url\":\"http:\/\/mp.weixin.qq.com\/s?__biz=MzA3NTIyODUzNA==&amp;mid=2649611292&amp;idx=4&amp;sn=ca489cfdd8670399d9cc475db92a3134&amp;chksm=876ac805b01d4113b9d0fba3f45fb775a87b620c21daf53f81c4a9a820a64b4adf871f801f05&amp;scene=27#wechat_redirect\",\"source_url\":\"https:\/\/deeptech.huodongxing.com\/event\/3574075446300?utm_source=%e4%b8%bb%e5%8a%9e%e6%96%b9%e9%a1%b5&amp;utm_medium=&amp;utm_campaign=orgpage\",\"cover\":\"http:\/\/mmbiz.qpic.cn\/mmbiz_jpg\/JJtKEey0hPYWI6UYkszMZjzYJWplZ3rPNvf34j7bAo9TT2SHh1CaTKJheXxDdyHLgzICEIpnmGzcVRAj12ibnOA\/0?wx_fmt=jpeg\",\"author\":\"李夕\",\"copyright_stat\":100,\"del_flag\":1,\"item_show_type\":0,\"audio_fileid\":0,\"duration\":0,\"play_url\":\"\",\"malicious_title_reason_id\":0,\"malicious_content_type\":0},{\"title\":\"A轮融资2500万美元！刘如谦联合创办的小分子药物初创通过靶向外位点解锁“不可成药”靶点\",\"digest\":\"小分子药物发现与开发初创 Exo Therapeutics（以下简称为 “Exo”）正在通过靶向外位点解锁\",\"content\":\"\",\"fileid\":0,\"content_url\":\"http:\/\/mp.weixin.qq.com\/s?__biz=MzA3NTIyODUzNA==&amp;mid=2649611292&amp;idx=5&amp;sn=0b5c8b9f829b496efed8900f82b657e8&amp;chksm=876ac805b01d4113dedfa00a58350eae81f0ba591e4193fa60caa518dee1a252eefd075df1c9&amp;scene=27#wechat_redirect\",\"source_url\":\"\",\"cover\":\"http:\/\/mmbiz.qpic.cn\/mmbiz_jpg\/8iaq2iavZjQlOsjQibgXXb5UduHXt3dxCqib6RtWrUysZVNLpjib06SibYLj7ztNleiaGdIJYlgBAib5YTA4tn4tFnwiaAw\/0?wx_fmt=jpeg\",\"author\":\"宋冉\",\"copyright_stat\":201,\"del_flag\":1,\"item_show_type\":0,\"audio_fileid\":0,\"duration\":0,\"play_url\":\"\",\"malicious_title_reason_id\":0,\"malicious_content_type\":0},{\"title\":\"股价飙升95%，Arvinas全球首款靶向蛋白降解疗法再获积极疗效数据\",\"digest\":\"12 月 14 日，专注于开发蛋白降解疗法的美国生物制药公司 Arvinas（Nasdaq：ARVN）公布了\",\"content\":\"\",\"fileid\":0,\"content_url\":\"http:\/\/mp.weixin.qq.com\/s?__biz=MzA3NTIyODUzNA==&amp;mid=2649611292&amp;idx=6&amp;sn=3b9110c0fa2f40c80be111846ba2a763&amp;chksm=876ac805b01d4113012faafbce675b7a8c637cce35f1bda260fa993ebf2f978b82230495ce6b&amp;scene=27#wechat_redirect\",\"source_url\":\"\",\"cover\":\"http:\/\/mmbiz.qpic.cn\/mmbiz_jpg\/8iaq2iavZjQlP5qXhcEXSz7aMcPUmmPyGm20FjJw13eGrUID2Z7HUqiae3xaPmhjA4cSY64ARLibdBmBkBjOmVCEqA\/0?wx_fmt=jpeg\",\"author\":\"赵佳雯\",\"copyright_stat\":201,\"del_flag\":1,\"item_show_type\":0,\"audio_fileid\":0,\"duration\":0,\"play_url\":\"\",\"malicious_title_reason_id\":0,\"malicious_content_type\":0}],\"author\":\"多加\",\"copyright_stat\":11,\"duration\":0,\"del_flag\":1,\"item_show_type\":0,\"audio_fileid\":0,\"play_url\":\"\",\"malicious_title_reason_id\":0,\"malicious_content_type\":0}},{\"comm_msg_info\":{\"id\":1000001671,\"type\":49,\"datetime\":1608271144,\"fakeid\":\"3075228534\",\"status\":2,\"content\":\"\"},\"app_msg_ext_info\":{\"title\":\"“柠檬皮”软体机器人！26岁重庆小伙联合发明光磁场机器人，可爬坡、可卸货，有望用于体内药物递送｜专访\",\"digest\":\"该机器人还可以被编程为 “集群” 陈列，并去模仿自然界中鸟类、细菌群落或海洋鱼群，扩大规模后他们能处理更多任务。\",\"content\":\"\",\"fileid\":0,\"content_url\":\"http:\/\/mp.weixin.qq.com\/s?__biz=MzA3NTIyODUzNA==&amp;mid=2649611183&amp;idx=1&amp;sn=7ef7f2c7b4c400b8cd0a0148955aabd9&amp;chksm=876acfb6b01d46a047718b362c16b9fd18c6dd4a3473122a3e3b485adabe40e774e6e4c11216&amp;scene=27#wechat_redirect\",\"source_url\":\"https:\/\/deeptech.huodongxing.com\/event\/3574075446300?utm_source=%e4%b8%bb%e5%8a%9e%e6%96%b9%e9%a1%b5&amp;utm_medium=&amp;utm_campaign=orgpage\",\"cover\":\"http:\/\/mmbiz.qpic.cn\/mmbiz_jpg\/JJtKEey0hPaNKt3rzDavrd2bYMqqmaz96LWe4rQLfroeib8fRk7K6bsKLx1PJ7UjpJiaYhPkcdia2XtFN4KmYkXLg\/0?wx_fmt=jpeg\",\"subtype\":9,\"is_multi\":1,\"multi_app_msg_item_list\":[{\"title\":\"明天见！光明科学城·2020工程生物创新大会即将重磅呈献\",\"digest\":\"生命，是世界上最复杂的存在。自人类诞生以来，就一直在认识生命、追根溯源的漫漫长途中求索。1953 年，生物学\",\"content\":\"\",\"fileid\":0,\"content_url\":\"http:\/\/mp.weixin.qq.com\/s?__biz=MzA3NTIyODUzNA==&amp;mid=2649611183&amp;idx=2&amp;sn=f63efdfbf6215a590f512788b8f7cbbb&amp;chksm=876acfb6b01d46a0bb11ca1ac5068e98b0a9e12e99cfa1c50625870ce08e9f752a95b76475da&amp;scene=27#wechat_redirect\",\"source_url\":\"\",\"cover\":\"http:\/\/mmbiz.qpic.cn\/mmbiz_jpg\/JJtKEey0hPaNKt3rzDavrd2bYMqqmaz9QFNd5Dic4HnDPibQ0JlolUJvAVPlzmp7BOHibhGl0icpLbbSKs0BybjOoA\/0?wx_fmt=jpeg\",\"author\":\"生辉\",\"copyright_stat\":101,\"del_flag\":1,\"item_show_type\":0,\"audio_fileid\":0,\"duration\":0,\"play_url\":\"\",\"malicious_title_reason_id\":0,\"malicious_content_type\":0},{\"title\":\"近全票通过！FDA专家组支持批准Moderna新冠疫苗，并建议长期收集疗效数据\",\"digest\":\"北京时间 12 月 17 日晚间 10 点，美国 FDA 正式就 Moderna 新冠候选疫苗 mRNA-1\",\"content\":\"\",\"fileid\":0,\"content_url\":\"http:\/\/mp.weixin.qq.com\/s?__biz=MzA3NTIyODUzNA==&amp;mid=2649611183&amp;idx=3&amp;sn=e59d3ff7889d5610ff30fb08685d1bed&amp;chksm=876acfb6b01d46a0afaa3e11d6c009fe1a95106d76ebd8cd332803997487f49b4b7a12233a56&amp;scene=27#wechat_redirect\",\"source_url\":\"\",\"cover\":\"http:\/\/mmbiz.qpic.cn\/mmbiz_jpg\/JJtKEey0hPaNKt3rzDavrd2bYMqqmaz90ueiasjoa4cGBiahYsrPjIiae754xXqtTwt7icR0F7zriaqArQ8fAiaZdtRQ\/0?wx_fmt=jpeg\",\"author\":\"韦昱彬\",\"copyright_stat\":201,\"del_flag\":1,\"item_show_type\":0,\"audio_fileid\":0,\"duration\":0,\"play_url\":\"\",\"malicious_title_reason_id\":0,\"malicious_content_type\":0},{\"title\":\"矽典微创始人、复旦大学微电子学院教授徐鸿涛：芯片性能的提升让射频技术真正普及\",\"digest\":\"12 月 10 日 - 11 日，由浙江省委人才办、绍兴市委市政府、《麻省理工科技评论》主办的全球青年科技领\",\"content\":\"\",\"fileid\":0,\"content_url\":\"http:\/\/mp.weixin.qq.com\/s?__biz=MzA3NTIyODUzNA==&amp;mid=2649611183&amp;idx=4&amp;sn=150ca7d98616eba60e24a5ec7a1d2234&amp;chksm=876acfb6b01d46a0c3f71cdcd42a1ba1e4de3db6a07b779989b95f10beac78b1cf31b4eb0c34&amp;scene=27#wechat_redirect\",\"source_url\":\"\",\"cover\":\"http:\/\/mmbiz.qpic.cn\/mmbiz_jpg\/JJtKEey0hPaNKt3rzDavrd2bYMqqmaz9a5fnFWoW8Swom4q1s9fmtxOAWAibZmXUQORfqEShNDCZFxIIOx6S72A\/0?wx_fmt=jpeg\",\"author\":\"DeepTech深科技\",\"copyright_stat\":100,\"del_flag\":1,\"item_show_type\":0,\"audio_fileid\":0,\"duration\":0,\"play_url\":\"\",\"malicious_title_reason_id\":0,\"malicious_content_type\":0},{\"title\":\"​10000次充放电周期后电容量保持91%！模拟哺乳动物骨骼的钠电池稳定性大幅提高\",\"digest\":\"\",\"content\":\"\",\"fileid\":0,\"content_url\":\"http:\/\/mp.weixin.qq.com\/s?__biz=MzA3NTIyODUzNA==&amp;mid=2649611183&amp;idx=5&amp;sn=7ae0bf45d3ad623929a2b41dff49c56b&amp;chksm=876acfb6b01d46a03faa7cee88a307333d995861e25b1b0ec4f2748ba332a1d9105bf9bf3e6a&amp;scene=27#wechat_redirect\",\"source_url\":\"https:\/\/deeptech.huodongxing.com\/event\/3574075446300?utm_source=%e4%b8%bb%e5%8a%9e%e6%96%b9%e9%a1%b5&amp;utm_medium=&amp;utm_campaign=orgpage\",\"cover\":\"http:\/\/mmbiz.qpic.cn\/mmbiz_jpg\/JJtKEey0hPaNKt3rzDavrd2bYMqqmaz9D0O3enSoVZPgxclvicay4kGe6zEnhLphSxI9LsgGeqe3jaXia7nxcsTQ\/0?wx_fmt=jpeg\",\"author\":\"张硕\",\"copyright_stat\":11,\"del_flag\":1,\"item_show_type\":0,\"audio_fileid\":0,\"duration\":0,\"play_url\":\"\",\"malicious_title_reason_id\":0,\"malicious_content_type\":0},{\"title\":\"Nature发布2020十大科学人物榜单，7人在新冠疫情防控中起关键作用，李兰娟、张永振上榜\",\"digest\":\"新冠病毒的传播仍在继续，科学家们对该病毒的探索也并未停止。\",\"content\":\"\",\"fileid\":0,\"content_url\":\"http:\/\/mp.weixin.qq.com\/s?__biz=MzA3NTIyODUzNA==&amp;mid=2649611183&amp;idx=6&amp;sn=15bb2e30d582624c80ddc332efd6d48e&amp;chksm=876acfb6b01d46a0d6b17237ece623bff823ff4a576023bec69aa103f4b732a472190c165af7&amp;scene=27#wechat_redirect\",\"source_url\":\"https:\/\/deeptech.huodongxing.com\/event\/3574075446300?utm_source=%e4%b8%bb%e5%8a%9e%e6%96%b9%e9%a1%b5&amp;utm_medium=&amp;utm_campaign=orgpage\",\"cover\":\"http:\/\/mmbiz.qpic.cn\/mmbiz_jpg\/JJtKEey0hPaNKt3rzDavrd2bYMqqmaz9472xiaZ76PoiaZme3vrA3Loiat7FuTR1YfHljMvoMLlPgkyAm8CTfMkLQ\/0?wx_fmt=jpeg\",\"author\":\"赵欣\",\"copyright_stat\":100,\"del_flag\":1,\"item_show_type\":0,\"audio_fileid\":0,\"duration\":0,\"play_url\":\"\",\"malicious_title_reason_id\":0,\"malicious_content_type\":0},{\"title\":\"首个国产埃坡霉素类抗癌新药优替德隆即将获批，华昊中天已布局商业化团队并开启上市冲刺 | 独家专访\",\"digest\":\"紫杉醇是迄今为止应用最广泛的天然抗肿瘤药物，自 1992 年被 FDA 批准用于治疗乳腺癌以来，已经横扫了无\",\"content\":\"\",\"fileid\":502127494,\"content_url\":\"http:\/\/mp.weixin.qq.com\/s?__biz=MzA3NTIyODUzNA==&amp;mid=2649611183&amp;idx=7&amp;sn=0ed2439acb50c440e39ebdff458a29dd&amp;chksm=876acfb6b01d46a019e191da3957e24d8273a2ed29ecf62dfe8b6b9d8fe404e0848ff09ac1e9&amp;scene=27#wechat_redirect\",\"source_url\":\"\",\"cover\":\"http:\/\/mmbiz.qpic.cn\/mmbiz_jpg\/JJtKEey0hPaNKt3rzDavrd2bYMqqmaz9N9j1o0GpOjlotXy2nMtDms0OH64ia9Kq8RZjY7ibjhibaCo4mkmSXnbDQ\/0?wx_fmt=jpeg\",\"author\":\"胡莉花\",\"copyright_stat\":201,\"del_flag\":1,\"item_show_type\":0,\"audio_fileid\":0,\"duration\":0,\"play_url\":\"\",\"malicious_title_reason_id\":0,\"malicious_content_type\":0}],\"author\":\"周一、Ruth\",\"copyright_stat\":11,\"duration\":0,\"del_flag\":1,\"item_show_type\":0,\"audio_fileid\":0,\"play_url\":\"\",\"malicious_title_reason_id\":0,\"malicious_content_type\":0}},{\"comm_msg_info\":{\"id\":1000001670,\"type\":49,\"datetime\":1608177685,\"fakeid\":\"3075228534\",\"status\":2,\"content\":\"\"},\"app_msg_ext_info\":{\"title\":\"复旦毕业生开创“全新领域”，利用太阳能合成生物有机肥料，超越自然光合作用的能量利用效率｜专访\",\"digest\":\"加州大学洛杉矶分校化学与生物化学系助理教授刘翀基于材料学和生物学的协同作用，研发出一种人工光合作用生物无机混合体系。\",\"content\":\"\",\"fileid\":0,\"content_url\":\"http:\/\/mp.weixin.qq.com\/s?__biz=MzA3NTIyODUzNA==&amp;mid=2649611036&amp;idx=1&amp;sn=9fa981e81225afaab5a008309f182665&amp;chksm=876acf05b01d4613e708c5fdb7e0c57c80a4ffa20b5d296832ad3469d177df64c35b1fa23a13&amp;scene=27#wechat_redirect\",\"source_url\":\"https:\/\/deeptech.huodongxing.com\/event\/3574075446300?utm_source=%e4%b8%bb%e5%8a%9e%e6%96%b9%e9%a1%b5&amp;utm_medium=&amp;utm_campaign=orgpage\",\"cover\":\"http:\/\/mmbiz.qpic.cn\/mmbiz_jpg\/JJtKEey0hPbP0zuF5bXIM0VLV7veD3XUUzrkq4MgqgPbFvndwRtKS4M6bUjkhvoSdjObPloxtrJEIuo3kkqrRQ\/0?wx_fmt=jpeg\",\"subtype\":9,\"is_multi\":1,\"multi_app_msg_item_list\":[{\"title\":\"视力下降问题获重大突破，哈佛团队采用重编程神经元法，恢复小鼠一半视力\",\"digest\":\"衰老是一种机体对环境的生理和心理适应能力进行性降低、逐渐趋向死亡的现象。随着年龄的增长，形态与主要感觉器官功\",\"content\":\"\",\"fileid\":0,\"content_url\":\"http:\/\/mp.weixin.qq.com\/s?__biz=MzA3NTIyODUzNA==&amp;mid=2649611036&amp;idx=2&amp;sn=b014724d9b9913bdf56f5b43ec5b3d62&amp;chksm=876acf05b01d4613c7757e2109bb1e17dd3898743fc752fced2181cc8b8e4146ae0cce2c9f1d&amp;scene=27#wechat_redirect\",\"source_url\":\"https:\/\/www.huodongxing.com\/event\/3569147572100\",\"cover\":\"http:\/\/mmbiz.qpic.cn\/mmbiz_jpg\/JJtKEey0hPbP0zuF5bXIM0VLV7veD3XUZ3UVOdiaiaL9Dw5ekNwlOXVLb1CuW3RoxaTo2TPNZHfyEE7aYsEiagdcQ\/0?wx_fmt=jpeg\",\"author\":\"张硕\",\"copyright_stat\":11,\"del_flag\":1,\"item_show_type\":0,\"audio_fileid\":0,\"duration\":0,\"play_url\":\"\",\"malicious_title_reason_id\":0,\"malicious_content_type\":0},{\"title\":\"博腾生物将全球首个基因疗法“缔造者”收入麾下，CDMO市场将迎来开创性跃进丨独家专访\",\"digest\":\"中国基因治疗 CDMO 产业迎来了一位先锋者和领路人，他是全球首个 FDA 批准上市的靶向 TNF 人鼠嵌合\",\"content\":\"\",\"fileid\":0,\"content_url\":\"http:\/\/mp.weixin.qq.com\/s?__biz=MzA3NTIyODUzNA==&amp;mid=2649611036&amp;idx=3&amp;sn=a3f2d629942278f77709ca8f3550742f&amp;chksm=876acf05b01d461392f2afc9c206e3cd1ab4c1d2a1646659a08f30735d5d36282be251f41053&amp;scene=27#wechat_redirect\",\"source_url\":\"\",\"cover\":\"http:\/\/mmbiz.qpic.cn\/mmbiz_jpg\/JJtKEey0hPbP0zuF5bXIM0VLV7veD3XUhdzXCJejJEvC338zZwFht9zMr2FLDfC4s8f0D2wUyHr8BD4ZZ0RSFQ\/0?wx_fmt=jpeg\",\"author\":\"冯丹丹\",\"copyright_stat\":201,\"del_flag\":1,\"item_show_type\":0,\"audio_fileid\":0,\"duration\":0,\"play_url\":\"\",\"malicious_title_reason_id\":0,\"malicious_content_type\":0},{\"title\":\"FDA批准转基因猪，可用于食品、医药，未来还能解决器官移植难题？\",\"digest\":\"点击图片查看“引领未来移动AI的女性”视频（内容支持：高通）听说过转基因的大豆和玉米，但你了解转基因的猪么？\",\"content\":\"\",\"fileid\":0,\"content_url\":\"http:\/\/mp.weixin.qq.com\/s?__biz=MzA3NTIyODUzNA==&amp;mid=2649611036&amp;idx=5&amp;sn=9c45a05600e07b42ead446a49bbc9615&amp;chksm=876acf05b01d4613f93c44a2b88c720e8acfe8327a7e39e86673874b0b43fb4ade7cb9bab5b5&amp;scene=27#wechat_redirect\",\"source_url\":\"https:\/\/deeptech.huodongxing.com\/event\/3574075446300?utm_source=%e4%b8%bb%e5%8a%9e%e6%96%b9%e9%a1%b5&amp;utm_medium=&amp;utm_campaign=orgpage\",\"cover\":\"http:\/\/mmbiz.qpic.cn\/mmbiz_jpg\/JJtKEey0hPbP0zuF5bXIM0VLV7veD3XUnEUO6AbvrjQL169p0f4nGj3RVOWeBzrrlehq5QVkS4m0GVYlsz6Zbg\/0?wx_fmt=jpeg\",\"author\":\"都保杰\",\"copyright_stat\":100,\"del_flag\":1,\"item_show_type\":0,\"audio_fileid\":0,\"duration\":0,\"play_url\":\"\",\"malicious_title_reason_id\":0,\"malicious_content_type\":0},{\"title\":\"瓴路药业成立即组建合资生物制药公司，已涵盖CAR-T及ADC疗法\",\"digest\":\"近日，Overland Pharmaceuticals（瓴路药业）风头正盛，继宣布成立之后，接连宣布两项重磅\",\"content\":\"\",\"fileid\":0,\"content_url\":\"http:\/\/mp.weixin.qq.com\/s?__biz=MzA3NTIyODUzNA==&amp;mid=2649611036&amp;idx=6&amp;sn=2a6753918a4e650e8faa4c2c56e3bf03&amp;chksm=876acf05b01d4613a13ef273cf481b5e022943f0a97dbacc275e76749ff447e67384c93bb316&amp;scene=27#wechat_redirect\",\"source_url\":\"\",\"cover\":\"http:\/\/mmbiz.qpic.cn\/mmbiz_jpg\/8iaq2iavZjQlPywFHicMOBmeg2vd5rGIibjHCPvMtgibRibiaCeKib6oAWnFiagE5zmBIyzEadTjPvg41CoL5vApYSQ9bxQ\/0?wx_fmt=jpeg\",\"author\":\"胡莉花\",\"copyright_stat\":201,\"del_flag\":1,\"item_show_type\":0,\"audio_fileid\":0,\"duration\":0,\"play_url\":\"\",\"malicious_title_reason_id\":0,\"malicious_content_type\":0},{\"title\":\"FDA公布Moderna新冠疫苗最新数据：对预防无症状感染具有潜力\",\"digest\":\"上周，FDA 正式批准辉瑞\/ BioNTech 新冠疫苗 BNT162b2 的紧急使用授权（EUA），首个\",\"content\":\"\",\"fileid\":0,\"content_url\":\"http:\/\/mp.weixin.qq.com\/s?__biz=MzA3NTIyODUzNA==&amp;mid=2649611036&amp;idx=7&amp;sn=de423a0beb944867bbb6dc3aebabca78&amp;chksm=876acf05b01d4613c6242db84cb82250314ffeacfbf92abcffa17a7a0b8bec71d65c3e27399e&amp;scene=27#wechat_redirect\",\"source_url\":\"\",\"cover\":\"http:\/\/mmbiz.qpic.cn\/mmbiz_jpg\/8iaq2iavZjQlPywFHicMOBmeg2vd5rGIibjHUCmkicJWCxeHt2YIqnV320CTSnojibiaWn8tibQicozEpvLkG7ia5pBylGew\/0?wx_fmt=jpeg\",\"author\":\"宋冉\",\"copyright_stat\":201,\"del_flag\":1,\"item_show_type\":0,\"audio_fileid\":0,\"duration\":0,\"play_url\":\"\",\"malicious_title_reason_id\":0,\"malicious_content_type\":0}],\"author\":\"侯冀、张硕\",\"copyright_stat\":11,\"duration\":0,\"del_flag\":1,\"item_show_type\":0,\"audio_fileid\":0,\"play_url\":\"\",\"malicious_title_reason_id\":0,\"malicious_content_type\":0}},{\"comm_msg_info\":{\"id\":1000001669,\"type\":49,\"datetime\":1608104526,\"fakeid\":\"3075228534\",\"status\":2,\"content\":\"\"},\"app_msg_ext_info\":{\"title\":\"重新定义行业规则？英特尔最强工具包oneAPI Gold交付，搭配XPU策略为下一个十年铺路\",\"digest\":\"英特尔打造出 “新利器”。\",\"content\":\"\",\"fileid\":0,\"content_url\":\"http:\/\/mp.weixin.qq.com\/s?__biz=MzA3NTIyODUzNA==&amp;mid=2649610980&amp;idx=1&amp;sn=c7cadff83683745f93e696d074341f6b&amp;chksm=876acefdb01d47ebe2dcea41396396cabc65eb79b30dd3aeecc3fcd9114d7843a9af39b72b68&amp;scene=27#wechat_redirect\",\"source_url\":\"https:\/\/a.app.qq.com\/o\/simple.jsp?pkgname=com.mittrchina.mit&amp;from=singlemessage\",\"cover\":\"http:\/\/mmbiz.qpic.cn\/mmbiz_jpg\/JJtKEey0hPY1s7LzuF68UWOVuU0yuHbib5IATIO3nJ7FibxA8ibXdyXo6SvE4UpGLX0I49MqXZkTCZLDibw7M911TQ\/0?wx_fmt=jpeg\",\"subtype\":9,\"is_multi\":1,\"multi_app_msg_item_list\":[{\"title\":\"中芯国际“师徒大战”开打：蒋尚义加入！梁孟松怒提辞呈且投弃权票\",\"digest\":\"中芯国际 12 月 15 日董事会后公告，前武汉弘芯首席执行官、前台积电营运长蒋尚义加入董事会担任副董事长，\",\"content\":\"\",\"fileid\":0,\"content_url\":\"http:\/\/mp.weixin.qq.com\/s?__biz=MzA3NTIyODUzNA==&amp;mid=2649610980&amp;idx=2&amp;sn=7a2c32bbe11074b036e65986f4c0f397&amp;chksm=876acefdb01d47eb8dc60547159fc9c854827cf1f6521617320d776d28dca07772d00a1c5b1f&amp;scene=27#wechat_redirect\",\"source_url\":\"\",\"cover\":\"http:\/\/mmbiz.qpic.cn\/mmbiz_jpg\/JJtKEey0hPY1s7LzuF68UWOVuU0yuHbibFg0TxnrhFK54N1OGGAN3eZbibDnPzETEa7RNeRw2OPI8icjNAQaXF42A\/0?wx_fmt=jpeg\",\"author\":\"连于慧\",\"copyright_stat\":201,\"del_flag\":1,\"item_show_type\":0,\"audio_fileid\":0,\"duration\":0,\"play_url\":\"\",\"malicious_title_reason_id\":0,\"malicious_content_type\":0},{\"title\":\"终于来了！华为HarmonyOS手机Beta版本正式发布，“跨端” 和 “入口” 有多大吸引力？\",\"digest\":\"“做操作系统的技术不难，难的是做生态。” 华为消费者 BG 软件部总裁王成录在活动开场时感慨道。2020 年\",\"content\":\"\",\"fileid\":0,\"content_url\":\"http:\/\/mp.weixin.qq.com\/s?__biz=MzA3NTIyODUzNA==&amp;mid=2649610980&amp;idx=3&amp;sn=7f9cc50512f34d15f0fcb56a93b0e90d&amp;chksm=876acefdb01d47ebbc14be1a319706e4e8952a261ac1f5110e61d8e4ffb28f3da354ab53443c&amp;scene=27#wechat_redirect\",\"source_url\":\"https:\/\/deeptech.huodongxing.com\/event\/3574075446300?utm_source=%e4%b8%bb%e5%8a%9e%e6%96%b9%e9%a1%b5&amp;utm_medium=&amp;utm_campaign=orgpage\",\"cover\":\"http:\/\/mmbiz.qpic.cn\/mmbiz_jpg\/JJtKEey0hPY1s7LzuF68UWOVuU0yuHbib0UVaPPLzhG49VWKzt8o5uMZVh9v3IK3UU5lIrTyb90icm9ibUMnezXdQ\/0?wx_fmt=jpeg\",\"author\":\"都保杰、婉杨\",\"copyright_stat\":11,\"del_flag\":1,\"item_show_type\":0,\"audio_fileid\":0,\"duration\":0,\"play_url\":\"\",\"malicious_title_reason_id\":0,\"malicious_content_type\":0},{\"title\":\"从技术走向商业，蚂蚁的区块链实践\",\"digest\":\"2009 年 1 月 3 日，第一个序号为 0 的创世区块诞生。几天后，序号为 1 的区块诞生，并与创世区块\",\"content\":\"\",\"fileid\":502127306,\"content_url\":\"http:\/\/mp.weixin.qq.com\/s?__biz=MzA3NTIyODUzNA==&amp;mid=2649610980&amp;idx=4&amp;sn=ff240485d198a0e77eecd40dbb5b16aa&amp;chksm=876acefdb01d47eb9f7d626901d68228cec2bf65be7f68ba94874cc46384ea9fc91cce4a20e7&amp;scene=27#wechat_redirect\",\"source_url\":\"\",\"cover\":\"http:\/\/mmbiz.qpic.cn\/mmbiz_jpg\/JJtKEey0hPY1s7LzuF68UWOVuU0yuHbibvJ7MW2kyPrMbzD1cH60ZdF1XuwhNkibhm7kVdTGEmnCngBcF0oX7Tiaw\/0?wx_fmt=jpeg\",\"author\":\"三石\",\"copyright_stat\":100,\"del_flag\":1,\"item_show_type\":0,\"audio_fileid\":0,\"duration\":0,\"play_url\":\"\",\"malicious_title_reason_id\":0,\"malicious_content_type\":0},{\"title\":\"中国科学院院士谭蔚泓：从分子角度看病、治病的时代已经到来\",\"digest\":\"12 月 10 日 - 11 日，由浙江省委人才办、绍兴市委市政府、《麻省理工科技评论》主办的全球青年科技领\",\"content\":\"\",\"fileid\":0,\"content_url\":\"http:\/\/mp.weixin.qq.com\/s?__biz=MzA3NTIyODUzNA==&amp;mid=2649610980&amp;idx=5&amp;sn=92e80d4dc352997f71a1c91ee585ce7d&amp;chksm=876acefdb01d47eb2c8b0379a47849161ac891b9936144d85019b3cc624688d103be60e22d63&amp;scene=27#wechat_redirect\",\"source_url\":\"\",\"cover\":\"http:\/\/mmbiz.qpic.cn\/mmbiz_jpg\/JJtKEey0hPY1s7LzuF68UWOVuU0yuHbib7aKZHclYATs2Fzq9dtfRggyWT9WicvZa87aNwDDx7juEWsEoPuibXjog\/0?wx_fmt=jpeg\",\"author\":\"DeepTech深科技\",\"copyright_stat\":100,\"del_flag\":1,\"item_show_type\":0,\"audio_fileid\":0,\"duration\":0,\"play_url\":\"\",\"malicious_title_reason_id\":0,\"malicious_content_type\":0},{\"title\":\"亚马逊Zoox发布 “双向行驶” 自动驾驶电动车，高度灵活、没有方向盘，速度可达120km\/h\",\"digest\":\"点击下方查看“引领未来移动AI的女性”视频（内容支持：高通）近日，旧金山的街道上出现了这样一辆车，其高度对称\",\"content\":\"\",\"fileid\":0,\"content_url\":\"http:\/\/mp.weixin.qq.com\/s?__biz=MzA3NTIyODUzNA==&amp;mid=2649610980&amp;idx=6&amp;sn=629804e088873c03068cdacd940e97e6&amp;chksm=876acefdb01d47ebe578954a4ddf2a9146ced0c3973cd6485cfa4f5e2e2e717ff4f774acf793&amp;scene=27#wechat_redirect\",\"source_url\":\"https:\/\/deeptech.huodongxing.com\/event\/3574075446300?utm_source=%e4%b8%bb%e5%8a%9e%e6%96%b9%e9%a1%b5&amp;utm_medium=&amp;utm_campaign=orgpage\",\"cover\":\"http:\/\/mmbiz.qpic.cn\/mmbiz_jpg\/JJtKEey0hPY1s7LzuF68UWOVuU0yuHbibMhf5I4PcC0FI0onKy5lAibqebIiaKC4iag3kgkfibxShAyia4VZkwP5MThg\/0?wx_fmt=jpeg\",\"author\":\"婉杨\",\"copyright_stat\":100,\"del_flag\":1,\"item_show_type\":0,\"audio_fileid\":0,\"duration\":0,\"play_url\":\"\",\"malicious_title_reason_id\":0,\"malicious_content_type\":0},{\"title\":\"诺奖得主加持，这家免疫抗体药新锐用“C+2E”策略布局管线并将开启“加速跑” | 专访非同生物\",\"digest\":\"放眼中国肿瘤创新药，随着一系列政策的出台，低端仿制药模式被逐步压缩，同时肿瘤发病率和死亡率逐年攀升，创新型抗\",\"content\":\"\",\"fileid\":0,\"content_url\":\"http:\/\/mp.weixin.qq.com\/s?__biz=MzA3NTIyODUzNA==&amp;mid=2649610980&amp;idx=7&amp;sn=f8a9b8eb44e54c6eeeedbfc22605c778&amp;chksm=876acefdb01d47ebe85395a7b4af1add272e896afbd85b5cb952c83cc60122ddd5dcaf1ce44c&amp;scene=27#wechat_redirect\",\"source_url\":\"\",\"cover\":\"http:\/\/mmbiz.qpic.cn\/mmbiz_jpg\/JJtKEey0hPY1s7LzuF68UWOVuU0yuHbibMUejofEKOyeAXohmb1vp4xoAl4WHEibm9zOsfgVSstNmMpwfoTKoF5Q\/0?wx_fmt=jpeg\",\"author\":\"宋冉\",\"copyright_stat\":201,\"del_flag\":1,\"item_show_type\":0,\"audio_fileid\":0,\"duration\":0,\"play_url\":\"\",\"malicious_title_reason_id\":0,\"malicious_content_type\":0},{\"title\":\"医疗领域年度最大收购案出炉，阿斯利康将溢价45%收购罕见病巨头亚力兄制药\",\"digest\":\"近日，阿斯利康（LON: AZN）宣布将以 390 亿美元 “现金 + 股票” 的方式收购美国制药公司亚力兄\",\"content\":\"\",\"fileid\":0,\"content_url\":\"http:\/\/mp.weixin.qq.com\/s?__biz=MzA3NTIyODUzNA==&amp;mid=2649610980&amp;idx=8&amp;sn=f49a1ae5c99ffbefb6fdc4d2db137cb2&amp;chksm=876acefdb01d47eb461cac652cce76d9e2cd4650f8ded40fb5e02a705a8b519308755467fb59&amp;scene=27#wechat_redirect\",\"source_url\":\"\",\"cover\":\"http:\/\/mmbiz.qpic.cn\/mmbiz_jpg\/JJtKEey0hPY1s7LzuF68UWOVuU0yuHbibVBWibJxibWRic4Lw7J6dWcoJBd3U08cTTbjskhXEiaVaT1uu2wDDibneHnA\/0?wx_fmt=jpeg\",\"author\":\"胡莉花\",\"copyright_stat\":201,\"del_flag\":1,\"item_show_type\":0,\"audio_fileid\":0,\"duration\":0,\"play_url\":\"\",\"malicious_title_reason_id\":0,\"malicious_content_type\":0}],\"author\":\"都保杰\",\"copyright_stat\":11,\"duration\":0,\"del_flag\":1,\"item_show_type\":0,\"audio_fileid\":0,\"play_url\":\"\",\"malicious_title_reason_id\":0,\"malicious_content_type\":0}},{\"comm_msg_info\":{\"id\":1000001668,\"type\":49,\"datetime\":1608010636,\"fakeid\":\"3075228534\",\"status\":2,\"content\":\"\"},\"app_msg_ext_info\":{\"title\":\"清华31岁教授将手机天线尺寸缩小100倍，未来有望植入人体｜专访\",\"digest\":\"“这项‘能颠覆游戏规则’的纳米尺度天线在诸如物联网、智能手机、生物医疗等领域大有可为。”\",\"content\":\"\",\"fileid\":502127143,\"content_url\":\"http:\/\/mp.weixin.qq.com\/s?__biz=MzA3NTIyODUzNA==&amp;mid=2649610920&amp;idx=1&amp;sn=931580cd751cdf22d8cc4d907910e66c&amp;chksm=876aceb1b01d47a71aed5293305f2fc9ff78ece8eafac69dad5cfaa76d991b99b9c164f86098&amp;scene=27#wechat_redirect\",\"source_url\":\"https:\/\/deeptech.huodongxing.com\/event\/3574075446300?utm_source=%e4%b8%bb%e5%8a%9e%e6%96%b9%e9%a1%b5&amp;utm_medium=&amp;utm_campaign=orgpage\",\"cover\":\"http:\/\/mmbiz.qpic.cn\/mmbiz_jpg\/JJtKEey0hPbfdvQSHvjfpVgMeBkhQScXYUPPjjFFy3eNWJ4JG3g0iaBsJJSbOxYfibSEI4rCxMHAHPQLOR2TneYg\/0?wx_fmt=jpeg\",\"subtype\":9,\"is_multi\":1,\"multi_app_msg_item_list\":[{\"title\":\"MIT发明一款计算机系统，可自动设计机器人结构，获得25年来最高成就\",\"digest\":\"\",\"content\":\"\",\"fileid\":0,\"content_url\":\"http:\/\/mp.weixin.qq.com\/s?__biz=MzA3NTIyODUzNA==&amp;mid=2649610920&amp;idx=2&amp;sn=5124e70300989958697356d6442b0043&amp;chksm=876aceb1b01d47a79be2263143c38cc0fc9d7df2287be008c5769e83f90ef8a872c5a48a1132&amp;scene=27#wechat_redirect\",\"source_url\":\"https:\/\/deeptech.huodongxing.com\/event\/3574075446300?utm_source=%e4%b8%bb%e5%8a%9e%e6%96%b9%e9%a1%b5&amp;utm_medium=&amp;utm_campaign=orgpage\",\"cover\":\"http:\/\/mmbiz.qpic.cn\/mmbiz_jpg\/JJtKEey0hPaTmINVQ5sdCl6fhiaFXWnSWdkYYJT5QNljsicOTbAreI93jD8R5lPxUQyBxUfFIJpunicc9HQiagBwvA\/0?wx_fmt=jpeg\",\"author\":\"婉杨\",\"copyright_stat\":100,\"del_flag\":1,\"item_show_type\":0,\"audio_fileid\":0,\"duration\":0,\"play_url\":\"\",\"malicious_title_reason_id\":0,\"malicious_content_type\":0},{\"title\":\"今年第4次宕机！谷歌全球服务中断45分钟，谷歌地图、YouTube、Gmail等多项服务受影响\",\"digest\":\"谷歌又发生了服务中断事件。\",\"content\":\"\",\"fileid\":0,\"content_url\":\"http:\/\/mp.weixin.qq.com\/s?__biz=MzA3NTIyODUzNA==&amp;mid=2649610920&amp;idx=3&amp;sn=a1189e5f7ef18629490505701568b69a&amp;chksm=876aceb1b01d47a714115bb48d703cdc9a4e3d5c8fec3032f62b3b2afbe7208f620504ece912&amp;scene=27#wechat_redirect\",\"source_url\":\"https:\/\/deeptech.huodongxing.com\/event\/3574075446300?utm_source=%e4%b8%bb%e5%8a%9e%e6%96%b9%e9%a1%b5&amp;utm_medium=&amp;utm_campaign=orgpage\",\"cover\":\"http:\/\/mmbiz.qpic.cn\/mmbiz_jpg\/JJtKEey0hPaTmINVQ5sdCl6fhiaFXWnSWUA3EPToNdUIYl9CB6Kib6oSsNvqPic6tdynYvrJibEI1M7tczpqXJBdLA\/0?wx_fmt=jpeg\",\"author\":\"都保杰\",\"copyright_stat\":100,\"del_flag\":1,\"item_show_type\":0,\"audio_fileid\":0,\"duration\":0,\"play_url\":\"\",\"malicious_title_reason_id\":0,\"malicious_content_type\":0},{\"title\":\"创胜集团CEO钱雪明：Pre-IPO轮融资即将完成，拟明年赴港IPO丨专访\",\"digest\":\"今年 1 月，生物制药公司创胜集团宣布顺利完成 1 亿美元的 B + 轮融资。此轮融资的参与者名单可谓 “星\",\"content\":\"\",\"fileid\":0,\"content_url\":\"http:\/\/mp.weixin.qq.com\/s?__biz=MzA3NTIyODUzNA==&amp;mid=2649610920&amp;idx=4&amp;sn=9e5dd73a3c9cf447513c0a456595d690&amp;chksm=876aceb1b01d47a746919b77df36540f27e0855aa7bc99a2a322feb2e50bb49ef3f8b37845e5&amp;scene=27#wechat_redirect\",\"source_url\":\"\",\"cover\":\"http:\/\/mmbiz.qpic.cn\/mmbiz_jpg\/JJtKEey0hPaTmINVQ5sdCl6fhiaFXWnSWFYpwMzMn194wvR1wFjq22ibLnav5CFP7ygicJY37zGib2lLKs08gAu5aA\/0?wx_fmt=jpeg\",\"author\":\"韦昱彬\",\"copyright_stat\":201,\"del_flag\":1,\"item_show_type\":0,\"audio_fileid\":0,\"duration\":0,\"play_url\":\"\",\"malicious_title_reason_id\":0,\"malicious_content_type\":0},{\"title\":\"瓴路药业成立，管理团队曝光，称要做具有全方位研发能力的生物制药公司\",\"digest\":\"近日，生物制药公司 Overland Pharmaceuticals（“瓴路药业”）宣布正式成立，官方介绍是\",\"content\":\"\",\"fileid\":0,\"content_url\":\"http:\/\/mp.weixin.qq.com\/s?__biz=MzA3NTIyODUzNA==&amp;mid=2649610920&amp;idx=5&amp;sn=717749924d341fe51a7e4b011678c2a1&amp;chksm=876aceb1b01d47a7561f326ba380c3b3247159176b0faf77858497a74ca83676a1a9f14d2987&amp;scene=27#wechat_redirect\",\"source_url\":\"\",\"cover\":\"http:\/\/mmbiz.qpic.cn\/mmbiz_jpg\/8iaq2iavZjQlOYsSxmKVACSRVFbjJDfuYQ9n13nalI9iaOleWeNrn5VBzY8zkcEcicIcdlbc4FRLIT2sF8cLUa83vg\/0?wx_fmt=jpeg\",\"author\":\"胡莉花\",\"copyright_stat\":201,\"del_flag\":1,\"item_show_type\":0,\"audio_fileid\":0,\"duration\":0,\"play_url\":\"\",\"malicious_title_reason_id\":0,\"malicious_content_type\":0},{\"title\":\"生物制药领域20位非凡女性和16位薪酬最高女性CEO榜单揭晓\",\"digest\":\"此前联合国妇女署发布了一组令人触目惊心的数据：新冠疫情可能会让他们为之努力的性别平等工作倒退 25 年。由于\",\"content\":\"\",\"fileid\":502127269,\"content_url\":\"http:\/\/mp.weixin.qq.com\/s?__biz=MzA3NTIyODUzNA==&amp;mid=2649610920&amp;idx=6&amp;sn=10f1515644e387e74184a4116a5f17e7&amp;chksm=876aceb1b01d47a7e2e83afa905ad30c7e2c9eeeaa80aa709791e24437096357091d5dd891d2&amp;scene=27#wechat_redirect\",\"source_url\":\"\",\"cover\":\"http:\/\/mmbiz.qpic.cn\/mmbiz_jpg\/JJtKEey0hPaTmINVQ5sdCl6fhiaFXWnSW1bhyp9tJibaoZZE94qL3lvSD7lVmialAa6bufiaS3daHnNbib4joPkSc8g\/0?wx_fmt=jpeg\",\"author\":\"余小飞\",\"copyright_stat\":100,\"del_flag\":1,\"item_show_type\":0,\"audio_fileid\":0,\"duration\":0,\"play_url\":\"\",\"malicious_title_reason_id\":0,\"malicious_content_type\":0}],\"author\":\"龙盼、王建韬\",\"copyright_stat\":11,\"duration\":0,\"del_flag\":1,\"item_show_type\":0,\"audio_fileid\":0,\"play_url\":\"\",\"malicious_title_reason_id\":0,\"malicious_content_type\":0}},{\"comm_msg_info\":{\"id\":1000001667,\"type\":49,\"datetime\":1607924746,\"fakeid\":\"3075228534\",\"status\":2,\"content\":\"\"},\"app_msg_ext_info\":{\"title\":\"27岁辽宁女孩研发可拉伸分布式光纤传感器，一作身份在Science发表全新DFOS系统研究，师从康奈尔机器人权威｜专访\",\"digest\":\"该手套是一款 3D 打印的柔软手套，它演示了一种由弹性体光导的平行组件组成的传感器，相关研究以《可拉伸的分布式光纤传感器》为题发表在 Science 上，由目前正在康纳尔大学读博的白鹤丹和李硕研发\",\"content\":\"\",\"fileid\":0,\"content_url\":\"http:\/\/mp.weixin.qq.com\/s?__biz=MzA3NTIyODUzNA==&amp;mid=2649610742&amp;idx=1&amp;sn=a0e282135c116e2981e67c5f6544f5ab&amp;chksm=876acdefb01d44f958f2568b4bef6245cdfe4d827792418bc71b9f472c7a7006ca01eb8b1525&amp;scene=27#wechat_redirect\",\"source_url\":\"https:\/\/deeptech.huodongxing.com\/event\/3574075446300?utm_source=%e4%b8%bb%e5%8a%9e%e6%96%b9%e9%a1%b5&amp;utm_medium=&amp;utm_campaign=orgpage\",\"cover\":\"http:\/\/mmbiz.qpic.cn\/mmbiz_jpg\/JJtKEey0hPbfdvQSHvjfpVgMeBkhQScXcUyviaNfj7tSTVsic6kMAzDbeiabibzRDzaJ1JSDgPwia8sc4cRqSr7HRAw\/0?wx_fmt=jpeg\",\"subtype\":9,\"is_multi\":1,\"multi_app_msg_item_list\":[{\"title\":\"全球化正处在十字路口，科技开放互信方能应对挑战\",\"digest\":\"让整个产业链拧成一股绳，让5G技术在千行百业中释放价值。\",\"content\":\"\",\"fileid\":0,\"content_url\":\"http:\/\/mp.weixin.qq.com\/s?__biz=MzA3NTIyODUzNA==&amp;mid=2649610742&amp;idx=2&amp;sn=34772add09dd98edfe48bd7f00b7f8c0&amp;chksm=876acdefb01d44f9621391184d9a23ad138e73237c5442ce3eef913c795db27bb01e57f6acf4&amp;scene=27#wechat_redirect\",\"source_url\":\"https:\/\/a.app.qq.com\/o\/simple.jsp?pkgname=com.mittrchina.mit&amp;from=singlemessage\",\"cover\":\"http:\/\/mmbiz.qpic.cn\/mmbiz_jpg\/JJtKEey0hPbfdvQSHvjfpVgMeBkhQScXS0BqmF93Kia5LJZNoMG8ibQCpmP1nB5t6mvIx0QENaBrac4v1zw63bxQ\/0?wx_fmt=jpeg\",\"author\":\"婉杨\",\"copyright_stat\":11,\"del_flag\":1,\"item_show_type\":0,\"audio_fileid\":0,\"duration\":0,\"play_url\":\"\",\"malicious_title_reason_id\":0,\"malicious_content_type\":0},{\"title\":\"14个潜力项目入围！《麻省理工科技评论》中国生命科学创业大赛决赛即将开幕\",\"digest\":\"12月20日·深圳光明艺术中心，我们共同见证！\",\"content\":\"\",\"fileid\":0,\"content_url\":\"http:\/\/mp.weixin.qq.com\/s?__biz=MzA3NTIyODUzNA==&amp;mid=2649610742&amp;idx=3&amp;sn=6a5172de558dcec3e63e2b2ac0957312&amp;chksm=876acdefb01d44f942da8e0059af74c2555d990f720d66ccbc4fed7fca2c72b62d2e2b799ad6&amp;scene=27#wechat_redirect\",\"source_url\":\"http:\/\/deeptech2020.mikecrm.com\/ug6US5j\",\"cover\":\"http:\/\/mmbiz.qpic.cn\/mmbiz_jpg\/JJtKEey0hPbfdvQSHvjfpVgMeBkhQScXZvju7NKYeibiaS2EWkloQmoLO179NQmpJO3SyRSjxAGibyCicLQ7dSwEkQ\/0?wx_fmt=jpeg\",\"author\":\"创业大赛\",\"copyright_stat\":100,\"del_flag\":1,\"item_show_type\":0,\"audio_fileid\":0,\"duration\":0,\"play_url\":\"\",\"malicious_title_reason_id\":0,\"malicious_content_type\":0},{\"title\":\"石墨烯材料迎来下一站！MIT成功实现单个电子和光子的基础元件开发\",\"digest\":\"\",\"content\":\"\",\"fileid\":0,\"content_url\":\"http:\/\/mp.weixin.qq.com\/s?__biz=MzA3NTIyODUzNA==&amp;mid=2649610742&amp;idx=4&amp;sn=f38b961351c84fc994ac243e5ca5addb&amp;chksm=876acdefb01d44f9d18e87570a669671f1a3f0d0d89cbceedc8bb9a1d909a76ba90b34182972&amp;scene=27#wechat_redirect\",\"source_url\":\"https:\/\/deeptech.huodongxing.com\/event\/3574075446300?utm_source=%e4%b8%bb%e5%8a%9e%e6%96%b9%e9%a1%b5&amp;utm_medium=&amp;utm_campaign=orgpage\",\"cover\":\"http:\/\/mmbiz.qpic.cn\/mmbiz_jpg\/JJtKEey0hPbfdvQSHvjfpVgMeBkhQScXopMHKOuhx2IbETrhHnsAPXygNbsISfDqGMP7ZdEIVuWBJOrp4aEDKg\/0?wx_fmt=jpeg\",\"author\":\"文浩\",\"copyright_stat\":100,\"del_flag\":1,\"item_show_type\":0,\"audio_fileid\":0,\"duration\":0,\"play_url\":\"\",\"malicious_title_reason_id\":0,\"malicious_content_type\":0},{\"title\":\"开发RNA编辑的口服小分子疗法，Remix Therapeutics获8100万美元融资\",\"digest\":\"2020 年 12 月 8 日，Remix Therapeutics 宣布获得 8100 万美元 A 轮融资\",\"content\":\"\",\"fileid\":502127071,\"content_url\":\"http:\/\/mp.weixin.qq.com\/s?__biz=MzA3NTIyODUzNA==&amp;mid=2649610742&amp;idx=5&amp;sn=67ddfea6ea0a0fe095701fa33b733507&amp;chksm=876acdefb01d44f961b6d91a40640752129f570c6084b4f93541ac78e48ce64c7b3988821457&amp;scene=27#wechat_redirect\",\"source_url\":\"\",\"cover\":\"http:\/\/mmbiz.qpic.cn\/mmbiz_jpg\/JJtKEey0hPbfdvQSHvjfpVgMeBkhQScXxO9fAfSecTrczIMVHW7bC5gibtvKG1yXCmhVPSicRrnbFh3Pibg0zYzUw\/0?wx_fmt=jpeg\",\"author\":\"韦昱彬\",\"copyright_stat\":201,\"del_flag\":1,\"item_show_type\":0,\"audio_fileid\":0,\"duration\":0,\"play_url\":\"\",\"malicious_title_reason_id\":0,\"malicious_content_type\":0},{\"title\":\"继入选2020生物技术猛公司15强之后，礼来合作伙伴AbCellera拟登陆纳斯达克上市\",\"digest\":\"近日，据外媒报道，AbCellera 计划于 12 月 11 日正式登陆纳斯达克上市，股票代码简称为 “AB\",\"content\":\"\",\"fileid\":0,\"content_url\":\"http:\/\/mp.weixin.qq.com\/s?__biz=MzA3NTIyODUzNA==&amp;mid=2649610742&amp;idx=6&amp;sn=95627c6fa1bb353c89d29986b5427e5f&amp;chksm=876acdefb01d44f92c8b95d0c6189c10928ecea8eb04842fc75b40598084d9c50aeef8bae1ca&amp;scene=27#wechat_redirect\",\"source_url\":\"\",\"cover\":\"http:\/\/mmbiz.qpic.cn\/mmbiz_jpg\/8iaq2iavZjQlN8DtMlX1FlL8wLLFUNOjMWneXIfCZl1hBUPibCcp9a1DtbYywhXguxPyyzoFUtwh2IknVNQMNGSiaQ\/0?wx_fmt=jpeg\",\"author\":\"宋冉\",\"copyright_stat\":201,\"del_flag\":1,\"item_show_type\":0,\"audio_fileid\":0,\"duration\":0,\"play_url\":\"\",\"malicious_title_reason_id\":0,\"malicious_content_type\":0}],\"author\":\"Ruth\",\"copyright_stat\":11,\"duration\":0,\"del_flag\":1,\"item_show_type\":0,\"audio_fileid\":0,\"play_url\":\"\",\"malicious_title_reason_id\":0,\"malicious_content_type\":0}}]}","next_offset":186,"video_count":1,"use_video_tab":1,"real_type":0,"home_page_list":[]}