{"ret":0,"errmsg":"ok","msg_count":10,"can_msg_continue":1,"general_msg_list":"{\"list\":[{\"comm_msg_info\":{\"id\":1000001666,\"type\":49,\"datetime\":1607847890,\"fakeid\":\"3075228534\",\"status\":2,\"content\":\"\"},\"app_msg_ext_info\":{\"title\":\"清华31岁女科学家革新软体机器人，曾研发人工神经智能假肢和人工肌肉飞行器，师从软体机器人先驱Robert Shepherd\",\"digest\":\"谈及未来 10 年的目标，她希望能与领域同行一起，将这些技术的产业链建立完善，将这一领域的技术在机器人领域推广，助力机器人真正走向千家万户。\",\"content\":\"\",\"fileid\":0,\"content_url\":\"http:\/\/mp.weixin.qq.com\/s?__biz=MzA3NTIyODUzNA==&amp;mid=2649610618&amp;idx=1&amp;sn=caaed841496df1fc6eea6b1eedf19c8d&amp;chksm=876acd63b01d4475b55693b873aafc59005d9f8a323055f166f12cbfaa4a81bbb18e2da0cd07&amp;scene=27#wechat_redirect\",\"source_url\":\"https:\/\/android.myapp.com\/myapp\/detail.htm?apkName=com.mittrchina.mit&amp;ADTAG=mobile\",\"cover\":\"http:\/\/mmbiz.qpic.cn\/mmbiz_jpg\/JJtKEey0hPbNhBeEvsiakdumzOZWg29up2pCibZG507ibLX24wK6wibbFFBNrkBLSm8PTkv9ORYzZia3c7xLZFafCug\/0?wx_fmt=jpeg\",\"subtype\":9,\"is_multi\":1,\"multi_app_msg_item_list\":[{\"title\":\"鱼菜共生，AI养蜂，牛奶做衣服……新兴科技赋能智慧农业\",\"digest\":\"我国农业正处于从传统农业向现代农业转型的关键时期。\",\"content\":\"\",\"fileid\":0,\"content_url\":\"http:\/\/mp.weixin.qq.com\/s?__biz=MzA3NTIyODUzNA==&amp;mid=2649610618&amp;idx=2&amp;sn=2133c57686ce215ca67813e8009fc9d7&amp;chksm=876acd63b01d44754bed4ba1fb9ce76763b943f56ae11dfb392dfe40282a2934b5ca25cc8069&amp;scene=27#wechat_redirect\",\"source_url\":\"\",\"cover\":\"http:\/\/mmbiz.qpic.cn\/mmbiz_jpg\/JJtKEey0hPb2ZDcQvich8PtMO5cQQiaO1soymQTMLMQwVXSamZ92367gMYCHZ6WicqeuTmg5HEo3CxytDLwR43M5Q\/0?wx_fmt=jpeg\",\"author\":\"\",\"copyright_stat\":100,\"del_flag\":1,\"item_show_type\":0,\"audio_fileid\":0,\"duration\":0,\"play_url\":\"\",\"malicious_title_reason_id\":0,\"malicious_content_type\":0},{\"title\":\"清华教授温江涛：第三代数字图像技术正带来全新视觉革命\",\"digest\":\"超高清视频技术，最核心的部分在于编码的软件和编码的设备，需要具有相当大规模的数据传播和高速计算能力。\",\"content\":\"\",\"fileid\":0,\"content_url\":\"http:\/\/mp.weixin.qq.com\/s?__biz=MzA3NTIyODUzNA==&amp;mid=2649610618&amp;idx=3&amp;sn=9d8bd5a7292addf1496e09831d4fe471&amp;chksm=876acd63b01d4475f200545549185227e7ec1d091e024131c499dd5a0bc1ca4852ee38918774&amp;scene=27#wechat_redirect\",\"source_url\":\"\",\"cover\":\"http:\/\/mmbiz.qpic.cn\/mmbiz_jpg\/JJtKEey0hPb2ZDcQvich8PtMO5cQQiaO1ssK4HPn9q8QAafichtcTxQ92teY9SHAum4j3BibTLicolCtDnjmbMtULeQ\/0?wx_fmt=jpeg\",\"author\":\"DeepTech\",\"copyright_stat\":100,\"del_flag\":1,\"item_show_type\":0,\"audio_fileid\":0,\"duration\":0,\"play_url\":\"\",\"malicious_title_reason_id\":0,\"malicious_content_type\":0},{\"title\":\"美国周一开始向各州分发疫苗，将推荐给16岁及以上人群\",\"digest\":\"新冠疫苗的第一剂将在周一早上将把疫苗从辉瑞生产工厂运送至 UPS 和联邦快递中心以及到达美国各州。\",\"content\":\"\",\"fileid\":0,\"content_url\":\"http:\/\/mp.weixin.qq.com\/s?__biz=MzA3NTIyODUzNA==&amp;mid=2649610618&amp;idx=4&amp;sn=fc92671dde026bdbb4ec9d5bce959df5&amp;chksm=876acd63b01d4475dfe9a74f624fb5dcd9e47baf853e8ecefa4b67b615b44c742034591e3361&amp;scene=27#wechat_redirect\",\"source_url\":\"https:\/\/android.myapp.com\/myapp\/detail.htm?apkName=com.mittrchina.mit&amp;ADTAG=mobile\",\"cover\":\"http:\/\/mmbiz.qpic.cn\/mmbiz_jpg\/JJtKEey0hPbNhBeEvsiakdumzOZWg29up0Ot5x2TpveicFCiaKRTYZjlCCRbZdibRPxhP2IPcD9CLFYibss3oJcOl7g\/0?wx_fmt=jpeg\",\"author\":\"路得、平越\",\"copyright_stat\":11,\"del_flag\":1,\"item_show_type\":0,\"audio_fileid\":0,\"duration\":0,\"play_url\":\"\",\"malicious_title_reason_id\":0,\"malicious_content_type\":0},{\"title\":\"锂电池新突破！QuantumScape固态电池15分钟可充到8成电量\",\"digest\":\"QuantumScape 称，其锂金属电池将很快应用到汽车和卡车上，但有一些观察家仍持怀疑态度。锂，是周期表\",\"content\":\"\",\"fileid\":0,\"content_url\":\"http:\/\/mp.weixin.qq.com\/s?__biz=MzA3NTIyODUzNA==&amp;mid=2649610618&amp;idx=5&amp;sn=b2c2b258801446d68216fcfe6fdd4615&amp;chksm=876acd63b01d447502fe1277f91e999b8d1e197e2324de44192d6a5d3d02a1aba68adb88a02c&amp;scene=27#wechat_redirect\",\"source_url\":\"https:\/\/a.app.qq.com\/o\/simple.jsp?pkgname=com.mittrchina.mit&amp;from=singlemessage\",\"cover\":\"http:\/\/mmbiz.qpic.cn\/mmbiz_jpg\/JJtKEey0hPZ6iczaC0v6L3cNhJlVyX8peibhgRIJ9FXw85Laib7QTJA9KVuYlQLFpf720HIRPbpW3WJajb8WfOHYg\/0?wx_fmt=jpeg\",\"author\":\"詹姆斯・邓普\",\"copyright_stat\":100,\"del_flag\":1,\"item_show_type\":0,\"audio_fileid\":0,\"duration\":0,\"play_url\":\"\",\"malicious_title_reason_id\":0,\"malicious_content_type\":0},{\"title\":\"神经介入器械研发商艾柯医疗完成数亿元B+轮融资，布局脑卒中全线产品\",\"digest\":\"12 月 11 日消息，神经介入领域医疗器械公司艾柯医疗器械（北京）有限公司（简称：艾柯医疗）宣布完成数亿元\",\"content\":\"\",\"fileid\":0,\"content_url\":\"http:\/\/mp.weixin.qq.com\/s?__biz=MzA3NTIyODUzNA==&amp;mid=2649610618&amp;idx=6&amp;sn=dc4acc30997f76ed2cd2af6661e85c07&amp;chksm=876acd63b01d4475c9174c6ff9047f21a1879d20f190271babe737e19f1089c862cfdea71dde&amp;scene=27#wechat_redirect\",\"source_url\":\"\",\"cover\":\"http:\/\/mmbiz.qpic.cn\/mmbiz_jpg\/8iaq2iavZjQlN8scCzsUpO7S8hqLYpQfpwHd11HvevHlsZnOxcDHibBBzVBfZaS7VdgHnEyErMZTMh7K7fleia7bTQ\/0?wx_fmt=jpeg\",\"author\":\"赵佳雯\",\"copyright_stat\":201,\"del_flag\":1,\"item_show_type\":0,\"audio_fileid\":0,\"duration\":0,\"play_url\":\"\",\"malicious_title_reason_id\":0,\"malicious_content_type\":0},{\"title\":\"两个月内斩获1.5亿美元融资，该初创加速开发放射性药物治疗实体瘤\",\"digest\":\"12 月 8 日，专注于研发放射性药物治疗实体瘤的美国公司 RayzeBio 宣布获得新一轮 1.05 亿美\",\"content\":\"\",\"fileid\":0,\"content_url\":\"http:\/\/mp.weixin.qq.com\/s?__biz=MzA3NTIyODUzNA==&amp;mid=2649610618&amp;idx=7&amp;sn=5b0c15bdc4668a4f2e802ea6be63eb34&amp;chksm=876acd63b01d447584cce20539598c5811b7b6f1e30b501d45547e5a5decc7b28888da0f4f76&amp;scene=27#wechat_redirect\",\"source_url\":\"\",\"cover\":\"http:\/\/mmbiz.qpic.cn\/mmbiz_jpg\/8iaq2iavZjQlN8scCzsUpO7S8hqLYpQfpwypibqQpiaK4s3ovoMJrnTN7HSDHedwGF6TibicAYJnqlU8s0Hvoj5axicpA\/0?wx_fmt=jpeg\",\"author\":\"赵佳雯\",\"copyright_stat\":201,\"del_flag\":1,\"item_show_type\":0,\"audio_fileid\":0,\"duration\":0,\"play_url\":\"\",\"malicious_title_reason_id\":0,\"malicious_content_type\":0}],\"author\":\"周一、Ruth\",\"copyright_stat\":11,\"duration\":0,\"del_flag\":1,\"item_show_type\":0,\"audio_fileid\":0,\"play_url\":\"\",\"malicious_title_reason_id\":0,\"malicious_content_type\":0}},{\"comm_msg_info\":{\"id\":1000001665,\"type\":49,\"datetime\":1607761310,\"fakeid\":\"3075228534\",\"status\":2,\"content\":\"\"},\"app_msg_ext_info\":{\"title\":\"\",\"digest\":\"\",\"content\":\"\",\"fileid\":0,\"content_url\":\"\",\"source_url\":\"\",\"cover\":\"\",\"subtype\":0,\"is_multi\":1,\"multi_app_msg_item_list\":[{\"title\":\"武汉新芯全新三维堆叠技术品牌 “3DLink”，锁定高速运算、存内计算、3D传感器ToF发力\",\"digest\":\"武汉新芯研发多年的 3D IC 技术已崭露头角，更锁定高速运算、存内计算、3D 传感器 ToF 等热门领域进\",\"content\":\"\",\"fileid\":0,\"content_url\":\"http:\/\/mp.weixin.qq.com\/s?__biz=MzA3NTIyODUzNA==&amp;mid=2649610526&amp;idx=2&amp;sn=afb7b6e977381a83c2c0c93f9b25b0f6&amp;chksm=876acd07b01d44111bf6cd835c62273774827fa33aee1a011ac6e70bd753e6afa5ece6184fe5&amp;scene=27#wechat_redirect\",\"source_url\":\"\",\"cover\":\"http:\/\/mmbiz.qpic.cn\/mmbiz_jpg\/viaUuks3128KXgob58Eox7INPNAouTVY2q3Gs938b1y9w465Bw0cficdO0R8ibEh3P3UFJKqJzgYo503ZDwD3TTRg\/0?wx_fmt=jpeg\",\"author\":\"连于慧\",\"copyright_stat\":201,\"del_flag\":1,\"item_show_type\":0,\"audio_fileid\":0,\"duration\":0,\"play_url\":\"\",\"malicious_title_reason_id\":0,\"malicious_content_type\":0},{\"title\":\"Intel：首款神经拟态研究芯片Loihi最新进展，功耗可比CPU低1000多倍\",\"digest\":\"“大脑仍然是最无敌的计算设备，即便传统计算架构在过去 70 年取得了巨大进步。与训练人工智能系统的通用计算芯\",\"content\":\"\",\"fileid\":0,\"content_url\":\"http:\/\/mp.weixin.qq.com\/s?__biz=MzA3NTIyODUzNA==&amp;mid=2649610526&amp;idx=3&amp;sn=9255f7793ecd39234d75bf7d265d7159&amp;chksm=876acd07b01d4411b2ec083eaaa2107a05ea73d1febb7e1f3e9ab8de0d013d79a8ab789e23be&amp;scene=27#wechat_redirect\",\"source_url\":\"\",\"cover\":\"http:\/\/mmbiz.qpic.cn\/mmbiz_jpg\/JJtKEey0hPb2ZDcQvich8PtMO5cQQiaO1slCwMnyrbvdJblZMib56O6LfTN2U2zHltFw8DUic6vfQRyQga46G7a4Ww\/0?wx_fmt=jpeg\",\"author\":\"平越\",\"copyright_stat\":100,\"del_flag\":1,\"item_show_type\":0,\"audio_fileid\":0,\"duration\":0,\"play_url\":\"\",\"malicious_title_reason_id\":0,\"malicious_content_type\":0},{\"title\":\"专访远毅资本杨瑞荣：2020年是数字化医疗元年，提升效率、精准触达和优化支付将重塑医疗健康格局\",\"digest\":\"“我们投的项目多少有点‘另类’。” 在生辉与远毅资本合伙人杨瑞荣见面后不久，他就这样笑着介绍道。近年来，医疗\",\"content\":\"\",\"fileid\":0,\"content_url\":\"http:\/\/mp.weixin.qq.com\/s?__biz=MzA3NTIyODUzNA==&amp;mid=2649610526&amp;idx=4&amp;sn=074526950be4c372397fd3c793099078&amp;chksm=876acd07b01d4411136eef962f1fff1a143931c8f7347acdcba3fbbad68b686c9aaffaee6bd3&amp;scene=27#wechat_redirect\",\"source_url\":\"\",\"cover\":\"http:\/\/mmbiz.qpic.cn\/mmbiz_jpg\/8iaq2iavZjQlMK7gvc4l8NYCUpv35bEa1AJfkM7xb4gDfPI5h2jRbalWzs6XGKwsEjOoqSv1ktCDJd2tlG0SGWmQ\/0?wx_fmt=jpeg\",\"author\":\"赵佳雯​\",\"copyright_stat\":201,\"del_flag\":1,\"item_show_type\":0,\"audio_fileid\":0,\"duration\":0,\"play_url\":\"\",\"malicious_title_reason_id\":0,\"malicious_content_type\":0},{\"title\":\"背靠高瓴资本，立足中美两地，这家初创将开发疾病创新疗法\",\"digest\":\"近日，生物制药公司 Overland Pharmaceuticals（以下简称 “Overland”）宣布正\",\"content\":\"\",\"fileid\":0,\"content_url\":\"http:\/\/mp.weixin.qq.com\/s?__biz=MzA3NTIyODUzNA==&amp;mid=2649610526&amp;idx=5&amp;sn=1bbd13c0d90e8224408b275af8d46c92&amp;chksm=876acd07b01d441146b81b2743b76497f348e95a03799c48e37bac5612fb7e3485f6b140e9f3&amp;scene=27#wechat_redirect\",\"source_url\":\"\",\"cover\":\"http:\/\/mmbiz.qpic.cn\/mmbiz_jpg\/8iaq2iavZjQlN8DtMlX1FlL8wLLFUNOjMWVeib5nVjWfaINVsvXKVicXxH24RnyJtG9FxVINWibclFahGw6Biau48ukg\/0?wx_fmt=jpeg\",\"author\":\"胡莉花\",\"copyright_stat\":201,\"del_flag\":1,\"item_show_type\":0,\"audio_fileid\":0,\"duration\":0,\"play_url\":\"\",\"malicious_title_reason_id\":0,\"malicious_content_type\":0}],\"author\":\"\"}},{\"comm_msg_info\":{\"id\":1000001664,\"type\":49,\"datetime\":1607686580,\"fakeid\":\"3075228534\",\"status\":2,\"content\":\"\"},\"app_msg_ext_info\":{\"title\":\"浙大顾臻团队发明“死细胞疗法”，液氮冻死细胞、载药回注体内｜专访\",\"digest\":\"既有靶向性，又有“疫苗”效应。\",\"content\":\"\",\"fileid\":0,\"content_url\":\"http:\/\/mp.weixin.qq.com\/s?__biz=MzA3NTIyODUzNA==&amp;mid=2649610423&amp;idx=1&amp;sn=f80389bcbd8f99ba67b5e09d9aad1ad0&amp;chksm=876accaeb01d45b8a90988acce60b9e5eccca0035497cf1ce36d5338646f7592a7bf927d5275&amp;scene=27#wechat_redirect\",\"source_url\":\"https:\/\/android.myapp.com\/myapp\/detail.htm?apkName=com.mittrchina.mit&amp;ADTAG=mobile\",\"cover\":\"http:\/\/mmbiz.qpic.cn\/mmbiz_jpg\/JJtKEey0hPZ6iczaC0v6L3cNhJlVyX8pe5RMyl4dOibg3701WCyYWiaQhcVzQNvfPcMc4ePpmHW5bz7xDQkaekDCw\/0?wx_fmt=jpeg\",\"subtype\":9,\"is_multi\":1,\"multi_app_msg_item_list\":[{\"title\":\"多措并举打造国际科创人才新高地，络绎人才大数据研究院在浙江揭牌\",\"digest\":\"点击图片查看“引领未来移动 AI 的女性”视频（内容支持：高通）12 月 10 日，络绎人才大数据研究院于浙\",\"content\":\"\",\"fileid\":502126773,\"content_url\":\"http:\/\/mp.weixin.qq.com\/s?__biz=MzA3NTIyODUzNA==&amp;mid=2649610423&amp;idx=2&amp;sn=f26558e80b6d7ee2862ff411b688ebe4&amp;chksm=876accaeb01d45b80ed4053d081ead1180ad0469f646e89c4973a9fea4d8495907689313026b&amp;scene=27#wechat_redirect\",\"source_url\":\"\",\"cover\":\"http:\/\/mmbiz.qpic.cn\/mmbiz_jpg\/JJtKEey0hPZ6iczaC0v6L3cNhJlVyX8peRuEA1NhLKkNjPp7NxuAw4icRUiaP6M8H4zEvRsVpDYoKG66pquTTde3Q\/0?wx_fmt=jpeg\",\"author\":\"张唱\",\"copyright_stat\":100,\"del_flag\":1,\"item_show_type\":0,\"audio_fileid\":0,\"duration\":0,\"play_url\":\"\",\"malicious_title_reason_id\":0,\"malicious_content_type\":0},{\"title\":\"相约深圳｜新一代生物技术革命到来！看合成生物学如何颠覆人类认知\",\"digest\":\"12月19日-20日，深圳光明科学城见。\",\"content\":\"\",\"fileid\":0,\"content_url\":\"http:\/\/mp.weixin.qq.com\/s?__biz=MzA3NTIyODUzNA==&amp;mid=2649610423&amp;idx=3&amp;sn=30091c8c0c689e3e3061b09282e4f59f&amp;chksm=876accaeb01d45b844f87f335a55cef8e26fb268cd2bba75743b5db9752fbd41ee4c9db3fc43&amp;scene=27#wechat_redirect\",\"source_url\":\"\",\"cover\":\"http:\/\/mmbiz.qpic.cn\/mmbiz_jpg\/JJtKEey0hPZ6iczaC0v6L3cNhJlVyX8pebxxfIQMjhl20ibnb0TyPiczLdWd6zcG9y7FhJh3ibTHk3YabJcgrJr3WA\/0?wx_fmt=jpeg\",\"author\":\"生辉\",\"copyright_stat\":101,\"del_flag\":1,\"item_show_type\":0,\"audio_fileid\":0,\"duration\":0,\"play_url\":\"\",\"malicious_title_reason_id\":0,\"malicious_content_type\":0},{\"title\":\"AlphaFold：首个有望获得诺贝尔奖的人工智能成果 | 专访\",\"digest\":\"点击图片查看“引领未来移动 AI 的女性”视频（内容支持：高通）“这可能是首个有望获得诺贝尔奖的人工智能成果\",\"content\":\"\",\"fileid\":0,\"content_url\":\"http:\/\/mp.weixin.qq.com\/s?__biz=MzA3NTIyODUzNA==&amp;mid=2649610423&amp;idx=4&amp;sn=4e5e4ec431761c806818d51105dde054&amp;chksm=876accaeb01d45b839bb27e6e966eb111a5e3197f515775c6bf5f8b98d146bb2e8a06ee66161&amp;scene=27#wechat_redirect\",\"source_url\":\"https:\/\/www.huodongxing.com\/event\/3569147572100\",\"cover\":\"http:\/\/mmbiz.qpic.cn\/mmbiz_jpg\/JJtKEey0hPZ6iczaC0v6L3cNhJlVyX8peLQkAZGhiaEYqCPEQD2AHH5fmeUrPjZibVbBXFQH2DG5qiaicBHLBTeSOeQ\/0?wx_fmt=jpeg\",\"author\":\"平越、胡巍巍\",\"copyright_stat\":11,\"del_flag\":1,\"item_show_type\":0,\"audio_fileid\":0,\"duration\":0,\"play_url\":\"\",\"malicious_title_reason_id\":0,\"malicious_content_type\":0},{\"title\":\"用生物信号检测Deepfake，这个新方法会很快失效吗？\",\"digest\":\"点击图片查看“引领未来移动 AI 的女性”视频（内容支持：高通）让 Deepfake 越来越逼真的一个核心技\",\"content\":\"\",\"fileid\":0,\"content_url\":\"http:\/\/mp.weixin.qq.com\/s?__biz=MzA3NTIyODUzNA==&amp;mid=2649610423&amp;idx=5&amp;sn=509c555892b4b466a838b794a2e8bb0a&amp;chksm=876accaeb01d45b8e70c76c4683a681918f297d3dac54050c98735f8d4bb47aec48fb2775bcb&amp;scene=27#wechat_redirect\",\"source_url\":\"https:\/\/www.huodongxing.com\/event\/3569147572100\",\"cover\":\"http:\/\/mmbiz.qpic.cn\/mmbiz_jpg\/JJtKEey0hPZ6iczaC0v6L3cNhJlVyX8petRtKib5lDmEZKulsKr1YQNZUeE2d6xNTdxhtcJyEmurDcP8U7gYvOxA\/0?wx_fmt=jpeg\",\"author\":\"凌梓郡\",\"copyright_stat\":100,\"del_flag\":1,\"item_show_type\":0,\"audio_fileid\":0,\"duration\":0,\"play_url\":\"\",\"malicious_title_reason_id\":0,\"malicious_content_type\":0},{\"title\":\"张锋揭露SHERLOCK新冠病毒检测系统背后的细节：解决这两个问题最为关键\",\"digest\":\"曾声称可快速检测新冠，检测速度比荧光 PCR（聚合酶链式反应）快近 9 倍的 SHERLOCK 系统，自 5\",\"content\":\"\",\"fileid\":502126701,\"content_url\":\"http:\/\/mp.weixin.qq.com\/s?__biz=MzA3NTIyODUzNA==&amp;mid=2649610423&amp;idx=6&amp;sn=de285aae5a119c9bc3422bc9862f7035&amp;chksm=876accaeb01d45b858edb16936513f2ab95637a0176158f6db4e9e8dbc7bcc6717927c9c8c57&amp;scene=27#wechat_redirect\",\"source_url\":\"\",\"cover\":\"http:\/\/mmbiz.qpic.cn\/mmbiz_jpg\/JJtKEey0hPZ6iczaC0v6L3cNhJlVyX8pe0FrURzPFJZ31KCJJkffLaHwvzGGicYbfZBEJWicEbzdjnL2TqQACwc2g\/0?wx_fmt=jpeg\",\"author\":\"生辉\",\"copyright_stat\":100,\"del_flag\":1,\"item_show_type\":0,\"audio_fileid\":0,\"duration\":0,\"play_url\":\"\",\"malicious_title_reason_id\":0,\"malicious_content_type\":0},{\"title\":\"从实验室到产业，这家公司让“饿死癌细胞”成为可能\",\"digest\":\"“正是癌症转移杀死了 90％的患者。” 萨尔瓦多・阿兹纳尔・贝尼塔（Salvador Aznar Benit\",\"content\":\"\",\"fileid\":0,\"content_url\":\"http:\/\/mp.weixin.qq.com\/s?__biz=MzA3NTIyODUzNA==&amp;mid=2649610423&amp;idx=7&amp;sn=864b2e5b754fb7c8d59d2ed601a1cca2&amp;chksm=876accaeb01d45b83fafa71f0bfbe60d06bea1ce2c5efc7b79b70196056074a7e542aef3d81f&amp;scene=27#wechat_redirect\",\"source_url\":\"\",\"cover\":\"http:\/\/mmbiz.qpic.cn\/mmbiz_jpg\/8iaq2iavZjQlN8scCzsUpO7S8hqLYpQfpwDmgqlDfdfIBicjXYUKWBUxfIDPfZcJ3SEqhqc9XnLoZ1pgrdT31pWIQ\/0?wx_fmt=jpeg\",\"author\":\"余小飞\",\"copyright_stat\":201,\"del_flag\":1,\"item_show_type\":0,\"audio_fileid\":0,\"duration\":0,\"play_url\":\"\",\"malicious_title_reason_id\":0,\"malicious_content_type\":0}],\"author\":\"婉杨\",\"copyright_stat\":11,\"duration\":0,\"del_flag\":1,\"item_show_type\":0,\"audio_fileid\":0,\"play_url\":\"\",\"malicious_title_reason_id\":0,\"malicious_content_type\":0}},{\"comm_msg_info\":{\"id\":1000001663,\"type\":49,\"datetime\":1607569978,\"fakeid\":\"3075228534\",\"status\":2,\"content\":\"\"},\"app_msg_ext_info\":{\"title\":\"权威发布：《麻省理工科技评论》年度中国科技青年英雄榜！35位入选者涵盖全球最前沿科学与技术\",\"digest\":\"历经过去三届的淬炼，以及全球 50 余位顶级科学和技术领袖长达一年的严格评审，《麻省理工科技评论》2020 年度中国科技青年英雄榜正式发布。\",\"content\":\"\",\"fileid\":502125907,\"content_url\":\"http:\/\/mp.weixin.qq.com\/s?__biz=MzA3NTIyODUzNA==&amp;mid=2649610302&amp;idx=1&amp;sn=51d3f077cb3105d02e890fba0c6e17d4&amp;chksm=876acc27b01d45314b596f610348fba2727743486c74148d77d091b0a4cdb6ab3c5bf98bfdb9&amp;scene=27#wechat_redirect\",\"source_url\":\"http:\/\/tr35.mittrchina.com\/index.php?r=year2020\",\"cover\":\"http:\/\/mmbiz.qpic.cn\/mmbiz_jpg\/JJtKEey0hPb0A2dur7XuyLict04ZsUoibQF0PdylyIUIypLcX7iavRRwOibwmnPjvV6arFS39W3yRb78nosia7ASriaQ\/0?wx_fmt=jpeg\",\"subtype\":9,\"is_multi\":0,\"multi_app_msg_item_list\":[],\"author\":\"麻省理工科技评论\",\"copyright_stat\":11,\"duration\":0,\"del_flag\":1,\"item_show_type\":0,\"audio_fileid\":0,\"play_url\":\"\",\"malicious_title_reason_id\":0,\"malicious_content_type\":0}},{\"comm_msg_info\":{\"id\":1000001662,\"type\":49,\"datetime\":1607520159,\"fakeid\":\"3075228534\",\"status\":2,\"content\":\"\"},\"app_msg_ext_info\":{\"title\":\"有望解决化工业巨耗难题！​中山大学张杰鹏探索新型多孔材料，可实现“反转”吸附和高效分离\",\"digest\":\"“多孔配位聚合物是发展高性能分离材料和独特吸附分离原理的理想平台”。\",\"content\":\"\",\"fileid\":0,\"content_url\":\"http:\/\/mp.weixin.qq.com\/s?__biz=MzA3NTIyODUzNA==&amp;mid=2649610209&amp;idx=1&amp;sn=8beb9c985dd5ba1fdcf8220ace3c52ba&amp;chksm=876ac3f8b01d4aee13e1257d7c55e2eebbab04a035d11b4ffa193ecd386d0ddb13921c21cb73&amp;scene=27#wechat_redirect\",\"source_url\":\"https:\/\/www.huodongxing.com\/event\/3569147572100\",\"cover\":\"http:\/\/mmbiz.qpic.cn\/mmbiz_jpg\/JJtKEey0hPYpe6xzoZibib8nPovwDAibGmFvtjBlVDtBxnA7N4u0icYU0Fqic5icudic64khCy8UQFXD11w3wWkE2omVQ\/0?wx_fmt=jpeg\",\"subtype\":9,\"is_multi\":1,\"multi_app_msg_item_list\":[{\"title\":\"打造国产“人机协同操作系统”！冲刺上市的云从科技正在布什么局？\",\"digest\":\"是时候重新认识一下云从科技了。\",\"content\":\"\",\"fileid\":0,\"content_url\":\"http:\/\/mp.weixin.qq.com\/s?__biz=MzA3NTIyODUzNA==&amp;mid=2649610209&amp;idx=2&amp;sn=8ac7fe2bfc0b37231ea4885f2e3a2d16&amp;chksm=876ac3f8b01d4aee8d10fb8d4b514cc40d7296adc9ce0b02f50526170d0cc65c8811f61bf8a4&amp;scene=27#wechat_redirect\",\"source_url\":\"https:\/\/a.app.qq.com\/o\/simple.jsp?pkgname=com.mittrchina.mit&amp;from=singlemessage\",\"cover\":\"http:\/\/mmbiz.qpic.cn\/mmbiz_jpg\/JJtKEey0hPYpe6xzoZibib8nPovwDAibGmF3hOIEYTyH6Eabu1VR6JcCl9mzlXYsnstJtLYAujicycxFFsdgZWPCMA\/0?wx_fmt=jpeg\",\"author\":\"都保杰\",\"copyright_stat\":11,\"del_flag\":1,\"item_show_type\":0,\"audio_fileid\":0,\"duration\":0,\"play_url\":\"\",\"malicious_title_reason_id\":0,\"malicious_content_type\":0},{\"title\":\"明天揭晓！《麻省理工科技评论》年度青年科技英雄榜强势来袭\",\"digest\":\"”35岁以下科技创新35人“2020年中国区榜单明日即将重磅发布！\",\"content\":\"\",\"fileid\":0,\"content_url\":\"http:\/\/mp.weixin.qq.com\/s?__biz=MzA3NTIyODUzNA==&amp;mid=2649610209&amp;idx=3&amp;sn=d2e50a14106d24fdef6a4cbc2ef2ce16&amp;chksm=876ac3f8b01d4aee2696cb209ca89039ffb6fde2446f43c98de36d185cee45d901063d879b36&amp;scene=27#wechat_redirect\",\"source_url\":\"https:\/\/www.huodongxing.com\/event\/3569147572100\",\"cover\":\"http:\/\/mmbiz.qpic.cn\/mmbiz_jpg\/JJtKEey0hPa3Ay880MviaajopZQzdCGv9UEFPRUeOEYgnPlohRicANia518hjhUuFicXk7evUP7QeAx8nWXO2D06rg\/0?wx_fmt=jpeg\",\"author\":\"\",\"copyright_stat\":100,\"del_flag\":1,\"item_show_type\":0,\"audio_fileid\":0,\"duration\":0,\"play_url\":\"\",\"malicious_title_reason_id\":0,\"malicious_content_type\":0},{\"title\":\"3D打印助力后疫情时代，CB Insights梳理全球企业资源图谱，解析百亿美金市场现状\",\"digest\":\"最早 3D 打印一词的出现可追溯到二十世纪五十年代，直到 1988 年，麻省理工学院 Ely Sachs 教\",\"content\":\"\",\"fileid\":502126537,\"content_url\":\"http:\/\/mp.weixin.qq.com\/s?__biz=MzA3NTIyODUzNA==&amp;mid=2649610209&amp;idx=4&amp;sn=969b4551e917d234d2f95ce1b5a19e28&amp;chksm=876ac3f8b01d4aeeebae5d6c5dcb29ed9b63e06e576670294ee93c5caf79389f118ff87f880c&amp;scene=27#wechat_redirect\",\"source_url\":\"\",\"cover\":\"http:\/\/mmbiz.qpic.cn\/mmbiz_jpg\/JJtKEey0hPYpe6xzoZibib8nPovwDAibGmFuIlrW6bQdaT2yIpXPpd0qnibFBGulIzY1Epn2T9eibbOYpyUzII00GLQ\/0?wx_fmt=jpeg\",\"author\":\"宋颂\",\"copyright_stat\":201,\"del_flag\":1,\"item_show_type\":0,\"audio_fileid\":0,\"duration\":0,\"play_url\":\"\",\"malicious_title_reason_id\":0,\"malicious_content_type\":0},{\"title\":\"全球芯片 “去美化” 与 “去中化” 碰撞，从中芯国际命运与华为分拆荣耀谈起\",\"digest\":\"全球经济利益最大化的 “中美共同体” 在 2020 年正式成为历史名词。有人为之惋惜，也有人认为这是历史的必\",\"content\":\"\",\"fileid\":0,\"content_url\":\"http:\/\/mp.weixin.qq.com\/s?__biz=MzA3NTIyODUzNA==&amp;mid=2649610209&amp;idx=5&amp;sn=494805f5d86ea87dbfd60d80972dcc3f&amp;chksm=876ac3f8b01d4aeecd31655bf004f04f50ad9a261d90997321cc781c1f3d0e83ab21e05adf50&amp;scene=27#wechat_redirect\",\"source_url\":\"\",\"cover\":\"http:\/\/mmbiz.qpic.cn\/mmbiz_jpg\/JJtKEey0hPYpe6xzoZibib8nPovwDAibGmFT6VlibtaaSuepIiciacZpQr6604TbMnvJATeo2EickDJtuSjKzPqx2ficjA\/0?wx_fmt=jpeg\",\"author\":\"连于慧\",\"copyright_stat\":201,\"del_flag\":1,\"item_show_type\":0,\"audio_fileid\":0,\"duration\":0,\"play_url\":\"\",\"malicious_title_reason_id\":0,\"malicious_content_type\":0},{\"title\":\"最后1秒发射取消，马斯克的SN8星舰测试飞行再延期，全球粉丝苦等一天\",\"digest\":\"“发射进入倒计时，5、4、3、2、1······”\",\"content\":\"\",\"fileid\":0,\"content_url\":\"http:\/\/mp.weixin.qq.com\/s?__biz=MzA3NTIyODUzNA==&amp;mid=2649610209&amp;idx=6&amp;sn=191f4da4b0ac853ccbed10c6645dc740&amp;chksm=876ac3f8b01d4aeeb619769689efaae8c56baf7b4267ee769630538e3eb45e1e2cc4457e8a46&amp;scene=27#wechat_redirect\",\"source_url\":\"https:\/\/a.app.qq.com\/o\/simple.jsp?pkgname=com.mittrchina.mit&amp;from=singlemessage\",\"cover\":\"http:\/\/mmbiz.qpic.cn\/mmbiz_jpg\/JJtKEey0hPYpe6xzoZibib8nPovwDAibGmFqnAoOoic5YvKxJXgxM3y1D3W1ZZF5OS82RvwUficiaJoZZicvCGhR2Nlyw\/0?wx_fmt=jpeg\",\"author\":\"都保杰\",\"copyright_stat\":11,\"del_flag\":1,\"item_show_type\":0,\"audio_fileid\":0,\"duration\":0,\"play_url\":\"\",\"malicious_title_reason_id\":0,\"malicious_content_type\":0},{\"title\":\"论剑合成生物产业万亿新市场！光明科学城·2020合成生物创新论坛将在深圳举办\",\"digest\":\"12 月 19 日 - 20 日，光明科学城・2020 合成生物创新论坛暨《麻省理工科技评论》中国生命科学创业大赛决赛将在深圳光明科学城光明区文化艺术中心举办。\",\"content\":\"\",\"fileid\":0,\"content_url\":\"http:\/\/mp.weixin.qq.com\/s?__biz=MzA3NTIyODUzNA==&amp;mid=2649610209&amp;idx=7&amp;sn=5a3346afa1f28f4bbfbed1d699926460&amp;chksm=876ac3f8b01d4aee59c29ca1a36385ada8069510765d0e15a0224ed466f3e8d5465e6b9ba4f9&amp;scene=27#wechat_redirect\",\"source_url\":\"\",\"cover\":\"http:\/\/mmbiz.qpic.cn\/mmbiz_jpg\/JJtKEey0hPYpe6xzoZibib8nPovwDAibGmFeLKQXODhCYQB3lJFgAq6BicBaHDJjyhxuyuD5bo400oHC7Uj2NBpE7Q\/0?wx_fmt=jpeg\",\"author\":\"生辉\",\"copyright_stat\":101,\"del_flag\":1,\"item_show_type\":0,\"audio_fileid\":0,\"duration\":0,\"play_url\":\"\",\"malicious_title_reason_id\":0,\"malicious_content_type\":0},{\"title\":\"又一玩家杀入，谷歌首款自研芯片或将于明年问世，有意效仿苹果\",\"digest\":\"谷歌代号 Whitechapel 的 SoC 芯片已于近期流片成功。\",\"content\":\"\",\"fileid\":0,\"content_url\":\"http:\/\/mp.weixin.qq.com\/s?__biz=MzA3NTIyODUzNA==&amp;mid=2649610209&amp;idx=8&amp;sn=1ca5a6ac1fb778704e18b28ae9116d9e&amp;chksm=876ac3f8b01d4aeeedd1be44408100973e531bbb4ea477175e4ab0525ff4f140b5e5dbd74417&amp;scene=27#wechat_redirect\",\"source_url\":\"\",\"cover\":\"http:\/\/mmbiz.qpic.cn\/mmbiz_jpg\/JJtKEey0hPYpe6xzoZibib8nPovwDAibGmFQxKQaBq0phcoRN9uW3az1waziaTvwX963dibvacBVguIf86hXG6aa0jA\/0?wx_fmt=jpeg\",\"author\":\"周一\",\"copyright_stat\":100,\"del_flag\":1,\"item_show_type\":0,\"audio_fileid\":0,\"duration\":0,\"play_url\":\"\",\"malicious_title_reason_id\":0,\"malicious_content_type\":0}],\"author\":\"赵欣\",\"copyright_stat\":11,\"duration\":0,\"del_flag\":1,\"item_show_type\":0,\"audio_fileid\":0,\"play_url\":\"\",\"malicious_title_reason_id\":0,\"malicious_content_type\":0}},{\"comm_msg_info\":{\"id\":1000001661,\"type\":49,\"datetime\":1607405750,\"fakeid\":\"3075228534\",\"status\":2,\"content\":\"\"},\"app_msg_ext_info\":{\"title\":\"海归教授创办类脑芯片公司，即将全球首发量产，功耗可降低100-1000倍 | 专访\",\"digest\":\"类脑计算正逐渐形成一个清晰的迭代发展的生态。\",\"content\":\"\",\"fileid\":0,\"content_url\":\"http:\/\/mp.weixin.qq.com\/s?__biz=MzA3NTIyODUzNA==&amp;mid=2649609794&amp;idx=1&amp;sn=e72f8531364e692a352fca3130de7083&amp;chksm=876ac25bb01d4b4dbed4230b7470cb497d14f192997478b0d7c78ce84cc821f122608a607d58&amp;scene=27#wechat_redirect\",\"source_url\":\"https:\/\/www.huodongxing.com\/event\/3569147572100\",\"cover\":\"http:\/\/mmbiz.qpic.cn\/mmbiz_jpg\/JJtKEey0hPZpJq83sgHhqVTggGKjjBTuqc3rMGrvJvheafazordrQibbd4PqcbibqImQ6gibAlJoNxgpKiacUo3Mew\/0?wx_fmt=jpeg\",\"subtype\":9,\"is_multi\":1,\"multi_app_msg_item_list\":[{\"title\":\"后天绍兴见！《麻省理工科技评论》年度青年科技英雄榜即将揭晓\",\"digest\":\"很多改变人类文明轨迹的研究和发明，都出自那个时代的青年之手。\",\"content\":\"\",\"fileid\":0,\"content_url\":\"http:\/\/mp.weixin.qq.com\/s?__biz=MzA3NTIyODUzNA==&amp;mid=2649609794&amp;idx=2&amp;sn=2719929ddfa5fd5988dad471c02a8bd2&amp;chksm=876ac25bb01d4b4dbe7419a94403a085d307b637ed566bdd59b990b78f6bc14894303dd24056&amp;scene=27#wechat_redirect\",\"source_url\":\"https:\/\/www.huodongxing.com\/event\/3569147572100\",\"cover\":\"http:\/\/mmbiz.qpic.cn\/mmbiz_jpg\/JJtKEey0hPa3Ay880MviaajopZQzdCGv9A1cFoww9aBYmeMUh5eJEsK0gDGqtICBmy3SgXayqic9XicUoShRHEOzA\/0?wx_fmt=jpeg\",\"author\":\"都保杰\",\"copyright_stat\":100,\"del_flag\":1,\"item_show_type\":0,\"audio_fileid\":0,\"duration\":0,\"play_url\":\"\",\"malicious_title_reason_id\":0,\"malicious_content_type\":0},{\"title\":\"汽车也迎“芯片危机”，供应链落后或成主因，国内汽车芯片产业突围在即\",\"digest\":\"今年，芯片成为了整个科技圈的焦点，疫情影响下，全球芯片供应紧张。这不，这场 “芯片风波” 已经从手机行业蔓延\",\"content\":\"\",\"fileid\":0,\"content_url\":\"http:\/\/mp.weixin.qq.com\/s?__biz=MzA3NTIyODUzNA==&amp;mid=2649609794&amp;idx=3&amp;sn=2aee4963e86a27a97be604ade3962584&amp;chksm=876ac25bb01d4b4d8045de95c28f48ad64d17e18f18cc89f844f103a885228c46343e0dc3af7&amp;scene=27#wechat_redirect\",\"source_url\":\"https:\/\/www.huodongxing.com\/event\/3569147572100\",\"cover\":\"http:\/\/mmbiz.qpic.cn\/mmbiz_jpg\/JJtKEey0hPa3Ay880MviaajopZQzdCGv90Jzw9GlDKyK9FrfBWQU4bE71bUqWkMlc5KKKFZicY0aLzC9mibRtKEcg\/0?wx_fmt=jpeg\",\"author\":\"婉杨\",\"copyright_stat\":100,\"del_flag\":1,\"item_show_type\":0,\"audio_fileid\":0,\"duration\":0,\"play_url\":\"\",\"malicious_title_reason_id\":0,\"malicious_content_type\":0},{\"title\":\"贝佐斯：蓝色起源计划将首次送女性宇航员登上月球\",\"digest\":\"蓝色起源登月发动机完成第四次测试，将协助首位女性宇航员登月\",\"content\":\"\",\"fileid\":0,\"content_url\":\"http:\/\/mp.weixin.qq.com\/s?__biz=MzA3NTIyODUzNA==&amp;mid=2649609794&amp;idx=4&amp;sn=efad31f389f6e151ef91e2625c98b582&amp;chksm=876ac25bb01d4b4d5ba53457ccfdd945b4dce4694e36b7cd8fda3b1ae1a78273a6a4b17a7755&amp;scene=27#wechat_redirect\",\"source_url\":\"https:\/\/www.huodongxing.com\/event\/3569147572100\",\"cover\":\"http:\/\/mmbiz.qpic.cn\/mmbiz_jpg\/JJtKEey0hPa3Ay880MviaajopZQzdCGv9QKfat4caKVqHZ875TeNZlYLGX1kaZyGnnLtmIlCHF3ZWF82JDicB0yQ\/0?wx_fmt=jpeg\",\"author\":\"李亚山\",\"copyright_stat\":11,\"del_flag\":1,\"item_show_type\":0,\"audio_fileid\":0,\"duration\":0,\"play_url\":\"\",\"malicious_title_reason_id\":0,\"malicious_content_type\":0},{\"title\":\"专访中晟全肽李向群 | 坐拥5亿多肽库，与多家药企签约，自研管线已在临床前阶段​\",\"digest\":\"随着小分子药物发现和筛选越来越难，大分子药物入局玩家越来越多。多肽药物因研发周期较短、成本低等特点再次受到行\",\"content\":\"\",\"fileid\":0,\"content_url\":\"http:\/\/mp.weixin.qq.com\/s?__biz=MzA3NTIyODUzNA==&amp;mid=2649609794&amp;idx=5&amp;sn=4413a5353607d1ff783e42cc0e8a2fea&amp;chksm=876ac25bb01d4b4d46ccc6d2b1537e09e709ee8060579dcf747a634c24e56938b9aadf478659&amp;scene=27#wechat_redirect\",\"source_url\":\"\",\"cover\":\"http:\/\/mmbiz.qpic.cn\/mmbiz_jpg\/8iaq2iavZjQlNgsB3mzIwRHbEBho6nwmrs0DxynJQhyxE3cDbibTRH8icJNFVQI6jZVz1W82LdibsOanc8DX1Nt0ncw\/0?wx_fmt=jpeg\",\"author\":\"胡莉花\",\"copyright_stat\":201,\"del_flag\":1,\"item_show_type\":0,\"audio_fileid\":0,\"duration\":0,\"play_url\":\"\",\"malicious_title_reason_id\":0,\"malicious_content_type\":0},{\"title\":\"华为招兵买马强化AI药物研发？业内人士：符合华为硬核科技定位\",\"digest\":\"不久前，谷歌旗下 DeepMind 开发的程序 AlphaFold2 在蛋白质结构预测大赛中获得冠军，其对蛋\",\"content\":\"\",\"fileid\":0,\"content_url\":\"http:\/\/mp.weixin.qq.com\/s?__biz=MzA3NTIyODUzNA==&amp;mid=2649609794&amp;idx=6&amp;sn=410bb90de76cc708f130dfb1f718ab8b&amp;chksm=876ac25bb01d4b4d29d25e9721a8accbfe3b8548d17bf02d7f087d46094c24d9f42199f5f50b&amp;scene=27#wechat_redirect\",\"source_url\":\"\",\"cover\":\"http:\/\/mmbiz.qpic.cn\/mmbiz_jpg\/8iaq2iavZjQlNgsB3mzIwRHbEBho6nwmrsicJFa8QFVnjKiaAyp3Yz5pRvVicmY7LZmlJaVDdSv1jng52Acmib9oHpzA\/0?wx_fmt=jpeg\",\"author\":\"宋冉\",\"copyright_stat\":201,\"del_flag\":1,\"item_show_type\":0,\"audio_fileid\":0,\"duration\":0,\"play_url\":\"\",\"malicious_title_reason_id\":0,\"malicious_content_type\":0}],\"author\":\"平越、都保杰\",\"copyright_stat\":11,\"duration\":0,\"del_flag\":1,\"item_show_type\":0,\"audio_fileid\":0,\"play_url\":\"\",\"malicious_title_reason_id\":0,\"malicious_content_type\":0}},{\"comm_msg_info\":{\"id\":1000001660,\"type\":49,\"datetime\":1607333371,\"fakeid\":\"3075228534\",\"status\":2,\"content\":\"\"},\"app_msg_ext_info\":{\"title\":\"21岁本科生破解数十年来未解数学难题！MIT华裔数学家赵宇飞独家透露该成果诞生始末\",\"digest\":\"21 岁的本科生，推动了几十年悬而未决的数学难题。他就是麻省理工学院（MIT）数学系的 Ashwin Sah\",\"content\":\"\",\"fileid\":0,\"content_url\":\"http:\/\/mp.weixin.qq.com\/s?__biz=MzA3NTIyODUzNA==&amp;mid=2649609763&amp;idx=1&amp;sn=a265c5d7e7747b4f16f152dd590cdd36&amp;chksm=876ac23ab01d4b2c3c6432d6523bb87deac88f79451f9f9889dc9b9f72160442ca6367906c74&amp;scene=27#wechat_redirect\",\"source_url\":\"https:\/\/www.huodongxing.com\/event\/3569147572100\",\"cover\":\"http:\/\/mmbiz.qpic.cn\/mmbiz_jpg\/JJtKEey0hPZpJq83sgHhqVTggGKjjBTuhbcAqicySo3fib72r9FpkjUBoaX1ukC9Aic5Y2Gxmo5FKMAo5Nx2m30ibg\/0?wx_fmt=jpeg\",\"subtype\":9,\"is_multi\":1,\"multi_app_msg_item_list\":[{\"title\":\"两千万人都在收听的科普节目，只因讲了这些......\",\"digest\":\"有哪些技术是你天天打交道，但却毫无觉知的？\",\"content\":\"\",\"fileid\":0,\"content_url\":\"http:\/\/mp.weixin.qq.com\/s?__biz=MzA3NTIyODUzNA==&amp;mid=2649609763&amp;idx=2&amp;sn=434424db881cc177ba2fe1d8e8bd3a8e&amp;chksm=876ac23ab01d4b2c08dac823a2650ab3120ecf31d57ab00d30055cc88995568d38aa8cfc31ce&amp;scene=27#wechat_redirect\",\"source_url\":\"https:\/\/spdbtech.h5.yscase.com\/\",\"cover\":\"http:\/\/mmbiz.qpic.cn\/mmbiz_jpg\/JJtKEey0hPZpJq83sgHhqVTggGKjjBTuAJurZ2gAUnutOepibVadumtZgozfnQYPxBkasoKVccmMcZ80t76kd6g\/0?wx_fmt=jpeg\",\"author\":\"REN、胡巍巍\",\"copyright_stat\":100,\"del_flag\":1,\"item_show_type\":0,\"audio_fileid\":0,\"duration\":0,\"play_url\":\"\",\"malicious_title_reason_id\":0,\"malicious_content_type\":0},{\"title\":\"35岁的他们如何用科技改变世界？《麻省理工科技评论》年度青年科技英雄榜即将揭晓\",\"digest\":\"3天后，“35岁以下科技创新35人” 2020年中国区榜单评选结果即将揭晓！\",\"content\":\"\",\"fileid\":0,\"content_url\":\"http:\/\/mp.weixin.qq.com\/s?__biz=MzA3NTIyODUzNA==&amp;mid=2649609763&amp;idx=3&amp;sn=b4cdf72d2b407de83b3a5c7d27a0f896&amp;chksm=876ac23ab01d4b2c0eaf02e1c55c0f7f187384fa33b09c7507ff4b08611e84909768bb4cea92&amp;scene=27#wechat_redirect\",\"source_url\":\"https:\/\/www.huodongxing.com\/event\/3569147572100\",\"cover\":\"http:\/\/mmbiz.qpic.cn\/mmbiz_jpg\/JJtKEey0hPZpJq83sgHhqVTggGKjjBTuZF0qMhNxTNY7VKW1jDiaoAgNwRsxYzfaZErNJdd8zTKPwCXRSfu1t1w\/0?wx_fmt=jpeg\",\"author\":\"\",\"copyright_stat\":100,\"del_flag\":1,\"item_show_type\":0,\"audio_fileid\":0,\"duration\":0,\"play_url\":\"\",\"malicious_title_reason_id\":0,\"malicious_content_type\":0},{\"title\":\"IEEE Fellow再添华人学者！京东数科副总裁郑宇当选\",\"digest\":\"点击图片查看“引领未来移动AI的女性”视频（内容支持：高通）“中国的崛起，需要有人在国际上为中国发声、为中国\",\"content\":\"\",\"fileid\":0,\"content_url\":\"http:\/\/mp.weixin.qq.com\/s?__biz=MzA3NTIyODUzNA==&amp;mid=2649609763&amp;idx=4&amp;sn=2c1ec24a6614ea6e477956f77e8f4116&amp;chksm=876ac23ab01d4b2c5120860dcb22722060cd4b5e0d8dbce7ad8bc07d076749d2f8c073dd9f12&amp;scene=27#wechat_redirect\",\"source_url\":\"https:\/\/www.huodongxing.com\/event\/3569147572100\",\"cover\":\"http:\/\/mmbiz.qpic.cn\/mmbiz_jpg\/JJtKEey0hPZpJq83sgHhqVTggGKjjBTuVPicKHgNMVTbjjSvRvEPDfIiasRwq0zmjVH7ekz4Q4mY0hv3cdguerog\/0?wx_fmt=jpeg\",\"author\":\"胡巍巍\",\"copyright_stat\":11,\"del_flag\":1,\"item_show_type\":0,\"audio_fileid\":0,\"duration\":0,\"play_url\":\"\",\"malicious_title_reason_id\":0,\"malicious_content_type\":0},{\"title\":\"核心产品获FDA孤儿药认定！原基因泰克班底解锁靶向髓细胞的新型癌症免疫疗法| 独家专访廖晓伶\",\"digest\":\"2020 年 10 月，Immune-Onc Therapeutics（下文称 “Immune-Onc”）的\",\"content\":\"\",\"fileid\":0,\"content_url\":\"http:\/\/mp.weixin.qq.com\/s?__biz=MzA3NTIyODUzNA==&amp;mid=2649609763&amp;idx=5&amp;sn=8bd374d771c7775ceaefe056d0cd8692&amp;chksm=876ac23ab01d4b2cd062a1db5813b68f677589720ecf825622f0259687cfb3ae12c30b7e29c5&amp;scene=27#wechat_redirect\",\"source_url\":\"\",\"cover\":\"http:\/\/mmbiz.qpic.cn\/mmbiz_jpg\/8iaq2iavZjQlPFQ4xpLW0J4FaHjLttG3yboUQvQ5QkGF4DEqLBOWmHnMnvHZShbqnVk2XHQEWCMZSdIKm3KiakR1w\/0?wx_fmt=jpeg\",\"author\":\"宋冉\",\"copyright_stat\":201,\"del_flag\":1,\"item_show_type\":0,\"audio_fileid\":0,\"duration\":0,\"play_url\":\"\",\"malicious_title_reason_id\":0,\"malicious_content_type\":0},{\"title\":\"决赛！《麻省理工科技评论》中国生命科学创业大赛决赛暨颁奖典礼即将开幕，15个潜力项目入围\",\"digest\":\"大奖最终会花落谁家？在此，我们向所有人发出邀请，邀请您于12月20日在深圳光明艺术中心与我们共同见证！\",\"content\":\"\",\"fileid\":0,\"content_url\":\"http:\/\/mp.weixin.qq.com\/s?__biz=MzA3NTIyODUzNA==&amp;mid=2649609763&amp;idx=6&amp;sn=76ff181ca929ca893c3b8b39607d8eff&amp;chksm=876ac23ab01d4b2cfa78c012e3abf342ed98ddd12e5f5a6eb94f6475c986bc495458767a7589&amp;scene=27#wechat_redirect\",\"source_url\":\"http:\/\/deeptech2020.mikecrm.com\/ug6US5j\",\"cover\":\"http:\/\/mmbiz.qpic.cn\/mmbiz_jpg\/JJtKEey0hPZpJq83sgHhqVTggGKjjBTu0ptzVrgAFoiaCtp0Rwkr5ezUvPZ6YnCr4PW1p5o3On4ibPYqcJREIneQ\/0?wx_fmt=jpeg\",\"author\":\"创业大赛\",\"copyright_stat\":100,\"del_flag\":1,\"item_show_type\":0,\"audio_fileid\":0,\"duration\":0,\"play_url\":\"\",\"malicious_title_reason_id\":0,\"malicious_content_type\":0},{\"title\":\"“太空爪”现世，欧洲计划首次清理轨道垃圾\",\"digest\":\"这将是史上第一次捕获并处理轨道上的太空垃圾的任务。\",\"content\":\"\",\"fileid\":0,\"content_url\":\"http:\/\/mp.weixin.qq.com\/s?__biz=MzA3NTIyODUzNA==&amp;mid=2649609763&amp;idx=7&amp;sn=aea8160ca68cb299ae252d05908d6301&amp;chksm=876ac23ab01d4b2cda80cd94ecc3870b9b515e3ad7e7b2a77b5c5f3f27f1f21c0e4fefcd688a&amp;scene=27#wechat_redirect\",\"source_url\":\"https:\/\/www.huodongxing.com\/event\/3569147572100\",\"cover\":\"http:\/\/mmbiz.qpic.cn\/mmbiz_jpg\/JJtKEey0hPZpJq83sgHhqVTggGKjjBTuSLDqs9qz1wAC9RwpSr2IZtx5ibr4A3wkxy68gBe46MNDLKbWsUm9l3A\/0?wx_fmt=jpeg\",\"author\":\"平越\",\"copyright_stat\":100,\"del_flag\":1,\"item_show_type\":0,\"audio_fileid\":0,\"duration\":0,\"play_url\":\"\",\"malicious_title_reason_id\":0,\"malicious_content_type\":0},{\"title\":\"CAR-J细胞悄然而至\",\"digest\":\"近日，罗氏（Roche，SWX: RO）的科学家宣布 CAR-J 细胞可用于发现抗体并可优化 TCR 样抗体\",\"content\":\"\",\"fileid\":0,\"content_url\":\"http:\/\/mp.weixin.qq.com\/s?__biz=MzA3NTIyODUzNA==&amp;mid=2649609763&amp;idx=8&amp;sn=f8b3e15c6b7b0d78960fa8e556d4d04f&amp;chksm=876ac23ab01d4b2caf7bec381f4fbbd957bbe5cf89d17337d72bbaf60f63774e24c23fe5ebfb&amp;scene=27#wechat_redirect\",\"source_url\":\"\",\"cover\":\"http:\/\/mmbiz.qpic.cn\/mmbiz_jpg\/8iaq2iavZjQlO49ibiaAVC9Y6LQPOaP0VRiaAichibZUQgKgrr1e38baK7mseIdBx4jIZET4AxhNicGic3FRtXeElNs2icPA\/0?wx_fmt=jpeg\",\"author\":\"余小飞\",\"copyright_stat\":201,\"del_flag\":1,\"item_show_type\":0,\"audio_fileid\":0,\"duration\":0,\"play_url\":\"\",\"malicious_title_reason_id\":0,\"malicious_content_type\":0}],\"author\":\"胡巍巍\",\"copyright_stat\":11,\"duration\":0,\"del_flag\":1,\"item_show_type\":0,\"audio_fileid\":0,\"play_url\":\"\",\"malicious_title_reason_id\":0,\"malicious_content_type\":0}},{\"comm_msg_info\":{\"id\":1000001659,\"type\":49,\"datetime\":1607252689,\"fakeid\":\"3075228534\",\"status\":2,\"content\":\"\"},\"app_msg_ext_info\":{\"title\":\"斯坦福崔屹团队发明锂电池集流体“三明治”结构，比能量密度最高提升26%，超轻又阻燃，论文登在Nature子刊封面\",\"digest\":\"这种新型集流体比传统集流体轻 80%；并且由于设计中添加了阻燃剂，这个还能有效防止电池自燃。\",\"content\":\"\",\"fileid\":0,\"content_url\":\"http:\/\/mp.weixin.qq.com\/s?__biz=MzA3NTIyODUzNA==&amp;mid=2649609618&amp;idx=1&amp;sn=7ef9efe0926890489cf20d42cfa34a53&amp;chksm=876ac18bb01d489dacd49fad457320cfb99800532007ddec496686487fef954878871da84522&amp;scene=27#wechat_redirect\",\"source_url\":\"https:\/\/www.huodongxing.com\/event\/3569147572100\",\"cover\":\"http:\/\/mmbiz.qpic.cn\/mmbiz_jpg\/JJtKEey0hPb0A2dur7XuyLict04ZsUoibQcJdlRF5LF37CPNLvh5PgAZD20PUAcnQWOzXG1D0E07sQLHyQnhDMwQ\/0?wx_fmt=jpeg\",\"subtype\":9,\"is_multi\":1,\"multi_app_msg_item_list\":[{\"title\":\"22岁牛顿就证明了广义二项式定理，而这些中国青年科学家又将如何改变世界｜敬请期待\",\"digest\":\"很多改变人类文明轨迹的研究和发明，都出自那个时代的青年之手。\",\"content\":\"\",\"fileid\":0,\"content_url\":\"http:\/\/mp.weixin.qq.com\/s?__biz=MzA3NTIyODUzNA==&amp;mid=2649609618&amp;idx=2&amp;sn=010c076259bea1ba03d30483bcd024b4&amp;chksm=876ac18bb01d489dfcc2c0139e5c6157d0b2dfa4af7a6193dc63d9930e66a5f65c298909a527&amp;scene=27#wechat_redirect\",\"source_url\":\"https:\/\/www.huodongxing.com\/event\/3569147572100\",\"cover\":\"http:\/\/mmbiz.qpic.cn\/mmbiz_jpg\/JJtKEey0hPb0A2dur7XuyLict04ZsUoibQkq7vB8gR57cAxyqVREN7SN9B76LSUrDGNfzNvvPr0ku75e22BQBsiaA\/0?wx_fmt=jpeg\",\"author\":\"都保杰\",\"copyright_stat\":100,\"del_flag\":1,\"item_show_type\":0,\"audio_fileid\":0,\"duration\":0,\"play_url\":\"\",\"malicious_title_reason_id\":0,\"malicious_content_type\":0},{\"title\":\"Arm中国自研处理器IP四部曲：安控神器“玲珑”历时2年研发终登场\",\"digest\":\"分享一篇文章。\",\"content\":\"\",\"fileid\":0,\"content_url\":\"http:\/\/mp.weixin.qq.com\/s?__biz=MzA3NTIyODUzNA==&amp;mid=2649609618&amp;idx=3&amp;sn=11761b86b51bc0efb421bf6280c5aac2&amp;chksm=876ac18bb01d489dc798e944ff6ee8fd03759d39566ab3da846a46750a9dec7c4a34bfc509ea&amp;scene=27#wechat_redirect\",\"source_url\":\"\",\"cover\":\"http:\/\/mmbiz.qpic.cn\/mmbiz_jpg\/viaUuks3128KXcuPkAxYdSU5iaBT0tTWMxx3BaDJ8SAST9JaQbyrZ3hUu0cJHvQTxlVHSsIO5wJ6XDDQHHKzsClg\/0?wx_fmt=jpeg\",\"author\":\"\",\"copyright_stat\":101,\"del_flag\":1,\"item_show_type\":0,\"audio_fileid\":0,\"duration\":0,\"play_url\":\"\",\"malicious_title_reason_id\":0,\"malicious_content_type\":0},{\"title\":\"嫦娥五号实现我国首次月轨交会对接，完成在轨样品转移\",\"digest\":\"12 月 6 日 5 时 42 分，嫦娥五号上升器成功与轨道器和返回器组合体交会对接，并于 6 时 12 分将月球样品容器安全转移至返回器中。我国航天器首次实现月球轨道交会对接。\",\"content\":\"\",\"fileid\":0,\"content_url\":\"http:\/\/mp.weixin.qq.com\/s?__biz=MzA3NTIyODUzNA==&amp;mid=2649609618&amp;idx=4&amp;sn=55062608fbc5482ff3c3441bb220a6f2&amp;chksm=876ac18bb01d489dee3d8e4bdaf2351a9f2b20cde665f66f148c42546c87be2189905d703d71&amp;scene=27#wechat_redirect\",\"source_url\":\"https:\/\/www.huodongxing.com\/event\/3569147572100\",\"cover\":\"http:\/\/mmbiz.qpic.cn\/mmbiz_jpg\/JJtKEey0hPb0A2dur7XuyLict04ZsUoibQibBjCViaazl78xT7AzOc8UxaVWklZibAialDrh6YUgiaV37kqCobVe4ibOUQ\/0?wx_fmt=jpeg\",\"author\":\"赵欣\",\"copyright_stat\":100,\"del_flag\":1,\"item_show_type\":0,\"audio_fileid\":0,\"duration\":0,\"play_url\":\"\",\"malicious_title_reason_id\":0,\"malicious_content_type\":0},{\"title\":\"Insilico Medicine创始人兼CEO Alex Zhavoronkov：深度学习以及合成化学正在引领AI药物研发变革\",\"digest\":\"2020 年 11 月 19 日，第四届 EmTech China 全球新兴科技峰会于苏州市相城区召开。作为\",\"content\":\"\",\"fileid\":0,\"content_url\":\"http:\/\/mp.weixin.qq.com\/s?__biz=MzA3NTIyODUzNA==&amp;mid=2649609618&amp;idx=5&amp;sn=090571cbb2d3be66c956b7c9b5ec5087&amp;chksm=876ac18bb01d489da7a29ca5a7b0022623ef1ea231eebbc7a18546d8729891ba2cba07e7116e&amp;scene=27#wechat_redirect\",\"source_url\":\"https:\/\/www.huodongxing.com\/event\/3569147572100\",\"cover\":\"http:\/\/mmbiz.qpic.cn\/mmbiz_jpg\/JJtKEey0hPb0A2dur7XuyLict04ZsUoibQ1xiaX1FOkxXARpIGs91icEsIGmhrMxu5crXc8AxyiactYSdpgf1BDU78w\/0?wx_fmt=jpeg\",\"author\":\"\",\"copyright_stat\":100,\"del_flag\":1,\"item_show_type\":0,\"audio_fileid\":0,\"duration\":0,\"play_url\":\"\",\"malicious_title_reason_id\":0,\"malicious_content_type\":0},{\"title\":\"细胞凋亡与生存同样重要？原癌基因能利用细胞凋亡过度生长\",\"digest\":\"细胞凋亡是一种古老且在生物进化中持续被保留下来的细胞程序性死亡形式。生理性细胞凋亡促进正常发育和稳态，而不适\",\"content\":\"\",\"fileid\":0,\"content_url\":\"http:\/\/mp.weixin.qq.com\/s?__biz=MzA3NTIyODUzNA==&amp;mid=2649609618&amp;idx=6&amp;sn=d2496cde0243e8aaa76310c144928b7d&amp;chksm=876ac18bb01d489d8c7c00aee8683b42599fc58650782f23a2f129fb2566c7223035889d1805&amp;scene=27#wechat_redirect\",\"source_url\":\"https:\/\/www.huodongxing.com\/event\/3569147572100\",\"cover\":\"http:\/\/mmbiz.qpic.cn\/mmbiz_jpg\/8iaq2iavZjQlPFQ4xpLW0J4FaHjLttG3ybOwVJCUFyNOCMdiaWDzMZunXlYjGfPuND7FZZMnOpmAkmaUlJHiaeK4gg\/0?wx_fmt=jpeg\",\"author\":\"周舟\",\"copyright_stat\":201,\"del_flag\":1,\"item_show_type\":0,\"audio_fileid\":0,\"duration\":0,\"play_url\":\"\",\"malicious_title_reason_id\":0,\"malicious_content_type\":0}],\"author\":\"凌梓郡\",\"copyright_stat\":11,\"duration\":0,\"del_flag\":1,\"item_show_type\":0,\"audio_fileid\":0,\"play_url\":\"\",\"malicious_title_reason_id\":0,\"malicious_content_type\":0}},{\"comm_msg_info\":{\"id\":1000001658,\"type\":49,\"datetime\":1607159419,\"fakeid\":\"3075228534\",\"status\":2,\"content\":\"\"},\"app_msg_ext_info\":{\"title\":\"西湖大学开启“冰刻2.0”研发，用冰替代光刻胶，或将极大简化传统光刻加工｜专访\",\"digest\":\"“我们正在做微纳米级别的冰雕。”\",\"content\":\"\",\"fileid\":0,\"content_url\":\"http:\/\/mp.weixin.qq.com\/s?__biz=MzA3NTIyODUzNA==&amp;mid=2649609492&amp;idx=1&amp;sn=018912e11cff6124375424215a3a0709&amp;chksm=876ac10db01d481b4c07865e76c50e49aad219f3598b795da5497a62404183eef84e24a35b78&amp;scene=27#wechat_redirect\",\"source_url\":\"https:\/\/www.huodongxing.com\/event\/3569147572100\",\"cover\":\"http:\/\/mmbiz.qpic.cn\/mmbiz_jpg\/JJtKEey0hPaHooVtk7GTib4evezVtgRJvuUXDAb4vdsowLhgtbibXI7AT5XJ9uvZjmbcGBjibgQceCib3p0MhjxgDw\/0?wx_fmt=jpeg\",\"subtype\":9,\"is_multi\":1,\"multi_app_msg_item_list\":[{\"title\":\"“宗师”操刀、投资人主理，这家公司用小分子药物“号令”肠道细胞分泌胰岛素丨专访Forkhead\",\"digest\":\"当人体内的胰腺无法产生足够的胰岛素或人体无法有效地利用所产生的胰岛素时，糖尿病就开始占领病变高地。没有胰岛素\",\"content\":\"\",\"fileid\":0,\"content_url\":\"http:\/\/mp.weixin.qq.com\/s?__biz=MzA3NTIyODUzNA==&amp;mid=2649609492&amp;idx=3&amp;sn=b4850f5f6d32c66261c159fec0f18948&amp;chksm=876ac10db01d481b508560983d1ca581ccaf652b81b34b59a0ee6754e9f5154e0185e2e3fddc&amp;scene=27#wechat_redirect\",\"source_url\":\"https:\/\/www.huodongxing.com\/event\/3569147572100\",\"cover\":\"http:\/\/mmbiz.qpic.cn\/mmbiz_jpg\/JJtKEey0hPbUs5ibsByUKGbCVr7naRoRFIb4XA92V3ju6MnTRsicAqY2Y5zvCYcp8OZ5E4slzsbVSFExIjNbOUXw\/0?wx_fmt=jpeg\",\"author\":\"冯丹丹\",\"copyright_stat\":201,\"del_flag\":1,\"item_show_type\":0,\"audio_fileid\":0,\"duration\":0,\"play_url\":\"\",\"malicious_title_reason_id\":0,\"malicious_content_type\":0},{\"title\":\"中国新一代 “人造太阳” 首次放电，迈向实际应用还有多远？\",\"digest\":\"最高温度可以达到1.5亿摄氏度，大约是太阳核心温度的十倍。\",\"content\":\"\",\"fileid\":0,\"content_url\":\"http:\/\/mp.weixin.qq.com\/s?__biz=MzA3NTIyODUzNA==&amp;mid=2649609492&amp;idx=4&amp;sn=69556aca587eedfb971d7b66c57af60b&amp;chksm=876ac10db01d481bf752a5e7d9ccdfafba360a4ccff66375ae6f183462722652c8ced3cf1607&amp;scene=27#wechat_redirect\",\"source_url\":\"https:\/\/www.huodongxing.com\/event\/3569147572100\",\"cover\":\"http:\/\/mmbiz.qpic.cn\/mmbiz_jpg\/JJtKEey0hPbUs5ibsByUKGbCVr7naRoRFct7bqtlpg10ncORLeyFDDeRJqpRGWqlgKicVo9UcthSogo3r9QIibFGA\/0?wx_fmt=jpeg\",\"author\":\"都保杰\",\"copyright_stat\":100,\"del_flag\":1,\"item_show_type\":0,\"audio_fileid\":0,\"duration\":0,\"play_url\":\"\",\"malicious_title_reason_id\":0,\"malicious_content_type\":0},{\"title\":\"开放智联联盟成立，旨在打造物联网统一连接标准\",\"digest\":\"物联网发展至今，已经到了建立生态的关键时期。\",\"content\":\"\",\"fileid\":0,\"content_url\":\"http:\/\/mp.weixin.qq.com\/s?__biz=MzA3NTIyODUzNA==&amp;mid=2649609492&amp;idx=5&amp;sn=7814bfb7aac1a4d3c2e0b931a598c7f3&amp;chksm=876ac10db01d481bcdbeda68868d16be6c7418edcf6bdd7e3bd0ed06a9306fa94c6bacba9faf&amp;scene=27#wechat_redirect\",\"source_url\":\"https:\/\/www.huodongxing.com\/event\/3569147572100\",\"cover\":\"http:\/\/mmbiz.qpic.cn\/mmbiz_jpg\/JJtKEey0hPbUs5ibsByUKGbCVr7naRoRF94Jeloj97zmEZs4F9fhibehDUtkadcwtxUmI7X5rZFjZVmwUxAZpM3w\/0?wx_fmt=jpeg\",\"author\":\"凌梓郡\",\"copyright_stat\":100,\"del_flag\":1,\"item_show_type\":0,\"audio_fileid\":0,\"duration\":0,\"play_url\":\"\",\"malicious_title_reason_id\":0,\"malicious_content_type\":0},{\"title\":\"三叶草生物新冠候选疫苗I期临床结果积极，免疫应答表现强烈\",\"digest\":\"近日，专注于研发创新型生物疗法和疫苗的全球临床阶段生物制药公司三叶草生物制药有限公司（以下简称 “三叶草生物\",\"content\":\"\",\"fileid\":502125816,\"content_url\":\"http:\/\/mp.weixin.qq.com\/s?__biz=MzA3NTIyODUzNA==&amp;mid=2649609492&amp;idx=6&amp;sn=3f6ed45d40dc90c2e100bbd9457152d5&amp;chksm=876ac10db01d481b64ba4b15b9d446a8c098c7a2fb593231469e4b82d769fb7fa7eb365dd930&amp;scene=27#wechat_redirect\",\"source_url\":\"https:\/\/www.huodongxing.com\/event\/3569147572100\",\"cover\":\"http:\/\/mmbiz.qpic.cn\/mmbiz_jpg\/JJtKEey0hPbUs5ibsByUKGbCVr7naRoRFojKlvQeciatsIKRrroib8icKaetnzsO9MVVJdz1YMicWJNtctn1GStE7Kw\/0?wx_fmt=jpeg\",\"author\":\"生辉\",\"copyright_stat\":100,\"del_flag\":1,\"item_show_type\":0,\"audio_fileid\":0,\"duration\":0,\"play_url\":\"\",\"malicious_title_reason_id\":0,\"malicious_content_type\":0},{\"title\":\"A轮融资6200万美元！原CD47明星公司班底开发“下一代”ADC\",\"digest\":\"本轮融资将会用于开发和发现针对多种实体瘤的免疫疗法候选药物，并开发其新型 Toll 样受体激动剂抗体偶联物（TRAAC）平台。\",\"content\":\"\",\"fileid\":502125823,\"content_url\":\"http:\/\/mp.weixin.qq.com\/s?__biz=MzA3NTIyODUzNA==&amp;mid=2649609492&amp;idx=7&amp;sn=fdd94b7948772e41a12c8369348fd4fa&amp;chksm=876ac10db01d481b0211fd3bc9aaf391ef19086f49f95a9f59c3c6371953daae6c8e5727a8e1&amp;scene=27#wechat_redirect\",\"source_url\":\"https:\/\/www.huodongxing.com\/event\/3569147572100\",\"cover\":\"http:\/\/mmbiz.qpic.cn\/mmbiz_jpg\/JJtKEey0hPbUs5ibsByUKGbCVr7naRoRFKBOFu0VVlZ8X0SLKjG2RhpULKHRZQfmub4ruLSykicPw3F56YNlHEPg\/0?wx_fmt=jpeg\",\"author\":\"宋冉\",\"copyright_stat\":201,\"del_flag\":1,\"item_show_type\":0,\"audio_fileid\":0,\"duration\":0,\"play_url\":\"\",\"malicious_title_reason_id\":0,\"malicious_content_type\":0},{\"title\":\"用AI对抗衰老，药物研发公司BioAge超额完成C轮融资，两款药物II期试验在即\",\"digest\":\"利用人工智能（AI）开发衰老疾病药物的生物技术公司 BioAge Labs（以下简称 “BioAge”）今日\",\"content\":\"\",\"fileid\":0,\"content_url\":\"http:\/\/mp.weixin.qq.com\/s?__biz=MzA3NTIyODUzNA==&amp;mid=2649609492&amp;idx=8&amp;sn=fb3797726c8f6b595a5dbca077eef3e3&amp;chksm=876ac10db01d481b326fe202bae126d1d57c6d286d5dbfc57bcff395379e3353f51e0d8faffb&amp;scene=27#wechat_redirect\",\"source_url\":\"\",\"cover\":\"http:\/\/mmbiz.qpic.cn\/mmbiz_jpg\/8iaq2iavZjQlNbd8GCKuT90X6ibF2xI8yicgt9MnIbm7m1SPB0Y9ywYnn67Ro6kf6Q8L2QibcW34060oc65sLJK91ibA\/0?wx_fmt=jpeg\",\"author\":\"冯丹丹\",\"copyright_stat\":201,\"del_flag\":1,\"item_show_type\":0,\"audio_fileid\":0,\"duration\":0,\"play_url\":\"\",\"malicious_title_reason_id\":0,\"malicious_content_type\":0}],\"author\":\"赵欣\",\"copyright_stat\":11,\"duration\":0,\"del_flag\":1,\"item_show_type\":0,\"audio_fileid\":0,\"play_url\":\"\",\"malicious_title_reason_id\":0,\"malicious_content_type\":0}},{\"comm_msg_info\":{\"id\":1000001657,\"type\":49,\"datetime\":1607043608,\"fakeid\":\"3075228534\",\"status\":2,\"content\":\"\"},\"app_msg_ext_info\":{\"title\":\"重大里程碑：潘建伟团队实现 “量子计算优越性” ！原型机 “九章”诞生，比最快的超级计算机快一百万亿倍\",\"digest\":\"北京时间 12 月 4 日，中国科学技术大学潘建伟、陆朝阳等组成的研究团队，在 Science 刊发研究成果《使用光子的量子计算优势》（Quantum computational advantage using photons）。\",\"content\":\"\",\"fileid\":502125697,\"content_url\":\"http:\/\/mp.weixin.qq.com\/s?__biz=MzA3NTIyODUzNA==&amp;mid=2649609354&amp;idx=1&amp;sn=ee05548fdc55a0f4a08a6d8d8fc19866&amp;chksm=876ac093b01d4985ddf79992030b1d6f8e5f9dadb74477869cbdfe0cc78120f5f038d60599bd&amp;scene=27#wechat_redirect\",\"source_url\":\"https:\/\/www.huodongxing.com\/event\/3569147572100\",\"cover\":\"http:\/\/mmbiz.qpic.cn\/mmbiz_jpg\/JJtKEey0hPaHooVtk7GTib4evezVtgRJvI2RkYhjFjIEAPR5r96kbP9Uks5d0ltMFSnc8ffEHueNAkrVfHicficOQ\/0?wx_fmt=jpeg\",\"subtype\":9,\"is_multi\":1,\"multi_app_msg_item_list\":[{\"title\":\"突发！美光台湾DRAM晶圆厂一度停电，内存报价恐更吃紧\",\"digest\":\"分享一篇文章。\",\"content\":\"\",\"fileid\":0,\"content_url\":\"http:\/\/mp.weixin.qq.com\/s?__biz=MzA3NTIyODUzNA==&amp;mid=2649609354&amp;idx=2&amp;sn=e4c9365486a6a16bf40bd1b922dd33dd&amp;chksm=876ac093b01d49851cf5f2713e1bfcaa934119a112e7f91895a159d363fa7aa76346470f7702&amp;scene=27#wechat_redirect\",\"source_url\":\"\",\"cover\":\"http:\/\/mmbiz.qpic.cn\/mmbiz_jpg\/viaUuks3128IdcEKl5hcTibFXv8NeOBCibz99cSON0oTHFGIS5pzAPuZyaBribOa3uKupKxFNfPD7R2eIfbgWW0iclw\/0?wx_fmt=jpeg\",\"author\":\"\",\"copyright_stat\":101,\"del_flag\":1,\"item_show_type\":0,\"audio_fileid\":0,\"duration\":0,\"play_url\":\"\",\"malicious_title_reason_id\":0,\"malicious_content_type\":0},{\"title\":\"专访纽福斯陆英明：“孤儿药”将在中美提交IND并推向产业化，除眼科外还将扩展更多管线\",\"digest\":\"点击图片查看“引领未来移动AI的女性”视频（内容支持：高通）作为中国首家眼科基因药物研发公司，武汉纽福斯生物\",\"content\":\"\",\"fileid\":0,\"content_url\":\"http:\/\/mp.weixin.qq.com\/s?__biz=MzA3NTIyODUzNA==&amp;mid=2649609354&amp;idx=3&amp;sn=2b84149fc923d3079eaa3e431e8bc7a4&amp;chksm=876ac093b01d4985b31ed75371996e969221d282ddb17b1c39ad2db6b707e7b75964a2047924&amp;scene=27#wechat_redirect\",\"source_url\":\"\",\"cover\":\"http:\/\/mmbiz.qpic.cn\/mmbiz_jpg\/8iaq2iavZjQlMYqAvQKvcGHJe129OutlLu5SPwlT09yj844TMPfzibZVagQgV4SDoCQI5Cw2HibK7sYzjAnqVCSo0Q\/0?wx_fmt=jpeg\",\"author\":\"韦昱彬\",\"copyright_stat\":201,\"del_flag\":1,\"item_show_type\":0,\"audio_fileid\":0,\"duration\":0,\"play_url\":\"\",\"malicious_title_reason_id\":0,\"malicious_content_type\":0},{\"title\":\"受骆驼皮毛启发，MIT科学家发明新降温材料，不插电持续8天降温7度\",\"digest\":\"沙漠昼夜温差能达到 20 度以上，而骆驼的皮毛，除了在夜间保暖，在白天炎热的环境下还可以降温。这是因为皮毛不\",\"content\":\"\",\"fileid\":0,\"content_url\":\"http:\/\/mp.weixin.qq.com\/s?__biz=MzA3NTIyODUzNA==&amp;mid=2649609354&amp;idx=4&amp;sn=3f87b8e75918db5b70b92a430b493b55&amp;chksm=876ac093b01d49857f6eff2cc69541acb9fb9f517c9b42fc8fbc63a7206c163d507a7e2d7643&amp;scene=27#wechat_redirect\",\"source_url\":\"https:\/\/www.huodongxing.com\/event\/3569147572100\",\"cover\":\"http:\/\/mmbiz.qpic.cn\/mmbiz_jpg\/JJtKEey0hPZWQh2J57s7QJqfjxn4cvUSxtnQCrT8ibxbUdKbicFEHBOQ45m0jkLWsnmXRIOzxVy4MICHW2E68JQw\/0?wx_fmt=jpeg\",\"author\":\"凌梓君\",\"copyright_stat\":100,\"del_flag\":1,\"item_show_type\":0,\"audio_fileid\":0,\"duration\":0,\"play_url\":\"\",\"malicious_title_reason_id\":0,\"malicious_content_type\":0},{\"title\":\"国内首个！众测生物CRISPR免疫层析法新冠核酸试剂盒获批\",\"digest\":\"12 月 1 日，国家药品监督管理局官网公布《2020 年 12 月 01 日医疗器械批准证明文件（准产）待\",\"content\":\"\",\"fileid\":0,\"content_url\":\"http:\/\/mp.weixin.qq.com\/s?__biz=MzA3NTIyODUzNA==&amp;mid=2649609354&amp;idx=5&amp;sn=690e14703e9fe742e123d6731983535e&amp;chksm=876ac093b01d498538561f695c26e9f4ff978fb71fd839a0c6e0a62bebbb48019582606bc385&amp;scene=27#wechat_redirect\",\"source_url\":\"\",\"cover\":\"http:\/\/mmbiz.qpic.cn\/mmbiz_jpg\/8iaq2iavZjQlMYqAvQKvcGHJe129OutlLussZMibjov3hsQPVz3L6JtOVfEFCHYaGtVZQXtGZKwprpRia0NU0koprg\/0?wx_fmt=jpeg\",\"author\":\"赵佳雯\",\"copyright_stat\":201,\"del_flag\":1,\"item_show_type\":0,\"audio_fileid\":0,\"duration\":0,\"play_url\":\"\",\"malicious_title_reason_id\":0,\"malicious_content_type\":0},{\"title\":\"拜耳推出细胞和基因治疗平台，已有超15种临床候选药物\",\"digest\":\"日前，拜耳宣布在其制药部门内启动细胞和基因治疗（C&amp;GT）平台，以推动拜耳在细胞和基因治疗这一领域的发展，并\",\"content\":\"\",\"fileid\":0,\"content_url\":\"http:\/\/mp.weixin.qq.com\/s?__biz=MzA3NTIyODUzNA==&amp;mid=2649609354&amp;idx=6&amp;sn=322aa02603eb716393e8172ca6453f08&amp;chksm=876ac093b01d4985fa1759d9d69cc3592b0605f17d47587a1e2fc54c5f307626455c5a37ca52&amp;scene=27#wechat_redirect\",\"source_url\":\"\",\"cover\":\"http:\/\/mmbiz.qpic.cn\/mmbiz_jpg\/8iaq2iavZjQlMYqAvQKvcGHJe129OutlLuyoPlQ2vYAdm8U9ibWrhj0cCVVFEy5UJcjs8Ee9kNuHUxahfThUsVbicg\/0?wx_fmt=jpeg\",\"author\":\"胡莉花\",\"copyright_stat\":201,\"del_flag\":1,\"item_show_type\":0,\"audio_fileid\":0,\"duration\":0,\"play_url\":\"\",\"malicious_title_reason_id\":0,\"malicious_content_type\":0},{\"title\":\"阿斯利康最高3.5亿美元出售Crestor，加速剥离传统药业务\",\"digest\":\"2020 年 12 月 1 日，阿斯利康（AstraZeneca）宣布将以 3.2 亿美元的预付款，将所研发\",\"content\":\"\",\"fileid\":0,\"content_url\":\"http:\/\/mp.weixin.qq.com\/s?__biz=MzA3NTIyODUzNA==&amp;mid=2649609354&amp;idx=7&amp;sn=9b8e0e52fb29b7289ea4b289c7eb2bc3&amp;chksm=876ac093b01d4985e2087b45b3c782bead684e4f0d9a44e6452fef6affea25d9c7036be34dda&amp;scene=27#wechat_redirect\",\"source_url\":\"\",\"cover\":\"http:\/\/mmbiz.qpic.cn\/mmbiz_jpg\/8iaq2iavZjQlMYqAvQKvcGHJe129OutlLujKuwnMoUXbuLTTTPgjZTGQb1tIPDytVFTS6LlZutKQLicdANaeGoR5Q\/0?wx_fmt=jpeg\",\"author\":\"韦昱彬\",\"copyright_stat\":201,\"del_flag\":1,\"item_show_type\":0,\"audio_fileid\":0,\"duration\":0,\"play_url\":\"\",\"malicious_title_reason_id\":0,\"malicious_content_type\":0}],\"author\":\"胡巍巍、REN\",\"copyright_stat\":11,\"duration\":0,\"del_flag\":1,\"item_show_type\":0,\"audio_fileid\":0,\"play_url\":\"\",\"malicious_title_reason_id\":0,\"malicious_content_type\":0}}]}","next_offset":196,"video_count":1,"use_video_tab":1,"real_type":0,"home_page_list":[]}