{"ret":0,"errmsg":"ok","msg_count":10,"can_msg_continue":1,"general_msg_list":"{\"list\":[{\"comm_msg_info\":{\"id\":1000001656,\"type\":49,\"datetime\":1606992776,\"fakeid\":\"3075228534\",\"status\":2,\"content\":\"\"},\"app_msg_ext_info\":{\"title\":\"德资入股，上海团队打造新一代科技配镜公司，引入AR和AI技术，将手机变成个人专属眼镜店\",\"digest\":\"众所周知，微软 HoloLens 这样的比较成熟的 AR 产品仍然在探索应用场景，以致于人们想起 AR，首先\",\"content\":\"\",\"fileid\":0,\"content_url\":\"http:\/\/mp.weixin.qq.com\/s?__biz=MzA3NTIyODUzNA==&amp;mid=2649609279&amp;idx=1&amp;sn=27899b15953e211f6a73e04e6648eedf&amp;chksm=876ac026b01d4930785b7908959334a4cdf979d3078dc4c60978ae49f0dcea4b8f3fadd076f2&amp;scene=27#wechat_redirect\",\"source_url\":\"https:\/\/a.app.qq.com\/o\/simple.jsp?pkgname=com.mittrchina.mit&amp;from=singlemessage\",\"cover\":\"http:\/\/mmbiz.qpic.cn\/mmbiz_jpg\/JJtKEey0hPZWQh2J57s7QJqfjxn4cvUSQqG3ka7AydkyDrVwrdaPSTkaxJ91qvm586aB46jScOdwIib2W7q2EQw\/0?wx_fmt=jpeg\",\"subtype\":9,\"is_multi\":1,\"multi_app_msg_item_list\":[{\"title\":\"7天后绍兴见！全球青年科技领袖峰会即将重磅呈现\",\"digest\":\"2020 年 12 月 10 - 11 日，《麻省理工科技评论》全球青年科技领袖峰会将在 “名士之乡” 绍兴举行。\",\"content\":\"\",\"fileid\":0,\"content_url\":\"http:\/\/mp.weixin.qq.com\/s?__biz=MzA3NTIyODUzNA==&amp;mid=2649609279&amp;idx=3&amp;sn=a3da88d73cf5738415d7fea760b41581&amp;chksm=876ac026b01d493021b194dfe5d53c96456138da3c1bd58dae63b9ec3c01f44c610f98344259&amp;scene=27#wechat_redirect\",\"source_url\":\"https:\/\/www.huodongxing.com\/event\/3569147572100\",\"cover\":\"http:\/\/mmbiz.qpic.cn\/mmbiz_jpg\/JJtKEey0hPYRIcJrRVSCYyp4WzIUyx4XSaVWmkNK2Ltv83mroWTTgnwELo937nasP0HlvXCO91DPOV6erRXjicg\/0?wx_fmt=jpeg\",\"author\":\"\",\"copyright_stat\":100,\"del_flag\":1,\"item_show_type\":0,\"audio_fileid\":0,\"duration\":0,\"play_url\":\"\",\"malicious_title_reason_id\":0,\"malicious_content_type\":0},{\"title\":\"EmTech China现场直击丨小米技术委标准与新技术部音视频标准总监Mary-Luc Champel：小米模式是建立生态系统\",\"digest\":\"小米的模式是建立生态系统，鼓励每个人加入到平台上来。\",\"content\":\"\",\"fileid\":0,\"content_url\":\"http:\/\/mp.weixin.qq.com\/s?__biz=MzA3NTIyODUzNA==&amp;mid=2649609279&amp;idx=4&amp;sn=182be2244e3b22aa96b06edf2422f0fb&amp;chksm=876ac026b01d4930ab34ed89dfc3f0f3f186a8ec350855c3ab025beac7fc26bb7399cb1584b2&amp;scene=27#wechat_redirect\",\"source_url\":\"https:\/\/www.huodongxing.com\/event\/3569147572100\",\"cover\":\"http:\/\/mmbiz.qpic.cn\/mmbiz_jpg\/JJtKEey0hPYRIcJrRVSCYyp4WzIUyx4XaJTNdR7n5Wtqc6Jtia2JAqLiaJy2lZicJYos5ojX0dNmr0lGeHWySnByw\/0?wx_fmt=jpeg\",\"author\":\"Mary-Luc Champel\",\"copyright_stat\":100,\"del_flag\":1,\"item_show_type\":0,\"audio_fileid\":0,\"duration\":0,\"play_url\":\"\",\"malicious_title_reason_id\":0,\"malicious_content_type\":0},{\"title\":\"详解美国五大科技巨头边缘计算布局策略\",\"digest\":\"点击图片查看“引领未来移动AI的女性”视频（内容支持：高通）算力边缘化，催生了很多商业机会。边缘计算是分布式\",\"content\":\"\",\"fileid\":0,\"content_url\":\"http:\/\/mp.weixin.qq.com\/s?__biz=MzA3NTIyODUzNA==&amp;mid=2649609279&amp;idx=5&amp;sn=b9d225d4298b79a22f77dada0ce60ddf&amp;chksm=876ac026b01d4930fa136a5c204c95f93b444fd738bd6934b1d60da31439f829023b4bf7d917&amp;scene=27#wechat_redirect\",\"source_url\":\"\",\"cover\":\"http:\/\/mmbiz.qpic.cn\/mmbiz_jpg\/JJtKEey0hPYRIcJrRVSCYyp4WzIUyx4Xgor8DrCOe20mT5HEBZTSye5G8ic4g0Biabib0TkyoXoHwtU4uW3xpsVdA\/0?wx_fmt=jpeg\",\"author\":\"宋颂\",\"copyright_stat\":201,\"del_flag\":1,\"item_show_type\":0,\"audio_fileid\":0,\"duration\":0,\"play_url\":\"\",\"malicious_title_reason_id\":0,\"malicious_content_type\":0},{\"title\":\"全球首个！英国批准BioNtech\/辉瑞mRNA新冠疫苗，下周将在当地接种\",\"digest\":\"养老院内的老人和医护人员可能会成为首批接种群体。\",\"content\":\"\",\"fileid\":0,\"content_url\":\"http:\/\/mp.weixin.qq.com\/s?__biz=MzA3NTIyODUzNA==&amp;mid=2649609279&amp;idx=6&amp;sn=a10ac011ec8531510d95fb7f9ff02b7b&amp;chksm=876ac026b01d4930407ff7d77558cfd6e5c4c5c2417cf669b3762b1527be7bf5e0798673289d&amp;scene=27#wechat_redirect\",\"source_url\":\"\",\"cover\":\"http:\/\/mmbiz.qpic.cn\/mmbiz_jpg\/JJtKEey0hPYRIcJrRVSCYyp4WzIUyx4X3HuOgrCV2AHOV1HdaJdhmz6IKQWoxvvn6KD1kGHGed8PvgUVJq5MuQ\/0?wx_fmt=jpeg\",\"author\":\"冯丹丹\",\"copyright_stat\":100,\"del_flag\":1,\"item_show_type\":0,\"audio_fileid\":0,\"duration\":0,\"play_url\":\"\",\"malicious_title_reason_id\":0,\"malicious_content_type\":0}],\"author\":\"REN\",\"copyright_stat\":11,\"duration\":0,\"del_flag\":1,\"item_show_type\":0,\"audio_fileid\":0,\"play_url\":\"\",\"malicious_title_reason_id\":0,\"malicious_content_type\":0}},{\"comm_msg_info\":{\"id\":1000001655,\"type\":49,\"datetime\":1606905623,\"fakeid\":\"3075228534\",\"status\":2,\"content\":\"\"},\"app_msg_ext_info\":{\"title\":\"AI除了“看”还能“闻”？科学家研发仿生“电子鼻”，30秒识别食品新鲜度，内嵌CNN算法\",\"digest\":\"人眼可以区分数百万种颜色，人耳可以听出 50 万种音调，而与人类的嗅觉能力相比，这都有些逊色。早在 2014\",\"content\":\"\",\"fileid\":502124858,\"content_url\":\"http:\/\/mp.weixin.qq.com\/s?__biz=MzA3NTIyODUzNA==&amp;mid=2649608579&amp;idx=1&amp;sn=c0a203d024fa7a496517fb6a12e2ff7d&amp;chksm=876ac59ab01d4c8cbc95ba5605f5265acc14fc2caa39811348e2704b2b675638a81dbb9ebd75&amp;scene=27#wechat_redirect\",\"source_url\":\"https:\/\/www.huodongxing.com\/event\/3569147572100\",\"cover\":\"http:\/\/mmbiz.qpic.cn\/mmbiz_jpg\/JJtKEey0hPZWQh2J57s7QJqfjxn4cvUS2lBMiasibvmDPooDSZCjJODLN5Iv0KPI0ur6pOw5MianReeQfkACcYbKg\/0?wx_fmt=jpeg\",\"subtype\":9,\"is_multi\":1,\"multi_app_msg_item_list\":[{\"title\":\"想要火星旅行？还需理解人体在太空中会怎样变化\",\"digest\":\"了解人体在太空中会发生哪些变化，并制定有效的对策，将是人类未来太空探索的关键之一。\",\"content\":\"\",\"fileid\":0,\"content_url\":\"http:\/\/mp.weixin.qq.com\/s?__biz=MzA3NTIyODUzNA==&amp;mid=2649608579&amp;idx=2&amp;sn=e08f6b4caef585dae5ee67c91d3c23b8&amp;chksm=876ac59ab01d4c8c0d8c08a27075f34fbb7ec076f2277fd66abba8e6c1b3c8deb9e2d36d0739&amp;scene=27#wechat_redirect\",\"source_url\":\"https:\/\/a.app.qq.com\/o\/simple.jsp?pkgname=com.mittrchina.mit&amp;from=singlemessage\",\"cover\":\"http:\/\/mmbiz.qpic.cn\/mmbiz_jpg\/JJtKEey0hPZWQh2J57s7QJqfjxn4cvUSXK5SjCTVCNictaLVU1rDNKicgVNwvfjgFr3rKUVXRWZFnupuB61iciaKAA\/0?wx_fmt=jpeg\",\"author\":\"凌梓郡\",\"copyright_stat\":11,\"del_flag\":1,\"item_show_type\":0,\"audio_fileid\":0,\"duration\":0,\"play_url\":\"\",\"malicious_title_reason_id\":0,\"malicious_content_type\":0},{\"title\":\"35位顶尖青年科技领袖齐聚鲁迅故里！8天后，《麻省理工科技评论》TR35榜单即将在此揭晓\",\"digest\":\"没有人永远年轻，但永远有人年轻——时代也永远属于年轻的一代人。\",\"content\":\"\",\"fileid\":0,\"content_url\":\"http:\/\/mp.weixin.qq.com\/s?__biz=MzA3NTIyODUzNA==&amp;mid=2649608579&amp;idx=3&amp;sn=e611e5455ee085a8a50683fdc626850b&amp;chksm=876ac59ab01d4c8c99ac7992dfdf3fbd54ac45d231eb8f704665330e4e5e7834f51ab69b65d1&amp;scene=27#wechat_redirect\",\"source_url\":\"https:\/\/www.huodongxing.com\/event\/3569147572100\",\"cover\":\"http:\/\/mmbiz.qpic.cn\/mmbiz_jpg\/JJtKEey0hPZWQh2J57s7QJqfjxn4cvUSxYibqiaw2nj8t66d6iceIXA5ZLU1vWLCLMJlHEhNTYqpibymzsoxbq4Kng\/0?wx_fmt=jpeg\",\"author\":\"麻省理工科技评论\",\"copyright_stat\":100,\"del_flag\":1,\"item_show_type\":0,\"audio_fileid\":0,\"duration\":0,\"play_url\":\"\",\"malicious_title_reason_id\":0,\"malicious_content_type\":0},{\"title\":\"正面对抗微软！Salesforce斥资277亿美元收购Slack\",\"digest\":\"此次收购是软件行业有史以来规模最大的收购之一。\",\"content\":\"\",\"fileid\":0,\"content_url\":\"http:\/\/mp.weixin.qq.com\/s?__biz=MzA3NTIyODUzNA==&amp;mid=2649608579&amp;idx=4&amp;sn=644f136bd3a58e2ea4b38457d6053b70&amp;chksm=876ac59ab01d4c8c890b69fadcf5ff594bc27b4c6906d6917cf10008e94467d769f5f00f2ec6&amp;scene=27#wechat_redirect\",\"source_url\":\"https:\/\/www.huodongxing.com\/event\/3569147572100\",\"cover\":\"http:\/\/mmbiz.qpic.cn\/mmbiz_jpg\/JJtKEey0hPZWQh2J57s7QJqfjxn4cvUS4oI5ctXOkOr9J9JjVW3r49B10tTt2Ziahj2gwoUdXg1BrQxXO4JtiaDw\/0?wx_fmt=jpeg\",\"author\":\"平越\",\"copyright_stat\":100,\"del_flag\":1,\"item_show_type\":0,\"audio_fileid\":0,\"duration\":0,\"play_url\":\"\",\"malicious_title_reason_id\":0,\"malicious_content_type\":0},{\"title\":\"美疾控中心研究发现：美国新冠肺炎病例早于中国数周\",\"digest\":\"点击图片查看“引领未来移动AI的女性”视频（内容支持：高通）美国东部时间 12 月 1 日，《华尔街日报》报\",\"content\":\"\",\"fileid\":0,\"content_url\":\"http:\/\/mp.weixin.qq.com\/s?__biz=MzA3NTIyODUzNA==&amp;mid=2649608579&amp;idx=5&amp;sn=93728cdc9625ba87fd4bc907768ed4ab&amp;chksm=876ac59ab01d4c8c0da5372178e4a61ef2101b38a7efbb4ba2af717d245cf6d374131898619d&amp;scene=27#wechat_redirect\",\"source_url\":\"https:\/\/www.huodongxing.com\/event\/3569147572100\",\"cover\":\"http:\/\/mmbiz.qpic.cn\/mmbiz_jpg\/JJtKEey0hPZWQh2J57s7QJqfjxn4cvUSpMKuebNJ7icIrUt5icPXDPJ2VYkeKgKPspZekcpkQhphuIiaIpYQ3xXPA\/0?wx_fmt=jpeg\",\"author\":\"赵欣\",\"copyright_stat\":100,\"del_flag\":1,\"item_show_type\":0,\"audio_fileid\":0,\"duration\":0,\"play_url\":\"\",\"malicious_title_reason_id\":0,\"malicious_content_type\":0},{\"title\":\"倒计时4天｜重新认识疫情后的区块链，多位专家共讨技术新突破\",\"digest\":\"近年来，区块链行业快速发展，应用场景不断扩展，全球区块链专利数量不断上升，尤其是中国在区块链技术的专利数量增\",\"content\":\"\",\"fileid\":0,\"content_url\":\"http:\/\/mp.weixin.qq.com\/s?__biz=MzA3NTIyODUzNA==&amp;mid=2649608579&amp;idx=6&amp;sn=7b9082db937d4290a2ea03b93aa9e275&amp;chksm=876ac59ab01d4c8cfff2ae7086169417765e307449c69cceb7e649bed36f77e19c20f0347963&amp;scene=27#wechat_redirect\",\"source_url\":\"http:\/\/hdxu.cn\/hy4S9\",\"cover\":\"http:\/\/mmbiz.qpic.cn\/mmbiz_jpg\/JJtKEey0hPZWQh2J57s7QJqfjxn4cvUS5UInLxWTkf7T8ia5wWSvF6D7Hic8O8h700LibHgFn6aZYtJT00mGVfNcg\/0?wx_fmt=jpeg\",\"author\":\"DeepTech\",\"copyright_stat\":11,\"del_flag\":1,\"item_show_type\":0,\"audio_fileid\":0,\"duration\":0,\"play_url\":\"\",\"malicious_title_reason_id\":0,\"malicious_content_type\":0},{\"title\":\"礼来、高瓴等领投，典晶生物完成5000万美元A轮融资，国内外多位知名眼科专家加入\",\"digest\":\"近期，典晶生物医药科技（苏州）有限公司（以下简称 “典晶生物”）宣布完成 5000 万美元 A 轮融资。本轮\",\"content\":\"\",\"fileid\":0,\"content_url\":\"http:\/\/mp.weixin.qq.com\/s?__biz=MzA3NTIyODUzNA==&amp;mid=2649608579&amp;idx=7&amp;sn=82c7d62dc607c2a0437bd8c01173173a&amp;chksm=876ac59ab01d4c8c6a4fa175850b7f1bc5ea769a27b2638b83ca00b6f8d9bdc2b1f93fbe20b0&amp;scene=27#wechat_redirect\",\"source_url\":\"\",\"cover\":\"http:\/\/mmbiz.qpic.cn\/mmbiz_jpg\/JJtKEey0hPZWQh2J57s7QJqfjxn4cvUS8nKgic3zmia45L2iakeQWDiaZxwqxIZ631tHsGWoZ6RhveDfgsx5BsPKkg\/0?wx_fmt=jpeg\",\"author\":\"胡莉花\",\"copyright_stat\":201,\"del_flag\":1,\"item_show_type\":0,\"audio_fileid\":0,\"duration\":0,\"play_url\":\"\",\"malicious_title_reason_id\":0,\"malicious_content_type\":0}],\"author\":\"刘军\",\"copyright_stat\":11,\"duration\":0,\"del_flag\":1,\"item_show_type\":0,\"audio_fileid\":0,\"play_url\":\"\",\"malicious_title_reason_id\":0,\"malicious_content_type\":0}},{\"comm_msg_info\":{\"id\":1000001654,\"type\":49,\"datetime\":1606815157,\"fakeid\":\"3075228534\",\"status\":2,\"content\":\"\"},\"app_msg_ext_info\":{\"title\":\"35位顶尖青年科技领袖齐聚鲁迅故里！9天后，《麻省理工科技评论》TR35榜单即将在此揭晓\",\"digest\":\"没有人永远年轻，但永远有人年轻——时代也永远属于年轻的一代人。\",\"content\":\"\",\"fileid\":502124767,\"content_url\":\"http:\/\/mp.weixin.qq.com\/s?__biz=MzA3NTIyODUzNA==&amp;mid=2649608488&amp;idx=1&amp;sn=b1f2ff5e528afaccc6c213b2e223f8f0&amp;chksm=876ac531b01d4c27759f5754b73fa6cf301f6c6919a77ed426d978c352cda565f509185bcc3e&amp;scene=27#wechat_redirect\",\"source_url\":\"https:\/\/www.huodongxing.com\/event\/3569147572100\",\"cover\":\"http:\/\/mmbiz.qpic.cn\/mmbiz_jpg\/JJtKEey0hPYaRMKfMR8I1oxZeXu0lkbfInDbbCaXFpISicN04ZR5C0HEP2TopPrWV3EbWibn1Q81vld2xq5iaTAMQ\/0?wx_fmt=jpeg\",\"subtype\":9,\"is_multi\":1,\"multi_app_msg_item_list\":[{\"title\":\"特斯联副总裁谢超：人工智能城市需要 “四步” 走\",\"digest\":\"十几年前我们就提出了智慧城市的概念，为什么我们当下仍感受不到城市的智慧？\",\"content\":\"\",\"fileid\":0,\"content_url\":\"http:\/\/mp.weixin.qq.com\/s?__biz=MzA3NTIyODUzNA==&amp;mid=2649608488&amp;idx=2&amp;sn=819152e78c1481efdabed99d60d44af7&amp;chksm=876ac531b01d4c273483a907371921afb711b240630c152b298d862db5d94d61875e37951f7d&amp;scene=27#wechat_redirect\",\"source_url\":\"https:\/\/a.app.qq.com\/o\/simple.jsp?pkgname=com.mittrchina.mit&amp;from=singlemessage\",\"cover\":\"http:\/\/mmbiz.qpic.cn\/mmbiz_jpg\/JJtKEey0hPYaRMKfMR8I1oxZeXu0lkbfDYRMwWvmCLtqEW0nldj1eQGia37jTxPK2KjG6IMhodxHGTpsXicEzk0Q\/0?wx_fmt=jpeg\",\"author\":\"都保杰\",\"copyright_stat\":100,\"del_flag\":1,\"item_show_type\":0,\"audio_fileid\":0,\"duration\":0,\"play_url\":\"\",\"malicious_title_reason_id\":0,\"malicious_content_type\":0},{\"title\":\"全球首款基于合成生物学技术的基因治疗创新药获得美国FDA临床试验许可丨首发专访\",\"digest\":\"点击图片查看“引领未来移动AI的女性”视频（内容支持：高通）北京合生基因科技有限公司（以下简称合生基因）是中\",\"content\":\"\",\"fileid\":0,\"content_url\":\"http:\/\/mp.weixin.qq.com\/s?__biz=MzA3NTIyODUzNA==&amp;mid=2649608488&amp;idx=3&amp;sn=25460a6b4fe7c79bbe263289f85b2013&amp;chksm=876ac531b01d4c27e2d12ac4e3d0635b5dd4124eff393b052aa0011812a659bc5ef6a579c25c&amp;scene=27#wechat_redirect\",\"source_url\":\"\",\"cover\":\"http:\/\/mmbiz.qpic.cn\/mmbiz_jpg\/8iaq2iavZjQlPvglvZjiahiaHV224DQmBWO2DRoslghucj7qZjvrSWXzU2Th4FWcBL8QDRc4KXDY0XCyCWY5ia4liadw\/0?wx_fmt=jpeg\",\"author\":\"韦昱彬\",\"copyright_stat\":201,\"del_flag\":1,\"item_show_type\":0,\"audio_fileid\":0,\"duration\":0,\"play_url\":\"\",\"malicious_title_reason_id\":0,\"malicious_content_type\":0},{\"title\":\"DeepMind攻破生物学界50多年重大难题，AlphaFold：精确度高达92.4GDT\",\"digest\":\"Alphabet 旗下人工智能公司 DeepMind 在预测蛋白质结构方面迈出了一大步。\",\"content\":\"\",\"fileid\":0,\"content_url\":\"http:\/\/mp.weixin.qq.com\/s?__biz=MzA3NTIyODUzNA==&amp;mid=2649608488&amp;idx=4&amp;sn=cd793255f5787a6303c3c24acda28789&amp;chksm=876ac531b01d4c27d5590c5e3442e824616365c7cfce5d51e3d9ac29685468d51e4619f51242&amp;scene=27#wechat_redirect\",\"source_url\":\"https:\/\/www.huodongxing.com\/event\/3569147572100\",\"cover\":\"http:\/\/mmbiz.qpic.cn\/mmbiz_jpg\/JJtKEey0hPYaRMKfMR8I1oxZeXu0lkbfDlGNKgLnm7t0qMmj1CvHkHnqkRyNqCPkKGFTIMO39jSYCnXbMaxwUw\/0?wx_fmt=jpeg\",\"author\":\"平越\",\"copyright_stat\":100,\"del_flag\":1,\"item_show_type\":0,\"audio_fileid\":0,\"duration\":0,\"play_url\":\"\",\"malicious_title_reason_id\":0,\"malicious_content_type\":0},{\"title\":\"强强联合！渤健与Sage合作研发突破性抑郁症和运动障碍疗法\",\"digest\":\"点击图片查看“引领未来移动AI的女性”视频（内容支持：高通）近日，渤健 （Biogen，Nasdaq：BII\",\"content\":\"\",\"fileid\":0,\"content_url\":\"http:\/\/mp.weixin.qq.com\/s?__biz=MzA3NTIyODUzNA==&amp;mid=2649608488&amp;idx=5&amp;sn=f5302a166004ab64b8156112d40c1a86&amp;chksm=876ac531b01d4c27ccc639b1a006e648838148ee726c89663246a90342e34f6f4e9f5ffeca7d&amp;scene=27#wechat_redirect\",\"source_url\":\"\",\"cover\":\"http:\/\/mmbiz.qpic.cn\/mmbiz_jpg\/8iaq2iavZjQlM9hwTNXtNicaWuvH2qpa3ckhYaicDUb92k2tfaG7oPDXxOS76rqEw8h7Hzmo0nQx1XTfwicbzra31KQ\/0?wx_fmt=jpeg\",\"author\":\"赵佳雯\",\"copyright_stat\":201,\"del_flag\":1,\"item_show_type\":0,\"audio_fileid\":0,\"duration\":0,\"play_url\":\"\",\"malicious_title_reason_id\":0,\"malicious_content_type\":0},{\"title\":\"华人AI科学家邢波出任全球首所研究型人工智能大学校长\",\"digest\":\"当地时间 11 月 29 日，穆罕默德・本・扎耶德人工智能大学（Mohamed bin Zayed Univ\",\"content\":\"\",\"fileid\":0,\"content_url\":\"http:\/\/mp.weixin.qq.com\/s?__biz=MzA3NTIyODUzNA==&amp;mid=2649608488&amp;idx=6&amp;sn=c13969cad66b889447cb59cc34e3c267&amp;chksm=876ac531b01d4c270c6ca211c8eeaf8aca8199ff6d94059028c668a5b53d3812a18b4ebd0fc5&amp;scene=27#wechat_redirect\",\"source_url\":\"https:\/\/www.huodongxing.com\/event\/3569147572100\",\"cover\":\"http:\/\/mmbiz.qpic.cn\/mmbiz_jpg\/JJtKEey0hPYaRMKfMR8I1oxZeXu0lkbflz6KljibCekiaR81OMzDLt6dwxDmWEdheImEOlqsfhgRdOZzicWaGDQLQ\/0?wx_fmt=jpeg\",\"author\":\"赵欣\",\"copyright_stat\":100,\"del_flag\":1,\"item_show_type\":0,\"audio_fileid\":0,\"duration\":0,\"play_url\":\"\",\"malicious_title_reason_id\":0,\"malicious_content_type\":0}],\"author\":\"麻省理工科技评论\",\"copyright_stat\":100,\"duration\":0,\"del_flag\":1,\"item_show_type\":0,\"audio_fileid\":0,\"play_url\":\"\",\"malicious_title_reason_id\":0,\"malicious_content_type\":0}},{\"comm_msg_info\":{\"id\":1000001653,\"type\":49,\"datetime\":1606717428,\"fakeid\":\"3075228534\",\"status\":2,\"content\":\"\"},\"app_msg_ext_info\":{\"title\":\"全球首个高性能可拉伸自供能系统诞生！攻克柔性电子充电难，实现石墨烯力学传感器自充电\",\"digest\":\"近日，美国宾夕法尼亚州立大学工程科学与力学系程寰宇助理教授，与福建闽江学院王军教授以及南京大学唐少龙教授等合\",\"content\":\"\",\"fileid\":502124692,\"content_url\":\"http:\/\/mp.weixin.qq.com\/s?__biz=MzA3NTIyODUzNA==&amp;mid=2649608362&amp;idx=1&amp;sn=d568855ec261bc8dc3ab458e14510529&amp;chksm=876ac4b3b01d4da549661b59246bfeb22c264d47bed8641c4fbaf32b19323991e6bb122b72c0&amp;scene=27#wechat_redirect\",\"source_url\":\"https:\/\/www.huodongxing.com\/event\/3569147572100\",\"cover\":\"http:\/\/mmbiz.qpic.cn\/mmbiz_jpg\/JJtKEey0hPYqBLD9FCxjVblvibEyK0zxQF43onTZlVUQ3RAWPUjoS9fphA9cib193f2hD0g0wHICNhVBkW0KWQibg\/0?wx_fmt=jpeg\",\"subtype\":9,\"is_multi\":1,\"multi_app_msg_item_list\":[{\"title\":\"水滴公司深挖保险科技，用AI构建健康保障领域新基建\",\"digest\":\"水滴科技的愿景是深度扎根到健康保障领域中，去赋能产业实现线上化、流程化、数据化和智能化。\",\"content\":\"\",\"fileid\":0,\"content_url\":\"http:\/\/mp.weixin.qq.com\/s?__biz=MzA3NTIyODUzNA==&amp;mid=2649608362&amp;idx=2&amp;sn=8c9188945fe33ef7ea4f43a65d42f600&amp;chksm=876ac4b3b01d4da5c350e017826428d3959f8fbc4437da529a8858f4337338544ca182ceba5f&amp;scene=27#wechat_redirect\",\"source_url\":\"https:\/\/www.huodongxing.com\/event\/3569147572100\",\"cover\":\"http:\/\/mmbiz.qpic.cn\/mmbiz_jpg\/JJtKEey0hPYqBLD9FCxjVblvibEyK0zxQ09rJtO5tsGibeibf7Ckcr7laKdTwiblqqCk4ibicibvgR31aklYg2rJKqcrg\/0?wx_fmt=jpeg\",\"author\":\"张博佳、多加\",\"copyright_stat\":11,\"del_flag\":1,\"item_show_type\":0,\"audio_fileid\":0,\"duration\":0,\"play_url\":\"\",\"malicious_title_reason_id\":0,\"malicious_content_type\":0},{\"title\":\"“真正可穿戴”的电子皮肤问世，可在任意方向伸展60%，已申请技术专利\",\"digest\":\"该“电子皮肤”具有卓越的延展性、自愈合性、可回收性和可重构性，它比创可贴稍厚，加热后就能贴到皮肤上。该团队表示它还可以在任何方向上伸展60％，并且不会破坏内部的电子设备。\",\"content\":\"\",\"fileid\":0,\"content_url\":\"http:\/\/mp.weixin.qq.com\/s?__biz=MzA3NTIyODUzNA==&amp;mid=2649608362&amp;idx=3&amp;sn=fd885478f1406d7826c4ddc9f55ab8aa&amp;chksm=876ac4b3b01d4da5039a4ba2873faef94528d80de4b50ec95873070c683933d255f13f47a7ce&amp;scene=27#wechat_redirect\",\"source_url\":\"https:\/\/www.huodongxing.com\/event\/3569147572100\",\"cover\":\"http:\/\/mmbiz.qpic.cn\/mmbiz_jpg\/JJtKEey0hPYqBLD9FCxjVblvibEyK0zxQ1tZR7bykTAruCyvmpUNkibiat8UxFHhW7X4CVM8lEicCpQOdsRpRicS5iaQ\/0?wx_fmt=jpeg\",\"author\":\"魏成果\",\"copyright_stat\":11,\"del_flag\":1,\"item_show_type\":0,\"audio_fileid\":0,\"duration\":0,\"play_url\":\"\",\"malicious_title_reason_id\":0,\"malicious_content_type\":0},{\"title\":\"Moderna合作伙伴获美国政府11亿贷款支持，疫情下合成生物学将迎来前所未有的崛起？\",\"digest\":\"2020 年 11 月 25 日，Ginkgo Bioworks 公司宣布，其获得了隶属于美国政府的官方机构\",\"content\":\"\",\"fileid\":0,\"content_url\":\"http:\/\/mp.weixin.qq.com\/s?__biz=MzA3NTIyODUzNA==&amp;mid=2649608362&amp;idx=4&amp;sn=5995e89e61bdbec43890464d8ec55564&amp;chksm=876ac4b3b01d4da55f2a792b4371e5ba83b50c04f51308edda4a0c5869300572b15e250044d0&amp;scene=27#wechat_redirect\",\"source_url\":\"\",\"cover\":\"http:\/\/mmbiz.qpic.cn\/mmbiz_jpg\/JJtKEey0hPYqBLD9FCxjVblvibEyK0zxQXdkJPeuXvib20DCTJMUwC1kFjo1LSUTibwoRcRwlu1W3a2RfgT2F6EyA\/0?wx_fmt=jpeg\",\"author\":\"韦昱彬\",\"copyright_stat\":201,\"del_flag\":1,\"item_show_type\":0,\"audio_fileid\":0,\"duration\":0,\"play_url\":\"\",\"malicious_title_reason_id\":0,\"malicious_content_type\":0},{\"title\":\"登上NeurIPS 2020：腾讯AI联合王者荣耀推出“绝悟”完全体\",\"digest\":\"点击图片查看“引领未来移动AI的女性”视频（内容支持：高通）说起 MOBA 类手游，想必大家都能想到王者荣耀\",\"content\":\"\",\"fileid\":0,\"content_url\":\"http:\/\/mp.weixin.qq.com\/s?__biz=MzA3NTIyODUzNA==&amp;mid=2649608362&amp;idx=5&amp;sn=28d8cf1c2847dad65c104f52c8def765&amp;chksm=876ac4b3b01d4da524588708e8199fdf7ca12fa74becab8b4cc42acafc0ace6faf1e5e1b0bd6&amp;scene=27#wechat_redirect\",\"source_url\":\"https:\/\/www.huodongxing.com\/event\/3569147572100\",\"cover\":\"http:\/\/mmbiz.qpic.cn\/mmbiz_jpg\/JJtKEey0hPYqBLD9FCxjVblvibEyK0zxQFJx23jqxohkQBGXlIZib0IiabR35hmPKwMibmBje0XuyHibka1AuGATCdg\/0?wx_fmt=jpeg\",\"author\":\"俞佳兴\",\"copyright_stat\":100,\"del_flag\":1,\"item_show_type\":0,\"audio_fileid\":0,\"duration\":0,\"play_url\":\"\",\"malicious_title_reason_id\":0,\"malicious_content_type\":0}],\"author\":\"魏成果\",\"copyright_stat\":11,\"duration\":0,\"del_flag\":1,\"item_show_type\":0,\"audio_fileid\":0,\"play_url\":\"\",\"malicious_title_reason_id\":0,\"malicious_content_type\":0}},{\"comm_msg_info\":{\"id\":1000001652,\"type\":49,\"datetime\":1606623339,\"fakeid\":\"3075228534\",\"status\":2,\"content\":\"\"},\"app_msg_ext_info\":{\"title\":\"力学超材料“体素”赛车问世！MIT联合丰田推出撞不坏的赛车，未来超大型结构件的全新方向？\",\"digest\":\"获NASA、美国军方支持，不仅能造车、还能应用与机器人、风力涡轮叶片和军事领域。\",\"content\":\"\",\"fileid\":0,\"content_url\":\"http:\/\/mp.weixin.qq.com\/s?__biz=MzA3NTIyODUzNA==&amp;mid=2649607943&amp;idx=1&amp;sn=dc178e8d9054efde6f75511ba6b5cffa&amp;chksm=876adb1eb01d520836625a0f1e06112618ae0b4bb5aa53e62ced47c739e78073e2895febb09d&amp;scene=27#wechat_redirect\",\"source_url\":\"https:\/\/a.app.qq.com\/o\/simple.jsp?pkgname=com.mittrchina.mit&amp;from=singlemessage\",\"cover\":\"http:\/\/mmbiz.qpic.cn\/mmbiz_jpg\/JJtKEey0hPamhGROKjMmOQRKrVJictsljAmP2xlICUHibR40qWPEvLAtwfloq2f2kePPRFiaF2DwQ8bdUWoxA3Hiag\/0?wx_fmt=jpeg\",\"subtype\":9,\"is_multi\":1,\"multi_app_msg_item_list\":[{\"title\":\"牛津大学和阿斯利康的疫苗将进行新的全球试验\",\"digest\":\"牛津大学和阿斯利康的疫苗在其数据受到质疑后将进行新的试验。\",\"content\":\"\",\"fileid\":502122617,\"content_url\":\"http:\/\/mp.weixin.qq.com\/s?__biz=MzA3NTIyODUzNA==&amp;mid=2649607943&amp;idx=2&amp;sn=7adcb346698edb79e8cc3f18861691ff&amp;chksm=876adb1eb01d5208da6c10b9ea83b6b8ee221e4fc87692d4376d2015f67232cb04afbbeee515&amp;scene=27#wechat_redirect\",\"source_url\":\"https:\/\/a.app.qq.com\/o\/simple.jsp?pkgname=com.mittrchina.mit&amp;from=singlemessage\",\"cover\":\"http:\/\/mmbiz.qpic.cn\/mmbiz_jpg\/JJtKEey0hPamhGROKjMmOQRKrVJictsljnWRhuvMzoTKF2iaL3NcWrNicR0Qv11DgoIPkLbG2IQ0pFeFdcU004uIw\/0?wx_fmt=jpeg\",\"author\":\"\",\"copyright_stat\":100,\"del_flag\":1,\"item_show_type\":0,\"audio_fileid\":0,\"duration\":0,\"play_url\":\"\",\"malicious_title_reason_id\":0,\"malicious_content_type\":0},{\"title\":\"活动报名｜12月6日·北京，探讨区块链的新问题和新趋势\",\"digest\":\"12 月 6 日，《麻省理工科技评论》与蚂蚁链将在北京联合举办 2020 年区块链与数字经济发展论坛，通过小规模的技术研讨、应用趋势交流，探寻 2021 年的新问题和新趋势。\",\"content\":\"\",\"fileid\":0,\"content_url\":\"http:\/\/mp.weixin.qq.com\/s?__biz=MzA3NTIyODUzNA==&amp;mid=2649607943&amp;idx=3&amp;sn=9b163178d1dd314bc362978ac0fb53d1&amp;chksm=876adb1eb01d5208e23308db812a5787b794a95af707eb5010d945e0fe0642c786f78e2f5f00&amp;scene=27#wechat_redirect\",\"source_url\":\"http:\/\/hdxu.cn\/hy4S9\",\"cover\":\"http:\/\/mmbiz.qpic.cn\/mmbiz_jpg\/JJtKEey0hPamhGROKjMmOQRKrVJictsljEXsYFsVb8gqyIRREglwSLaPuetEiccPwBr185KsVaK1iag8CzUZlnYKQ\/0?wx_fmt=jpeg\",\"author\":\"\",\"copyright_stat\":100,\"del_flag\":1,\"item_show_type\":0,\"audio_fileid\":0,\"duration\":0,\"play_url\":\"\",\"malicious_title_reason_id\":0,\"malicious_content_type\":0},{\"title\":\"EmTech China 现场直击丨百济神州高级副总裁刘建：中国生物制药发展有三大利好，两大瓶颈\",\"digest\":\"2015 年是中国生物制药的分水岭。\",\"content\":\"\",\"fileid\":0,\"content_url\":\"http:\/\/mp.weixin.qq.com\/s?__biz=MzA3NTIyODUzNA==&amp;mid=2649607943&amp;idx=4&amp;sn=6797779649897b63838d5538cec7db24&amp;chksm=876adb1eb01d5208b36e6565da2a6ea301c4835bf97ba558536eafd7c26ca00876f5ef490bde&amp;scene=27#wechat_redirect\",\"source_url\":\"\",\"cover\":\"http:\/\/mmbiz.qpic.cn\/mmbiz_jpg\/8iaq2iavZjQlOWy0VibdicNaqun0hroKQDZuODXLhO2Q4ERkHaJgRUjnNnmCKz1ictLviacOSFuWoOZHxpWHQxtft1SA\/0?wx_fmt=jpeg\",\"author\":\"刘建\",\"copyright_stat\":100,\"del_flag\":1,\"item_show_type\":0,\"audio_fileid\":0,\"duration\":0,\"play_url\":\"\",\"malicious_title_reason_id\":0,\"malicious_content_type\":0},{\"title\":\"Space X：第一个火星城市将以玻璃穹顶开始\",\"digest\":\"“至少未来的太空文明会有我们的遗迹，会对人类能走到这一步留下深刻印象。”\",\"content\":\"\",\"fileid\":0,\"content_url\":\"http:\/\/mp.weixin.qq.com\/s?__biz=MzA3NTIyODUzNA==&amp;mid=2649607943&amp;idx=5&amp;sn=d229592e3088f3f15ce3924c4f98a611&amp;chksm=876adb1eb01d520811d1ae3af36d6f0d95f75f226863ffb61e9a3d96f15924584771591da3f3&amp;scene=27#wechat_redirect\",\"source_url\":\"https:\/\/a.app.qq.com\/o\/simple.jsp?pkgname=com.mittrchina.mit&amp;from=singlemessage\",\"cover\":\"http:\/\/mmbiz.qpic.cn\/mmbiz_jpg\/JJtKEey0hPamhGROKjMmOQRKrVJictsljr8SykQE45T8mwveZuzHHSASstropyy2SyB1rDZqpzcqV8atAFDa5vw\/0?wx_fmt=jpeg\",\"author\":\"魏成果\",\"copyright_stat\":11,\"del_flag\":1,\"item_show_type\":0,\"audio_fileid\":0,\"duration\":0,\"play_url\":\"\",\"malicious_title_reason_id\":0,\"malicious_content_type\":0}],\"author\":\"周一\",\"copyright_stat\":11,\"duration\":0,\"del_flag\":1,\"item_show_type\":0,\"audio_fileid\":0,\"play_url\":\"\",\"malicious_title_reason_id\":0,\"malicious_content_type\":0}},{\"comm_msg_info\":{\"id\":1000001651,\"type\":49,\"datetime\":1606542527,\"fakeid\":\"3075228534\",\"status\":2,\"content\":\"\"},\"app_msg_ext_info\":{\"title\":\"MIT韩松团队开发全新微型深度学习技术MCUNet，实现ImageNet超70%准确率，可在物联网设备高效运行\",\"digest\":\"“我们的研究表明，在物联网设备上在线进行小资源机器学习的时代正在到来”。\",\"content\":\"\",\"fileid\":502124182,\"content_url\":\"http:\/\/mp.weixin.qq.com\/s?__biz=MzA3NTIyODUzNA==&amp;mid=2649607846&amp;idx=1&amp;sn=62ebb17c677e782c3314fcec7279b44d&amp;chksm=876adabfb01d53a93a67bb694d0b2699591842792291d22265be64d6f1e0d566b382e7cca5a7&amp;scene=27#wechat_redirect\",\"source_url\":\"https:\/\/a.app.qq.com\/o\/simple.jsp?pkgname=com.mittrchina.mit&amp;from=singlemessage\",\"cover\":\"http:\/\/mmbiz.qpic.cn\/mmbiz_jpg\/JJtKEey0hPbN2K300NEBqEBfvRjsHAwflsd8tu5HDJYOrxuiabjkCibiccocYROb8Te2Ax12BoqwG5vgIcZXSnKNQ\/0?wx_fmt=jpeg\",\"subtype\":9,\"is_multi\":1,\"multi_app_msg_item_list\":[{\"title\":\"中科院院士龚旗煌最新解读，一文读懂光子产业的布局与未来\",\"digest\":\"如果说 20 世纪是电的世纪，那么，21 世纪是光的世纪。\",\"content\":\"\",\"fileid\":0,\"content_url\":\"http:\/\/mp.weixin.qq.com\/s?__biz=MzA3NTIyODUzNA==&amp;mid=2649607846&amp;idx=2&amp;sn=9f60015ac090d54bffcdd942692f3865&amp;chksm=876adabfb01d53a99dcc5074f3da26c60d6ff4a4095efbabec5c238d1779e0c43c83d845388f&amp;scene=27#wechat_redirect\",\"source_url\":\"https:\/\/www.yun-live.com\/yunhome\/pages\/activityGather\/activityGather?group_id=335\",\"cover\":\"http:\/\/mmbiz.qpic.cn\/mmbiz_jpg\/JJtKEey0hPZxs8pqqeRGVLqBxgibiakjib1PYbNQSDiaanvUEJC6DKlh78KbAsqOhe7BsogLFgKX2q3ia2gb5WFrFBw\/0?wx_fmt=jpeg\",\"author\":\"平越\",\"copyright_stat\":11,\"del_flag\":1,\"item_show_type\":0,\"audio_fileid\":0,\"duration\":0,\"play_url\":\"\",\"malicious_title_reason_id\":0,\"malicious_content_type\":0},{\"title\":\"中本聪的三封邮件首度曝光，比特币创造者究竟是谁？\",\"digest\":\"“今天，中本聪的真实身份已经成为一个谜。”\",\"content\":\"\",\"fileid\":502124194,\"content_url\":\"http:\/\/mp.weixin.qq.com\/s?__biz=MzA3NTIyODUzNA==&amp;mid=2649607846&amp;idx=3&amp;sn=34480ed56a7423885442dd9bace911a8&amp;chksm=876adabfb01d53a90c5495c34fcda16d6f99d0777de3a030a808c29dfc427ff12643483f3c9c&amp;scene=27#wechat_redirect\",\"source_url\":\"\",\"cover\":\"http:\/\/mmbiz.qpic.cn\/mmbiz_jpg\/JJtKEey0hPbN2K300NEBqEBfvRjsHAwfpz4UibMUyzqLHaLScAk7Nlh9tKudNniaor2ciaMFdquSHDFO0L7z7LP8g\/0?wx_fmt=jpeg\",\"author\":\"Michael Kapilkov\",\"copyright_stat\":201,\"del_flag\":1,\"item_show_type\":0,\"audio_fileid\":0,\"duration\":0,\"play_url\":\"\",\"malicious_title_reason_id\":0,\"malicious_content_type\":0},{\"title\":\"餐食热量一 “拍” 便知，德国科学家研发计算机视觉估算卡路里方法\",\"digest\":\"他们提到的端到端的方式，是用单一模型替代多阶段处理，仅需要指定原始输入和最终输出，将单个网络应用于输入网络，神经网络可自动识别内部相关信息，并直接估计所需的最终输出，无需进行不同子任务的模型流水线训练。​\",\"content\":\"\",\"fileid\":502124170,\"content_url\":\"http:\/\/mp.weixin.qq.com\/s?__biz=MzA3NTIyODUzNA==&amp;mid=2649607846&amp;idx=4&amp;sn=64fcbe3270bd40abf115fa191eddf4b4&amp;chksm=876adabfb01d53a9b048ffb4826e14c94ce82a33d5b46b424464d0ef2f6eb1c002bad086fff1&amp;scene=27#wechat_redirect\",\"source_url\":\"https:\/\/a.app.qq.com\/o\/simple.jsp?pkgname=com.mittrchina.mit&amp;from=singlemessage\",\"cover\":\"http:\/\/mmbiz.qpic.cn\/mmbiz_jpg\/JJtKEey0hPbN2K300NEBqEBfvRjsHAwfoHOZmJYicjpJsfhmNNANNXTyAn01ddCaUSsxqXCtTLBGBzBfjuEakQg\/0?wx_fmt=jpeg\",\"author\":\"赵欣\",\"copyright_stat\":100,\"del_flag\":1,\"item_show_type\":0,\"audio_fileid\":0,\"duration\":0,\"play_url\":\"\",\"malicious_title_reason_id\":0,\"malicious_content_type\":0},{\"title\":\"CAR-NK全球年内交易超300亿元，中国公司仅占2亿元？\",\"digest\":\"CAR-NK 疗法既运用了 CAR-T 疗法的研发思路，又可以发挥 NK 细胞的生物学特性，这引起了科学界和\",\"content\":\"\",\"fileid\":0,\"content_url\":\"http:\/\/mp.weixin.qq.com\/s?__biz=MzA3NTIyODUzNA==&amp;mid=2649607846&amp;idx=5&amp;sn=f08fa57eab71492122fe21ca173b2c58&amp;chksm=876adabfb01d53a91498087a83f2ac5ebee7764a12ac5e416332d3190d05f6c7546aabb54c0a&amp;scene=27#wechat_redirect\",\"source_url\":\"\",\"cover\":\"http:\/\/mmbiz.qpic.cn\/mmbiz_jpg\/8iaq2iavZjQlMctG42qWqMOdCR0dfLqkruLGqH39JdrMDxgUAN9VialQLiaYcxjMrNicxky3GyB5DeH9SJsVy3pXibHw\/0?wx_fmt=jpeg\",\"author\":\"宋冉、胡莉花\",\"copyright_stat\":201,\"del_flag\":1,\"item_show_type\":0,\"audio_fileid\":0,\"duration\":0,\"play_url\":\"\",\"malicious_title_reason_id\":0,\"malicious_content_type\":0},{\"title\":\"美国监管机构对11.5万辆特斯拉展开悬架问题调查\",\"digest\":\"该机构称，在收到 43 项指控左前悬架、或右前悬架前连杆失效的投诉后，正在对本次涉及的将近 159000 辆特斯拉 Model S 和 Model X 展开扩展调查和工程分析，调查后或将正式下令召回。\",\"content\":\"\",\"fileid\":502122078,\"content_url\":\"http:\/\/mp.weixin.qq.com\/s?__biz=MzA3NTIyODUzNA==&amp;mid=2649607846&amp;idx=6&amp;sn=820553b0d5b6fa3a61ebb3a87d45677f&amp;chksm=876adabfb01d53a9fac47eef51cbe0fd4a26316d50b89006995f65fd8aed0b2b9a1ce5a64f59&amp;scene=27#wechat_redirect\",\"source_url\":\"https:\/\/a.app.qq.com\/o\/simple.jsp?pkgname=com.mittrchina.mit&amp;from=singlemessage\",\"cover\":\"http:\/\/mmbiz.qpic.cn\/mmbiz_jpg\/JJtKEey0hPaXFiag62pHr1Ax3TYpCVVCW96QO3gNPktpvm3j3EcrUQdFCEUH4SPlXgWIqxpq6dx6xibZvLjEq32g\/0?wx_fmt=jpeg\",\"author\":\"多加\",\"copyright_stat\":100,\"del_flag\":1,\"item_show_type\":0,\"audio_fileid\":0,\"duration\":0,\"play_url\":\"\",\"malicious_title_reason_id\":0,\"malicious_content_type\":0}],\"author\":\"赵欣\",\"copyright_stat\":11,\"duration\":0,\"del_flag\":1,\"item_show_type\":0,\"audio_fileid\":0,\"play_url\":\"\",\"malicious_title_reason_id\":0,\"malicious_content_type\":0}},{\"comm_msg_info\":{\"id\":1000001650,\"type\":49,\"datetime\":1606467226,\"fakeid\":\"3075228534\",\"status\":2,\"content\":\"\"},\"app_msg_ext_info\":{\"title\":\"两位年轻中国芯片科学家的雄心：全新通道材料实现存算一体化，志在突破AI算力瓶颈\",\"digest\":\"近日，瑞士洛桑联邦理工学院的研究团队在 Nature 上发表了题为《通过原子厚度半导体材料构建存储和计算单元\",\"content\":\"\",\"fileid\":0,\"content_url\":\"http:\/\/mp.weixin.qq.com\/s?__biz=MzA3NTIyODUzNA==&amp;mid=2649607792&amp;idx=1&amp;sn=c5db01ff38113c6c41d8e1353cd0e6e2&amp;chksm=876ada69b01d537fd2b2433dde2cb44db8982ba7bfb41d9259da5c8c18f535051f4a66de11f2&amp;scene=27#wechat_redirect\",\"source_url\":\"https:\/\/a.app.qq.com\/o\/simple.jsp?pkgname=com.mittrchina.mit&amp;from=singlemessage\",\"cover\":\"http:\/\/mmbiz.qpic.cn\/mmbiz_jpg\/JJtKEey0hPaXFiag62pHr1Ax3TYpCVVCW2kQxG160JIxVloia5HOWLicXgxpIXmANVic1JiaeMyvRia4icdr9Owe4JlAQ\/0?wx_fmt=jpeg\",\"subtype\":9,\"is_multi\":1,\"multi_app_msg_item_list\":[{\"title\":\"旗下金融产品 5 年用户量破亿，背后都靠这个 “AI 中台” 做开发，现已开源上线\",\"digest\":\"当金融行业遇上新技术浪潮。\",\"content\":\"\",\"fileid\":0,\"content_url\":\"http:\/\/mp.weixin.qq.com\/s?__biz=MzA3NTIyODUzNA==&amp;mid=2649607792&amp;idx=2&amp;sn=a531498cb5faeb279966609342fc9937&amp;chksm=876ada69b01d537f94f6f981d206bb9ef336bdb8403a7482830df6bbeeab0f097d8b20568769&amp;scene=27#wechat_redirect\",\"source_url\":\"https:\/\/a.app.qq.com\/o\/simple.jsp?pkgname=com.mittrchina.mit&amp;from=singlemessage\",\"cover\":\"http:\/\/mmbiz.qpic.cn\/mmbiz_jpg\/JJtKEey0hPaXFiag62pHr1Ax3TYpCVVCWCPQ1agEJOicJEGNNicrhbCaGyqkBsR7ngE8Fic8Tia1je2uH2WwskfPI4w\/0?wx_fmt=jpeg\",\"author\":\"都保杰\",\"copyright_stat\":11,\"del_flag\":1,\"item_show_type\":0,\"audio_fileid\":0,\"duration\":0,\"play_url\":\"\",\"malicious_title_reason_id\":0,\"malicious_content_type\":0},{\"title\":\"找到找到火的人 | 和高瓴一起，寻找足以改变世界的101个年轻人\",\"digest\":\"就像发现火一样，拥有这项技术的人类和没有这项技术的人类，已经是两种人类了\\n——HTalker 贺羽\",\"content\":\"\",\"fileid\":0,\"content_url\":\"http:\/\/mp.weixin.qq.com\/s?__biz=MzA3NTIyODUzNA==&amp;mid=2649607792&amp;idx=3&amp;sn=31db82c81a7648c4756fcc2e46844249&amp;chksm=876ada69b01d537fa2a9b33a86300163706100cff3a95594a33b02615f0b4f0d51b15ae3e372&amp;scene=27#wechat_redirect\",\"source_url\":\"\",\"cover\":\"http:\/\/mmbiz.qpic.cn\/mmbiz_jpg\/JJtKEey0hPaXFiag62pHr1Ax3TYpCVVCWxeXcKo0MvcPojrg9BFo3ms76CltBVS27P1gWKibvT6mZ5l4KGZXAoGg\/0?wx_fmt=jpeg\",\"author\":\"高瓴创投\",\"copyright_stat\":100,\"del_flag\":1,\"item_show_type\":0,\"audio_fileid\":0,\"duration\":0,\"play_url\":\"\",\"malicious_title_reason_id\":0,\"malicious_content_type\":0},{\"title\":\"英伟达RTX A6000将于12月中旬上市，取消Quadro命名，瞄准专业可视化市场\",\"digest\":\"前不久，英伟达公布了 2021 财年第三季度财报。整体而言，第三季度净利润 13.36 亿美元，比上一季度增\",\"content\":\"\",\"fileid\":0,\"content_url\":\"http:\/\/mp.weixin.qq.com\/s?__biz=MzA3NTIyODUzNA==&amp;mid=2649607792&amp;idx=5&amp;sn=fa1481a738587d8be884233ea4421b68&amp;chksm=876ada69b01d537ff36a78d8b29d44e68c8c95b6aee007ff4cbdd6cf8e7fe0f827f92bcc0709&amp;scene=27#wechat_redirect\",\"source_url\":\"https:\/\/a.app.qq.com\/o\/simple.jsp?pkgname=com.mittrchina.mit&amp;from=singlemessage\",\"cover\":\"http:\/\/mmbiz.qpic.cn\/mmbiz_jpg\/JJtKEey0hPaXFiag62pHr1Ax3TYpCVVCWMBvibdMhRibhOpPp4m41W3vdTQOfJhwbT3N1C1DmIxzib9DREvnlF3YNA\/0?wx_fmt=jpeg\",\"author\":\"凌梓郡\",\"copyright_stat\":100,\"del_flag\":1,\"item_show_type\":0,\"audio_fileid\":0,\"duration\":0,\"play_url\":\"\",\"malicious_title_reason_id\":0,\"malicious_content_type\":0},{\"title\":\"中国“癌症早筛第一证”获批意味着什么？\",\"digest\":\"昨日下午，癌症早期诊断公司诺辉健康在杭州举办了 “中国癌症早筛第一证” 新闻发布会，其 “居家无创结直肠癌早\",\"content\":\"\",\"fileid\":0,\"content_url\":\"http:\/\/mp.weixin.qq.com\/s?__biz=MzA3NTIyODUzNA==&amp;mid=2649607792&amp;idx=6&amp;sn=58795c20d1f13ae44143f6fa0b955d6e&amp;chksm=876ada69b01d537f732239351dacfca03beae4a3321dabb5817d2915135e82f8cee9d7b26342&amp;scene=27#wechat_redirect\",\"source_url\":\"\",\"cover\":\"http:\/\/mmbiz.qpic.cn\/mmbiz_jpg\/JJtKEey0hPaXFiag62pHr1Ax3TYpCVVCW7tbqvedjOBicFXhibZ560tmiauBEh5PHgyhLZphfC0Gvh0qIs7Ctg1NfA\/0?wx_fmt=jpeg\",\"author\":\"冯丹丹\",\"copyright_stat\":201,\"del_flag\":1,\"item_show_type\":0,\"audio_fileid\":0,\"duration\":0,\"play_url\":\"\",\"malicious_title_reason_id\":0,\"malicious_content_type\":0}],\"author\":\"王建韬\",\"copyright_stat\":11,\"duration\":0,\"del_flag\":1,\"item_show_type\":0,\"audio_fileid\":0,\"play_url\":\"\",\"malicious_title_reason_id\":0,\"malicious_content_type\":0}},{\"comm_msg_info\":{\"id\":1000001649,\"type\":49,\"datetime\":1606376556,\"fakeid\":\"3075228534\",\"status\":2,\"content\":\"\"},\"app_msg_ext_info\":{\"title\":\"中科院“材料魔术师”俞书宏院士团队：纳米纤维素新型仿生材料问世！性能远超传统塑料\",\"digest\":\"近日，中国科学技术大学俞书宏院士团队运用仿生结构设计理念，发展出一种被称为 “定向变形组装” 的新材料制造方法\",\"content\":\"\",\"fileid\":0,\"content_url\":\"http:\/\/mp.weixin.qq.com\/s?__biz=MzA3NTIyODUzNA==&amp;mid=2649607622&amp;idx=1&amp;sn=83a9658948c9bf4235f5f7e0912ae89b&amp;chksm=876ad9dfb01d50c9112b35368570af792127363c892ce8f1a000cb07278f45c16c12cacbb65d&amp;scene=27#wechat_redirect\",\"source_url\":\"https:\/\/www.yun-live.com\/yunhome\/pages\/activityGather\/activityGather?group_id=335\",\"cover\":\"http:\/\/mmbiz.qpic.cn\/mmbiz_jpg\/JJtKEey0hPZxs8pqqeRGVLqBxgibiakjib1icvoYuHQnQGfT4fK25ibUwPs5Xc1g5iaZJSHjGD1ibjN6ZiajaLX8q193lg\/0?wx_fmt=jpeg\",\"subtype\":9,\"is_multi\":1,\"multi_app_msg_item_list\":[{\"title\":\"华为重申不造车，任正非：再建言造车，调离岗位！\",\"digest\":\"点击下方查看“引领未来移动AI的女性”视频（内容支持：高通）面对市场上关于 “华为造车” 沸沸扬扬的传言，\",\"content\":\"\",\"fileid\":0,\"content_url\":\"http:\/\/mp.weixin.qq.com\/s?__biz=MzA3NTIyODUzNA==&amp;mid=2649607622&amp;idx=2&amp;sn=2a064af10a9b85498277328bd5581a42&amp;chksm=876ad9dfb01d50c9e22543dfe183dbab6c0d0298c82cc40bf5ed58a4a4358e5d3517af2c3e26&amp;scene=27#wechat_redirect\",\"source_url\":\"https:\/\/a.app.qq.com\/o\/simple.jsp?pkgname=com.mittrchina.mit&amp;from=singlemessage\",\"cover\":\"http:\/\/mmbiz.qpic.cn\/mmbiz_jpg\/JJtKEey0hPZxs8pqqeRGVLqBxgibiakjib13aWaFKvn2YxibLhlvjqSG0nO5fYHibQU3Tfu2kKD9rQbsHIhEYPK7ASA\/0?wx_fmt=jpeg\",\"author\":\"刘军\",\"copyright_stat\":11,\"del_flag\":1,\"item_show_type\":0,\"audio_fileid\":0,\"duration\":0,\"play_url\":\"\",\"malicious_title_reason_id\":0,\"malicious_content_type\":0},{\"title\":\"5G时代数据量迎来爆发式增长，金山云混合云存储如何 “乘风破浪”？\",\"digest\":\"以存储创新，焕新企业数字化转型。\",\"content\":\"\",\"fileid\":0,\"content_url\":\"http:\/\/mp.weixin.qq.com\/s?__biz=MzA3NTIyODUzNA==&amp;mid=2649607622&amp;idx=3&amp;sn=73a063bf686f0a36183c2d911ee6f152&amp;chksm=876ad9dfb01d50c9dd0c3bfbb19817393a6f77cde1dfaffb84e59ba024d87ab6c4368a496415&amp;scene=27#wechat_redirect\",\"source_url\":\"https:\/\/android.myapp.com\/myapp\/detail.htm?apkName=com.mittrchina.mit&amp;ADTAG=mobile\",\"cover\":\"http:\/\/mmbiz.qpic.cn\/mmbiz_jpg\/JJtKEey0hPZxs8pqqeRGVLqBxgibiakjib19j8esXObicEbcu5M4JcpSCqH0icCyMabMjibcZw5zCtNfvTXQ2YXibShXA\/0?wx_fmt=jpeg\",\"author\":\"多加\",\"copyright_stat\":11,\"del_flag\":1,\"item_show_type\":0,\"audio_fileid\":0,\"duration\":0,\"play_url\":\"\",\"malicious_title_reason_id\":0,\"malicious_content_type\":0},{\"title\":\"活动报名｜数字化时代，区块链将怎样 “链” 往未来？\",\"digest\":\"活动报名 ｜ 数字化时代，区块链将怎样 “链” 往未来？\",\"content\":\"\",\"fileid\":0,\"content_url\":\"http:\/\/mp.weixin.qq.com\/s?__biz=MzA3NTIyODUzNA==&amp;mid=2649607622&amp;idx=4&amp;sn=59e106c4e6ea2f14af1b08eea3f7164d&amp;chksm=876ad9dfb01d50c9c20daed97416eaeebdb288ea481a8db1de736bfc359117842942670bdb82&amp;scene=27#wechat_redirect\",\"source_url\":\"http:\/\/hdxu.cn\/hy4S9\",\"cover\":\"http:\/\/mmbiz.qpic.cn\/mmbiz_jpg\/JJtKEey0hPZxs8pqqeRGVLqBxgibiakjib1gJMzJJKJGCqFDP2G4P1gln4G7gElxFFWx588QktuawcTCBicWgLJqmw\/0?wx_fmt=jpeg\",\"author\":\"包乐华\",\"copyright_stat\":100,\"del_flag\":1,\"item_show_type\":0,\"audio_fileid\":0,\"duration\":0,\"play_url\":\"\",\"malicious_title_reason_id\":0,\"malicious_content_type\":0},{\"title\":\"SpaceX第16次发射星链卫星，一箭60星！\",\"digest\":\"在“引领未来移动AI的女性”系列视频中，来自高通的许昕宜谈到了滤镜背后的支持技术。点击下方观看完整视频。（内\",\"content\":\"\",\"fileid\":0,\"content_url\":\"http:\/\/mp.weixin.qq.com\/s?__biz=MzA3NTIyODUzNA==&amp;mid=2649607622&amp;idx=5&amp;sn=747b5d13af73d04630e89aa573b45404&amp;chksm=876ad9dfb01d50c9238506066934117ae263afb3187f53ef12b6a01e45ec21f19f3e85b531a0&amp;scene=27#wechat_redirect\",\"source_url\":\"https:\/\/www.yun-live.com\/yunhome\/pages\/activityGather\/activityGather?group_id=335\",\"cover\":\"http:\/\/mmbiz.qpic.cn\/mmbiz_jpg\/JJtKEey0hPZxs8pqqeRGVLqBxgibiakjib17SmguwibDyTnpl9cMnDb3P1EibKH5605RBia8e58ib32TkZyFgicSZ1dZKA\/0?wx_fmt=jpeg\",\"author\":\"武文浩\",\"copyright_stat\":11,\"del_flag\":1,\"item_show_type\":0,\"audio_fileid\":0,\"duration\":0,\"play_url\":\"\",\"malicious_title_reason_id\":0,\"malicious_content_type\":0},{\"title\":\"瑞博生物梁子才：小核酸制药渐成现代制药的“第三次浪潮”\",\"digest\":\"近日，小核酸领域头部公司 Alnylam Pharmaceuticals 宣布其 RNAi 新药（RNA i\",\"content\":\"\",\"fileid\":0,\"content_url\":\"http:\/\/mp.weixin.qq.com\/s?__biz=MzA3NTIyODUzNA==&amp;mid=2649607622&amp;idx=6&amp;sn=2e09e18ef20519ffda7e2ce57afe0248&amp;chksm=876ad9dfb01d50c957f3d7ab2fefd0d4a88f39da4bda8abfde598ee20b8cd20964d69d1686ec&amp;scene=27#wechat_redirect\",\"source_url\":\"\",\"cover\":\"http:\/\/mmbiz.qpic.cn\/mmbiz_jpg\/JJtKEey0hPZxs8pqqeRGVLqBxgibiakjib1WkY07L1HRBzgwTDibbGRYUVicpvhu3ASiaPANQ7j7KxiajQrM812cElsDQ\/0?wx_fmt=jpeg\",\"author\":\"生辉\",\"copyright_stat\":201,\"del_flag\":1,\"item_show_type\":0,\"audio_fileid\":0,\"duration\":0,\"play_url\":\"\",\"malicious_title_reason_id\":0,\"malicious_content_type\":0},{\"title\":\"海尔工业智能研究院院长张维杰：工业互联网的时代已经到来，产品会被场景替代\",\"digest\":\"2020 年 11 月 19 日，第四届 EmTech China 全球新兴科技峰会于苏州市相城区召开。作为\",\"content\":\"\",\"fileid\":0,\"content_url\":\"http:\/\/mp.weixin.qq.com\/s?__biz=MzA3NTIyODUzNA==&amp;mid=2649607622&amp;idx=7&amp;sn=f00d8f4814b1030113ecbbb506fbaf00&amp;chksm=876ad9dfb01d50c928424e977116b81af4264eec5caedc15a780c28d6728b2d71df108cf1e98&amp;scene=27#wechat_redirect\",\"source_url\":\"https:\/\/www.yun-live.com\/yunhome\/pages\/activityGather\/activityGather?group_id=335\",\"cover\":\"http:\/\/mmbiz.qpic.cn\/mmbiz_jpg\/JJtKEey0hPZxs8pqqeRGVLqBxgibiakjib1XiaT9SfjGrkqTVOEoUhQTibcEereUqCdSHkIkoP6ibyQkwRT4AKf4vvuA\/0?wx_fmt=jpeg\",\"author\":\"张维杰\",\"copyright_stat\":100,\"del_flag\":1,\"item_show_type\":0,\"audio_fileid\":0,\"duration\":0,\"play_url\":\"\",\"malicious_title_reason_id\":0,\"malicious_content_type\":0},{\"title\":\"你好Edge，再见IE\",\"digest\":\"微软开始强制用户从 IE 跳转至 Edge\",\"content\":\"\",\"fileid\":0,\"content_url\":\"http:\/\/mp.weixin.qq.com\/s?__biz=MzA3NTIyODUzNA==&amp;mid=2649607622&amp;idx=8&amp;sn=ba5adc2e7ea7545b6b978009304da30b&amp;chksm=876ad9dfb01d50c914ef1b521caacfdf1de0d5cc8139e9e93e733a9979d4a4cd8afb309e3334&amp;scene=27#wechat_redirect\",\"source_url\":\"https:\/\/www.yun-live.com\/yunhome\/pages\/activityGather\/activityGather?group_id=335\",\"cover\":\"http:\/\/mmbiz.qpic.cn\/mmbiz_jpg\/JJtKEey0hPZxs8pqqeRGVLqBxgibiakjib1sTJxrQSuicB6NicKYURF2DQRrwfnib8Tib1ucJWzUmJoyNbn1RHUjWs67A\/0?wx_fmt=jpeg\",\"author\":\"王建韬\",\"copyright_stat\":11,\"del_flag\":1,\"item_show_type\":0,\"audio_fileid\":0,\"duration\":0,\"play_url\":\"\",\"malicious_title_reason_id\":0,\"malicious_content_type\":0}],\"author\":\"平越、吕底亚\",\"copyright_stat\":11,\"duration\":0,\"del_flag\":1,\"item_show_type\":0,\"audio_fileid\":0,\"play_url\":\"\",\"malicious_title_reason_id\":0,\"malicious_content_type\":0}},{\"comm_msg_info\":{\"id\":1000001648,\"type\":49,\"datetime\":1606278252,\"fakeid\":\"3075228534\",\"status\":2,\"content\":\"\"},\"app_msg_ext_info\":{\"title\":\"90后科学家回国创业，开发光量子极限传感器，性能提升数万倍，称“全球最好，没有之一”\",\"digest\":\"近二十年来，随着硅微机械加工技术的飞速发展，微机电系统（MEMS）传感器得到了广泛应用。一个典型的产品就是\",\"content\":\"\",\"fileid\":0,\"content_url\":\"http:\/\/mp.weixin.qq.com\/s?__biz=MzA3NTIyODUzNA==&amp;mid=2649607507&amp;idx=1&amp;sn=1c9f46886ebd701514f41ff8ebb3489f&amp;chksm=876ad94ab01d505c09c7f7381b21dac81792bc9cd7a2d07ffa5b7e3af02f7b7a1a8098023de6&amp;scene=27#wechat_redirect\",\"source_url\":\"https:\/\/www.yun-live.com\/yunhome\/pages\/activityGather\/activityGather?group_id=335\",\"cover\":\"http:\/\/mmbiz.qpic.cn\/mmbiz_jpg\/JJtKEey0hPbgfJQv6VTgibq2lbibITJquYZGcRUedSGl3exExAWjapSeubXwy87JyoE8oG6tPJqlYYjCyiaicV5ywQ\/0?wx_fmt=jpeg\",\"subtype\":9,\"is_multi\":1,\"multi_app_msg_item_list\":[{\"title\":\"17家肿瘤免疫治疗企业上榜！CB Insights首次发布肿瘤免疫疗法中国企业榜单\",\"digest\":\"点击下方查看“引领未来移动AI的女性”视频（内容支持：高通）自 2014 年全球第一款 PD-1 单抗药物\",\"content\":\"\",\"fileid\":0,\"content_url\":\"http:\/\/mp.weixin.qq.com\/s?__biz=MzA3NTIyODUzNA==&amp;mid=2649607507&amp;idx=2&amp;sn=27acf77e02fae73b95d0e4a04692900f&amp;chksm=876ad94ab01d505c36df9ef0c6b16b700c11a6b2684f803374671b53707341531889c901eaea&amp;scene=27#wechat_redirect\",\"source_url\":\"\",\"cover\":\"http:\/\/mmbiz.qpic.cn\/mmbiz_jpg\/JJtKEey0hPbgfJQv6VTgibq2lbibITJquYghyhSMjO3JIwCR8j1GNOCeKaRP1lpiboAkxHo0bE7YHedTdpKBJHgCQ\/0?wx_fmt=jpeg\",\"author\":\"雨萌、安钊仪\",\"copyright_stat\":201,\"del_flag\":1,\"item_show_type\":0,\"audio_fileid\":0,\"duration\":0,\"play_url\":\"\",\"malicious_title_reason_id\":0,\"malicious_content_type\":0},{\"title\":\"年轻的他们，用科技创造更好的世界丨35岁以下科技创新35人\",\"digest\":\"2020年12月10日，《麻省理工科技评论》全球青年科技领袖峰会将在“名士之乡”绍兴开启。\",\"content\":\"\",\"fileid\":0,\"content_url\":\"http:\/\/mp.weixin.qq.com\/s?__biz=MzA3NTIyODUzNA==&amp;mid=2649607507&amp;idx=3&amp;sn=37d20a632b52dbf86962136710be4519&amp;chksm=876ad94ab01d505ca362a79702bacf3c3e540610345b0192245a1d5258dc5ac20e884c0eb73a&amp;scene=27#wechat_redirect\",\"source_url\":\"http:\/\/hdxu.cn\/V7BDh\",\"cover\":\"http:\/\/mmbiz.qpic.cn\/mmbiz_jpg\/JJtKEey0hPbgfJQv6VTgibq2lbibITJquYZu94Sh9ROkD7oKrIE8GoGtqXoia0mx5Wyiap6yia2lIyNhlGsQNaSzN2A\/0?wx_fmt=jpeg\",\"author\":\"麻省理工科技评论\",\"copyright_stat\":100,\"del_flag\":1,\"item_show_type\":0,\"audio_fileid\":0,\"duration\":0,\"play_url\":\"\",\"malicious_title_reason_id\":0,\"malicious_content_type\":0},{\"title\":\"EmTech China 现场直击丨季维智院士：新兴学科的交叉融合为生物医学研究提供广阔的发展空间\",\"digest\":\"中国科学院院士、昆明理工大学灵长类转化医学研究院院长季维智发表了以《生物技术与生命科学》为主题的报告。\",\"content\":\"\",\"fileid\":0,\"content_url\":\"http:\/\/mp.weixin.qq.com\/s?__biz=MzA3NTIyODUzNA==&amp;mid=2649607507&amp;idx=4&amp;sn=79c9425588e3d615ed506b1f7a5117a7&amp;chksm=876ad94ab01d505cbbc4e497a1e857c35d1b73f6bcea8ef1a2ae8a9cf4182e15506758cede8f&amp;scene=27#wechat_redirect\",\"source_url\":\"https:\/\/www.yun-live.com\/yunhome\/pages\/activityGather\/activityGather?group_id=335\",\"cover\":\"http:\/\/mmbiz.qpic.cn\/mmbiz_jpg\/JJtKEey0hPbgfJQv6VTgibq2lbibITJquY5t6kHDaia8A7d51Y5HzxM6ib0wk5H8icNpmo9Lt642yib5bOBGL0xXwBog\/0?wx_fmt=jpeg\",\"author\":\"季维智\",\"copyright_stat\":100,\"del_flag\":1,\"item_show_type\":0,\"audio_fileid\":0,\"duration\":0,\"play_url\":\"\",\"malicious_title_reason_id\":0,\"malicious_content_type\":0},{\"title\":\"新型电磁喷雾可将任何物体变成机器人，有望在生物学领域应用\",\"digest\":\"在“引领未来移动AI的女性”系列视频中，来自高通的许昕宜谈到了滤镜背后的支持技术。点击下方观看完整视频。（内\",\"content\":\"\",\"fileid\":0,\"content_url\":\"http:\/\/mp.weixin.qq.com\/s?__biz=MzA3NTIyODUzNA==&amp;mid=2649607507&amp;idx=5&amp;sn=cefe3afa2ef728f3d59546809119e824&amp;chksm=876ad94ab01d505cefd717d90fa872b81cd7ea4d5b7985a72715b4bfa21a39083717d9622148&amp;scene=27#wechat_redirect\",\"source_url\":\"https:\/\/www.yun-live.com\/yunhome\/pages\/activityGather\/activityGather?group_id=335\",\"cover\":\"http:\/\/mmbiz.qpic.cn\/mmbiz_jpg\/JJtKEey0hPbgfJQv6VTgibq2lbibITJquYn2yFFmt1EZY7McoCU6I84fJD8VcwCPOPwlG14MtxS5zrdb4Fia0GOcQ\/0?wx_fmt=jpeg\",\"author\":\"刘军\",\"copyright_stat\":100,\"del_flag\":1,\"item_show_type\":0,\"audio_fileid\":0,\"duration\":0,\"play_url\":\"\",\"malicious_title_reason_id\":0,\"malicious_content_type\":0},{\"title\":\"印度再禁43款中国应用，多款阿里系应用被封\",\"digest\":\"随着中印两国边境陷入长达数月的对峙，印度针对中国进行了新一轮的网络制裁。11 月 24 日，印度宣布禁止使用\",\"content\":\"\",\"fileid\":0,\"content_url\":\"http:\/\/mp.weixin.qq.com\/s?__biz=MzA3NTIyODUzNA==&amp;mid=2649607507&amp;idx=6&amp;sn=61b5683259bd3a4abedbab8982b1647d&amp;chksm=876ad94ab01d505cabc6904b6c40189fcbd115afb8f00f24b77eb3951aa1ed0afd94248837c9&amp;scene=27#wechat_redirect\",\"source_url\":\"https:\/\/www.yun-live.com\/yunhome\/pages\/activityGather\/activityGather?group_id=335\",\"cover\":\"http:\/\/mmbiz.qpic.cn\/mmbiz_jpg\/JJtKEey0hPbgfJQv6VTgibq2lbibITJquYg9q2jzyHUZHWytwZ17YA2mbquQ6A8f8UsbEElNmVlv9rNPP9QXOhpA\/0?wx_fmt=jpeg\",\"author\":\"李亚山\",\"copyright_stat\":100,\"del_flag\":1,\"item_show_type\":0,\"audio_fileid\":0,\"duration\":0,\"play_url\":\"\",\"malicious_title_reason_id\":0,\"malicious_content_type\":0}],\"author\":\"都保杰\",\"copyright_stat\":11,\"duration\":0,\"del_flag\":1,\"item_show_type\":0,\"audio_fileid\":0,\"play_url\":\"\",\"malicious_title_reason_id\":0,\"malicious_content_type\":0}},{\"comm_msg_info\":{\"id\":1000001647,\"type\":49,\"datetime\":1606174922,\"fakeid\":\"3075228534\",\"status\":2,\"content\":\"\"},\"app_msg_ext_info\":{\"title\":\"嫦娥五号发射成功，中国航天历史性一幕，首次造访月球陌生地带并将采样返回\",\"digest\":\"2020 年 11 月 24 日凌晨 4 时 30 分，被称为 “胖五” 的嫦娥五号由长征五号遥五火箭运载升\",\"content\":\"\",\"fileid\":0,\"content_url\":\"http:\/\/mp.weixin.qq.com\/s?__biz=MzA3NTIyODUzNA==&amp;mid=2649607322&amp;idx=1&amp;sn=bc1bf0d6da5d1f964db3e53ae0ea8b5e&amp;chksm=876ad883b01d5195716d419336dd71ba78ccfbd762fe3b2280b4288649339a6f40c63bdac7bd&amp;scene=27#wechat_redirect\",\"source_url\":\"https:\/\/android.myapp.com\/myapp\/detail.htm?apkName=com.mittrchina.mit&amp;ADTAG=mobile\",\"cover\":\"http:\/\/mmbiz.qpic.cn\/mmbiz_jpg\/JJtKEey0hPblXvropJeCAKkrE4Nd1XFmlTs29Jlia2fEFYPtuTc36oxKVk1dMrJrGXmx7msF7Ymjk2u9AETKJDg\/0?wx_fmt=jpeg\",\"subtype\":9,\"is_multi\":1,\"multi_app_msg_item_list\":[{\"title\":\"独家｜基因治疗载体AAV“安全神话破灭”？6位专家全方位解读：太炒作了，别因噎废食\",\"digest\":\"点击下方查看“引领未来移动AI的女性”视频（内容支持：高通）近日，一项发表在 Nature Biotechn\",\"content\":\"\",\"fileid\":0,\"content_url\":\"http:\/\/mp.weixin.qq.com\/s?__biz=MzA3NTIyODUzNA==&amp;mid=2649607322&amp;idx=2&amp;sn=c00d9c59666ca3716a9a6cc5ae628734&amp;chksm=876ad883b01d5195498593ec11eee373d9290541f50e0983e04d14286a236ef79485355606f9&amp;scene=27#wechat_redirect\",\"source_url\":\"\",\"cover\":\"http:\/\/mmbiz.qpic.cn\/mmbiz_jpg\/JJtKEey0hPblXvropJeCAKkrE4Nd1XFmgouk0Yt6hbGU2oia3CY3IX8ssGU7ib5QaxtavsOJZWklRJxh9O4rhm3Q\/0?wx_fmt=jpeg\",\"author\":\"赵佳雯 冯丹丹\",\"copyright_stat\":201,\"del_flag\":1,\"item_show_type\":0,\"audio_fileid\":0,\"duration\":0,\"play_url\":\"\",\"malicious_title_reason_id\":0,\"malicious_content_type\":0},{\"title\":\"云从科技全球首款 “人机协同操作系统” 亮相第七届世界互联网大会\",\"digest\":\"该系统CWOS成功入选 2020年度世界互联网领先科技成果。\",\"content\":\"\",\"fileid\":0,\"content_url\":\"http:\/\/mp.weixin.qq.com\/s?__biz=MzA3NTIyODUzNA==&amp;mid=2649607322&amp;idx=3&amp;sn=199e58046b3ce469a870e500afe89225&amp;chksm=876ad883b01d5195c26a6ef371c04f7b90b3554c5ac050bef7bfc453d564dbe61ada32df8a6e&amp;scene=27#wechat_redirect\",\"source_url\":\"https:\/\/a.app.qq.com\/o\/simple.jsp?pkgname=com.mittrchina.mit&amp;from=singlemessage\",\"cover\":\"http:\/\/mmbiz.qpic.cn\/mmbiz_jpg\/JJtKEey0hPblXvropJeCAKkrE4Nd1XFmTialfMiczUISOxlwBqRCGqvrzNrwibpRxppZOwJfFibZIfr8Y1RfpQg2uQ\/0?wx_fmt=jpeg\",\"author\":\"平越\",\"copyright_stat\":11,\"del_flag\":1,\"item_show_type\":0,\"audio_fileid\":0,\"duration\":0,\"play_url\":\"\",\"malicious_title_reason_id\":0,\"malicious_content_type\":0},{\"title\":\"我国数学家成功证明微分几何学两大核心猜想，历时11年\",\"digest\":\"率先证明两个国际数学界 20 多年悬而未决的核心猜想。\",\"content\":\"\",\"fileid\":0,\"content_url\":\"http:\/\/mp.weixin.qq.com\/s?__biz=MzA3NTIyODUzNA==&amp;mid=2649607322&amp;idx=4&amp;sn=1c569e045189d2168f680f51a18d1459&amp;chksm=876ad883b01d5195504ec09ceeae7fa5ed26719e4bd55ada5a4df355aee2c6a742d739d1ad2a&amp;scene=27#wechat_redirect\",\"source_url\":\"https:\/\/a.app.qq.com\/o\/simple.jsp?pkgname=com.mittrchina.mit&amp;from=singlemessage\",\"cover\":\"http:\/\/mmbiz.qpic.cn\/mmbiz_jpg\/JJtKEey0hPblXvropJeCAKkrE4Nd1XFmEXyPMuhRM8oPqB7JvQ7AgWW24IOWGicThM5JlycJPa9MNiaJ50YJiaPdA\/0?wx_fmt=jpeg\",\"author\":\"平越\",\"copyright_stat\":100,\"del_flag\":1,\"item_show_type\":0,\"audio_fileid\":0,\"duration\":0,\"play_url\":\"\",\"malicious_title_reason_id\":0,\"malicious_content_type\":0},{\"title\":\"戴文渊：数据优势是中国最大的产业升级机会\",\"digest\":\"11 月 20 日，由苏州市相城区人民政府与《麻省理工科技评论》联合主办的 EmTech China 202\",\"content\":\"\",\"fileid\":0,\"content_url\":\"http:\/\/mp.weixin.qq.com\/s?__biz=MzA3NTIyODUzNA==&amp;mid=2649607322&amp;idx=5&amp;sn=2339c43474e48ea7c669ffd5c62a590c&amp;chksm=876ad883b01d5195290e67243d615f317a452901ea7d5f8768f9db0a0e99e830aed1f314801e&amp;scene=27#wechat_redirect\",\"source_url\":\"https:\/\/a.app.qq.com\/o\/simple.jsp?pkgname=com.mittrchina.mit&amp;from=singlemessage\",\"cover\":\"http:\/\/mmbiz.qpic.cn\/mmbiz_jpg\/JJtKEey0hPblXvropJeCAKkrE4Nd1XFmjsriaJdDU3deg7KaXdfFwrCd1ZhicjgPPsAdsjn5UibfpdPXZUNZXMoJQ\/0?wx_fmt=jpeg\",\"author\":\"戴文渊\",\"copyright_stat\":100,\"del_flag\":1,\"item_show_type\":0,\"audio_fileid\":0,\"duration\":0,\"play_url\":\"\",\"malicious_title_reason_id\":0,\"malicious_content_type\":0},{\"title\":\"晶圆产能排挤如骨牌效应，SDRAM存储芯片意外提前涨价\",\"digest\":\"分享一篇文章。\",\"content\":\"\",\"fileid\":0,\"content_url\":\"http:\/\/mp.weixin.qq.com\/s?__biz=MzA3NTIyODUzNA==&amp;mid=2649607322&amp;idx=6&amp;sn=aa0f95d88fa713ba0e91792df7173509&amp;chksm=876ad883b01d519561597ec4e507a8201fc80e646a9b70b19bdccb2c27e7a44161ee7b20ce2b&amp;scene=27#wechat_redirect\",\"source_url\":\"\",\"cover\":\"http:\/\/mmbiz.qpic.cn\/mmbiz_jpg\/viaUuks3128LzHX652yhiaylZ46tBhnwgjFJibhibmFDibb7wyaWib5npYlVKpWUu9wkibXfLFOib1ZN0TRib4WFwKSQgoQ\/0?wx_fmt=jpeg\",\"author\":\"\",\"copyright_stat\":101,\"del_flag\":1,\"item_show_type\":0,\"audio_fileid\":0,\"duration\":0,\"play_url\":\"\",\"malicious_title_reason_id\":0,\"malicious_content_type\":0},{\"title\":\"Google全球推行RCS，开启端到端加密功能测试\",\"digest\":\"点击下方查看“引领未来移动AI的女性”视频（内容支持：高通）日前，Google 开始推行通过 Android\",\"content\":\"\",\"fileid\":502123619,\"content_url\":\"http:\/\/mp.weixin.qq.com\/s?__biz=MzA3NTIyODUzNA==&amp;mid=2649607322&amp;idx=7&amp;sn=711172fbce8b3ad5cf88d0819c033afe&amp;chksm=876ad883b01d519585321610cc2e923346fcf0e256b227f59c36ae71ba211189316091494489&amp;scene=27#wechat_redirect\",\"source_url\":\"https:\/\/a.app.qq.com\/o\/simple.jsp?pkgname=com.mittrchina.mit&amp;from=singlemessage\",\"cover\":\"http:\/\/mmbiz.qpic.cn\/mmbiz_jpg\/JJtKEey0hPblXvropJeCAKkrE4Nd1XFm0ScnCbJrfCsHqBb1Cw5L55ZBice074o8hiccwtkobEPFLqUm7GOnXiaKQ\/0?wx_fmt=jpeg\",\"author\":\"赵欣\",\"copyright_stat\":100,\"del_flag\":1,\"item_show_type\":0,\"audio_fileid\":0,\"duration\":0,\"play_url\":\"\",\"malicious_title_reason_id\":0,\"malicious_content_type\":0}],\"author\":\"刘军、多加\",\"copyright_stat\":11,\"duration\":0,\"del_flag\":1,\"item_show_type\":0,\"audio_fileid\":0,\"play_url\":\"\",\"malicious_title_reason_id\":0,\"malicious_content_type\":0}}]}","next_offset":206,"video_count":1,"use_video_tab":1,"real_type":0,"home_page_list":[]}