{"ret":0,"errmsg":"ok","msg_count":10,"can_msg_continue":1,"general_msg_list":"{\"list\":[{\"comm_msg_info\":{\"id\":1000001830,\"type\":49,\"datetime\":1621663104,\"fakeid\":\"3075228534\",\"status\":2,\"content\":\"\"},\"app_msg_ext_info\":{\"title\":\"​“杂交水稻之父”袁隆平逝世，享年91岁\",\"digest\":\"“袁隆平先生深耕农业，努力改善水稻，可以说真正的做到为国为民。”\",\"content\":\"\",\"fileid\":0,\"content_url\":\"http:\/\/mp.weixin.qq.com\/s?__biz=MzA3NTIyODUzNA==&amp;mid=2649629589&amp;idx=1&amp;sn=c310ed011f39aa8ec171e61e77955a4d&amp;chksm=8769378cb01ebe9a97bdf1b75a9ac42c7d70d394d8a195e8810470c7097fb46c3de6b1a67589&amp;scene=27#wechat_redirect\",\"source_url\":\"https:\/\/android.myapp.com\/myapp\/detail.htm?apkName=com.mittrchina.mit&amp;ADTAG=mobile\",\"cover\":\"http:\/\/mmbiz.qpic.cn\/mmbiz_jpg\/JJtKEey0hPYiawkic2zM8Hia5icHSl9bllgickKdP4NwrhArER1pbF3D7YPcHWZeShLK3OibZpia7u25wu4I9vQwm4pgw\/0?wx_fmt=jpeg\",\"subtype\":9,\"is_multi\":1,\"multi_app_msg_item_list\":[{\"title\":\"活体胚胎翻译过程的定量分析；美能源部拨款15个生物能源项目；Ginkgo承接Genentech旧股票代码“DNA”\",\"digest\":\"分享一篇文章。\",\"content\":\"\",\"fileid\":0,\"content_url\":\"http:\/\/mp.weixin.qq.com\/s?__biz=MzA3NTIyODUzNA==&amp;mid=2649629589&amp;idx=2&amp;sn=1f2a5339adee5bf098b6b72ca11f4fad&amp;chksm=8769378cb01ebe9afdda7f5166a90fd723b032ed2277ef6b407176b73da112e0d8019c2f7461&amp;scene=27#wechat_redirect\",\"source_url\":\"\",\"cover\":\"http:\/\/mmbiz.qpic.cn\/sz_mmbiz_jpg\/libZ8rRWYoovPIuacb0pvj93EG1oWV5rhBVEKwGibf8DqnYM5eGqXwegRUBrBqibz5LtfQxibYORKrAUc4IFR3f40g\/0?wx_fmt=jpeg\",\"author\":\"\",\"copyright_stat\":101,\"del_flag\":1,\"item_show_type\":0,\"audio_fileid\":0,\"duration\":0,\"play_url\":\"\",\"malicious_title_reason_id\":0,\"malicious_content_type\":0},{\"title\":\"独家专访 | 背靠高瓴资本，打造灵活的战略合作和研发平台，这家初创计划5年内实现自研\",\"digest\":\"脱胎于高瓴资本后，成立 2 家合资公司、布局 10 条管线，建立功能齐全的研发和业务发展团队是瓴路药业一年来\",\"content\":\"\",\"fileid\":0,\"content_url\":\"http:\/\/mp.weixin.qq.com\/s?__biz=MzA3NTIyODUzNA==&amp;mid=2649629589&amp;idx=3&amp;sn=48b771a729767722d27716ba6ef09ba4&amp;chksm=8769378cb01ebe9afc68b28b578d6ec34d3d67432cef4c4071a6c23b2518a61364225f8303b6&amp;scene=27#wechat_redirect\",\"source_url\":\"\",\"cover\":\"http:\/\/mmbiz.qpic.cn\/mmbiz_jpg\/8iaq2iavZjQlNf3ZbUVHcLQvzGeqsXyfKdictlsrHwFkniaJ1ib7o18nyyUbiczceNqwO9HdwXhPkUopv3OMzcIIpvUw\/0?wx_fmt=jpeg\",\"author\":\"胡莉花\",\"copyright_stat\":201,\"del_flag\":1,\"item_show_type\":0,\"audio_fileid\":0,\"duration\":0,\"play_url\":\"\",\"malicious_title_reason_id\":0,\"malicious_content_type\":0},{\"title\":\"“鸡尾酒疗法”首创者自建公司获千万美元融资，开发新冠双抗疗法\",\"digest\":\"2021 年 5 月 20 日，抗体治疗方案开发公司 RenBio 宣布完成 2400 万美元 A 轮融资，\",\"content\":\"\",\"fileid\":0,\"content_url\":\"http:\/\/mp.weixin.qq.com\/s?__biz=MzA3NTIyODUzNA==&amp;mid=2649629589&amp;idx=4&amp;sn=a7d5d54079d54055ef53de640454c57a&amp;chksm=8769378cb01ebe9ace788baf8a76b4a59f65922465b630950c070fad4c09df43d457077592f6&amp;scene=27#wechat_redirect\",\"source_url\":\"\",\"cover\":\"http:\/\/mmbiz.qpic.cn\/mmbiz_jpg\/8iaq2iavZjQlNf3ZbUVHcLQvzGeqsXyfKdkNNutOZbL6jPL3ibqn1BdXz68002NH4XPUhibNDng0vZqkDGiaupTpoibQ\/0?wx_fmt=jpeg\",\"author\":\"小新\",\"copyright_stat\":201,\"del_flag\":1,\"item_show_type\":0,\"audio_fileid\":0,\"duration\":0,\"play_url\":\"\",\"malicious_title_reason_id\":0,\"malicious_content_type\":0},{\"title\":\"蓝鸟侵权被起诉？罗氏子公司与之争夺“SPARK”商标\",\"digest\":\"蓝鸟并不打算回应。\",\"content\":\"\",\"fileid\":0,\"content_url\":\"http:\/\/mp.weixin.qq.com\/s?__biz=MzA3NTIyODUzNA==&amp;mid=2649629589&amp;idx=5&amp;sn=fb036a77b8af89fb8f2fdb0d63d568f6&amp;chksm=8769378cb01ebe9a3f251286accb655877d383f1e86603494d9893a3b6e0a82147710c19ffe7&amp;scene=27#wechat_redirect\",\"source_url\":\"\",\"cover\":\"http:\/\/mmbiz.qpic.cn\/mmbiz_jpg\/8iaq2iavZjQlNf3ZbUVHcLQvzGeqsXyfKdicSA11dboOmvhU1Um4kfWKbiafpIibSdgv2l9LEy1DxBAriaVhqkKnMCiaQ\/0?wx_fmt=jpeg\",\"author\":\"Amber Tong\",\"copyright_stat\":100,\"del_flag\":1,\"item_show_type\":0,\"audio_fileid\":0,\"duration\":0,\"play_url\":\"\",\"malicious_title_reason_id\":0,\"malicious_content_type\":0}],\"author\":\"多加\",\"copyright_stat\":11,\"duration\":0,\"del_flag\":1,\"item_show_type\":0,\"audio_fileid\":0,\"play_url\":\"\",\"malicious_title_reason_id\":0,\"malicious_content_type\":0}},{\"comm_msg_info\":{\"id\":1000001829,\"type\":49,\"datetime\":1621597153,\"fakeid\":\"3075228534\",\"status\":2,\"content\":\"\"},\"app_msg_ext_info\":{\"title\":\"湖北大学团队获得解决白色污染的“独家秘方”！可在短期内制造大量、低价的高活性塑料降解酶丨专访\",\"digest\":\"PET 生物降解是目前最有前景、亟待发展的塑料生物降解技术。\",\"content\":\"\",\"fileid\":0,\"content_url\":\"http:\/\/mp.weixin.qq.com\/s?__biz=MzA3NTIyODUzNA==&amp;mid=2649629550&amp;idx=1&amp;sn=203025fb7ce25fde8f3272c973bf8be0&amp;chksm=87693777b01ebe611b565eaf4ed0185a70f1600c160bef2297e0bc3ce8b1885237bc0addc143&amp;scene=27#wechat_redirect\",\"source_url\":\"https:\/\/android.myapp.com\/myapp\/detail.htm?apkName=com.mittrchina.mit&amp;ADTAG=mobile\",\"cover\":\"http:\/\/mmbiz.qpic.cn\/mmbiz_jpg\/JJtKEey0hPYbfkBUh149lfIW7YRjyXd5kAKZzc0SrfxqOj5CbMqSqw8jK4cEcBsNDBTibsArice7w8WicJUhtiahrg\/0?wx_fmt=jpeg\",\"subtype\":9,\"is_multi\":1,\"multi_app_msg_item_list\":[{\"title\":\"6月5日见！新能源智能汽车创新峰会，探寻最具发展潜力的新兴科技\",\"digest\":\"峰会将于6月5日在湖州长兴久光温德姆酒店举行。\",\"content\":\"\",\"fileid\":0,\"content_url\":\"http:\/\/mp.weixin.qq.com\/s?__biz=MzA3NTIyODUzNA==&amp;mid=2649629550&amp;idx=2&amp;sn=80d0001e9578b0e919f7618d5c4e1cd0&amp;chksm=87693777b01ebe61357f68ad014ad11d078d0b7b77b2dcd36ca09780f8eaf0e1a5b51f85e899&amp;scene=27#wechat_redirect\",\"source_url\":\"http:\/\/hdxu.cn\/FBY3I\",\"cover\":\"http:\/\/mmbiz.qpic.cn\/mmbiz_jpg\/JJtKEey0hPYbfkBUh149lfIW7YRjyXd5cKJCP5y4u5QMw1agepzdFianicDgicHj0AFXfuWSyQ9mnWDORBJuQ7bRA\/0?wx_fmt=jpeg\",\"author\":\"\",\"copyright_stat\":100,\"del_flag\":1,\"item_show_type\":0,\"audio_fileid\":0,\"duration\":0,\"play_url\":\"\",\"malicious_title_reason_id\":0,\"malicious_content_type\":0},{\"title\":\"原子层沉积技术：高效催化剂设计“工具箱”，或将助力化工行业掀起绿色变革\",\"digest\":\"分享一篇文章。\",\"content\":\"\",\"fileid\":0,\"content_url\":\"http:\/\/mp.weixin.qq.com\/s?__biz=MzA3NTIyODUzNA==&amp;mid=2649629550&amp;idx=3&amp;sn=a1725cf965f7ed7fa9bc8f1d86c8ca99&amp;chksm=87693777b01ebe61e2839ab29a56cd96829e159f46a461248695694b69e39fd40f28980385b8&amp;scene=27#wechat_redirect\",\"source_url\":\"\",\"cover\":\"http:\/\/mmbiz.qpic.cn\/mmbiz_jpg\/C4wspoQ9GEr3BayzRMeUrFXib1BSgHPwVclltRydicXc9N6AichqaMbrmObcFe9oAbrHa4iaToH4xc8PQnq5pCicauA\/0?wx_fmt=jpeg\",\"author\":\"\",\"copyright_stat\":101,\"del_flag\":1,\"item_show_type\":0,\"audio_fileid\":0,\"duration\":0,\"play_url\":\"\",\"malicious_title_reason_id\":0,\"malicious_content_type\":0},{\"title\":\"生物计算“再现”此前互联网发展趋势，基因研究组学和新生机器学习算法扮演重要角色\",\"digest\":\"在生物计算领域，也有三个标志性数据在不断突破新高，首先是基因组学研究带来的数据量，其次是新药研发过程中积累的知识量，最后是新生机器学习算法的变化速度。\",\"content\":\"\",\"fileid\":502145873,\"content_url\":\"http:\/\/mp.weixin.qq.com\/s?__biz=MzA3NTIyODUzNA==&amp;mid=2649629550&amp;idx=4&amp;sn=5121765bd9a66cc2e3a6a2ce8a673332&amp;chksm=87693777b01ebe611e1417bd8898152864fbc32ceacde47b6d18587ee71fdc179d1ecaf0593a&amp;scene=27#wechat_redirect\",\"source_url\":\"https:\/\/android.myapp.com\/myapp\/detail.htm?apkName=com.mittrchina.mit&amp;ADTAG=mobile\",\"cover\":\"http:\/\/mmbiz.qpic.cn\/mmbiz_jpg\/JJtKEey0hPYbfkBUh149lfIW7YRjyXd5sjh2qbjHia2KoxSQ1Wme40IKw8oYTETVzt0uahIXInUibLpqGTgBAN6g\/0?wx_fmt=jpeg\",\"author\":\"vantee\",\"copyright_stat\":100,\"del_flag\":1,\"item_show_type\":0,\"audio_fileid\":0,\"duration\":0,\"play_url\":\"\",\"malicious_title_reason_id\":0,\"malicious_content_type\":0},{\"title\":\"辉瑞、Modena疫苗可对印度变异毒株产生抗体\",\"digest\":\"最近美国一项实验研究发现，辉瑞和 Modena 生产的新冠疫苗，可使接种者对席卷印度的变异病毒产生免疫力，但\",\"content\":\"\",\"fileid\":0,\"content_url\":\"http:\/\/mp.weixin.qq.com\/s?__biz=MzA3NTIyODUzNA==&amp;mid=2649629550&amp;idx=5&amp;sn=130fa55f13ff12ff00c9cf4f017c8449&amp;chksm=87693777b01ebe61ee28d223f9c840e5ec57ad2cd6da223b8b4be5827b886cb346969d168279&amp;scene=27#wechat_redirect\",\"source_url\":\"https:\/\/android.myapp.com\/myapp\/detail.htm?apkName=com.mittrchina.mit&amp;ADTAG=mobile\",\"cover\":\"http:\/\/mmbiz.qpic.cn\/mmbiz_jpg\/JJtKEey0hPYbfkBUh149lfIW7YRjyXd5xI0jSCuibQz4sicLReQIGsPoSMU5W1Zr2EG9tB2coXTlB13e61kgtSzA\/0?wx_fmt=jpeg\",\"author\":\"Cici\",\"copyright_stat\":100,\"del_flag\":1,\"item_show_type\":0,\"audio_fileid\":0,\"duration\":0,\"play_url\":\"\",\"malicious_title_reason_id\":0,\"malicious_content_type\":0},{\"title\":\"效果超过自体CAR-T！细胞疗法新锐公布首个通用型CAR-T临床数据\",\"digest\":\"CAR-T 新锐 Allogene Therapeutic 最近公布了其新鲜出炉的临床数据，证明了其用于治疗\",\"content\":\"\",\"fileid\":0,\"content_url\":\"http:\/\/mp.weixin.qq.com\/s?__biz=MzA3NTIyODUzNA==&amp;mid=2649629550&amp;idx=6&amp;sn=ada1f96e1abc7b70f555960bd144cb86&amp;chksm=87693777b01ebe613ee847a9cbc2c4ac1b8853604516d7206aea860aa66f09328a8ce0012b0b&amp;scene=27#wechat_redirect\",\"source_url\":\"\",\"cover\":\"http:\/\/mmbiz.qpic.cn\/mmbiz_jpg\/8iaq2iavZjQlNBHiaib2fuMcxnBpq8c2UpN07h3OrKnKfDKSutbcRHUSaE6zAO6GAjFyFiaaPZ7ZG4RSRvHmfxwptsw\/0?wx_fmt=jpeg\",\"author\":\"John Carroll\",\"copyright_stat\":201,\"del_flag\":1,\"item_show_type\":0,\"audio_fileid\":0,\"duration\":0,\"play_url\":\"\",\"malicious_title_reason_id\":0,\"malicious_content_type\":0},{\"title\":\"明日直播  | 英国皇家化学会-厦门大学青年学者论坛\",\"digest\":\"英国皇家化学会（RSC）联合厦门大学共同举办的 2021 青年学者论坛将于明日开启， 主题为人工智能在化学和\",\"content\":\"\",\"fileid\":0,\"content_url\":\"http:\/\/mp.weixin.qq.com\/s?__biz=MzA3NTIyODUzNA==&amp;mid=2649629550&amp;idx=7&amp;sn=bf9bfa891e7b40eae0fbea714b4afb86&amp;chksm=87693777b01ebe61b4ef2b75d01b9f371cc43b14a97fc028b3ed06fe777a4c069b0782b758a3&amp;scene=27#wechat_redirect\",\"source_url\":\"\",\"cover\":\"http:\/\/mmbiz.qpic.cn\/mmbiz_jpg\/PWicFNOZAtK5PSiauGicJy94nvSGAPZO7fyFkFAwcrCNEueF6raYNhW1ibibG9LudotXpym4YPCgdYfSibgBPhsWoPkw\/0?wx_fmt=jpeg\",\"author\":\"👉\",\"copyright_stat\":202,\"del_flag\":1,\"item_show_type\":0,\"audio_fileid\":0,\"duration\":0,\"play_url\":\"\",\"malicious_title_reason_id\":0,\"malicious_content_type\":0}],\"author\":\"高湘宜、刘雅坤\",\"copyright_stat\":11,\"duration\":0,\"del_flag\":1,\"item_show_type\":0,\"audio_fileid\":0,\"play_url\":\"\",\"malicious_title_reason_id\":0,\"malicious_content_type\":0}},{\"comm_msg_info\":{\"id\":1000001828,\"type\":49,\"datetime\":1621512661,\"fakeid\":\"3075228534\",\"status\":2,\"content\":\"\"},\"app_msg_ext_info\":{\"title\":\"“中国天眼” 520 表白祖国，新发现 212 颗暗弱脉冲星，挑战当代通用银河系电子密度模型 | 专访\",\"digest\":\"520，中国科学家用新发现的 212 颗脉冲星向祖国表白！\",\"content\":\"\",\"fileid\":0,\"content_url\":\"http:\/\/mp.weixin.qq.com\/s?__biz=MzA3NTIyODUzNA==&amp;mid=2649629395&amp;idx=1&amp;sn=046bd5fa57f403a9bf2475da0d8bebb0&amp;chksm=876936cab01ebfdca3c8027a138857767e83dfed735b24b3d2e046702a5c60946c5620fd0997&amp;scene=27#wechat_redirect\",\"source_url\":\"https:\/\/android.myapp.com\/myapp\/detail.htm?apkName=com.mittrchina.mit&amp;ADTAG=mobile\",\"cover\":\"http:\/\/mmbiz.qpic.cn\/mmbiz_jpg\/JJtKEey0hPbvNKUtX5yjLDu502GnBUEyncW7GptGfdB4Dkfn1GrRdkh8eqhgqgvSXAib4lbA73mnc4ibZMqdGvLw\/0?wx_fmt=jpeg\",\"subtype\":9,\"is_multi\":1,\"multi_app_msg_item_list\":[{\"title\":\"BCI脑机接口意念打字准确率超99%，想为这项技术预留USB接口！专家：人机共融的成功开端丨专访\",\"digest\":\"从长远来看，也许人类只需要大脑而存在，可能会真正实现“人机共融”。\",\"content\":\"\",\"fileid\":0,\"content_url\":\"http:\/\/mp.weixin.qq.com\/s?__biz=MzA3NTIyODUzNA==&amp;mid=2649629395&amp;idx=2&amp;sn=1266464e06f9f80fa2399a9a9e633b8b&amp;chksm=876936cab01ebfdc8203ff7114519f3df5fcc6c7253facca0b14afa96a0dc40b0dbddd77c2ce&amp;scene=27#wechat_redirect\",\"source_url\":\"https:\/\/android.myapp.com\/myapp\/detail.htm?apkName=com.mittrchina.mit&amp;ADTAG=mobile\",\"cover\":\"http:\/\/mmbiz.qpic.cn\/mmbiz_jpg\/JJtKEey0hPaSiauAkQBIEjnoK7m3CVymvcI2WO3ibwr0WBM0Vlm6q5iboE5iaBicp7HmnFufOqWHVBic0ibpYNu7M5iaYQ\/0?wx_fmt=jpeg\",\"author\":\"刘雅坤\",\"copyright_stat\":11,\"del_flag\":1,\"item_show_type\":0,\"audio_fileid\":0,\"duration\":0,\"play_url\":\"\",\"malicious_title_reason_id\":0,\"malicious_content_type\":0},{\"title\":\"台湾连续停电风波，竟求助台积电、联电暂时停产度难关？\",\"digest\":\"分享一篇文章。\",\"content\":\"\",\"fileid\":0,\"content_url\":\"http:\/\/mp.weixin.qq.com\/s?__biz=MzA3NTIyODUzNA==&amp;mid=2649629395&amp;idx=3&amp;sn=73618dc8fe893bba6a9bbaf4b0e10483&amp;chksm=876936cab01ebfdc98f035fb7a3cc19bf13ead7981c9166778c71a3d4339237b3a4e5c548cd7&amp;scene=27#wechat_redirect\",\"source_url\":\"\",\"cover\":\"http:\/\/mmbiz.qpic.cn\/mmbiz_jpg\/viaUuks3128JAwcib3AZwVToEbBosOp3lfKbJg3ssGwdpbos4XZQ1KNkxsvbVCbDloDjZEFsSXDaYtwKksUlHdDw\/0?wx_fmt=jpeg\",\"author\":\"\",\"copyright_stat\":101,\"del_flag\":1,\"item_show_type\":0,\"audio_fileid\":0,\"duration\":0,\"play_url\":\"\",\"malicious_title_reason_id\":0,\"malicious_content_type\":0},{\"title\":\"“祝融号” 开启 “地火传书”：已传回 2 张火星照片！\",\"digest\":\"5 月 19 日，中国国家航天局发布中国首次火星探测 “天问一号” 任务探测器着陆过程两器分离和着陆后 “祝融号” 火星车拍摄的影像。\",\"content\":\"\",\"fileid\":0,\"content_url\":\"http:\/\/mp.weixin.qq.com\/s?__biz=MzA3NTIyODUzNA==&amp;mid=2649629395&amp;idx=4&amp;sn=6bdf2300377b156789dd3e0ccc1306fe&amp;chksm=876936cab01ebfdce39b486ff065a93ff0869f306b8eb374fa29ca15a0fca9517cefb7a4b313&amp;scene=27#wechat_redirect\",\"source_url\":\"https:\/\/android.myapp.com\/myapp\/detail.htm?apkName=com.mittrchina.mit&amp;ADTAG=mobile\",\"cover\":\"http:\/\/mmbiz.qpic.cn\/mmbiz_jpg\/JJtKEey0hPbvNKUtX5yjLDu502GnBUEyliaibgZlpr4pGGQKg42AFn167zo465ttibicbvY4c4CcHXSzZiclKAj7S2Q\/0?wx_fmt=jpeg\",\"author\":\"Cici\",\"copyright_stat\":100,\"del_flag\":1,\"item_show_type\":0,\"audio_fileid\":0,\"duration\":0,\"play_url\":\"\",\"malicious_title_reason_id\":0,\"malicious_content_type\":0},{\"title\":\"基因疗法先驱打造“轮辐”式公司，获淡马锡2亿下注，意欲挑战多基因疾病领域\",\"digest\":\"从 “杰西事件” 涅槃后，基因治疗先驱詹姆斯・威尔逊（James Wilson）的产业落地脚步逐渐加速。在淡\",\"content\":\"\",\"fileid\":0,\"content_url\":\"http:\/\/mp.weixin.qq.com\/s?__biz=MzA3NTIyODUzNA==&amp;mid=2649629395&amp;idx=5&amp;sn=72d7f52a21ab0833fcaf09ec525af68f&amp;chksm=876936cab01ebfdcbec58f6fac536c7ec581f3b33df5ea53580e7d16211f4b7d0a6055684ff6&amp;scene=27#wechat_redirect\",\"source_url\":\"\",\"cover\":\"http:\/\/mmbiz.qpic.cn\/mmbiz_jpg\/8iaq2iavZjQlPt0MmelrlMiaje0vV1tYw0xYia91H26lb8fk525wmQyZuzIy5DcChr5c1JyOnKQEX44fca2VBKSOpw\/0?wx_fmt=jpeg\",\"author\":\"胡莉花\",\"copyright_stat\":201,\"del_flag\":1,\"item_show_type\":0,\"audio_fileid\":0,\"duration\":0,\"play_url\":\"\",\"malicious_title_reason_id\":0,\"malicious_content_type\":0},{\"title\":\"字节跳动张一鸣卸任 CEO，联合创始人梁汝波接任\",\"digest\":\"​5 月 20 日，字节跳动创始人张一鸣发布了内部全员信，宣布将卸任字节跳动 CEO 一职。之后将由字节跳动联合创始人梁汝波接任新 CEO 的职位。\",\"content\":\"\",\"fileid\":0,\"content_url\":\"http:\/\/mp.weixin.qq.com\/s?__biz=MzA3NTIyODUzNA==&amp;mid=2649629395&amp;idx=6&amp;sn=096f01d123e9fa60f2d79dc11b9c6c8e&amp;chksm=876936cab01ebfdc0e5a2593c4408b54875ff2a63336892de1f9d2caa2752fe3a30dfafccf63&amp;scene=27#wechat_redirect\",\"source_url\":\"https:\/\/android.myapp.com\/myapp\/detail.htm?apkName=com.mittrchina.mit&amp;ADTAG=mobile\",\"cover\":\"http:\/\/mmbiz.qpic.cn\/mmbiz_jpg\/JJtKEey0hPbvNKUtX5yjLDu502GnBUEyrIqxW4lict6pcdicWwqNgc0utECtHZxkPE48dWibQJ4XjEyKvcDW37lkw\/0?wx_fmt=jpeg\",\"author\":\"贾雨朦\",\"copyright_stat\":100,\"del_flag\":1,\"item_show_type\":0,\"audio_fileid\":0,\"duration\":0,\"play_url\":\"\",\"malicious_title_reason_id\":0,\"malicious_content_type\":0},{\"title\":\"成立9个月达成8笔合作，主打License in的联拓生物直指上市？\",\"digest\":\"近日，联拓生物（LianBio）宣布和美国的生物制药公司 Landos Biopharma（以下简称 “La\",\"content\":\"\",\"fileid\":0,\"content_url\":\"http:\/\/mp.weixin.qq.com\/s?__biz=MzA3NTIyODUzNA==&amp;mid=2649629395&amp;idx=7&amp;sn=c127f2f2335a8d15892e5f64386ba375&amp;chksm=876936cab01ebfdc7b7d5ba473a7834203a63a6b1e1d7d7e81823c1be9713717db216e218342&amp;scene=27#wechat_redirect\",\"source_url\":\"\",\"cover\":\"http:\/\/mmbiz.qpic.cn\/mmbiz_jpg\/8iaq2iavZjQlPt0MmelrlMiaje0vV1tYw0xdbCyLbnqV7dkgGYHt9L94qs1WV5Ad8BprxyiaMjjCW49xmssEuuuEWA\/0?wx_fmt=jpeg\",\"author\":\"胡莉花\",\"copyright_stat\":201,\"del_flag\":1,\"item_show_type\":0,\"audio_fileid\":0,\"duration\":0,\"play_url\":\"\",\"malicious_title_reason_id\":0,\"malicious_content_type\":0}],\"author\":\"杨一鸟、多加\",\"copyright_stat\":11,\"duration\":0,\"del_flag\":1,\"item_show_type\":0,\"audio_fileid\":0,\"play_url\":\"\",\"malicious_title_reason_id\":0,\"malicious_content_type\":0}},{\"comm_msg_info\":{\"id\":1000001827,\"type\":49,\"datetime\":1621434217,\"fakeid\":\"3075228534\",\"status\":2,\"content\":\"\"},\"app_msg_ext_info\":{\"title\":\"浙大学者发现电子自旋操控的高速开关，这一Rashba物理“新大陆”可用于自旋场效应晶体管开发｜专访\",\"digest\":\"浙大学者发现电子自旋操控的高速开关，可用于开发自旋场效应晶体管\",\"content\":\"\",\"fileid\":0,\"content_url\":\"http:\/\/mp.weixin.qq.com\/s?__biz=MzA3NTIyODUzNA==&amp;mid=2649629341&amp;idx=1&amp;sn=010a2fe9514807c3b88a7929276c0b4d&amp;chksm=87693684b01ebf9296fe11bfa60aae41fdaff46cc44aabb74960ab6a35f951f6661ebd95e14f&amp;scene=27#wechat_redirect\",\"source_url\":\"https:\/\/android.myapp.com\/myapp\/detail.htm?apkName=com.mittrchina.mit&amp;ADTAG=mobile\",\"cover\":\"http:\/\/mmbiz.qpic.cn\/mmbiz_jpg\/JJtKEey0hPaSiauAkQBIEjnoK7m3CVymvXy7wibxedsSVW8FUw0hibPiaz4zibaqxUDzicBWYudRMCKIJ5SS2LhPb6aw\/0?wx_fmt=jpeg\",\"subtype\":9,\"is_multi\":1,\"multi_app_msg_item_list\":[{\"title\":\"6月5日见！新能源智能汽车创新峰会，探寻最具发展潜力的新兴科技\",\"digest\":\"峰会将于6月5日在湖州长兴久光温德姆酒店举行。\",\"content\":\"\",\"fileid\":0,\"content_url\":\"http:\/\/mp.weixin.qq.com\/s?__biz=MzA3NTIyODUzNA==&amp;mid=2649629341&amp;idx=2&amp;sn=fdf91d1c2bbc664623f62faf308fdd96&amp;chksm=87693684b01ebf922cf5fee713210f7da59ac2bf32a9144d66676e4b48fd4e63ea3ea1fe3e2d&amp;scene=27#wechat_redirect\",\"source_url\":\"http:\/\/hdxu.cn\/FBY3I\",\"cover\":\"http:\/\/mmbiz.qpic.cn\/mmbiz_jpg\/JJtKEey0hPZvtkMzAS3XfLqknxaPicsCvsKwZClkUObhjWUGxftKqHpYFNrjZ58U1PgicibX9ialJiatkCPSddy7AsQ\/0?wx_fmt=jpeg\",\"author\":\"\",\"copyright_stat\":100,\"del_flag\":1,\"item_show_type\":0,\"audio_fileid\":0,\"duration\":0,\"play_url\":\"\",\"malicious_title_reason_id\":0,\"malicious_content_type\":0},{\"title\":\"20年聚焦蛋白质从头测序，锁定成药的“关键环节”，中国公司已落地运行|专访滑铁卢大学李明\",\"digest\":\"分享一篇文章。\",\"content\":\"\",\"fileid\":0,\"content_url\":\"http:\/\/mp.weixin.qq.com\/s?__biz=MzA3NTIyODUzNA==&amp;mid=2649629341&amp;idx=3&amp;sn=72c442d4ccd6f366aea93250bb4a3f53&amp;chksm=87693684b01ebf9250efc551fab915fb903c6255dfdf45ff93420a402a5bedbe8d3b6a09b95f&amp;scene=27#wechat_redirect\",\"source_url\":\"\",\"cover\":\"http:\/\/mmbiz.qpic.cn\/mmbiz_jpg\/8iaq2iavZjQlPNDpPhs9mIibPic0kqvU1yZVB0JuTJP3MRJLgL8MfXHWmP69FjfSx22gyYA4ApEDw8dSAO2n0GMdYg\/0?wx_fmt=jpeg\",\"author\":\"\",\"copyright_stat\":101,\"del_flag\":1,\"item_show_type\":0,\"audio_fileid\":0,\"duration\":0,\"play_url\":\"\",\"malicious_title_reason_id\":0,\"malicious_content_type\":0},{\"title\":\"石墨烯产业化现状、关键制备技术突破与商业应用展望｜络绎知图深度解读\",\"digest\":\"分享一篇文章。\",\"content\":\"\",\"fileid\":0,\"content_url\":\"http:\/\/mp.weixin.qq.com\/s?__biz=MzA3NTIyODUzNA==&amp;mid=2649629341&amp;idx=4&amp;sn=d2cc794a37bdbd70fb0f3f9f39d83451&amp;chksm=87693684b01ebf92638e38f90180fc3fcc6fc43b78360e79aa498287d1484a9ca44e2ee39ba0&amp;scene=27#wechat_redirect\",\"source_url\":\"\",\"cover\":\"http:\/\/mmbiz.qpic.cn\/mmbiz_jpg\/C4wspoQ9GEr3BayzRMeUrFXib1BSgHPwVWTSxf5picN5A1bW3sqKgSu3Dbe02iaDSbjCtWzI3g0ZklyEu0gXxMjXQ\/0?wx_fmt=jpeg\",\"author\":\"\",\"copyright_stat\":101,\"del_flag\":1,\"item_show_type\":0,\"audio_fileid\":0,\"duration\":0,\"play_url\":\"\",\"malicious_title_reason_id\":0,\"malicious_content_type\":0},{\"title\":\"谷歌I\/O大会回归：持续AI发力却仍具人性温度\",\"digest\":\"新冠病毒迫使诸多线下会议暂停，今年谷歌 I\/O 大会终于以线上形式回归。然而白色口罩和冰冷的屏幕丝毫没有降低\",\"content\":\"\",\"fileid\":0,\"content_url\":\"http:\/\/mp.weixin.qq.com\/s?__biz=MzA3NTIyODUzNA==&amp;mid=2649629341&amp;idx=5&amp;sn=5c89eca84199fc998d14ebf35702752a&amp;chksm=87693684b01ebf92d1f527f7d52bc12d238413cd395cd25e81bdd9d706c54da2118e5677f6c2&amp;scene=27#wechat_redirect\",\"source_url\":\"https:\/\/android.myapp.com\/myapp\/detail.htm?apkName=com.mittrchina.mit&amp;ADTAG=mobile\",\"cover\":\"http:\/\/mmbiz.qpic.cn\/mmbiz_jpg\/JJtKEey0hPaSiauAkQBIEjnoK7m3CVymvF7j1UYjRJCzAEia2Ez2mYnzKvNjyeS2CdxicLNgzicD06VME13ka68fIQ\/0?wx_fmt=jpeg\",\"author\":\"Cici\",\"copyright_stat\":100,\"del_flag\":1,\"item_show_type\":0,\"audio_fileid\":0,\"duration\":0,\"play_url\":\"\",\"malicious_title_reason_id\":0,\"malicious_content_type\":0},{\"title\":\"苹果内部人士再发警告：Apple Store正被欺诈应用“破门而入”！免费试用后自动扣除千元年费\",\"digest\":\"​输入法应用 FlickType 的开发人员柯斯塔・埃勒夫瑟里奥（Kosta Eleftheriou）公布了一款能够筛选应用商店的欺诈应用的新软件后，引起了广泛关注。\",\"content\":\"\",\"fileid\":0,\"content_url\":\"http:\/\/mp.weixin.qq.com\/s?__biz=MzA3NTIyODUzNA==&amp;mid=2649629341&amp;idx=6&amp;sn=782c6f7dd0bca8f744c7c54aae6921a5&amp;chksm=87693684b01ebf92816ed5ac4edff6ea83d7b88c2d9ffd53ce2eaf2f4602884ee32222f0d39b&amp;scene=27#wechat_redirect\",\"source_url\":\"https:\/\/android.myapp.com\/myapp\/detail.htm?apkName=com.mittrchina.mit&amp;ADTAG=mobile\",\"cover\":\"http:\/\/mmbiz.qpic.cn\/mmbiz_jpg\/JJtKEey0hPaSiauAkQBIEjnoK7m3CVymvoTEWTOBTYA8ERCiabNrlwiacmWSGuoMicNMFJlhtFPGG6OXDjDkrbBvOg\/0?wx_fmt=jpeg\",\"author\":\"Cici\",\"copyright_stat\":100,\"del_flag\":1,\"item_show_type\":0,\"audio_fileid\":0,\"duration\":0,\"play_url\":\"\",\"malicious_title_reason_id\":0,\"malicious_content_type\":0},{\"title\":\"谷歌计划到 2029 年建造商用量子计算机，已建设全新量子AI园区\",\"digest\":\"八年对于硅谷来说是一段很长的时间，（但）对于谷歌来说，使量子成为可行的业务可能就足够了。\",\"content\":\"\",\"fileid\":0,\"content_url\":\"http:\/\/mp.weixin.qq.com\/s?__biz=MzA3NTIyODUzNA==&amp;mid=2649629341&amp;idx=7&amp;sn=afbf7aa6210da7301bad229b24628eec&amp;chksm=87693684b01ebf928a02cce71f37746be0c1b3619c7563877b93a94e26a5a3eb5e504f60c445&amp;scene=27#wechat_redirect\",\"source_url\":\"https:\/\/android.myapp.com\/myapp\/detail.htm?apkName=com.mittrchina.mit&amp;ADTAG=mobile\",\"cover\":\"http:\/\/mmbiz.qpic.cn\/mmbiz_jpg\/JJtKEey0hPaSiauAkQBIEjnoK7m3CVymvVnym3BqDMC3Co5lNhdLFSJ4Ej3Oma96CVTFg6jKbARk3ia6YOotppLg\/0?wx_fmt=jpeg\",\"author\":\"多加\",\"copyright_stat\":100,\"del_flag\":1,\"item_show_type\":0,\"audio_fileid\":0,\"duration\":0,\"play_url\":\"\",\"malicious_title_reason_id\":0,\"malicious_content_type\":0},{\"title\":\"挪威科学技术大学研发货运机器人，通过内置传感器和扫描仪来导航\",\"digest\":\"说到机器人， 你想到的什么模样的？是否像人类或者某种动物一样，有手有脚，甚至可以和人交谈，甚至还可能像电影中\",\"content\":\"\",\"fileid\":0,\"content_url\":\"http:\/\/mp.weixin.qq.com\/s?__biz=MzA3NTIyODUzNA==&amp;mid=2649629341&amp;idx=8&amp;sn=85fbe78648fea8eef9de264945184206&amp;chksm=87693684b01ebf92d394fb953df491c2f75e8cd862710abc193194e6a2d75e5f96e54bc2c468&amp;scene=27#wechat_redirect\",\"source_url\":\"https:\/\/android.myapp.com\/myapp\/detail.htm?apkName=com.mittrchina.mit&amp;ADTAG=mobile\",\"cover\":\"http:\/\/mmbiz.qpic.cn\/mmbiz_jpg\/JJtKEey0hPaSiauAkQBIEjnoK7m3CVymvvq3wdJrzG7iaiatnTYocnyQJtYbev18Sb8np94vJvq1riauSeRSFticFrA\/0?wx_fmt=jpeg\",\"author\":\"vantee\",\"copyright_stat\":100,\"del_flag\":1,\"item_show_type\":0,\"audio_fileid\":0,\"duration\":0,\"play_url\":\"\",\"malicious_title_reason_id\":0,\"malicious_content_type\":0}],\"author\":\"杨一鸟、多加\",\"copyright_stat\":11,\"duration\":0,\"del_flag\":1,\"item_show_type\":0,\"audio_fileid\":0,\"play_url\":\"\",\"malicious_title_reason_id\":0,\"malicious_content_type\":0}},{\"comm_msg_info\":{\"id\":1000001826,\"type\":49,\"datetime\":1621338343,\"fakeid\":\"3075228534\",\"status\":2,\"content\":\"\"},\"app_msg_ext_info\":{\"title\":\"西安科学家研发“最温柔的机械手”，夹果冻也不会破，还能上天下海采集标本 | 专访\",\"digest\":\"夏天来了，树莓和荔枝都在陆续上市。对于手部残疾的人来说，如果没有家人帮助他们该如何吃这种颗粒状水果？来自中国\",\"content\":\"\",\"fileid\":502145551,\"content_url\":\"http:\/\/mp.weixin.qq.com\/s?__biz=MzA3NTIyODUzNA==&amp;mid=2649629216&amp;idx=1&amp;sn=ac47c71ed04f42ac37042d9c1b639c46&amp;chksm=87693639b01ebf2fb6fe1b062207b34337e4fd1c4deeaa1b6758d491df8a70f62940e0a5761d&amp;scene=27#wechat_redirect\",\"source_url\":\"https:\/\/android.myapp.com\/myapp\/detail.htm?apkName=com.mittrchina.mit&amp;ADTAG=mobile\",\"cover\":\"http:\/\/mmbiz.qpic.cn\/mmbiz_jpg\/JJtKEey0hPZvtkMzAS3XfLqknxaPicsCvxCnHFSP9LqpPHibVGD89RY8IpSx5dZuanQKyzM8PwAGpveBRcYEXOmg\/0?wx_fmt=jpeg\",\"subtype\":9,\"is_multi\":1,\"multi_app_msg_item_list\":[{\"title\":\"50余位全球重量级评委助力甄选！寻找“35岁以下科技创新35人”\",\"digest\":\"《麻省理工科技评论》“35 岁以下科技创新 35 人”2021年中国区榜单正在报名中。\",\"content\":\"\",\"fileid\":0,\"content_url\":\"http:\/\/mp.weixin.qq.com\/s?__biz=MzA3NTIyODUzNA==&amp;mid=2649629216&amp;idx=2&amp;sn=7c3773cb4abb8ed1591dd74e4519cc32&amp;chksm=87693639b01ebf2f206c02ed3f24496d1f30a026f1df4e253807e5e17274a0562ed472f213cf&amp;scene=27#wechat_redirect\",\"source_url\":\"http:\/\/deeptech.mikecrm.com\/Kj43aeP\",\"cover\":\"http:\/\/mmbiz.qpic.cn\/mmbiz_jpg\/JJtKEey0hPZvtkMzAS3XfLqknxaPicsCvsaelzb7V0ppiamty6gw8VtBYLJl1ibF0ObeB5pwj7mcpG6bZP9R3JmzA\/0?wx_fmt=jpeg\",\"author\":\"麻省理工科技评论\",\"copyright_stat\":100,\"del_flag\":1,\"item_show_type\":0,\"audio_fileid\":0,\"duration\":0,\"play_url\":\"\",\"malicious_title_reason_id\":0,\"malicious_content_type\":0},{\"title\":\"马斯克有关可能抛售比特币的推文导致比特币大跌，之后马斯克澄清特斯拉并未出售任何比特币\",\"digest\":\"加密货币市场经历过山车已经连续两周，加密货币市场跟随着亿万富翁马斯克（ Elon Musk ）的推文，起起伏\",\"content\":\"\",\"fileid\":502145565,\"content_url\":\"http:\/\/mp.weixin.qq.com\/s?__biz=MzA3NTIyODUzNA==&amp;mid=2649629216&amp;idx=3&amp;sn=6c1f97ce8ed20b32698c6b8677532d03&amp;chksm=87693639b01ebf2f95bc66e5a7db78bfc541bfa7c0a113eed25d0b8dcf827d815aa616b6ff03&amp;scene=27#wechat_redirect\",\"source_url\":\"https:\/\/android.myapp.com\/myapp\/detail.htm?apkName=com.mittrchina.mit&amp;ADTAG=mobile\",\"cover\":\"http:\/\/mmbiz.qpic.cn\/mmbiz_jpg\/JJtKEey0hPZvtkMzAS3XfLqknxaPicsCvIiagrAribrJJ1CGB4mMZ8E2WUevdJrbOwtMr59ibLh1yOdiaS2UVHbJELQ\/0?wx_fmt=jpeg\",\"author\":\"vantee\",\"copyright_stat\":100,\"del_flag\":1,\"item_show_type\":0,\"audio_fileid\":0,\"duration\":0,\"play_url\":\"\",\"malicious_title_reason_id\":0,\"malicious_content_type\":0},{\"title\":\"普林斯顿大学团队研究：大脑输入感知和记忆就和用草稿纸一样？不够用就翻转过来写\",\"digest\":\"感知和记忆相结合，形成了人们的认知。既往研究表示，人类的短期记忆并不会进入前额叶皮层等高级认知区域，而是更多进入表征经验的感知区域。\",\"content\":\"\",\"fileid\":0,\"content_url\":\"http:\/\/mp.weixin.qq.com\/s?__biz=MzA3NTIyODUzNA==&amp;mid=2649629216&amp;idx=4&amp;sn=f231c365bd6d3d7c4f50d24471eb12f3&amp;chksm=87693639b01ebf2fa9a5ed83f9ad46212c62334d910d43c9f00e02861dca494f06ea52086b90&amp;scene=27#wechat_redirect\",\"source_url\":\"https:\/\/android.myapp.com\/myapp\/detail.htm?apkName=com.mittrchina.mit&amp;ADTAG=mobile\",\"cover\":\"http:\/\/mmbiz.qpic.cn\/mmbiz_jpg\/JJtKEey0hPYyoqkOLGATj9yY71vPcbvqwzYibgtrjog9jrwSyyFsAgQfT2kCT6IrQh3TcNwkmtdFQn13I2K25OA\/0?wx_fmt=jpeg\",\"author\":\"Cici\",\"copyright_stat\":100,\"del_flag\":1,\"item_show_type\":0,\"audio_fileid\":0,\"duration\":0,\"play_url\":\"\",\"malicious_title_reason_id\":0,\"malicious_content_type\":0},{\"title\":\"干细胞疗法能否撬动脑中风千亿蓝海？中美临床试验数量相当，但产业化差距巨大\",\"digest\":\"“中风后，时间就是大脑”，这句话被用来形容中风的风险。中风是一种急性脑血管病，由大脑缺血或出血引起， 因其发\",\"content\":\"\",\"fileid\":0,\"content_url\":\"http:\/\/mp.weixin.qq.com\/s?__biz=MzA3NTIyODUzNA==&amp;mid=2649629216&amp;idx=5&amp;sn=05a3934d1b3a1bc4f9fea1be620cc83a&amp;chksm=87693639b01ebf2f0421db2222811a14c8b1221957df3e03dd8991861afd06cb0f1367034fa8&amp;scene=27#wechat_redirect\",\"source_url\":\"\",\"cover\":\"http:\/\/mmbiz.qpic.cn\/mmbiz_jpg\/8iaq2iavZjQlOlWG1vlt1G3dWbuD1MHGmha9yDia7Eiaia2YzdfiaXrYXeQZWVrFDypNYoDLGslIAfppfVcic0qASibXJw\/0?wx_fmt=jpeg\",\"author\":\"宋冉 胡莉花\",\"copyright_stat\":201,\"del_flag\":1,\"item_show_type\":0,\"audio_fileid\":0,\"duration\":0,\"play_url\":\"\",\"malicious_title_reason_id\":0,\"malicious_content_type\":0},{\"title\":\"​PingCAP发布TiDB5.0版本，采用行列混存的方式实现完整的HTAP能力\",\"digest\":\"“兵之道，运用之妙，存乎一心”。不久前 PingCAP 公司举办了线上发布会，正式发布了 TiDB5.0 版\",\"content\":\"\",\"fileid\":0,\"content_url\":\"http:\/\/mp.weixin.qq.com\/s?__biz=MzA3NTIyODUzNA==&amp;mid=2649629216&amp;idx=6&amp;sn=63279e3e42ccc03edc6752788a074ca7&amp;chksm=87693639b01ebf2f7f4c2575c467ef31954326747425c687a9897007dcda9a3a56739539cc31&amp;scene=27#wechat_redirect\",\"source_url\":\"https:\/\/android.myapp.com\/myapp\/detail.htm?apkName=com.mittrchina.mit&amp;ADTAG=mobile\",\"cover\":\"http:\/\/mmbiz.qpic.cn\/mmbiz_jpg\/JJtKEey0hPZvtkMzAS3XfLqknxaPicsCvmzVxNXkMS5C6tibldH5BxksMub6PicGL8S2PdUZu8R5bguGT00VibfeKA\/0?wx_fmt=jpeg\",\"author\":\"马超\",\"copyright_stat\":100,\"del_flag\":1,\"item_show_type\":0,\"audio_fileid\":0,\"duration\":0,\"play_url\":\"\",\"malicious_title_reason_id\":0,\"malicious_content_type\":0},{\"title\":\"美国西北大学找到果蝇深睡眠阶段的证据，发现其具有废物清除功能\",\"digest\":\"睡觉这个事情我们再熟悉不过，但是真正了解其作用的并不多。对睡眠科学来说，睡觉是由浅入深再变浅的过程，来回交替\",\"content\":\"\",\"fileid\":0,\"content_url\":\"http:\/\/mp.weixin.qq.com\/s?__biz=MzA3NTIyODUzNA==&amp;mid=2649629216&amp;idx=7&amp;sn=e69efb295ee7cff54f96213f3e5a2d73&amp;chksm=87693639b01ebf2fb497c314deb4dcb700bbcb2b5d4fe40004ab9df73a8b438c9d7bce555d60&amp;scene=27#wechat_redirect\",\"source_url\":\"https:\/\/android.myapp.com\/myapp\/detail.htm?apkName=com.mittrchina.mit&amp;ADTAG=mobile\",\"cover\":\"http:\/\/mmbiz.qpic.cn\/mmbiz_jpg\/JJtKEey0hPZvtkMzAS3XfLqknxaPicsCvzlkp7K3wtIhkGpBPW2tVRZ8iaSn5ZcNHtpicJcibNDu1Yts2XcO7PC2PQ\/0?wx_fmt=jpeg\",\"author\":\"\",\"copyright_stat\":100,\"del_flag\":1,\"item_show_type\":0,\"audio_fileid\":0,\"duration\":0,\"play_url\":\"\",\"malicious_title_reason_id\":0,\"malicious_content_type\":0},{\"title\":\"细菌绘制电影海报与世界名画，用改造后光控的阿拉伯糖操纵子部件丨Nat Chem Biol.\",\"digest\":\"分享一篇文章。\",\"content\":\"\",\"fileid\":0,\"content_url\":\"http:\/\/mp.weixin.qq.com\/s?__biz=MzA3NTIyODUzNA==&amp;mid=2649629216&amp;idx=8&amp;sn=2d370a09ab30245d34690396b43cd18d&amp;chksm=87693639b01ebf2f6999ea613624ae38471947eb5e3905fc0cc19b371787222fa59d2b062d95&amp;scene=27#wechat_redirect\",\"source_url\":\"\",\"cover\":\"http:\/\/mmbiz.qpic.cn\/sz_mmbiz_jpg\/libZ8rRWYoouMh2uQ0lsic5U22Z7qTOfxiccQL5NcjLNWXmjCQ5iaam5B4WMlibHBgAzictGu13QF2nsTicMPH45nDCuQ\/0?wx_fmt=jpeg\",\"author\":\"\",\"copyright_stat\":101,\"del_flag\":1,\"item_show_type\":0,\"audio_fileid\":0,\"duration\":0,\"play_url\":\"\",\"malicious_title_reason_id\":0,\"malicious_content_type\":0}],\"author\":\"多加\",\"copyright_stat\":11,\"duration\":0,\"del_flag\":1,\"item_show_type\":0,\"audio_fileid\":0,\"play_url\":\"\",\"malicious_title_reason_id\":0,\"malicious_content_type\":0}},{\"comm_msg_info\":{\"id\":1000001825,\"type\":49,\"datetime\":1621224282,\"fakeid\":\"3075228534\",\"status\":2,\"content\":\"\"},\"app_msg_ext_info\":{\"title\":\"中国高海拔宇宙线观测站发现最高能量光子，开启“超高能伽马天文学”时代 | 独家解析\",\"digest\":\"北京时间 5 月 17 日上午 10 点，中国科学院高能物理研究所和 Springer Nature 联合发\",\"content\":\"\",\"fileid\":0,\"content_url\":\"http:\/\/mp.weixin.qq.com\/s?__biz=MzA3NTIyODUzNA==&amp;mid=2649628924&amp;idx=1&amp;sn=ce921454980a4f04e4488beb4a54461b&amp;chksm=876934e5b01ebdf3aff64cf592f845983d9861efd8bcd17e8340b12c7ddeb658fd519a9bca2b&amp;scene=27#wechat_redirect\",\"source_url\":\"https:\/\/mp.weixin.qq.com\/s\/BCAg4eVQhAzZdDuoWO7KWg\",\"cover\":\"http:\/\/mmbiz.qpic.cn\/mmbiz_jpg\/JJtKEey0hPYyoqkOLGATj9yY71vPcbvqzqx5xBmXXCAlFHvVu1qcbkibxHn1aQP5PusuMG37szEqbFlIpQ5OzyA\/0?wx_fmt=jpeg\",\"subtype\":9,\"is_multi\":1,\"multi_app_msg_item_list\":[{\"title\":\"在美国接种疫苗难，没有网络想接种疫苗更难\",\"digest\":\"马维斯・菲利普斯住在美国旧金山田德隆区，公寓面积 １９０ 平方英尺。在公寓接上网之前，菲利普斯靠着一位有手提\",\"content\":\"\",\"fileid\":0,\"content_url\":\"http:\/\/mp.weixin.qq.com\/s?__biz=MzA3NTIyODUzNA==&amp;mid=2649628924&amp;idx=2&amp;sn=5f4b8f1122504d97df25774f2b3bcd04&amp;chksm=876934e5b01ebdf3710bd10692f8e933cbececf493c2d9037a9c6abe68e0893c22fea812c7fb&amp;scene=27#wechat_redirect\",\"source_url\":\"https:\/\/mp.weixin.qq.com\/s\/BCAg4eVQhAzZdDuoWO7KWg\",\"cover\":\"http:\/\/mmbiz.qpic.cn\/mmbiz_jpg\/JJtKEey0hPaT5gkO9ibRrpJ07ict9E38pia4lxRGlFW5jbFicgwlXHvoAIucUvNuWvAwEY19MzFBx28PRajmz9t8HQ\/0?wx_fmt=jpeg\",\"author\":\"Eileen Guo\",\"copyright_stat\":11,\"del_flag\":1,\"item_show_type\":0,\"audio_fileid\":0,\"duration\":0,\"play_url\":\"\",\"malicious_title_reason_id\":0,\"malicious_content_type\":0},{\"title\":\"百度生物计算平台螺旋桨负责人：预训练技术在生物计算中的新应用\",\"digest\":\"日前，由中国首家生物计算技术驱动的生命科学公司百图生科，与致力于 IT 和 BT 交叉融合的创新孵化中心播禾\",\"content\":\"\",\"fileid\":0,\"content_url\":\"http:\/\/mp.weixin.qq.com\/s?__biz=MzA3NTIyODUzNA==&amp;mid=2649628924&amp;idx=3&amp;sn=487daef8a7f09b11b30ca102a2a34338&amp;chksm=876934e5b01ebdf3bc41d078798ac7ad2019d99fd481cffceccc1d50d40b40e2c01083e65f06&amp;scene=27#wechat_redirect\",\"source_url\":\"\",\"cover\":\"http:\/\/mmbiz.qpic.cn\/mmbiz_jpg\/8iaq2iavZjQlNOauvGRx9NchtI4gm0St53qVibpm9HPSUhvibfmJQW5vRmB2NqsBFeClt8t125KhyEYrNJg10TcA7w\/0?wx_fmt=jpeg\",\"author\":\"生辉\",\"copyright_stat\":201,\"del_flag\":1,\"item_show_type\":0,\"audio_fileid\":0,\"duration\":0,\"play_url\":\"\",\"malicious_title_reason_id\":0,\"malicious_content_type\":0},{\"title\":\"纽约州立大学团队研发3D打印防伪技术，可通过作品识别出制造该作品的机器\",\"digest\":\"提到 “3D 打印” 这个词，或许你正在越来越经常的听到。如今，越来越多的领域都开始使用 3D 打印技术，近\",\"content\":\"\",\"fileid\":0,\"content_url\":\"http:\/\/mp.weixin.qq.com\/s?__biz=MzA3NTIyODUzNA==&amp;mid=2649628924&amp;idx=4&amp;sn=cb089964fd8bb19e9c09912433908a35&amp;chksm=876934e5b01ebdf3f1a599f79a7c261f6645afa733f46511e79c8796aa27d7bc39dee4f22159&amp;scene=27#wechat_redirect\",\"source_url\":\"https:\/\/mp.weixin.qq.com\/s\/BCAg4eVQhAzZdDuoWO7KWg\",\"cover\":\"http:\/\/mmbiz.qpic.cn\/mmbiz_jpg\/JJtKEey0hPYF81hXkxt9ibnjIKVyrCMY4HEBjVFSibic9BB4HWibKkTKsNEYRic0H7TU0uFD98eocDibNbSUODiabNl3Q\/0?wx_fmt=jpeg\",\"author\":\"vantee\",\"copyright_stat\":100,\"del_flag\":1,\"item_show_type\":0,\"audio_fileid\":0,\"duration\":0,\"play_url\":\"\",\"malicious_title_reason_id\":0,\"malicious_content_type\":0},{\"title\":\"成立即获8200万美元融资，美国初创靶向转录因子“转换位点”开发新药\",\"digest\":\"美东时间 5 月 13 日，美国生物制药公司 Flare Therapeutics（以下简称为 “Flare\",\"content\":\"\",\"fileid\":0,\"content_url\":\"http:\/\/mp.weixin.qq.com\/s?__biz=MzA3NTIyODUzNA==&amp;mid=2649628924&amp;idx=5&amp;sn=5700bf854a2aa2848d1df66633755cf7&amp;chksm=876934e5b01ebdf392e888eeb2a2d8e4ca3b887de9e3518da6a3592b9db07717d2d2d1b3401b&amp;scene=27#wechat_redirect\",\"source_url\":\"\",\"cover\":\"http:\/\/mmbiz.qpic.cn\/mmbiz_jpg\/8iaq2iavZjQlP7zqTlTw5cz3tLuz9n26S26sUrszrRC0n1iaLXuoRy30zwIQIQB23W7Gyf1SkMVr6TwalRbqgLKgQ\/0?wx_fmt=jpeg\",\"author\":\"宋冉\",\"copyright_stat\":201,\"del_flag\":1,\"item_show_type\":0,\"audio_fileid\":0,\"duration\":0,\"play_url\":\"\",\"malicious_title_reason_id\":0,\"malicious_content_type\":0}],\"author\":\"多加\",\"copyright_stat\":11,\"duration\":0,\"del_flag\":1,\"item_show_type\":0,\"audio_fileid\":0,\"play_url\":\"\",\"malicious_title_reason_id\":0,\"malicious_content_type\":0}},{\"comm_msg_info\":{\"id\":1000001824,\"type\":49,\"datetime\":1621167801,\"fakeid\":\"3075228534\",\"status\":2,\"content\":\"\"},\"app_msg_ext_info\":{\"title\":\"浙大教授实现石墨烯“七十二变”！13500条氧化石墨烯纤维精确性可逆，有望用于药物定向释放 | 专访\",\"digest\":\"写文档时，假如你不小心删除了一段，这时只需按下 “Ctrl+Z”，就能原封不动地恢复被删除的内容。那么，材料\",\"content\":\"\",\"fileid\":502145237,\"content_url\":\"http:\/\/mp.weixin.qq.com\/s?__biz=MzA3NTIyODUzNA==&amp;mid=2649628909&amp;idx=1&amp;sn=c8e5243b9e45b57ad483b259ccffb4db&amp;chksm=876934f4b01ebde2fc0c2527d881cceba497cb1d5cb6a8406b7aa84d60f5c3eb53014a2fd665&amp;scene=27#wechat_redirect\",\"source_url\":\"https:\/\/android.myapp.com\/myapp\/detail.htm?apkName=com.mittrchina.mit&amp;ADTAG=mobile\",\"cover\":\"http:\/\/mmbiz.qpic.cn\/mmbiz_jpg\/JJtKEey0hPaT5gkO9ibRrpJ07ict9E38piatAFs25ianLSJicEib3c1m46u1GI0vOaibg2WnjtK40W0SnKeJZdGS4ggTw\/0?wx_fmt=jpeg\",\"subtype\":9,\"is_multi\":1,\"multi_app_msg_item_list\":[{\"title\":\"中科大校友揭示铁电体材料小漩涡奥秘 | 专访\",\"digest\":\"激情四溢的足球赛中，热情球迷们总会在球场中玩起 “人浪” 的游戏，这种由孤立的点形成 “和谐” 形状的现象，\",\"content\":\"\",\"fileid\":0,\"content_url\":\"http:\/\/mp.weixin.qq.com\/s?__biz=MzA3NTIyODUzNA==&amp;mid=2649628909&amp;idx=2&amp;sn=32e8fb906dae363c0985568d99ab217c&amp;chksm=876934f4b01ebde2bf89014103705b7f9dc6a73355695e37a2fe4e0b91a3dbce07875fe87418&amp;scene=27#wechat_redirect\",\"source_url\":\"https:\/\/android.myapp.com\/myapp\/detail.htm?apkName=com.mittrchina.mit&amp;ADTAG=mobile\",\"cover\":\"http:\/\/mmbiz.qpic.cn\/mmbiz_jpg\/JJtKEey0hPaT5gkO9ibRrpJ07ict9E38piaPonh5SrdiazqgkrB7mtyZib9RaZJkxFIImvJcVR41Y6jbMC4Rc3Hicx4g\/0?wx_fmt=jpeg\",\"author\":\"杨一鸟、多加\",\"copyright_stat\":11,\"del_flag\":1,\"item_show_type\":0,\"audio_fileid\":0,\"duration\":0,\"play_url\":\"\",\"malicious_title_reason_id\":0,\"malicious_content_type\":0},{\"title\":\"预计8月份印度总死亡人数将接近100万，该如何才能度过新冠危机？\",\"digest\":\"抗击印度的第二波疫情需要采取积极的公共卫生措施、提供紧急援助和增加全球疫苗的大规模生产。\",\"content\":\"\",\"fileid\":0,\"content_url\":\"http:\/\/mp.weixin.qq.com\/s?__biz=MzA3NTIyODUzNA==&amp;mid=2649628909&amp;idx=3&amp;sn=387522d558f1c1bec1c79f7a4ea13fcc&amp;chksm=876934f4b01ebde25bda3ed0b2fff234c972c6b9147408e89d8e7c7b3787c908d02c7aba0964&amp;scene=27#wechat_redirect\",\"source_url\":\"https:\/\/android.myapp.com\/myapp\/detail.htm?apkName=com.mittrchina.mit&amp;ADTAG=mobile\",\"cover\":\"http:\/\/mmbiz.qpic.cn\/mmbiz_jpg\/JJtKEey0hPZy8LPhRgeicPsGQMnaMZywVJXc4KPBCgcZX4BrmqDDRxOqkjia4oKrgibWDgcf2uXkN8lq5sqXUGINw\/0?wx_fmt=jpeg\",\"author\":\"Krishna、Andrea\",\"copyright_stat\":11,\"del_flag\":1,\"item_show_type\":0,\"audio_fileid\":0,\"duration\":0,\"play_url\":\"\",\"malicious_title_reason_id\":0,\"malicious_content_type\":0},{\"title\":\"一周速递丨有望帮助倒时差的“活体药房”；Ginkgo子公司的植物奶酪实现拉丝效果；核酸类似物公司Omne Possibile成立\",\"digest\":\"分享一篇文章。\",\"content\":\"\",\"fileid\":0,\"content_url\":\"http:\/\/mp.weixin.qq.com\/s?__biz=MzA3NTIyODUzNA==&amp;mid=2649628909&amp;idx=4&amp;sn=106a30cc0995a362a25acad49f6d0dd9&amp;chksm=876934f4b01ebde266cff41e3cfe82e74f4188bc5a3c01280b3e4ad40f0655039e50ceb72ff8&amp;scene=27#wechat_redirect\",\"source_url\":\"\",\"cover\":\"http:\/\/mmbiz.qpic.cn\/sz_mmbiz_jpg\/libZ8rRWYoovgkyLcF8ia37fBBnQqK6hGbeZMQZXOeKjBrMGPDDbFjkJowYIzx8xCrBIEfgsInHozpuqGAfxn8HQ\/0?wx_fmt=jpeg\",\"author\":\"\",\"copyright_stat\":101,\"del_flag\":1,\"item_show_type\":0,\"audio_fileid\":0,\"duration\":0,\"play_url\":\"\",\"malicious_title_reason_id\":0,\"malicious_content_type\":0},{\"title\":\"硅谷亿万富豪多次注资，集结 10 多家迷幻药公司的 ATAI 瞄准抑郁症，今年或将 IPO\",\"digest\":\"今年初，英国生命科学投资公司 Medicxi 主导将 10 家 biotech 合而为一家，将合并后的公司命\",\"content\":\"\",\"fileid\":0,\"content_url\":\"http:\/\/mp.weixin.qq.com\/s?__biz=MzA3NTIyODUzNA==&amp;mid=2649628909&amp;idx=5&amp;sn=e4bfcbbbba384d5f0c34e3a952116cd9&amp;chksm=876934f4b01ebde2053707b01b66a86bc73978b18ce26fb9bd40eda5b446258671f8a4ed0280&amp;scene=27#wechat_redirect\",\"source_url\":\"\",\"cover\":\"http:\/\/mmbiz.qpic.cn\/mmbiz_jpg\/8iaq2iavZjQlNOauvGRx9NchtI4gm0St53vYxFg0xpU0mrJhTrB4fAbIFF5tnbCicWWuRQ2aOFNCDrDSy1kicvaZ3g\/0?wx_fmt=jpeg\",\"author\":\"赵欣\",\"copyright_stat\":202,\"del_flag\":1,\"item_show_type\":0,\"audio_fileid\":0,\"duration\":0,\"play_url\":\"\",\"malicious_title_reason_id\":0,\"malicious_content_type\":0},{\"title\":\"因市民反对，纽约警局被迫将波士顿机器狗返回\",\"digest\":\"近日，纽约市民在反机器人战争中取得了阶段性胜利，纽约警局还没来及好好炫耀自己的新宠物 —— 波士顿动力狗 S\",\"content\":\"\",\"fileid\":0,\"content_url\":\"http:\/\/mp.weixin.qq.com\/s?__biz=MzA3NTIyODUzNA==&amp;mid=2649628909&amp;idx=6&amp;sn=9015bf6bada01ef00ccc8c7c5dd463d8&amp;chksm=876934f4b01ebde2fd47373a9a34473e6c709ece591b9283da4adda63a8e00b4242149fa2947&amp;scene=27#wechat_redirect\",\"source_url\":\"https:\/\/android.myapp.com\/myapp\/detail.htm?apkName=com.mittrchina.mit&amp;ADTAG=mobile\",\"cover\":\"http:\/\/mmbiz.qpic.cn\/mmbiz_jpg\/JJtKEey0hPaT5gkO9ibRrpJ07ict9E38pia3NfibqwBiaM8utlQBb9DtdU6k2mccCIsPx6ibaK1YwmG0D1EJox3kyxAQ\/0?wx_fmt=jpeg\",\"author\":\"Yanni\",\"copyright_stat\":11,\"del_flag\":1,\"item_show_type\":0,\"audio_fileid\":0,\"duration\":0,\"play_url\":\"\",\"malicious_title_reason_id\":0,\"malicious_content_type\":0}],\"author\":\"多加\",\"copyright_stat\":11,\"duration\":0,\"del_flag\":1,\"item_show_type\":0,\"audio_fileid\":0,\"play_url\":\"\",\"malicious_title_reason_id\":0,\"malicious_content_type\":0}},{\"comm_msg_info\":{\"id\":1000001823,\"type\":49,\"datetime\":1621044166,\"fakeid\":\"3075228534\",\"status\":2,\"content\":\"\"},\"app_msg_ext_info\":{\"title\":\"刚刚！中国“天问一号”探测器成功着陆火星！“祝融号”火星车将开启新征程\",\"digest\":\"中国火神降临火星！北京时间 5 月 15 日，在经历 “黑色九分钟” 后，中国首辆火星车 “祝融” 号与着陆\",\"content\":\"\",\"fileid\":0,\"content_url\":\"http:\/\/mp.weixin.qq.com\/s?__biz=MzA3NTIyODUzNA==&amp;mid=2649628837&amp;idx=1&amp;sn=503252d470131fe14cf37f1d15fce88a&amp;chksm=876934bcb01ebdaae22c8186007dc4fa78d8200cddb8321ab7228f82388dbd9b8aef3cfb3bb7&amp;scene=27#wechat_redirect\",\"source_url\":\"https:\/\/android.myapp.com\/myapp\/detail.htm?apkName=com.mittrchina.mit&amp;ADTAG=mobile\",\"cover\":\"http:\/\/mmbiz.qpic.cn\/mmbiz_jpg\/JJtKEey0hPbFPeiaKiaa3pL590uIOib3oL61xL7icfcYEWPujOVyeJ4giaYv0VibbgUJbYxMZLGyhIFZWMiahMVDpkG0w\/0?wx_fmt=jpeg\",\"subtype\":9,\"is_multi\":1,\"multi_app_msg_item_list\":[{\"title\":\"专访丨用病毒做肿瘤早筛，这家初创拟2022年推出测序联合细胞成像早筛平台\",\"digest\":\"癌症患者确诊后，往往是中晚期。根据世界卫生组织下属国际癌症研究机构 (IARC) 的相关数据，2020 年新\",\"content\":\"\",\"fileid\":0,\"content_url\":\"http:\/\/mp.weixin.qq.com\/s?__biz=MzA3NTIyODUzNA==&amp;mid=2649628837&amp;idx=2&amp;sn=7b4f406628a8e512b493688db5050570&amp;chksm=876934bcb01ebdaa8d9e52100da7722d8b77e8967e3d3b0ba29be78abbbf3eee8dff097ae71e&amp;scene=27#wechat_redirect\",\"source_url\":\"\",\"cover\":\"http:\/\/mmbiz.qpic.cn\/mmbiz_jpg\/8iaq2iavZjQlO3Ha0jakicNv7B19PxEiaAz2MnrmxYDoOKdtD9HtOzs35ichzwtb4PNGFEg63wOTyNd8QJs2C7fd8Rg\/0?wx_fmt=jpeg\",\"author\":\"胡莉花\",\"copyright_stat\":201,\"del_flag\":1,\"item_show_type\":0,\"audio_fileid\":0,\"duration\":0,\"play_url\":\"\",\"malicious_title_reason_id\":0,\"malicious_content_type\":0},{\"title\":\"哈佛大学最新研究：打孩子屁股，“伤”孩子大脑\",\"digest\":\"近年来，父母打不守规矩孩子的屁股可能越来越少了。因为科学表明，这可能不是对孩子最好的惩罚形式。2016 年《\",\"content\":\"\",\"fileid\":502145174,\"content_url\":\"http:\/\/mp.weixin.qq.com\/s?__biz=MzA3NTIyODUzNA==&amp;mid=2649628837&amp;idx=3&amp;sn=a319302604900556486b9758c6c1a3a4&amp;chksm=876934bcb01ebdaa43642f486e9a799cc919b1d03391c81dbd93b74ae1b698f3f3a9bd27b29e&amp;scene=27#wechat_redirect\",\"source_url\":\"https:\/\/android.myapp.com\/myapp\/detail.htm?apkName=com.mittrchina.mit&amp;ADTAG=mobile\",\"cover\":\"http:\/\/mmbiz.qpic.cn\/mmbiz_jpg\/JJtKEey0hPbFPeiaKiaa3pL590uIOib3oL68shETLgiaepqMtpzUQCBhAwSXTKYPHvC4laIjOaYeeBFZ7u4M0XBd4g\/0?wx_fmt=jpeg\",\"author\":\"周一\",\"copyright_stat\":100,\"del_flag\":1,\"item_show_type\":0,\"audio_fileid\":0,\"duration\":0,\"play_url\":\"\",\"malicious_title_reason_id\":0,\"malicious_content_type\":0},{\"title\":\"17家投资机构加注8.3亿美元，固体活检“高龄选手”冲刺IPO抢占GRAIL风头？\",\"digest\":\"近年来，随着肿瘤早筛意识不断深入人心，各大厂商纷纷参与到液体活检赛道中来，这一过程中诞生了 Grail 这样\",\"content\":\"\",\"fileid\":0,\"content_url\":\"http:\/\/mp.weixin.qq.com\/s?__biz=MzA3NTIyODUzNA==&amp;mid=2649628837&amp;idx=4&amp;sn=f4acada9502cd82f8c6732ea5b3cb31e&amp;chksm=876934bcb01ebdaa85314f94e054bd4a2016e3be9263d05b67eea9f25a3334043b9e011e3c0a&amp;scene=27#wechat_redirect\",\"source_url\":\"\",\"cover\":\"http:\/\/mmbiz.qpic.cn\/mmbiz_jpg\/8iaq2iavZjQlP7zqTlTw5cz3tLuz9n26S2ZoOHQGkAtN8iaYHCaJibofraTDiaImLdNcszoiaTicXNTAqo5uB6Hq2LBOw\/0?wx_fmt=jpeg\",\"author\":\"宋哲璇\",\"copyright_stat\":201,\"del_flag\":1,\"item_show_type\":0,\"audio_fileid\":0,\"duration\":0,\"play_url\":\"\",\"malicious_title_reason_id\":0,\"malicious_content_type\":0},{\"title\":\"牧羊犬智商超群，连续成研究主角\",\"digest\":\"近日，一只来自挪威的边境牧羊犬吸引了匈牙利罗兰大学的研究者们的注意。这只 4 岁的雌性边境牧羊犬名叫 Whi\",\"content\":\"\",\"fileid\":0,\"content_url\":\"http:\/\/mp.weixin.qq.com\/s?__biz=MzA3NTIyODUzNA==&amp;mid=2649628837&amp;idx=5&amp;sn=9b04f633642e6562ebc161019deea983&amp;chksm=876934bcb01ebdaa7ef401f1530311cc573fe9c8abe17e4a5649443fb83cc748a80f131d4596&amp;scene=27#wechat_redirect\",\"source_url\":\"https:\/\/android.myapp.com\/myapp\/detail.htm?apkName=com.mittrchina.mit&amp;ADTAG=mobile\",\"cover\":\"http:\/\/mmbiz.qpic.cn\/mmbiz_jpg\/JJtKEey0hPbFPeiaKiaa3pL590uIOib3oL69qCBIJZlSmGLK3HoicsBXmBicswalx3TR4LdF29rSWYmEicYeJIRlib2ew\/0?wx_fmt=jpeg\",\"author\":\"贾雨朦\",\"copyright_stat\":100,\"del_flag\":1,\"item_show_type\":0,\"audio_fileid\":0,\"duration\":0,\"play_url\":\"\",\"malicious_title_reason_id\":0,\"malicious_content_type\":0}],\"author\":\"REN\",\"copyright_stat\":11,\"duration\":0,\"del_flag\":1,\"item_show_type\":0,\"audio_fileid\":0,\"play_url\":\"\",\"malicious_title_reason_id\":0,\"malicious_content_type\":0}},{\"comm_msg_info\":{\"id\":1000001822,\"type\":49,\"datetime\":1620994028,\"fakeid\":\"3075228534\",\"status\":2,\"content\":\"\"},\"app_msg_ext_info\":{\"title\":\"MIT曹原再领石墨烯新动向！实现“能量势垒”的直接调控，后石墨烯转角电子学时代正式到来丨独家解析\",\"digest\":\"原子晶体界面的 “旋之又旋”，现在才刚刚开始。\",\"content\":\"\",\"fileid\":0,\"content_url\":\"http:\/\/mp.weixin.qq.com\/s?__biz=MzA3NTIyODUzNA==&amp;mid=2649628817&amp;idx=1&amp;sn=dfc039ed278dd74b37f849ab751d1d9a&amp;chksm=87693488b01ebd9e577c4aff7f397bad7364ef8830647ee8762c65b3f5815d66bdfcd42bf3bc&amp;scene=27#wechat_redirect\",\"source_url\":\"https:\/\/android.myapp.com\/myapp\/detail.htm?apkName=com.mittrchina.mit&amp;ADTAG=mobile\",\"cover\":\"http:\/\/mmbiz.qpic.cn\/mmbiz_jpg\/JJtKEey0hPY7aDfgP5mBxiadic7ib3aRrmdNEpDiaPQq2HrXDG9UJ6JuTZhXxSficFc4kQoSuWdjMDHjiaYWScFIq1yw\/0?wx_fmt=jpeg\",\"subtype\":9,\"is_multi\":1,\"multi_app_msg_item_list\":[{\"title\":\"报名开启！合成生物创新孵化平台Synbio Hive联合发起方院校新增至12所，评委增至29位\",\"digest\":\"Synbio Hive 创新大赛和创业大赛的团队报名已经开启！\",\"content\":\"\",\"fileid\":502144893,\"content_url\":\"http:\/\/mp.weixin.qq.com\/s?__biz=MzA3NTIyODUzNA==&amp;mid=2649628817&amp;idx=2&amp;sn=bea94dd908cc2a33633827b0f6e7640b&amp;chksm=87693488b01ebd9e70551887abd15ffcc890728cb424dc7ff0f83e3b80b8e632347e56fe86f1&amp;scene=27#wechat_redirect\",\"source_url\":\"http:\/\/www.synbiohive.com\/\",\"cover\":\"http:\/\/mmbiz.qpic.cn\/mmbiz_jpg\/JJtKEey0hPY7aDfgP5mBxiadic7ib3aRrmdDuvUqfQBwqcAicCc7iccV2xlLZz56Y6crsrHgJhwoVOVYvpSqYlvovQA\/0?wx_fmt=jpeg\",\"author\":\"Synbio Hive\",\"copyright_stat\":100,\"del_flag\":1,\"item_show_type\":0,\"audio_fileid\":0,\"duration\":0,\"play_url\":\"\",\"malicious_title_reason_id\":0,\"malicious_content_type\":0},{\"title\":\"中芯国际：缺芯到年底，电源管理芯片最为严重\",\"digest\":\"分享一篇文章。\",\"content\":\"\",\"fileid\":0,\"content_url\":\"http:\/\/mp.weixin.qq.com\/s?__biz=MzA3NTIyODUzNA==&amp;mid=2649628817&amp;idx=3&amp;sn=4acd42def1182cbccda65f61a4e05fc5&amp;chksm=87693488b01ebd9ec3ddbd663e63358589e1f114da35662e3172d72a4dbb79a2bb95a5982f36&amp;scene=27#wechat_redirect\",\"source_url\":\"\",\"cover\":\"http:\/\/mmbiz.qpic.cn\/mmbiz_jpg\/viaUuks3128JG4WmHLdLcib7OrzucqoicnycYu6aibjlBibroL8WUg1opwKsX3Y3A3D3K1M47U7NOYtyRYNBfQlnJtA\/0?wx_fmt=jpeg\",\"author\":\"\",\"copyright_stat\":101,\"del_flag\":1,\"item_show_type\":0,\"audio_fileid\":0,\"duration\":0,\"play_url\":\"\",\"malicious_title_reason_id\":0,\"malicious_content_type\":0},{\"title\":\"五年内投放1100亿美元，美参院委员会通过《无尽前沿》以“抗衡”中国科技发展？\",\"digest\":\"当地时间 5 月 13 日，美国参议院商业委员会投票决定，禁止任何参加由中国资助的人才招聘计划的美国科学家获\",\"content\":\"\",\"fileid\":0,\"content_url\":\"http:\/\/mp.weixin.qq.com\/s?__biz=MzA3NTIyODUzNA==&amp;mid=2649628817&amp;idx=4&amp;sn=4927a9ad94496b59d002547a03da0044&amp;chksm=87693488b01ebd9e423f0bf6863e1acc34212f1f89336f24796d90c441bc6d716d9a9f3ac91e&amp;scene=27#wechat_redirect\",\"source_url\":\"https:\/\/android.myapp.com\/myapp\/detail.htm?apkName=com.mittrchina.mit&amp;ADTAG=mobile\",\"cover\":\"http:\/\/mmbiz.qpic.cn\/mmbiz_jpg\/JJtKEey0hPY7aDfgP5mBxiadic7ib3aRrmdtZskU1zPv1vehfALfApLo2n4jsklBgDSFibDYa8llXfoxOH2c4icib9bA\/0?wx_fmt=jpeg\",\"author\":\"\",\"copyright_stat\":100,\"del_flag\":1,\"item_show_type\":0,\"audio_fileid\":0,\"duration\":0,\"play_url\":\"\",\"malicious_title_reason_id\":0,\"malicious_content_type\":0},{\"title\":\"马斯克称特斯拉暂停使用比特币支付，并在推文中转发比特币的耗电量\",\"digest\":\"众所周知，马斯克是比特币最热心的支持者之一。但本周马斯克的几条推文，却给比特币市场带来了巨大的上下震荡。美国\",\"content\":\"\",\"fileid\":502144768,\"content_url\":\"http:\/\/mp.weixin.qq.com\/s?__biz=MzA3NTIyODUzNA==&amp;mid=2649628817&amp;idx=5&amp;sn=8d5e3895d06533bf90ffb7c3d14a1331&amp;chksm=87693488b01ebd9e5e0e3b871d409ac08011e0bc40fe85857f79a5ac6048323f8ac41437b20f&amp;scene=27#wechat_redirect\",\"source_url\":\"https:\/\/android.myapp.com\/myapp\/detail.htm?apkName=com.mittrchina.mit&amp;ADTAG=mobile\",\"cover\":\"http:\/\/mmbiz.qpic.cn\/mmbiz_jpg\/JJtKEey0hPY7aDfgP5mBxiadic7ib3aRrmdbPicVtTg0NGpZo67FIrc5KALEhibV5JiazicQ37J89TIj28kLt5LNZM9yA\/0?wx_fmt=jpeg\",\"author\":\"vantee\",\"copyright_stat\":100,\"del_flag\":1,\"item_show_type\":0,\"audio_fileid\":0,\"duration\":0,\"play_url\":\"\",\"malicious_title_reason_id\":0,\"malicious_content_type\":0},{\"title\":\"在新冠患者激增的情况下，印度人是怎样众包援助的？\",\"digest\":\"从Tinder到社交软件再到Google文档，人们在基本无政府帮助的情况下一直在找寻氧气，药物和医疗设备。\",\"content\":\"\",\"fileid\":0,\"content_url\":\"http:\/\/mp.weixin.qq.com\/s?__biz=MzA3NTIyODUzNA==&amp;mid=2649628817&amp;idx=6&amp;sn=71330289f61634484c64abdf0c7433ad&amp;chksm=87693488b01ebd9e11aee833500d8f9bae4d66b0cb15209987e8d44ea0b030751b81c5a9d2a8&amp;scene=27#wechat_redirect\",\"source_url\":\"https:\/\/android.myapp.com\/myapp\/detail.htm?apkName=com.mittrchina.mit&amp;ADTAG=mobile\",\"cover\":\"http:\/\/mmbiz.qpic.cn\/mmbiz_jpg\/JJtKEey0hPY7aDfgP5mBxiadic7ib3aRrmdo9lYgWZM63aqhHvvQO9Gr2oIz8Yic6MI4q7x9lyjRl5DD30g89mQmuQ\/0?wx_fmt=jpeg\",\"author\":\"Varsha Bansal\",\"copyright_stat\":11,\"del_flag\":1,\"item_show_type\":0,\"audio_fileid\":0,\"duration\":0,\"play_url\":\"\",\"malicious_title_reason_id\":0,\"malicious_content_type\":0},{\"title\":\"SpaceX宣布星际飞船首个低轨飞行计划：90分钟绕地球一圈\",\"digest\":\"在星际飞船试飞终于没爆炸后，SpaceX 打算将它送到轨道中。美国时间 5 月 13 日，马斯克的 Spac\",\"content\":\"\",\"fileid\":0,\"content_url\":\"http:\/\/mp.weixin.qq.com\/s?__biz=MzA3NTIyODUzNA==&amp;mid=2649628817&amp;idx=7&amp;sn=6eb8b0373007470ab8cdb108da832a20&amp;chksm=87693488b01ebd9ecb0ec4e940a72557d842fdcc1214cee8b90ef914a2625401ecc87f2f1403&amp;scene=27#wechat_redirect\",\"source_url\":\"https:\/\/android.myapp.com\/myapp\/detail.htm?apkName=com.mittrchina.mit&amp;ADTAG=mobile\",\"cover\":\"http:\/\/mmbiz.qpic.cn\/mmbiz_jpg\/JJtKEey0hPY7aDfgP5mBxiadic7ib3aRrmdOaElFpsUWeVHeWzF2YZWBeGQfdaULnYNhYfWBFDFYXwIY0YpGzgpJA\/0?wx_fmt=jpeg\",\"author\":\"Cici\",\"copyright_stat\":100,\"del_flag\":1,\"item_show_type\":0,\"audio_fileid\":0,\"duration\":0,\"play_url\":\"\",\"malicious_title_reason_id\":0,\"malicious_content_type\":0},{\"title\":\"科罗拉多州立大学团队发现，大自然声音对健康十分有益\",\"digest\":\"今天，我们的居住环境日益城市化。这虽然给我们人类带来了诸多便利，但也在很多方面造成了消极的影响。人们在对推动\",\"content\":\"\",\"fileid\":502144720,\"content_url\":\"http:\/\/mp.weixin.qq.com\/s?__biz=MzA3NTIyODUzNA==&amp;mid=2649628817&amp;idx=8&amp;sn=38230aa1c1bd5005638045654af26076&amp;chksm=87693488b01ebd9e89ab8acc3930e2395b124802159dafc317bc47cd7e2b28e617105085cd40&amp;scene=27#wechat_redirect\",\"source_url\":\"https:\/\/android.myapp.com\/myapp\/detail.htm?apkName=com.mittrchina.mit&amp;ADTAG=mobile\",\"cover\":\"http:\/\/mmbiz.qpic.cn\/mmbiz_jpg\/JJtKEey0hPY7aDfgP5mBxiadic7ib3aRrmdK6W6xliaY1TENWexjicIicfxhcYYYMnyVK9QsmTWwVb2Ws4L57tYUmjmg\/0?wx_fmt=jpeg\",\"author\":\"路雨晴\",\"copyright_stat\":100,\"del_flag\":1,\"item_show_type\":0,\"audio_fileid\":0,\"duration\":0,\"play_url\":\"\",\"malicious_title_reason_id\":0,\"malicious_content_type\":0}],\"author\":\"刘雅坤\",\"copyright_stat\":11,\"duration\":0,\"del_flag\":1,\"item_show_type\":0,\"audio_fileid\":0,\"play_url\":\"\",\"malicious_title_reason_id\":0,\"malicious_content_type\":0}},{\"comm_msg_info\":{\"id\":1000001821,\"type\":49,\"datetime\":1620898561,\"fakeid\":\"3075228534\",\"status\":2,\"content\":\"\"},\"app_msg_ext_info\":{\"title\":\"清华大学激光“刺绣”出蜂窝状石墨烯材料，屏蔽99.999999%的入射电磁波 ，可低成本大规模制备 | 专访\",\"digest\":\"在应用上，则非常适用于监控人体呼吸、脉搏、和喉部运动等微弱生理信号。使用时，不需要将其搭载在其他产品上，其本身就是一个感应传感器，可直接将其贴敷于人体相应检测部位（如手腕、喉部等）以实现生理信号监测。\",\"content\":\"\",\"fileid\":0,\"content_url\":\"http:\/\/mp.weixin.qq.com\/s?__biz=MzA3NTIyODUzNA==&amp;mid=2649628288&amp;idx=1&amp;sn=f12aa1269fbdb7b70f4df29d8bf16463&amp;chksm=87690a99b01e838f4e6ae5f2783249dc6d8c891b62925dd1901cec24f629a38424a9e5207565&amp;scene=27#wechat_redirect\",\"source_url\":\"https:\/\/mp.weixin.qq.com\/s\/eSuLSyms6dWQ4LXloeIobQ\",\"cover\":\"http:\/\/mmbiz.qpic.cn\/mmbiz_jpg\/JJtKEey0hPZy8LPhRgeicPsGQMnaMZywVbJnAcxSUNJGCEfbCxA3hXBpqo37RJhz1yucP0w0iaJlWKSf0eb3oAJw\/0?wx_fmt=jpeg\",\"subtype\":9,\"is_multi\":1,\"multi_app_msg_item_list\":[{\"title\":\"物理新定律诞生，由中国科学家发现，可帮助机械臂抓住潮湿物体，有望用于机器人远程手术 | 专访\",\"digest\":\"研究人员发现了一种新的物理定律，可以解释机器人握住湿物体时发生的摩擦。\",\"content\":\"\",\"fileid\":502144416,\"content_url\":\"http:\/\/mp.weixin.qq.com\/s?__biz=MzA3NTIyODUzNA==&amp;mid=2649628288&amp;idx=2&amp;sn=7930e522aab5e31e24a1ccaeaac33a69&amp;chksm=87690a99b01e838f16ef1497df984e3ca728a59ed920510dfb0776fdf6d5c11bb42da6a298b6&amp;scene=27#wechat_redirect\",\"source_url\":\"https:\/\/mp.weixin.qq.com\/s\/rFLjk_7fI4TlwrwiyFzdKw\",\"cover\":\"http:\/\/mmbiz.qpic.cn\/mmbiz_jpg\/JJtKEey0hPZy8LPhRgeicPsGQMnaMZywVfvEBJLePG1Rfe0SJa35hCnXXHbHBRic4uZ9n7iaSZOJCNyxHFmFuKMZA\/0?wx_fmt=jpeg\",\"author\":\"多加\",\"copyright_stat\":11,\"del_flag\":1,\"item_show_type\":0,\"audio_fileid\":0,\"duration\":0,\"play_url\":\"\",\"malicious_title_reason_id\":0,\"malicious_content_type\":0},{\"title\":\"深度：美日结盟建 “去中化” 半导体供应链，芯片民族主义盛行下的负面影响\",\"digest\":\"分享一篇文章。\",\"content\":\"\",\"fileid\":0,\"content_url\":\"http:\/\/mp.weixin.qq.com\/s?__biz=MzA3NTIyODUzNA==&amp;mid=2649628288&amp;idx=3&amp;sn=1ffabe93c3ce739fc9e1c3cdd77abbef&amp;chksm=87690a99b01e838fc09d83dadb7c82b258992abe443929ff9159c368cfbfffd6e497f028c97d&amp;scene=27#wechat_redirect\",\"source_url\":\"\",\"cover\":\"http:\/\/mmbiz.qpic.cn\/mmbiz_jpg\/viaUuks3128KiabO6j8VeQNteVc9IvWHLF8fqO0jQ1BmA4Es5fibJicpJLAl8tR89Zb7enSJbSyEHj6FAicBbS0HKAQ\/0?wx_fmt=jpeg\",\"author\":\"\",\"copyright_stat\":101,\"del_flag\":1,\"item_show_type\":0,\"audio_fileid\":0,\"duration\":0,\"play_url\":\"\",\"malicious_title_reason_id\":0,\"malicious_content_type\":0},{\"title\":\"Ginkgo官宣175亿美元上市交易细节，SPAC方式对于合成生物学来说意味着什么？\",\"digest\":\"分享一篇文章。\",\"content\":\"\",\"fileid\":0,\"content_url\":\"http:\/\/mp.weixin.qq.com\/s?__biz=MzA3NTIyODUzNA==&amp;mid=2649628288&amp;idx=4&amp;sn=247b69a7c3c9f200b472ff9fa9173f11&amp;chksm=87690a99b01e838f5f17085eebc6764e39f930516aed6b3a28cd046e7facaf6d7431c5976528&amp;scene=27#wechat_redirect\",\"source_url\":\"\",\"cover\":\"http:\/\/mmbiz.qpic.cn\/sz_mmbiz_jpg\/libZ8rRWYoouj6N7wZ7nuPVB1Fluj8wSdLyWHibveYQXA7HHicvicfp6TRhQy2Fib8kFAic5XDov1kjBcyQib82LuLSGQ\/0?wx_fmt=jpeg\",\"author\":\"\",\"copyright_stat\":101,\"del_flag\":1,\"item_show_type\":0,\"audio_fileid\":0,\"duration\":0,\"play_url\":\"\",\"malicious_title_reason_id\":0,\"malicious_content_type\":0},{\"title\":\"哈佛大学联合发现，慢性鼻窦炎将影响大脑活动，该成果或将成为治疗慢性鼻窦炎的新起点\",\"digest\":\"美国每  10 个人中就有 1 个不同程度的慢性鼻窦炎患者。慢性鼻窦炎常伴有鼻塞、头痛、思考困难、失眠等并发\",\"content\":\"\",\"fileid\":0,\"content_url\":\"http:\/\/mp.weixin.qq.com\/s?__biz=MzA3NTIyODUzNA==&amp;mid=2649628288&amp;idx=5&amp;sn=b34eb1a66600b5749ffeb7c893df1a07&amp;chksm=87690a99b01e838f4006339404084013e424410cb3d1ff03af9800c6424621c01aa88b2b7d5a&amp;scene=27#wechat_redirect\",\"source_url\":\"https:\/\/android.myapp.com\/myapp\/detail.htm?apkName=com.mittrchina.mit&amp;ADTAG=mobile\",\"cover\":\"http:\/\/mmbiz.qpic.cn\/mmbiz_jpg\/JJtKEey0hPZ5vXt5onvicWiaWrC89O7Hdbic44vjiaUzGDqiakxC5I7Jj6OTvS3ZfFV24sicIvjOmL4NpX9R4Tt8AGjA\/0?wx_fmt=jpeg\",\"author\":\"北方\",\"copyright_stat\":100,\"del_flag\":1,\"item_show_type\":0,\"audio_fileid\":0,\"duration\":0,\"play_url\":\"\",\"malicious_title_reason_id\":0,\"malicious_content_type\":0},{\"title\":\"《科学结构图谱2021》：“人类可持续发展”成全球研究焦点\",\"digest\":\"4 月 30 日，中国科学院科技战略咨询研究院发布《科学结构图谱 2021》，以可视化方式展现了 2012 年 - 2017 年科学研究的宏观结合和内在关系，揭示了全球普遍关注的热点研究领域。\",\"content\":\"\",\"fileid\":0,\"content_url\":\"http:\/\/mp.weixin.qq.com\/s?__biz=MzA3NTIyODUzNA==&amp;mid=2649628288&amp;idx=6&amp;sn=2a48185b341653165bf0b00cb0b842ec&amp;chksm=87690a99b01e838f7dad8b9647c8d3e4493b16bfc50cc8cfb550a9a0c997040d57557ae8ceb0&amp;scene=27#wechat_redirect\",\"source_url\":\"https:\/\/android.myapp.com\/myapp\/detail.htm?apkName=com.mittrchina.mit&amp;ADTAG=mobile\",\"cover\":\"http:\/\/mmbiz.qpic.cn\/mmbiz_jpg\/JJtKEey0hPZy8LPhRgeicPsGQMnaMZywV9Ndpb4AlRzNCJv4LeONogibF21PlebMcoKicptjrTKPUy7cSl7NKCZFQ\/0?wx_fmt=jpeg\",\"author\":\"Cici\",\"copyright_stat\":100,\"del_flag\":1,\"item_show_type\":0,\"audio_fileid\":0,\"duration\":0,\"play_url\":\"\",\"malicious_title_reason_id\":0,\"malicious_content_type\":0}],\"author\":\"多加\",\"copyright_stat\":11,\"duration\":0,\"del_flag\":1,\"item_show_type\":0,\"audio_fileid\":0,\"play_url\":\"\",\"malicious_title_reason_id\":0,\"malicious_content_type\":0}}]}","next_offset":33,"video_count":1,"use_video_tab":1,"real_type":0,"home_page_list":[]}