{"ret":0,"errmsg":"ok","msg_count":10,"can_msg_continue":1,"general_msg_list":"{\"list\":[{\"comm_msg_info\":{\"id\":1000001807,\"type\":49,\"datetime\":1619938280,\"fakeid\":\"3075228534\",\"status\":2,\"content\":\"\"},\"app_msg_ext_info\":{\"title\":\"MIT赵选贺团队研制“人造肌腱”，受龙虾强韧腹膜启发！研发出高抗疲劳纳米纤维水凝胶 | 专访\",\"digest\":\"它的外观就像果冻一样，进入体内后能长期监控核心体征例如进食、吃药、温度、pH 值、和消化道病变等。\",\"content\":\"\",\"fileid\":0,\"content_url\":\"http:\/\/mp.weixin.qq.com\/s?__biz=MzA3NTIyODUzNA==&amp;mid=2649627149&amp;idx=1&amp;sn=3790e4186435e20bfa27e34aec2b0974&amp;chksm=87690e14b01e87025637b6fbc0d4e579a12ba5ac66959c9fd8c605145dba05cc0513f0dda6b9&amp;scene=27#wechat_redirect\",\"source_url\":\"https:\/\/android.myapp.com\/myapp\/detail.htm?apkName=com.mittrchina.mit&amp;ADTAG=mobile\",\"cover\":\"http:\/\/mmbiz.qpic.cn\/mmbiz_jpg\/JJtKEey0hPZfYCWF82AWaibXCS5d8SeFvyLo2m95ibM9MYtv1GgQ9SYjBKNjEPV4C4ZOUN2cYpNuavyKdcmTTMuA\/0?wx_fmt=jpeg\",\"subtype\":9,\"is_multi\":1,\"multi_app_msg_item_list\":[{\"title\":\"美国5G现状：毫米波网络仅有0.8%可用性，依靠Sub6频段已成定局？\",\"digest\":\"三年前，美国最大的电信运营商 AT&amp;T 进行了首次 5G 网络实测。结果显示，毫米波 5G 技术实现了 1.\",\"content\":\"\",\"fileid\":0,\"content_url\":\"http:\/\/mp.weixin.qq.com\/s?__biz=MzA3NTIyODUzNA==&amp;mid=2649627149&amp;idx=2&amp;sn=893c938d6de3e08008646f2ef0565220&amp;chksm=87690e14b01e87025f8a76af3f390dfc3ae58209e20dfd4eb03d806de7e2baf7ea319504534d&amp;scene=27#wechat_redirect\",\"source_url\":\"https:\/\/android.myapp.com\/myapp\/detail.htm?apkName=com.mittrchina.mit&amp;ADTAG=mobile\",\"cover\":\"http:\/\/mmbiz.qpic.cn\/mmbiz_jpg\/JJtKEey0hPYF929ibG3hMllLmP7FD0HWqP019yRYRQaUfpzbDSpjL1sMzOMyJia8wEEOdobMedic7cj5P9X6x3w3w\/0?wx_fmt=jpeg\",\"author\":\"REN\",\"copyright_stat\":11,\"del_flag\":1,\"item_show_type\":0,\"audio_fileid\":0,\"duration\":0,\"play_url\":\"\",\"malicious_title_reason_id\":0,\"malicious_content_type\":0},{\"title\":\"印度疫情发生了ADE效应？目前急需基因测序但缺钱\",\"digest\":\"目前，在全球疫情渐趋稳定时，印度疫情却大爆发。这像是一颗炸弹，让全世界一起心惊肉跳。\",\"content\":\"\",\"fileid\":502143497,\"content_url\":\"http:\/\/mp.weixin.qq.com\/s?__biz=MzA3NTIyODUzNA==&amp;mid=2649627149&amp;idx=3&amp;sn=a0b34bd01ae0869d21f6da2c0d5403ab&amp;chksm=87690e14b01e87028288a793f092f562f0c5694411eac99b1fd544088db631c563a92107ec2b&amp;scene=27#wechat_redirect\",\"source_url\":\"https:\/\/android.myapp.com\/myapp\/detail.htm?apkName=com.mittrchina.mit&amp;ADTAG=mobile\",\"cover\":\"http:\/\/mmbiz.qpic.cn\/mmbiz_jpg\/JJtKEey0hPaf3YNeNeib0lxQH70wLaG7oSbyLibtfNp7sDt3YkhibIVUUYsdMQu92icnBjdYe7bMfiazaPwdKia8CxhA\/0?wx_fmt=jpeg\",\"author\":\"刘雅坤\",\"copyright_stat\":100,\"del_flag\":1,\"item_show_type\":0,\"audio_fileid\":0,\"duration\":0,\"play_url\":\"\",\"malicious_title_reason_id\":0,\"malicious_content_type\":0},{\"title\":\"美国蜂蜜残留核污染，核危害至今长达60年\",\"digest\":\"2021 年 3 月，《自然 · 通讯》（Nature  Communication）发表的一项研究显示核武\",\"content\":\"\",\"fileid\":0,\"content_url\":\"http:\/\/mp.weixin.qq.com\/s?__biz=MzA3NTIyODUzNA==&amp;mid=2649627149&amp;idx=4&amp;sn=3f1c6e244cbe18a3a991340a9350d5b5&amp;chksm=87690e14b01e87024514bfa73185f9868aa8298511efa850e9a81894c581a4e0dd97ab1919b0&amp;scene=27#wechat_redirect\",\"source_url\":\"https:\/\/android.myapp.com\/myapp\/detail.htm?apkName=com.mittrchina.mit&amp;ADTAG=mobile\",\"cover\":\"http:\/\/mmbiz.qpic.cn\/mmbiz_jpg\/JJtKEey0hPYF81hXkxt9ibnjIKVyrCMY47CeCNXhTH45icIobhFN8z7eG6tAXy1l5ODZKmZYwia13vKl3TDk0GP8w\/0?wx_fmt=jpeg\",\"author\":\"贾雨朦\",\"copyright_stat\":100,\"del_flag\":1,\"item_show_type\":0,\"audio_fileid\":0,\"duration\":0,\"play_url\":\"\",\"malicious_title_reason_id\":0,\"malicious_content_type\":0},{\"title\":\"超5亿，AI制药融资再创新高！比尔盖茨投资的英国公司已有超20条研发管线\",\"digest\":\"AI 制药领域融资纪录再创新高。美东时间 4 月 27 日，英国 AI 制药公司 Exscientia 宣布\",\"content\":\"\",\"fileid\":0,\"content_url\":\"http:\/\/mp.weixin.qq.com\/s?__biz=MzA3NTIyODUzNA==&amp;mid=2649627149&amp;idx=5&amp;sn=60d61c05ef9e67a3965a42e0b29b2511&amp;chksm=87690e14b01e8702ac353ae4e0f537dc488446ebaa3aa6ea5e0a0d1ebb611e09688ba321d223&amp;scene=27#wechat_redirect\",\"source_url\":\"\",\"cover\":\"http:\/\/mmbiz.qpic.cn\/mmbiz_jpg\/8iaq2iavZjQlMCgVXLIB9eWzTxtpe2I0RorowwibUCsZXia8bYN4RGib3TUdH3iaxsKukMgXwLia451brnfDHwML2PV5w\/0?wx_fmt=jpeg\",\"author\":\"宋冉\",\"copyright_stat\":201,\"del_flag\":1,\"item_show_type\":0,\"audio_fileid\":0,\"duration\":0,\"play_url\":\"\",\"malicious_title_reason_id\":0,\"malicious_content_type\":0}],\"author\":\"多加\",\"copyright_stat\":11,\"duration\":0,\"del_flag\":1,\"item_show_type\":0,\"audio_fileid\":0,\"play_url\":\"\",\"malicious_title_reason_id\":0,\"malicious_content_type\":0}},{\"comm_msg_info\":{\"id\":1000001806,\"type\":49,\"datetime\":1619866086,\"fakeid\":\"3075228534\",\"status\":2,\"content\":\"\"},\"app_msg_ext_info\":{\"title\":\"超国际纪录60倍！中科大团队将光存储时间提升至1小时，真正实现“把光留住”| 专访\",\"digest\":\"下一步，他计划先在实验室研发出量子 U 盘原型机，未来期望能真正走向实用。\",\"content\":\"\",\"fileid\":0,\"content_url\":\"http:\/\/mp.weixin.qq.com\/s?__biz=MzA3NTIyODUzNA==&amp;mid=2649627129&amp;idx=1&amp;sn=79aa74f5831533e6c3046bb0d388c180&amp;chksm=87690de0b01e84f64fb8a477ce444ef67295ab50dc5371e1b13094b38ffa93e71d8afe8c50d8&amp;scene=27#wechat_redirect\",\"source_url\":\"https:\/\/android.myapp.com\/myapp\/detail.htm?apkName=com.mittrchina.mit&amp;ADTAG=mobile\",\"cover\":\"http:\/\/mmbiz.qpic.cn\/mmbiz_jpg\/JJtKEey0hPYF929ibG3hMllLmP7FD0HWq2uHNF7wjF34frZw0jg95byeibu9vuch9QdfgKgA1b64n6KQWym0kuGA\/0?wx_fmt=jpeg\",\"subtype\":9,\"is_multi\":1,\"multi_app_msg_item_list\":[{\"title\":\"简约而不简单，“零知识证明”曾被纯数学家看不起，如今相关研究者已获得2021年阿贝尔奖 | 对话专家\",\"digest\":\"近日，备受瞩目的数学界大奖阿贝尔奖开出 “双黄蛋”，获奖者是数学和计算机领域大佬：一位是匈牙利数学家拉兹洛・\",\"content\":\"\",\"fileid\":0,\"content_url\":\"http:\/\/mp.weixin.qq.com\/s?__biz=MzA3NTIyODUzNA==&amp;mid=2649627129&amp;idx=2&amp;sn=8495baed817408eeda12ec2005942d6b&amp;chksm=87690de0b01e84f652a152fee2e8483cca1436bd9b4b264a45d61f479255b09be3ee94cad92e&amp;scene=27#wechat_redirect\",\"source_url\":\"https:\/\/android.myapp.com\/myapp\/detail.htm?apkName=com.mittrchina.mit&amp;ADTAG=mobile\",\"cover\":\"http:\/\/mmbiz.qpic.cn\/mmbiz_jpg\/JJtKEey0hPZxgFgvWvN7I17rqC5km8e2ibVz4ey3AQmC1WcxWctNTX601qqbtbFsmSlKpdgPUBtchnxgtyibmTGw\/0?wx_fmt=jpeg\",\"author\":\"高湘宜、李玉鹏\",\"copyright_stat\":11,\"del_flag\":1,\"item_show_type\":0,\"audio_fileid\":0,\"duration\":0,\"play_url\":\"\",\"malicious_title_reason_id\":0,\"malicious_content_type\":0},{\"title\":\"一周速递丨组装高质量的狨猴基因组；弈柯莱生物完成近3亿元C轮融资；光控的阿拉伯糖操纵子\",\"digest\":\"分享一篇文章。\",\"content\":\"\",\"fileid\":0,\"content_url\":\"http:\/\/mp.weixin.qq.com\/s?__biz=MzA3NTIyODUzNA==&amp;mid=2649627129&amp;idx=3&amp;sn=72198925ca49a3e8e13493bd09bb89c8&amp;chksm=87690de0b01e84f647a204055dc50cd3a2794b9ce233f7630bb38fc5a6bf30e5a36fa029b657&amp;scene=27#wechat_redirect\",\"source_url\":\"\",\"cover\":\"http:\/\/mmbiz.qpic.cn\/sz_mmbiz_jpg\/libZ8rRWYoovTjtyrBWanYFfg20a8YGcib52Jwadb9UCP84ibwWqULauo354v7yj675B1ke37Cq1xv2Asmtsibribjw\/0?wx_fmt=jpeg\",\"author\":\"\",\"copyright_stat\":101,\"del_flag\":1,\"item_show_type\":0,\"audio_fileid\":0,\"duration\":0,\"play_url\":\"\",\"malicious_title_reason_id\":0,\"malicious_content_type\":0},{\"title\":\"全新升级「真格星球 · 前沿科技创业营」开始招募啦！顶级导师带你解读科技创业的秘密\",\"digest\":\"我们相信科技创造光明的未来，而只有最具潜力的前沿科技人才，才能发掘尖端的技术并将其充分应用，释放出改变世界的能量。\",\"content\":\"\",\"fileid\":0,\"content_url\":\"http:\/\/mp.weixin.qq.com\/s?__biz=MzA3NTIyODUzNA==&amp;mid=2649627129&amp;idx=4&amp;sn=e4a03171d4675b4cedcc25e6a304a811&amp;chksm=87690de0b01e84f6b53de913cd290a2491903f4f32d43077708717740ab17546773872783897&amp;scene=27#wechat_redirect\",\"source_url\":\"https:\/\/zf.mikecrm.com\/xTdANKa\",\"cover\":\"http:\/\/mmbiz.qpic.cn\/mmbiz_jpg\/3EbGouibNp0Et4JuTKvRGt0N4RCiaDEc1HD9N64Ziczpicq04aV4iaoCo6953eF9Dh9fRpMKh2ibECpSGFTufHA8DeCQ\/0?wx_fmt=jpeg\",\"author\":\"真格星球\",\"copyright_stat\":201,\"del_flag\":1,\"item_show_type\":0,\"audio_fileid\":0,\"duration\":0,\"play_url\":\"\",\"malicious_title_reason_id\":0,\"malicious_content_type\":0},{\"title\":\"助力碳中和的可持续氢能技术深度解读｜络绎知图对话青年科学家系列（二）\",\"digest\":\"分享一篇文章。\",\"content\":\"\",\"fileid\":0,\"content_url\":\"http:\/\/mp.weixin.qq.com\/s?__biz=MzA3NTIyODUzNA==&amp;mid=2649627129&amp;idx=5&amp;sn=0665cff63cde8877a9d663baac08802b&amp;chksm=87690de0b01e84f67cd05a4116fc78a92534e66161fb623309f45cfecc7cedeba5112ebd4883&amp;scene=27#wechat_redirect\",\"source_url\":\"\",\"cover\":\"http:\/\/mmbiz.qpic.cn\/mmbiz_jpg\/C4wspoQ9GEo9Ybz8gwayfwsA0M3ea9moCZYfTEfrP3l5t3iaBCPTPUKiaguzl5ShkJOAX7PYXCWqDCdpTjYhrkxw\/0?wx_fmt=jpeg\",\"author\":\"\",\"copyright_stat\":101,\"del_flag\":1,\"item_show_type\":0,\"audio_fileid\":0,\"duration\":0,\"play_url\":\"\",\"malicious_title_reason_id\":0,\"malicious_content_type\":0},{\"title\":\"一家小媒体公司是如何帮助人们接种疫苗的？ | 专访\",\"digest\":\"在纽约，许多人接种新冠肺炎疫苗仍然十分困难，当地一家新闻通讯一直在充当疫苗的“媒人”角色。\",\"content\":\"\",\"fileid\":0,\"content_url\":\"http:\/\/mp.weixin.qq.com\/s?__biz=MzA3NTIyODUzNA==&amp;mid=2649627129&amp;idx=6&amp;sn=b96712b592eab37d2900ab3aedbb8d73&amp;chksm=87690de0b01e84f66937149431f8f1849b79281c8012c06515f06f58715eb38073761d77bccf&amp;scene=27#wechat_redirect\",\"source_url\":\"https:\/\/android.myapp.com\/myapp\/detail.htm?apkName=com.mittrchina.mit&amp;ADTAG=mobile\",\"cover\":\"http:\/\/mmbiz.qpic.cn\/mmbiz_jpg\/JJtKEey0hPYF81hXkxt9ibnjIKVyrCMY4yc9P7C7ryn92YpHAVJT8LxlQAiapIj0Y53sdoiavicWepyODrtrzbibyUA\/0?wx_fmt=jpeg\",\"author\":\"Mia Sato\",\"copyright_stat\":11,\"del_flag\":1,\"item_show_type\":0,\"audio_fileid\":0,\"duration\":0,\"play_url\":\"\",\"malicious_title_reason_id\":0,\"malicious_content_type\":0},{\"title\":\"英美达医疗完成亿元级 C 轮融资；梅西将接种中国科兴疫苗出战美洲杯；罗氏两款创新药在中国获批\",\"digest\":\"英美达医疗完成亿元级 C 轮融资。\",\"content\":\"\",\"fileid\":0,\"content_url\":\"http:\/\/mp.weixin.qq.com\/s?__biz=MzA3NTIyODUzNA==&amp;mid=2649627129&amp;idx=7&amp;sn=104a66345a034c12ad017b85546de553&amp;chksm=87690de0b01e84f6780802522c69a269058454c47fd1f59c6f311c7ca9c35b14ab9ac3cc17dc&amp;scene=27#wechat_redirect\",\"source_url\":\"\",\"cover\":\"http:\/\/mmbiz.qpic.cn\/mmbiz_jpg\/8iaq2iavZjQlNxdicfJN792yQq7FmAkh28mbC3OfeIajfw2FxCANWQJS0q5eIRqJU3HnmjGhwHx8nY1Z3OboKVZjg\/0?wx_fmt=jpeg\",\"author\":\"\",\"copyright_stat\":100,\"del_flag\":1,\"item_show_type\":0,\"audio_fileid\":0,\"duration\":0,\"play_url\":\"\",\"malicious_title_reason_id\":0,\"malicious_content_type\":0}],\"author\":\"杨一鸟、多加\",\"copyright_stat\":11,\"duration\":0,\"del_flag\":1,\"item_show_type\":0,\"audio_fileid\":0,\"play_url\":\"\",\"malicious_title_reason_id\":0,\"malicious_content_type\":0}},{\"comm_msg_info\":{\"id\":1000001805,\"type\":49,\"datetime\":1619769255,\"fakeid\":\"3075228534\",\"status\":2,\"content\":\"\"},\"app_msg_ext_info\":{\"title\":\"浙大团队研发一款室外人体热管理微纳织物，可制冷可保温可发电，有望实现一件衣服冬夏统穿 | 专访\",\"digest\":\"一件衣服，可度夏冬！夏天穿凉快，冬天穿暖和，你要做的只是正反面换着穿。如果真有这样的衣服，你会不会立马加入购\",\"content\":\"\",\"fileid\":0,\"content_url\":\"http:\/\/mp.weixin.qq.com\/s?__biz=MzA3NTIyODUzNA==&amp;mid=2649627036&amp;idx=1&amp;sn=c7dd4ba66f6feb66d13f41d24b36b650&amp;chksm=87690d85b01e8493e6a2b214a0a771a7f046ab7c65515d311fb2126e22d3227c861767c70402&amp;scene=27#wechat_redirect\",\"source_url\":\"https:\/\/android.myapp.com\/myapp\/detail.htm?apkName=com.mittrchina.mit&amp;ADTAG=mobile\",\"cover\":\"http:\/\/mmbiz.qpic.cn\/mmbiz_jpg\/JJtKEey0hPZfYCWF82AWaibXCS5d8SeFv4kPfFwhjNic45tA0aZIIRgXG9fWX5asMdnDuCvWv58tC5x5AHbZ1YAA\/0?wx_fmt=jpeg\",\"subtype\":9,\"is_multi\":1,\"multi_app_msg_item_list\":[{\"title\":\"以科技定义汽车，CB Insights中国“新能源智能汽车创新企业”榜单报名即将截止\",\"digest\":\"报名将于2021年5月7日中午12:00截止。\",\"content\":\"\",\"fileid\":502140724,\"content_url\":\"http:\/\/mp.weixin.qq.com\/s?__biz=MzA3NTIyODUzNA==&amp;mid=2649627036&amp;idx=2&amp;sn=947cf56947d509d0f24d090ef3019b7a&amp;chksm=87690d85b01e8493afd552f71ee22f54dda3e86b53962b64ce3997bc6ce3f2bd6a52fbee0399&amp;scene=27#wechat_redirect\",\"source_url\":\"http:\/\/technologyreviewchina-synbiox.mikecrm.com\/13I16ti\",\"cover\":\"http:\/\/mmbiz.qpic.cn\/mmbiz_jpg\/JJtKEey0hPbShEwTlpVeFolaybQbCvgBXjYTty0zaKYqM13Shw5aIR8Hd5YbOqTENKjItNP9ZPtokfx2g6LiaRA\/0?wx_fmt=jpeg\",\"author\":\"刘雅坤\",\"copyright_stat\":100,\"del_flag\":1,\"item_show_type\":0,\"audio_fileid\":0,\"duration\":0,\"play_url\":\"\",\"malicious_title_reason_id\":0,\"malicious_content_type\":0},{\"title\":\"“台湾DRAM教父”高启全出席黄石晶芯投产仪式，再生晶圆项目6月全面启动\",\"digest\":\"有“台湾 DRAM 教父”之称，同时也是前紫光全球执行副总裁高启全成立的晶芯半导体黄石公司是湖北首家晶圆再生\",\"content\":\"\",\"fileid\":0,\"content_url\":\"http:\/\/mp.weixin.qq.com\/s?__biz=MzA3NTIyODUzNA==&amp;mid=2649627036&amp;idx=3&amp;sn=8a3fab660a2b57346d42722f2f3b926c&amp;chksm=87690d85b01e8493a882b372e18c006be9164feb7a81afbeac83078e084cac8cc2a05c4015bc&amp;scene=27#wechat_redirect\",\"source_url\":\"\",\"cover\":\"http:\/\/mmbiz.qpic.cn\/mmbiz_jpg\/viaUuks3128KYebBf793TUVJmTH05eBEDTQ052f8dHrVMia3Qg9mFyxdpZNicD35DzxTmMbaOVzu0OrLmRpD2WEnQ\/0?wx_fmt=jpeg\",\"author\":\"连于慧\",\"copyright_stat\":100,\"del_flag\":1,\"item_show_type\":0,\"audio_fileid\":0,\"duration\":0,\"play_url\":\"\",\"malicious_title_reason_id\":0,\"malicious_content_type\":0},{\"title\":\"距4万颗的小目标又近一步：SpaceX发射第25批星链卫星\",\"digest\":\"北京时间周四上午 11 点 44 分（美国东部时间周三晚上 11 点 44 分） SpaceX 的猎鹰 ９\",\"content\":\"\",\"fileid\":0,\"content_url\":\"http:\/\/mp.weixin.qq.com\/s?__biz=MzA3NTIyODUzNA==&amp;mid=2649627036&amp;idx=4&amp;sn=4bca3fb61e8bcb8788c287eb0f6f737f&amp;chksm=87690d85b01e84930377ae3ab76ec653952aab32fee321bea01403e344943f21f7a2bc862ef2&amp;scene=27#wechat_redirect\",\"source_url\":\"https:\/\/android.myapp.com\/myapp\/detail.htm?apkName=com.mittrchina.mit&amp;ADTAG=mobile\",\"cover\":\"http:\/\/mmbiz.qpic.cn\/mmbiz_jpg\/JJtKEey0hPZfYCWF82AWaibXCS5d8SeFvm5Kelkn5B5rwouBP8fV91ib62f8qTsY7u3lxdf6SQibVLc024JROEqFQ\/0?wx_fmt=jpeg\",\"author\":\"Cici\",\"copyright_stat\":100,\"del_flag\":1,\"item_show_type\":0,\"audio_fileid\":0,\"duration\":0,\"play_url\":\"\",\"malicious_title_reason_id\":0,\"malicious_content_type\":0},{\"title\":\"“深度学习之父”Geoffrey Hinton：深度学习几乎可以完全复制人类的智能\",\"digest\":\"十年前，人工智能产业的先驱人物——杰弗里·辛顿，以一次重大突破改变了整个行业的面貌。如今，他正在研究一款构想中的叫做GLOM的新型系统。\",\"content\":\"\",\"fileid\":502143275,\"content_url\":\"http:\/\/mp.weixin.qq.com\/s?__biz=MzA3NTIyODUzNA==&amp;mid=2649627036&amp;idx=5&amp;sn=a895887a9fc5d45cfd3172a72a002273&amp;chksm=87690d85b01e84931ca63e4dee44bc6cc105d416d2cfa27f8bead4003a48008f71d53c3f161a&amp;scene=27#wechat_redirect\",\"source_url\":\"https:\/\/android.myapp.com\/myapp\/detail.htm?apkName=com.mittrchina.mit&amp;ADTAG=mobile\",\"cover\":\"http:\/\/mmbiz.qpic.cn\/mmbiz_jpg\/JJtKEey0hPZfYCWF82AWaibXCS5d8SeFv1KPJzOTKwvwGRXYUC8iaricMUhrhsNZHjMibFBnxNWaIS637upxBL0WEg\/0?wx_fmt=jpeg\",\"author\":\"西伯汉·罗伯茨\",\"copyright_stat\":11,\"del_flag\":1,\"item_show_type\":0,\"audio_fileid\":0,\"duration\":0,\"play_url\":\"\",\"malicious_title_reason_id\":0,\"malicious_content_type\":0},{\"title\":\"英美达医疗完成亿元级 C 轮融资；梅西将接种中国科兴疫苗出战美洲杯；罗氏两款创新药在中国获批\",\"digest\":\"英美达医疗完成亿元级 C 轮融资。\",\"content\":\"\",\"fileid\":0,\"content_url\":\"http:\/\/mp.weixin.qq.com\/s?__biz=MzA3NTIyODUzNA==&amp;mid=2649627036&amp;idx=6&amp;sn=f20abf48a6766e15872f450d0c45dc08&amp;chksm=87690d85b01e84934756b42c7564d5dc6eddd6bd6af63487867aab93585cab5e7aff4d83f6cd&amp;scene=27#wechat_redirect\",\"source_url\":\"\",\"cover\":\"http:\/\/mmbiz.qpic.cn\/mmbiz_jpg\/8iaq2iavZjQlNxdicfJN792yQq7FmAkh28mbC3OfeIajfw2FxCANWQJS0q5eIRqJU3HnmjGhwHx8nY1Z3OboKVZjg\/0?wx_fmt=jpeg\",\"author\":\"\",\"copyright_stat\":100,\"del_flag\":1,\"item_show_type\":0,\"audio_fileid\":0,\"duration\":0,\"play_url\":\"\",\"malicious_title_reason_id\":0,\"malicious_content_type\":0}],\"author\":\"多加\",\"copyright_stat\":11,\"duration\":0,\"del_flag\":1,\"item_show_type\":0,\"audio_fileid\":0,\"play_url\":\"\",\"malicious_title_reason_id\":0,\"malicious_content_type\":0}},{\"comm_msg_info\":{\"id\":1000001804,\"type\":49,\"datetime\":1619670089,\"fakeid\":\"3075228534\",\"status\":2,\"content\":\"\"},\"app_msg_ext_info\":{\"title\":\"刚刚，中国史上最大航天器 “天和”号空间站核心舱发射成功！助力空间站计划迈向新征程 | 专访\",\"digest\":\"2021 年，4 月 29 日 11 时 23 分，长征五号 B 遥二运载火箭搭载空间站 “天和核心舱”，在\",\"content\":\"\",\"fileid\":0,\"content_url\":\"http:\/\/mp.weixin.qq.com\/s?__biz=MzA3NTIyODUzNA==&amp;mid=2649626803&amp;idx=1&amp;sn=20c8535f8a04ffd97f1c8a1954bb319f&amp;chksm=87690caab01e85bc10833cdcc83d4d82b9caecc1ebfb6b0c9bddb6820d8d7f7a8cb987d18cdd&amp;scene=27#wechat_redirect\",\"source_url\":\"http:\/\/deeptech.mikecrm.com\/aBPKwVu\",\"cover\":\"http:\/\/mmbiz.qpic.cn\/mmbiz_jpg\/JJtKEey0hPZXtVbh91mHUSSUIlm3uk1WQZejpMtjFKkssnITibe98HQTDwDC8ibQvJFibN8tMWHZ52Kek9pVkmS3g\/0?wx_fmt=jpeg\",\"subtype\":9,\"is_multi\":1,\"multi_app_msg_item_list\":[{\"title\":\"联电宣布230亿元大扩产！携手五大IC设计客户建28\/14nm产能\",\"digest\":\"分享一篇文章。\",\"content\":\"\",\"fileid\":0,\"content_url\":\"http:\/\/mp.weixin.qq.com\/s?__biz=MzA3NTIyODUzNA==&amp;mid=2649626803&amp;idx=2&amp;sn=ea70404ce6c425df5ae67e612d6f562b&amp;chksm=87690caab01e85bca8c65ac990efc84e524c18ff9f6425975d949fa704c3a666cede2e7264c2&amp;scene=27#wechat_redirect\",\"source_url\":\"\",\"cover\":\"http:\/\/mmbiz.qpic.cn\/mmbiz_jpg\/viaUuks3128KibMsJ3VZcQxIxXiaNN45ichzIQibHMjoxyMzfqR114EV8RE71Mwxy7xReExjVlt0LQeibQrgLxdXQa9A\/0?wx_fmt=jpeg\",\"author\":\"\",\"copyright_stat\":101,\"del_flag\":1,\"item_show_type\":0,\"audio_fileid\":0,\"duration\":0,\"play_url\":\"\",\"malicious_title_reason_id\":0,\"malicious_content_type\":0},{\"title\":\"美国科学家举办一场超级推广活动，还推荐了“新冠假药”？\",\"digest\":\"数十人在科技大亨彼得·迪亚曼迪斯（Peter Diamandis）昂贵的会议上感染了冠状病毒后，彼得向他们提供了欺诈性的新冠病毒治疗方法，包括注射肽和羊水等。\",\"content\":\"\",\"fileid\":0,\"content_url\":\"http:\/\/mp.weixin.qq.com\/s?__biz=MzA3NTIyODUzNA==&amp;mid=2649626803&amp;idx=3&amp;sn=3528e39da8a1d61033ea5de7e6368c16&amp;chksm=87690caab01e85bcce5d6244cbdf4253eeadea73e5444c6fcd2bd54a209b9129eea1a6729bff&amp;scene=27#wechat_redirect\",\"source_url\":\"https:\/\/android.myapp.com\/myapp\/detail.htm?apkName=com.mittrchina.mit&amp;ADTAG=mobile\",\"cover\":\"http:\/\/mmbiz.qpic.cn\/mmbiz_jpg\/JJtKEey0hPZZ5egwN82RicvKJooG66M68JhMCxMiagd9c3VAKhVj3gvbahEykibwlzkpmbASGicOloZ1O1qWgIgU2A\/0?wx_fmt=jpeg\",\"author\":\"Eileen Guo\",\"copyright_stat\":11,\"del_flag\":1,\"item_show_type\":0,\"audio_fileid\":0,\"duration\":0,\"play_url\":\"\",\"malicious_title_reason_id\":0,\"malicious_content_type\":0},{\"title\":\"NVIDIA黄仁勋 ：我们在为当代的“爱因斯坦”和“达芬奇”打造计算机\",\"digest\":\"当地时间 4 月 12 日一年一度的图形科技大会 （GTC） 正式上演。这场为期四天的科技盛宴，更多是面向企\",\"content\":\"\",\"fileid\":0,\"content_url\":\"http:\/\/mp.weixin.qq.com\/s?__biz=MzA3NTIyODUzNA==&amp;mid=2649626803&amp;idx=4&amp;sn=93289deb2d7b01a825cec56ef2e0a373&amp;chksm=87690caab01e85bca601e65dbcde954c6bd7203687b8fe8490a90ee1e146948f2b78231e7a52&amp;scene=27#wechat_redirect\",\"source_url\":\"https:\/\/android.myapp.com\/myapp\/detail.htm?apkName=com.mittrchina.mit&amp;ADTAG=mobile\",\"cover\":\"http:\/\/mmbiz.qpic.cn\/mmbiz_jpg\/JJtKEey0hPZXtVbh91mHUSSUIlm3uk1WsciaG2EIVKicNKFlKaVibepxxibR18MnIpkCPhG6mq4ba1HmAlGdLxYJdQ\/0?wx_fmt=jpeg\",\"author\":\"北方\",\"copyright_stat\":100,\"del_flag\":1,\"item_show_type\":0,\"audio_fileid\":0,\"duration\":0,\"play_url\":\"\",\"malicious_title_reason_id\":0,\"malicious_content_type\":0},{\"title\":\"华东医药4.9亿收购道尔生物75%股权；奥精医疗拟科创板上市\",\"digest\":\"武田中国抗肿瘤事业部负责人确定。\",\"content\":\"\",\"fileid\":0,\"content_url\":\"http:\/\/mp.weixin.qq.com\/s?__biz=MzA3NTIyODUzNA==&amp;mid=2649626803&amp;idx=5&amp;sn=66007c8c9736bfb4867ac392a5729f59&amp;chksm=87690caab01e85bc38127d58559b8da006c5f97e25eb03ca5f8c2dbc490c1a06aca6a291f413&amp;scene=27#wechat_redirect\",\"source_url\":\"\",\"cover\":\"http:\/\/mmbiz.qpic.cn\/mmbiz_jpg\/8iaq2iavZjQlMCgVXLIB9eWzTxtpe2I0RouGLj9hLYtttZp3aEcQBlMWclPSSdNk1EicjbHHgy0IBGQ8FV0AolR4A\/0?wx_fmt=jpeg\",\"author\":\"\",\"copyright_stat\":100,\"del_flag\":1,\"item_show_type\":0,\"audio_fileid\":0,\"duration\":0,\"play_url\":\"\",\"malicious_title_reason_id\":0,\"malicious_content_type\":0}],\"author\":\"高湘宜\",\"copyright_stat\":11,\"duration\":0,\"del_flag\":1,\"item_show_type\":0,\"audio_fileid\":0,\"play_url\":\"\",\"malicious_title_reason_id\":0,\"malicious_content_type\":0}},{\"comm_msg_info\":{\"id\":1000001803,\"type\":49,\"datetime\":1619605135,\"fakeid\":\"3075228534\",\"status\":2,\"content\":\"\"},\"app_msg_ext_info\":{\"title\":\"MIT归国教授开创RNA测序新技术，首次实现细胞内RNA分子绝对定量分析，推动RNA测序进入新时期 | 专访\",\"digest\":\"“ 这个技术很多人想买，我正在各地谈合作事宜。”谈及最近的论文成果，曲阜师范大学生命科学学院教授曹博表示。\",\"content\":\"\",\"fileid\":0,\"content_url\":\"http:\/\/mp.weixin.qq.com\/s?__biz=MzA3NTIyODUzNA==&amp;mid=2649626725&amp;idx=1&amp;sn=71a3828a5ec956c8d4b24dfefc918afc&amp;chksm=87690c7cb01e856aac8f55f1aee831a02f62e38a7cd404a935ae0b7a9a5cf90499c7d55793fc&amp;scene=27#wechat_redirect\",\"source_url\":\"http:\/\/deeptech.mikecrm.com\/2bKJqlN\",\"cover\":\"http:\/\/mmbiz.qpic.cn\/mmbiz_jpg\/JJtKEey0hPa05SHYJx04ic9wlK0e30ylW13sRdQSlJQ7NpRCcvaEVZmnXcMYibyYAfdSQiaVCuxLkxSJEWyKmSXsQ\/0?wx_fmt=jpeg\",\"subtype\":9,\"is_multi\":1,\"multi_app_msg_item_list\":[{\"title\":\"湖南大学研制成功1nm物理沟道长度垂直晶体管，芯片性能或将进入新纪元\",\"digest\":\"刘渊教授和他的团队提出了使用范德华金属集成的方法来创建超短沟道的垂直晶体管的新思路。\",\"content\":\"\",\"fileid\":0,\"content_url\":\"http:\/\/mp.weixin.qq.com\/s?__biz=MzA3NTIyODUzNA==&amp;mid=2649626725&amp;idx=2&amp;sn=5ed76a3be0092fa135045415249f6509&amp;chksm=87690c7cb01e856ae5255c7b08d4252a3b96dc6cf21ae46685b1d5f9d8e29b8c1774706e9982&amp;scene=27#wechat_redirect\",\"source_url\":\"http:\/\/deeptech.mikecrm.com\/SCFEZDH\",\"cover\":\"http:\/\/mmbiz.qpic.cn\/mmbiz_jpg\/JJtKEey0hPaPuibTqXltibII6Ag72iaNwsE6zGCDeCf6I9ccp0QLEvWS4mrHvZDicJqbreiaYvNEVia1rO5L6EuSAVaA\/0?wx_fmt=jpeg\",\"author\":\"靖海\",\"copyright_stat\":100,\"del_flag\":1,\"item_show_type\":0,\"audio_fileid\":0,\"duration\":0,\"play_url\":\"\",\"malicious_title_reason_id\":0,\"malicious_content_type\":0},{\"title\":\"数据中心商机诱人，英伟达、AMD大举并购向英特尔下战帖\",\"digest\":\"分享一篇文章。\",\"content\":\"\",\"fileid\":0,\"content_url\":\"http:\/\/mp.weixin.qq.com\/s?__biz=MzA3NTIyODUzNA==&amp;mid=2649626725&amp;idx=3&amp;sn=21f176f1b8ffc13b22fbe1e7e6c89ded&amp;chksm=87690c7cb01e856adfcc04b73f89a80c24ea95d765aa6164b15c9c1925edaba7cf8698846e35&amp;scene=27#wechat_redirect\",\"source_url\":\"\",\"cover\":\"http:\/\/mmbiz.qpic.cn\/mmbiz_jpg\/viaUuks3128IMIkcnJ0sVPA2nibpWu5zrlJbmiaOH2S52PNxiaicJmKicjicvtdMcwic8EqNSIUgqMmTmPCgcKwSR2wpeg\/0?wx_fmt=jpeg\",\"author\":\"\",\"copyright_stat\":101,\"del_flag\":1,\"item_show_type\":0,\"audio_fileid\":0,\"duration\":0,\"play_url\":\"\",\"malicious_title_reason_id\":0,\"malicious_content_type\":0},{\"title\":\"从高分子物理到合成生物学的跨界学者：生命科学急需抽象的数学定理丨专访金帆\",\"digest\":\"分享一篇文章。\",\"content\":\"\",\"fileid\":0,\"content_url\":\"http:\/\/mp.weixin.qq.com\/s?__biz=MzA3NTIyODUzNA==&amp;mid=2649626725&amp;idx=4&amp;sn=c03d57a71350da0bf87db1b4e0abbc78&amp;chksm=87690c7cb01e856aabfc4eb92d4c9965accf395b7bbcf071bf0654bd3110b13d1ccd49a2c40d&amp;scene=27#wechat_redirect\",\"source_url\":\"\",\"cover\":\"http:\/\/mmbiz.qpic.cn\/sz_mmbiz_jpg\/libZ8rRWYoov053zFxu8E0KX47sWhGCC4icicibo380534myFBvTNGLV2ptz7v3v3Ugicugibg5NqcrAfKTfbuexud3w\/0?wx_fmt=jpeg\",\"author\":\"\",\"copyright_stat\":101,\"del_flag\":1,\"item_show_type\":0,\"audio_fileid\":0,\"duration\":0,\"play_url\":\"\",\"malicious_title_reason_id\":0,\"malicious_content_type\":0},{\"title\":\"胶质瘤又添新疗法，游动微纳机器人或成精准医疗新希望\",\"digest\":\"分享一篇文章。\",\"content\":\"\",\"fileid\":0,\"content_url\":\"http:\/\/mp.weixin.qq.com\/s?__biz=MzA3NTIyODUzNA==&amp;mid=2649626725&amp;idx=5&amp;sn=024b4195f2f8efe3532321cba1263c63&amp;chksm=87690c7cb01e856ad414a17aa3c2092a5f1ba3e30036832846c0a2d67d619d32a1821a4540b1&amp;scene=27#wechat_redirect\",\"source_url\":\"\",\"cover\":\"http:\/\/mmbiz.qpic.cn\/mmbiz_jpg\/C4wspoQ9GEqU7p0EbMibXcmpdVfW6JtXLd0GHFEZ8ic7QvtndbbP3K8bjxNo6aqG8iaySVCCA9ic5teC5nwGqeppTw\/0?wx_fmt=jpeg\",\"author\":\"\",\"copyright_stat\":101,\"del_flag\":1,\"item_show_type\":0,\"audio_fileid\":0,\"duration\":0,\"play_url\":\"\",\"malicious_title_reason_id\":0,\"malicious_content_type\":0},{\"title\":\"Illumina推进血液类癌症诊断合作，布局泛癌种检测\",\"digest\":\"Illunima扩展基因测试检测适应症至血液癌。\",\"content\":\"\",\"fileid\":0,\"content_url\":\"http:\/\/mp.weixin.qq.com\/s?__biz=MzA3NTIyODUzNA==&amp;mid=2649626725&amp;idx=6&amp;sn=b1d0c9f4d3ae6354d5c33ddcf746221a&amp;chksm=87690c7cb01e856adb2022409d96fc4d9d646320ac5126d071b22325f0598c5b5f00953dbfe0&amp;scene=27#wechat_redirect\",\"source_url\":\"\",\"cover\":\"http:\/\/mmbiz.qpic.cn\/mmbiz_jpg\/8iaq2iavZjQlOlWG1vlt1G3dWbuD1MHGmhCqNUNdjuZqu0Kwtciawuv0VdIYClE9pnawRoRRavlnNUN50MqgsDjPA\/0?wx_fmt=jpeg\",\"author\":\"Conor Hale\",\"copyright_stat\":100,\"del_flag\":1,\"item_show_type\":0,\"audio_fileid\":0,\"duration\":0,\"play_url\":\"\",\"malicious_title_reason_id\":0,\"malicious_content_type\":0},{\"title\":\"丰田以5.5亿美元收购Lyft的自动驾驶部门\",\"digest\":\"​丰田汽车的子公司Woven Planet Holdings将以5.5亿美元的现金收购Lyft的自动驾驶部门Level 5，其中2亿美元会预先支付给Lyft，剩下3.5亿美元将在未来5年内支付。该交易预计在2021年第三季度完成。\",\"content\":\"\",\"fileid\":0,\"content_url\":\"http:\/\/mp.weixin.qq.com\/s?__biz=MzA3NTIyODUzNA==&amp;mid=2649626725&amp;idx=7&amp;sn=274e729c445a9dff5cfaf8c66edb2ea8&amp;chksm=87690c7cb01e856af7430485a84b8b82bb7d1231e7b97279806dc600590844e0948cb1136a8f&amp;scene=27#wechat_redirect\",\"source_url\":\"https:\/\/android.myapp.com\/myapp\/detail.htm?apkName=com.mittrchina.mit&amp;ADTAG=mobile\",\"cover\":\"http:\/\/mmbiz.qpic.cn\/mmbiz_jpg\/JJtKEey0hPYF81hXkxt9ibnjIKVyrCMY4ehrGJdcUQk3xicMpzT1icwDHiboRwHicKDicXEO87I1tFJrSpQF7GJqyN2Q\/0?wx_fmt=jpeg\",\"author\":\"Cici\",\"copyright_stat\":100,\"del_flag\":1,\"item_show_type\":0,\"audio_fileid\":0,\"duration\":0,\"play_url\":\"\",\"malicious_title_reason_id\":0,\"malicious_content_type\":0}],\"author\":\"Bao\",\"copyright_stat\":11,\"duration\":0,\"del_flag\":1,\"item_show_type\":0,\"audio_fileid\":0,\"play_url\":\"\",\"malicious_title_reason_id\":0,\"malicious_content_type\":0}},{\"comm_msg_info\":{\"id\":1000001802,\"type\":49,\"datetime\":1619507069,\"fakeid\":\"3075228534\",\"status\":2,\"content\":\"\"},\"app_msg_ext_info\":{\"title\":\"MIT 曹原的16 天，1 篇 Science、2 篇 Nature， 魔角石墨烯“旋之又旋” 妙在哪？丨深度\",\"digest\":\"原子晶体界面的 “旋之又旋”，现在才刚刚开始。\",\"content\":\"\",\"fileid\":0,\"content_url\":\"http:\/\/mp.weixin.qq.com\/s?__biz=MzA3NTIyODUzNA==&amp;mid=2649626659&amp;idx=1&amp;sn=2a1a15f802c566fdf54490bff334ae63&amp;chksm=87690c3ab01e852c8703174ae8707a5cfec0ae943bbff84c9553288bab5b6c426e3dd64e34d0&amp;scene=27#wechat_redirect\",\"source_url\":\"http:\/\/deeptech.mikecrm.com\/kkNLMur\",\"cover\":\"http:\/\/mmbiz.qpic.cn\/mmbiz_jpg\/JJtKEey0hPa05SHYJx04ic9wlK0e30ylWTibGIYAIyIC5ibVb5jNSpiahf4cbAPkB7S8CNVljvBW7u9eMqsWfLvkWw\/0?wx_fmt=jpeg\",\"subtype\":9,\"is_multi\":1,\"multi_app_msg_item_list\":[{\"title\":\"NASA“毅力”号漫游车在火星上产生了纯氧\",\"digest\":\"漫游车的MOXIE设备的演示显示，火星上富含二氧化碳的大气可转换成供宇航员呼吸的氧气。\",\"content\":\"\",\"fileid\":0,\"content_url\":\"http:\/\/mp.weixin.qq.com\/s?__biz=MzA3NTIyODUzNA==&amp;mid=2649626659&amp;idx=2&amp;sn=82ae59174a2313b762a5487a55c1bfce&amp;chksm=87690c3ab01e852c578ab0556b57acd3b280715932a8a041b9c211a360409e70d25e272ed78c&amp;scene=27#wechat_redirect\",\"source_url\":\"https:\/\/android.myapp.com\/myapp\/detail.htm?apkName=com.mittrchina.mit&amp;ADTAG=mobile\",\"cover\":\"http:\/\/mmbiz.qpic.cn\/mmbiz_jpg\/JJtKEey0hPYyC6MlT4fBich3O56ia08n7UqsMZdgF4tMP2Ur0IS11pU1DauibIuyRWrib1j79TygRggZGbzSIICW0g\/0?wx_fmt=jpeg\",\"author\":\"尼尔•帕特尔\",\"copyright_stat\":11,\"del_flag\":1,\"item_show_type\":0,\"audio_fileid\":0,\"duration\":0,\"play_url\":\"\",\"malicious_title_reason_id\":0,\"malicious_content_type\":0},{\"title\":\"直播预告 | 清华大学智能产业研究院AIR学术工作坊第1期：AI赋能基因分析与新药发现\",\"digest\":\"直播预告 | 清华大学智能产业研究院AIR学术工作坊第1期：AI赋能基因分析与新药发现\",\"content\":\"\",\"fileid\":0,\"content_url\":\"http:\/\/mp.weixin.qq.com\/s?__biz=MzA3NTIyODUzNA==&amp;mid=2649626659&amp;idx=3&amp;sn=7bd797e3b6ed0bef86f4b570ec2543a6&amp;chksm=87690c3ab01e852c56c9bd167b3d52d39c5402672e7c11399d0f95751771064c9baa70a6a192&amp;scene=27#wechat_redirect\",\"source_url\":\"\",\"cover\":\"http:\/\/mmbiz.qpic.cn\/mmbiz_jpg\/JJtKEey0hPa05SHYJx04ic9wlK0e30ylWonmRfOJBCrqC7JUGyYraXevcicB2YUIxoE8qPspwH9CQmaaMLBX7RXQ\/0?wx_fmt=jpeg\",\"author\":\"\",\"copyright_stat\":100,\"del_flag\":1,\"item_show_type\":0,\"audio_fileid\":0,\"duration\":0,\"play_url\":\"\",\"malicious_title_reason_id\":0,\"malicious_content_type\":0},{\"title\":\"“工程师的元宇宙”又添新应用：NVIDIA深度学习技术让2D图像瞬间“起立”变3D\",\"digest\":\"近日， NVIDIA 研究院正在研发一种基于 GAN 理论的全新深度学习模型 GANverse3D ，该模型可以直接根据 2D 图像创建 3D 模型。\",\"content\":\"\",\"fileid\":0,\"content_url\":\"http:\/\/mp.weixin.qq.com\/s?__biz=MzA3NTIyODUzNA==&amp;mid=2649626659&amp;idx=4&amp;sn=ee46d48a67eb185445749f12d2848dfa&amp;chksm=87690c3ab01e852cd9673561afa176478ee96e51b92bad8f696c69774b0e4e2adb5e27fa274d&amp;scene=27#wechat_redirect\",\"source_url\":\"https:\/\/android.myapp.com\/myapp\/detail.htm?apkName=com.mittrchina.mit&amp;ADTAG=mobile\",\"cover\":\"http:\/\/mmbiz.qpic.cn\/mmbiz_jpg\/JJtKEey0hPa05SHYJx04ic9wlK0e30ylWIevEF2ibzRJjPLGpya3WxelvprklHPzjghvClDFtEJ6jxTSqDDdRoiaQ\/0?wx_fmt=jpeg\",\"author\":\"Cici\",\"copyright_stat\":100,\"del_flag\":1,\"item_show_type\":0,\"audio_fileid\":0,\"duration\":0,\"play_url\":\"\",\"malicious_title_reason_id\":0,\"malicious_content_type\":0},{\"title\":\"俞敏洪100亿生命健康基金重仓苏州；国内首家孤儿药临床CRO成立\",\"digest\":\"索智生物宣获五千万人民币天使轮融资，百图生科领投。\",\"content\":\"\",\"fileid\":0,\"content_url\":\"http:\/\/mp.weixin.qq.com\/s?__biz=MzA3NTIyODUzNA==&amp;mid=2649626659&amp;idx=5&amp;sn=8de481cdbbd6a191dda85a627fa4b07a&amp;chksm=87690c3ab01e852c186b7aedf0c2edc3728b67b277641bcea3904371069221d9f537b85b0ea0&amp;scene=27#wechat_redirect\",\"source_url\":\"\",\"cover\":\"http:\/\/mmbiz.qpic.cn\/mmbiz_jpg\/8iaq2iavZjQlOlWG1vlt1G3dWbuD1MHGmhjaAiajvEStZy1VRJsReBQWRApa3vqJtbOHoTQWVosLujtZdysd9HC9A\/0?wx_fmt=jpeg\",\"author\":\"\",\"copyright_stat\":100,\"del_flag\":1,\"item_show_type\":0,\"audio_fileid\":0,\"duration\":0,\"play_url\":\"\",\"malicious_title_reason_id\":0,\"malicious_content_type\":0},{\"title\":\"未来2个月，生物制药领域值得关注的5个问题\",\"digest\":\"各大制药公司近期值得关注进展。\",\"content\":\"\",\"fileid\":0,\"content_url\":\"http:\/\/mp.weixin.qq.com\/s?__biz=MzA3NTIyODUzNA==&amp;mid=2649626659&amp;idx=6&amp;sn=6aee909efbbcbd558f66f65995fe44d2&amp;chksm=87690c3ab01e852c4a09f0f3678f268b88df31414798061a6111ff2a6aec23de8311378ed33b&amp;scene=27#wechat_redirect\",\"source_url\":\"\",\"cover\":\"http:\/\/mmbiz.qpic.cn\/mmbiz_jpg\/8iaq2iavZjQlP9kUkkrtXRzaF2jQPFntMP9ygU6c5dMibPlPbGicaV18f2ibR2hk6PlUliccKicFrmNtCjwmzbXFgqUFQ\/0?wx_fmt=jpeg\",\"author\":\"\",\"copyright_stat\":100,\"del_flag\":1,\"item_show_type\":0,\"audio_fileid\":0,\"duration\":0,\"play_url\":\"\",\"malicious_title_reason_id\":0,\"malicious_content_type\":0}],\"author\":\"刘雅坤\",\"copyright_stat\":11,\"duration\":0,\"del_flag\":1,\"item_show_type\":0,\"audio_fileid\":0,\"play_url\":\"\",\"malicious_title_reason_id\":0,\"malicious_content_type\":0}},{\"comm_msg_info\":{\"id\":1000001801,\"type\":49,\"datetime\":1619432679,\"fakeid\":\"3075228534\",\"status\":2,\"content\":\"\"},\"app_msg_ext_info\":{\"title\":\"浙大教授揭开细菌“飞奔”的秘密，1秒能跑出100倍体长的距离，将给抗生素设计带来新思路 | 专访\",\"digest\":\"“当我们清晰地看到鞭毛马达的结构后，不得不惊叹于大自然和生命的奇妙。这是一个 6.3 兆达尔顿（MDa）的超\",\"content\":\"\",\"fileid\":0,\"content_url\":\"http:\/\/mp.weixin.qq.com\/s?__biz=MzA3NTIyODUzNA==&amp;mid=2649626613&amp;idx=1&amp;sn=3ff4a20eeaa147b4419ffee9584a6d99&amp;chksm=876903ecb01e8afa35c3bc55588d1edaac336def7eb81d2f749c8b89279cf0e3ad86299e9b90&amp;scene=27#wechat_redirect\",\"source_url\":\"https:\/\/android.myapp.com\/myapp\/detail.htm?apkName=com.mittrchina.mit&amp;ADTAG=mobile\",\"cover\":\"http:\/\/mmbiz.qpic.cn\/mmbiz_jpg\/JJtKEey0hPaPuibTqXltibII6Ag72iaNwsElVvot1rpTvUJ4qTFUic4ibiaTNQDZbswBoSQwecadicEytBVpaeLia6ibE8g\/0?wx_fmt=jpeg\",\"subtype\":9,\"is_multi\":1,\"multi_app_msg_item_list\":[{\"title\":\"新能源智能汽车创新峰会报名开启，探寻最具发展潜力的新势力\",\"digest\":\"峰会将于5月21日在湖州长兴久光温德姆酒店举行。\",\"content\":\"\",\"fileid\":502141484,\"content_url\":\"http:\/\/mp.weixin.qq.com\/s?__biz=MzA3NTIyODUzNA==&amp;mid=2649626613&amp;idx=2&amp;sn=bdc3b177b9dafe4d4dcfc1a6142c057e&amp;chksm=876903ecb01e8afa63342163a05b726c18b91d907fc085798a4efe559358f9838834442f3a45&amp;scene=27#wechat_redirect\",\"source_url\":\"http:\/\/hdxu.cn\/FBY3I\",\"cover\":\"http:\/\/mmbiz.qpic.cn\/mmbiz_jpg\/JJtKEey0hPa7GuIfhkC2EwhRHz3kb8xSgSZlmuVAbXicovq9XErwV1SmWxsb6kL1A8eSN7ibbibNicF92cPZWVmSRQ\/0?wx_fmt=jpeg\",\"author\":\"刘雅坤\",\"copyright_stat\":100,\"del_flag\":1,\"item_show_type\":0,\"audio_fileid\":0,\"duration\":0,\"play_url\":\"\",\"malicious_title_reason_id\":0,\"malicious_content_type\":0},{\"title\":\"拥抱变化：上海国际车展中的中国智能汽车“生力军”\",\"digest\":\"4月19日，以“拥抱变化”为主题的第十九届上海国际车展在国家会展中心（上海）举办。\",\"content\":\"\",\"fileid\":0,\"content_url\":\"http:\/\/mp.weixin.qq.com\/s?__biz=MzA3NTIyODUzNA==&amp;mid=2649626613&amp;idx=3&amp;sn=607b8b458c5c05cc1805e93202a221e5&amp;chksm=876903ecb01e8afa492133c76acdfc5bcced650e722b72c5fe0dd6f1db907d490a9b8f4dff5e&amp;scene=27#wechat_redirect\",\"source_url\":\"http:\/\/deeptech.mikecrm.com\/W4ylpc7\",\"cover\":\"http:\/\/mmbiz.qpic.cn\/mmbiz_jpg\/JJtKEey0hPaPuibTqXltibII6Ag72iaNwsEMa6rH2u5XcvKy60jMXkHn6D0iclb9OrEg78cZRuQXIORtvw1rsAunSw\/0?wx_fmt=jpeg\",\"author\":\"\",\"copyright_stat\":100,\"del_flag\":1,\"item_show_type\":0,\"audio_fileid\":0,\"duration\":0,\"play_url\":\"\",\"malicious_title_reason_id\":0,\"malicious_content_type\":0},{\"title\":\"Arm中国 “最神秘产品线” 升级了！三年研发、两代产品、本土研发团队打造\",\"digest\":\"分享一篇文章。\",\"content\":\"\",\"fileid\":0,\"content_url\":\"http:\/\/mp.weixin.qq.com\/s?__biz=MzA3NTIyODUzNA==&amp;mid=2649626613&amp;idx=4&amp;sn=f2c5e85808fccd3e8595ef68128a7f6c&amp;chksm=876903ecb01e8afa03db14a70c6297c2b51bb1f6a010ee40585b9c3a80bbca1a0f8f146ab756&amp;scene=27#wechat_redirect\",\"source_url\":\"\",\"cover\":\"http:\/\/mmbiz.qpic.cn\/mmbiz_jpg\/viaUuks3128Kouic1mYrGHObSfJ0WALlgnPoZovcvx37PdWjCyEwLUg7RHIyeDibl8gtoAt037FQWFCDJrCPNqU7A\/0?wx_fmt=jpeg\",\"author\":\"\",\"copyright_stat\":101,\"del_flag\":1,\"item_show_type\":0,\"audio_fileid\":0,\"duration\":0,\"play_url\":\"\",\"malicious_title_reason_id\":0,\"malicious_content_type\":0},{\"title\":\"助力碳中和的碳排放数据监测技术与应用深度解读｜络绎知图对话青年科学家系列（一）\",\"digest\":\"分享一篇文章。\",\"content\":\"\",\"fileid\":0,\"content_url\":\"http:\/\/mp.weixin.qq.com\/s?__biz=MzA3NTIyODUzNA==&amp;mid=2649626613&amp;idx=5&amp;sn=b1212dd9948b877289c64ca2d7829586&amp;chksm=876903ecb01e8afa36ca65a5c969a3324722013f853ccfc7420d04ed308ee12123e21b9ac68a&amp;scene=27#wechat_redirect\",\"source_url\":\"\",\"cover\":\"http:\/\/mmbiz.qpic.cn\/mmbiz_jpg\/C4wspoQ9GEp26OgLRtgnnJib5L8sgUgu7us3VabdiasBhFkX1LVoRlic9icOZNptCuggYWaaxRicicrrvudoHibGBbJNg\/0?wx_fmt=jpeg\",\"author\":\"\",\"copyright_stat\":101,\"del_flag\":1,\"item_show_type\":0,\"audio_fileid\":0,\"duration\":0,\"play_url\":\"\",\"malicious_title_reason_id\":0,\"malicious_content_type\":0},{\"title\":\"又一神仙上天：中国首辆火星车以火神“祝融”命名\",\"digest\":\"4 月 24 日，中国航天日启动仪式暨中国航天大会开幕式上，国家航天局副局长吴艳华宣布，中国第一辆火星车命\",\"content\":\"\",\"fileid\":0,\"content_url\":\"http:\/\/mp.weixin.qq.com\/s?__biz=MzA3NTIyODUzNA==&amp;mid=2649626613&amp;idx=6&amp;sn=462ae8acf76bb5db08f9b626a3c3d623&amp;chksm=876903ecb01e8afa0ba2171a7bcd7c1d7ad69ba1b2d6bcf4d03d2ee178a2ac17fe5d678bd06a&amp;scene=27#wechat_redirect\",\"source_url\":\"https:\/\/android.myapp.com\/myapp\/detail.htm?apkName=com.mittrchina.mit&amp;ADTAG=mobile\",\"cover\":\"http:\/\/mmbiz.qpic.cn\/mmbiz_jpg\/JJtKEey0hPaPuibTqXltibII6Ag72iaNwsEG5DRRdrfjHKJ9loh85aFRsKweicSRAg5uk4ZNmFTthzYAsNgichNG2ag\/0?wx_fmt=jpeg\",\"author\":\"Cici\",\"copyright_stat\":100,\"del_flag\":1,\"item_show_type\":0,\"audio_fileid\":0,\"duration\":0,\"play_url\":\"\",\"malicious_title_reason_id\":0,\"malicious_content_type\":0}],\"author\":\"多加\",\"copyright_stat\":11,\"duration\":0,\"del_flag\":1,\"item_show_type\":0,\"audio_fileid\":0,\"play_url\":\"\",\"malicious_title_reason_id\":0,\"malicious_content_type\":0}},{\"comm_msg_info\":{\"id\":1000001800,\"type\":49,\"datetime\":1619327966,\"fakeid\":\"3075228534\",\"status\":2,\"content\":\"\"},\"app_msg_ext_info\":{\"title\":\"脑科学百亿市场解析：1500+公司，治病是真，永生是假，从改善瘫痪到神经诱导｜深度\",\"digest\":\"大脑健康领域 2020 年的全球市场规模为 62 亿美元，并将在 2024 年突破百亿美元，成为下一个有可能为人类社会带来颠覆性影响的产业。\",\"content\":\"\",\"fileid\":502142621,\"content_url\":\"http:\/\/mp.weixin.qq.com\/s?__biz=MzA3NTIyODUzNA==&amp;mid=2649626347&amp;idx=1&amp;sn=55e1d5632251130bf4d61c2e4506b28a&amp;chksm=876902f2b01e8be42abff39934d5fa98bfe63559b08fdd9ddcdf28c378f310d63f9250abf563&amp;scene=27#wechat_redirect\",\"source_url\":\"https:\/\/android.myapp.com\/myapp\/detail.htm?apkName=com.mittrchina.mit&amp;ADTAG=mobile\",\"cover\":\"http:\/\/mmbiz.qpic.cn\/mmbiz_jpg\/JJtKEey0hPYar5mcnj9xH8ZcREoY970Ec9ia1XAPx28Rl5paQwRKIN9oMSiaiajgubvwasqkdkcDm4L41fm1rn81Q\/0?wx_fmt=jpeg\",\"subtype\":9,\"is_multi\":1,\"multi_app_msg_item_list\":[{\"title\":\"40余位全球重量级评委公布！寻找最有可能改变世界的35人\",\"digest\":\"《麻省理工科技评论》“35岁以下科技创新35人”2021年中国区榜单正在报名中。\",\"content\":\"\",\"fileid\":0,\"content_url\":\"http:\/\/mp.weixin.qq.com\/s?__biz=MzA3NTIyODUzNA==&amp;mid=2649626347&amp;idx=2&amp;sn=61f45a94b219377e56a76d37f95bef73&amp;chksm=876902f2b01e8be4a16397cefafcbdfa480eb89890d4e0b2869ba5c717ec9a0a1633a5c8c79d&amp;scene=27#wechat_redirect\",\"source_url\":\"http:\/\/deeptech.mikecrm.com\/Kj43aeP\",\"cover\":\"http:\/\/mmbiz.qpic.cn\/mmbiz_jpg\/JJtKEey0hPaSdWVrRIfI3Rt1Sx54owqbul1lb7V0Xn310AQcrrhyJtP9dZTDhh9ial64pWHswDsuCK3sd1emGQw\/0?wx_fmt=jpeg\",\"author\":\"麻省理工科技评论\",\"copyright_stat\":100,\"del_flag\":1,\"item_show_type\":0,\"audio_fileid\":0,\"duration\":0,\"play_url\":\"\",\"malicious_title_reason_id\":0,\"malicious_content_type\":0},{\"title\":\"独家 | 补体药开辟百亿美元市场，科越医药斩获近亿美元融资，欲2年内推动3款补体靶向疗法进入临床\",\"digest\":\"注：DeepTech Mia 对本文亦有贡献2020 年底，阿斯利康宣布以 390 亿美元收购 Alexio\",\"content\":\"\",\"fileid\":0,\"content_url\":\"http:\/\/mp.weixin.qq.com\/s?__biz=MzA3NTIyODUzNA==&amp;mid=2649626347&amp;idx=3&amp;sn=58744d868ac1fa4df9a6df13eb84c90f&amp;chksm=876902f2b01e8be43efad653be7513e9d42ed7724155a6c838c5cc8413e97da80ff60811509a&amp;scene=27#wechat_redirect\",\"source_url\":\"\",\"cover\":\"http:\/\/mmbiz.qpic.cn\/mmbiz_jpg\/8iaq2iavZjQlMYMIKzYjIBCiaAFzvS4LnJDMcFz0t5RFtBTADvSCM8lAefWNlFSqWC5lDIvibwGqhtK4CwqGeH6icWA\/0?wx_fmt=jpeg\",\"author\":\"胡莉花\",\"copyright_stat\":201,\"del_flag\":1,\"item_show_type\":0,\"audio_fileid\":0,\"duration\":0,\"play_url\":\"\",\"malicious_title_reason_id\":0,\"malicious_content_type\":0},{\"title\":\"SpaceX 2021载人首秀：二手装备送4名宇航员上太空，马斯克放话2024登月球\",\"digest\":\"马斯克认为，尽管技术上有难题，但仍可实现 2024 年登月的目标。\",\"content\":\"\",\"fileid\":0,\"content_url\":\"http:\/\/mp.weixin.qq.com\/s?__biz=MzA3NTIyODUzNA==&amp;mid=2649626347&amp;idx=4&amp;sn=5265d58c65d2310bf8ac9e7ed04092c5&amp;chksm=876902f2b01e8be45d24a62433d3beeeb1fa10f160a0fb82628f026851c5c2ffcb4c191c9f24&amp;scene=27#wechat_redirect\",\"source_url\":\"http:\/\/deeptech.mikecrm.com\/Kj43aeP\",\"cover\":\"http:\/\/mmbiz.qpic.cn\/mmbiz_jpg\/JJtKEey0hPYyC6MlT4fBich3O56ia08n7UkYyz3zx3Ql0JJLwgiciagnaZTPL9vxPXPicy29YE1XViaAxs1uGEJ9AU7A\/0?wx_fmt=jpeg\",\"author\":\"Cici\",\"copyright_stat\":100,\"del_flag\":1,\"item_show_type\":0,\"audio_fileid\":0,\"duration\":0,\"play_url\":\"\",\"malicious_title_reason_id\":0,\"malicious_content_type\":0},{\"title\":\"谷歌、Facebook等科技巨头是如何讨论AI伦理的？\",\"digest\":\"你可以用50个左右的词来表达你对AI伦理的关心，同时又不会受到牵连。\",\"content\":\"\",\"fileid\":0,\"content_url\":\"http:\/\/mp.weixin.qq.com\/s?__biz=MzA3NTIyODUzNA==&amp;mid=2649626347&amp;idx=5&amp;sn=2c1c084c8598c11ed4cd188ad257cb61&amp;chksm=876902f2b01e8be43f100f0a5c94bf917e995ab33789dba78131bd5508a9522a2db360700f3e&amp;scene=27#wechat_redirect\",\"source_url\":\"http:\/\/deeptech.mikecrm.com\/Kj43aeP\",\"cover\":\"http:\/\/mmbiz.qpic.cn\/mmbiz_jpg\/JJtKEey0hPaa2F8JmNvTjWUvB1Lbuwva3YPxVWwXtWaDON5ThgG3wDwiczZ5wzwLkRoAbqibvyjqliaib53HdJPicPQ\/0?wx_fmt=jpeg\",\"author\":\"Karen Hao\",\"copyright_stat\":11,\"del_flag\":1,\"item_show_type\":0,\"audio_fileid\":0,\"duration\":0,\"play_url\":\"\",\"malicious_title_reason_id\":0,\"malicious_content_type\":0},{\"title\":\"中国首款3D打印罕见病药物将现？三迭纪与曙方医药合作开发肺动脉高压改良新药\",\"digest\":\"推动全新的3D打印药物T22产品走向临床。\",\"content\":\"\",\"fileid\":0,\"content_url\":\"http:\/\/mp.weixin.qq.com\/s?__biz=MzA3NTIyODUzNA==&amp;mid=2649626347&amp;idx=6&amp;sn=6d2803fa3a393921f31c448c9b8ff9db&amp;chksm=876902f2b01e8be4dd427bad1b9a3c247ccd6a5d61ce251bef09d2eda1b049fe4151e34145e8&amp;scene=27#wechat_redirect\",\"source_url\":\"\",\"cover\":\"http:\/\/mmbiz.qpic.cn\/mmbiz_jpg\/8iaq2iavZjQlMYMIKzYjIBCiaAFzvS4LnJDQF3oXc8hkLOxM9ByhEHjLp5CibbUceAo5h8zQiafpwp0QWddPDyp0wPA\/0?wx_fmt=jpeg\",\"author\":\"赵欣\",\"copyright_stat\":100,\"del_flag\":1,\"item_show_type\":0,\"audio_fileid\":0,\"duration\":0,\"play_url\":\"\",\"malicious_title_reason_id\":0,\"malicious_content_type\":0}],\"author\":\"刘雅坤\",\"copyright_stat\":11,\"duration\":0,\"del_flag\":1,\"item_show_type\":0,\"audio_fileid\":0,\"play_url\":\"\",\"malicious_title_reason_id\":0,\"malicious_content_type\":0}},{\"comm_msg_info\":{\"id\":1000001799,\"type\":49,\"datetime\":1619247907,\"fakeid\":\"3075228534\",\"status\":2,\"content\":\"\"},\"app_msg_ext_info\":{\"title\":\"灵感来自“酸奶”，中国科学家攻克塑料降解难题！40℃水温下两天内可完全降解 | 专访\",\"digest\":\"“当我从父母的花园里拿到堆肥土壤时，常常堆满了尚未完全降解的塑料碎片。” 本身就是加州大学伯克利分校材料科学\",\"content\":\"\",\"fileid\":0,\"content_url\":\"http:\/\/mp.weixin.qq.com\/s?__biz=MzA3NTIyODUzNA==&amp;mid=2649626245&amp;idx=1&amp;sn=bbbd6b4ac94bf751f534f4adb5360781&amp;chksm=8769029cb01e8b8ab4e6b21c82e97b316da66be78d19873c0f51bbc0d71130bfe28dd874985f&amp;scene=27#wechat_redirect\",\"source_url\":\"http:\/\/deeptech.mikecrm.com\/GjltePy\",\"cover\":\"http:\/\/mmbiz.qpic.cn\/mmbiz_jpg\/JJtKEey0hPYar5mcnj9xH8ZcREoY970Eg0IerB92eMMJW6YGou3mUJP4gdloCCNoKeobVbyPo0caNjtlPrj2rQ\/0?wx_fmt=jpeg\",\"subtype\":9,\"is_multi\":1,\"multi_app_msg_item_list\":[{\"title\":\"百图生科刘维：生物计算风已起，造药新势力正当时|独家专访\",\"digest\":\"从创新概念到生产出爆炸性产品的漫漫征程中，常常会面临质疑甚至否定。譬如头部 “造车新势力” 特斯拉，也曾经历\",\"content\":\"\",\"fileid\":0,\"content_url\":\"http:\/\/mp.weixin.qq.com\/s?__biz=MzA3NTIyODUzNA==&amp;mid=2649626245&amp;idx=2&amp;sn=3007fc9fe2133126b38020b36c4e9c96&amp;chksm=8769029cb01e8b8a040bea38b3710adb5a3ec0bbddd6bc753085f47bde54d402461db2ca71cb&amp;scene=27#wechat_redirect\",\"source_url\":\"https:\/\/apps.apple.com\/cn\/app\/%E7%94%9F%E8%BE%89\/id1317664102\",\"cover\":\"http:\/\/mmbiz.qpic.cn\/mmbiz_jpg\/8iaq2iavZjQlMxUA4vKpZMxj2pibahmYHVaUtvoaDvSsfT03FH2trX6Ijfibnnh2pxgkJ5CqZHZaicXeqfnWsqMfibdQ\/0?wx_fmt=jpeg\",\"author\":\"宋冉\",\"copyright_stat\":201,\"del_flag\":1,\"item_show_type\":0,\"audio_fileid\":0,\"duration\":0,\"play_url\":\"\",\"malicious_title_reason_id\":0,\"malicious_content_type\":0},{\"title\":\"CIS芯片需求引爆！台积电南京厂将砸29亿美元扩建28nm产能4万片\",\"digest\":\"分享一篇文章。\",\"content\":\"\",\"fileid\":0,\"content_url\":\"http:\/\/mp.weixin.qq.com\/s?__biz=MzA3NTIyODUzNA==&amp;mid=2649626245&amp;idx=3&amp;sn=00da481bd6d555afde417aa84316349d&amp;chksm=8769029cb01e8b8a5d1b3e7a8058723618bbf0fd85929ed303952c01c3556b6c2d3c85ba4b96&amp;scene=27#wechat_redirect\",\"source_url\":\"\",\"cover\":\"http:\/\/mmbiz.qpic.cn\/mmbiz_jpg\/viaUuks3128IicYCOXHx2NoLkH37ia2QhlyftLVgiae1Gdh56atS04kDlbX8GklA6IVVHbjmFboIqURbMmRI1C2lLA\/0?wx_fmt=jpeg\",\"author\":\"\",\"copyright_stat\":101,\"del_flag\":1,\"item_show_type\":0,\"audio_fileid\":0,\"duration\":0,\"play_url\":\"\",\"malicious_title_reason_id\":0,\"malicious_content_type\":0},{\"title\":\"斯坦福毕业生研发唾液检测技术，可提醒后代罹患常见遗传病的风险\",\"digest\":\"“兰花”（Orchid）正在为人们提供针对精神分裂症、糖尿病甚至癌症的多基因风险评分。但是，面向夫妻和他们尚未诞生的孩子的该项付费测试有科学依据吗？\",\"content\":\"\",\"fileid\":0,\"content_url\":\"http:\/\/mp.weixin.qq.com\/s?__biz=MzA3NTIyODUzNA==&amp;mid=2649626245&amp;idx=4&amp;sn=b7f67283976bdd95a9461634aeea4d50&amp;chksm=8769029cb01e8b8af5820f6ec9a5f0aa9504d3d3ec35e83c70387a8ed2446721dac82d09705c&amp;scene=27#wechat_redirect\",\"source_url\":\"http:\/\/deeptech.mikecrm.com\/GjltePy\",\"cover\":\"http:\/\/mmbiz.qpic.cn\/mmbiz_jpg\/JJtKEey0hPbF5wZoPeQ2ZYskewQEYd1jr1xvQsbbXCpBOlrm7bzGYhhBQ6KAnkwHfY9bpFQbXAe8MuuCmIMGYg\/0?wx_fmt=jpeg\",\"author\":\"艾米丽·穆林\",\"copyright_stat\":11,\"del_flag\":1,\"item_show_type\":0,\"audio_fileid\":0,\"duration\":0,\"play_url\":\"\",\"malicious_title_reason_id\":0,\"malicious_content_type\":0},{\"title\":\"颜宁、吴皓、蔡立慧等9位华人科学家当选AAAS院士，近一半涉猎生命科学领域\",\"digest\":\"5位生命科学领域华人科学家入选2021年美国艺术与科学学院新增院士名单。\",\"content\":\"\",\"fileid\":0,\"content_url\":\"http:\/\/mp.weixin.qq.com\/s?__biz=MzA3NTIyODUzNA==&amp;mid=2649626245&amp;idx=5&amp;sn=ddf5be3c8967e72b99ec0b25ad3f6471&amp;chksm=8769029cb01e8b8a8b07704b521049d2bd14edd660771b8180cd3e6054e2035598314a8ee6c2&amp;scene=27#wechat_redirect\",\"source_url\":\"\",\"cover\":\"http:\/\/mmbiz.qpic.cn\/mmbiz_jpg\/8iaq2iavZjQlMYMIKzYjIBCiaAFzvS4LnJDrOP1ygcGTUYjxsbvQyql06dh1RkHNoa7oWicohxv0eGHpFjGT4TX9YA\/0?wx_fmt=jpeg\",\"author\":\"\",\"copyright_stat\":100,\"del_flag\":1,\"item_show_type\":0,\"audio_fileid\":0,\"duration\":0,\"play_url\":\"\",\"malicious_title_reason_id\":0,\"malicious_content_type\":0},{\"title\":\"超5亿美元IPO，合成生物独角兽Zymergen正式上市\",\"digest\":\"分享一篇文章。\",\"content\":\"\",\"fileid\":0,\"content_url\":\"http:\/\/mp.weixin.qq.com\/s?__biz=MzA3NTIyODUzNA==&amp;mid=2649626245&amp;idx=6&amp;sn=4be4b5a250d65dfc6c2c6c0a752fb205&amp;chksm=8769029cb01e8b8a0ca7e889300ae64066ae2139c6f1b81ac0f355f2452f489ececbc81fc729&amp;scene=27#wechat_redirect\",\"source_url\":\"\",\"cover\":\"http:\/\/mmbiz.qpic.cn\/sz_mmbiz_jpg\/libZ8rRWYoouFxeiaDRicwRrhmLuqWDwyvSbHaTSP1CIT3y1QCuIR3pTF65FBRo4gdW2kZjKcI3ic9CHcRSLYfiaDQg\/0?wx_fmt=jpeg\",\"author\":\"\",\"copyright_stat\":101,\"del_flag\":1,\"item_show_type\":0,\"audio_fileid\":0,\"duration\":0,\"play_url\":\"\",\"malicious_title_reason_id\":0,\"malicious_content_type\":0},{\"title\":\"研究表明素食导致男性雄性激素降低26%，优质脂肪则能提升雄性激素水平\",\"digest\":\"近年来，高脂饮食可显示出能减少甘油三酸酯，降低血压，增加高密度脂蛋白胆固醇，而现在的这项研究又表明：高脂饮食能够提升睾酮水平。\",\"content\":\"\",\"fileid\":0,\"content_url\":\"http:\/\/mp.weixin.qq.com\/s?__biz=MzA3NTIyODUzNA==&amp;mid=2649626245&amp;idx=7&amp;sn=ae6cb92d71db45f326580ac1d4bf8b0c&amp;chksm=8769029cb01e8b8ac4839b389558c2725559fba13d78c006b680cd5881b26e7bfcf25400fe40&amp;scene=27#wechat_redirect\",\"source_url\":\"http:\/\/deeptech.mikecrm.com\/GjltePy\",\"cover\":\"http:\/\/mmbiz.qpic.cn\/mmbiz_jpg\/JJtKEey0hPYar5mcnj9xH8ZcREoY970EdtV9J7qeuWzuXcXAWndicj3ic393PZDcLvdg2mufFK6CuEceNBwXMlfQ\/0?wx_fmt=jpeg\",\"author\":\"Cici\",\"copyright_stat\":100,\"del_flag\":1,\"item_show_type\":0,\"audio_fileid\":0,\"duration\":0,\"play_url\":\"\",\"malicious_title_reason_id\":0,\"malicious_content_type\":0}],\"author\":\"多加\",\"copyright_stat\":11,\"duration\":0,\"del_flag\":1,\"item_show_type\":0,\"audio_fileid\":0,\"play_url\":\"\",\"malicious_title_reason_id\":0,\"malicious_content_type\":0}},{\"comm_msg_info\":{\"id\":1000001798,\"type\":49,\"datetime\":1619181823,\"fakeid\":\"3075228534\",\"status\":2,\"content\":\"\"},\"app_msg_ext_info\":{\"title\":\"潘建伟等在超冷原子体系取得重要进展：国际首次合成三维人工自旋轨道耦合\",\"digest\":\"本次成果不仅能应用于费米子体系中、去进行强关联拓扑物理研究，还能推动量子模拟方面的发展。\",\"content\":\"\",\"fileid\":502142556,\"content_url\":\"http:\/\/mp.weixin.qq.com\/s?__biz=MzA3NTIyODUzNA==&amp;mid=2649626208&amp;idx=1&amp;sn=65eca7f004f1bd70473b4aa24f64aedc&amp;chksm=87690279b01e8b6f203362844850ca2c0fd1fb3ff94912fc37d1e48c6503edda6bd82834962f&amp;scene=27#wechat_redirect\",\"source_url\":\"https:\/\/android.myapp.com\/myapp\/detail.htm?apkName=com.mittrchina.mit&amp;ADTAG=mobile\",\"cover\":\"http:\/\/mmbiz.qpic.cn\/mmbiz_jpg\/JJtKEey0hPbF5wZoPeQ2ZYskewQEYd1js9Os4sv8Xg9LgDEXlicsJkEGfZIx6ZxM6TkseGI2NXTjcwyF4nfAW7g\/0?wx_fmt=jpeg\",\"subtype\":9,\"is_multi\":1,\"multi_app_msg_item_list\":[{\"title\":\"“换道超车”：无人驾驶在中国的落地之路\",\"digest\":\"4 月 20 日，由 CB Insights 中国、中国移动、轻舟智航联合撰写的《中国首条 5G 无人公交线路运营报告》（以下简称《报告》）在上海国际车展期间正式发布。\",\"content\":\"\",\"fileid\":502142465,\"content_url\":\"http:\/\/mp.weixin.qq.com\/s?__biz=MzA3NTIyODUzNA==&amp;mid=2649626208&amp;idx=2&amp;sn=b97b38f1a341b6f3c00e9b0d7197e6e5&amp;chksm=87690279b01e8b6fef3a916436f0688d822fd980ac55fb321c92d65bd44b850768416e53168f&amp;scene=27#wechat_redirect\",\"source_url\":\"https:\/\/android.myapp.com\/myapp\/detail.htm?apkName=com.mittrchina.mit&amp;ADTAG=mobile\",\"cover\":\"http:\/\/mmbiz.qpic.cn\/mmbiz_jpg\/JJtKEey0hPbF5wZoPeQ2ZYskewQEYd1jzTT8XSN7kiaRvcN2uZvJrqD0DrwwWmnNInMFhV3U4gjT6hFia2VDCibaw\/0?wx_fmt=jpeg\",\"author\":\"\",\"copyright_stat\":100,\"del_flag\":1,\"item_show_type\":0,\"audio_fileid\":0,\"duration\":0,\"play_url\":\"\",\"malicious_title_reason_id\":0,\"malicious_content_type\":0},{\"title\":\"强生公司单剂新冠疫苗依旧扑朔迷离，原因是由于“数据不完美”？\",\"digest\":\"监管机构调查新冠疫苗副作用的时间十分紧迫，美国支离破碎的数据系统更是让他们的任务雪上加霜。\",\"content\":\"\",\"fileid\":0,\"content_url\":\"http:\/\/mp.weixin.qq.com\/s?__biz=MzA3NTIyODUzNA==&amp;mid=2649626208&amp;idx=3&amp;sn=eadcdffd1d9f0df8e4b30e974786c095&amp;chksm=87690279b01e8b6f7e9ac4503933459dbb5307714edba72c4f9f501b12524ffa3c6d083588f6&amp;scene=27#wechat_redirect\",\"source_url\":\"https:\/\/android.myapp.com\/myapp\/detail.htm?apkName=com.mittrchina.mit&amp;ADTAG=mobile\",\"cover\":\"http:\/\/mmbiz.qpic.cn\/mmbiz_jpg\/JJtKEey0hPbF5wZoPeQ2ZYskewQEYd1jEfNqwLvNLtqey1Gqtx4ASqA9yibKSQa9PslSGtbmb4CU0pXDkfPyiaCw\/0?wx_fmt=jpeg\",\"author\":\"凯特·弗格森\",\"copyright_stat\":11,\"del_flag\":1,\"item_show_type\":0,\"audio_fileid\":0,\"duration\":0,\"play_url\":\"\",\"malicious_title_reason_id\":0,\"malicious_content_type\":0},{\"title\":\"俄罗斯预警！国际空间站超期服役或将失灵，俄计划自建新型太空站\",\"digest\":\"国际空间站是迄今世界上耗时最长、涉及国家最多、规模最大、设备最先进的航天工程。其主要功能是作为在微重力环境下的研究实验室。\",\"content\":\"\",\"fileid\":0,\"content_url\":\"http:\/\/mp.weixin.qq.com\/s?__biz=MzA3NTIyODUzNA==&amp;mid=2649626208&amp;idx=4&amp;sn=a9bd6bbf64e625921804c19405950cd9&amp;chksm=87690279b01e8b6f140e3e2ca92c57b8afa845cc515ef08eae3f82925cc118fdd7baffd35f5a&amp;scene=27#wechat_redirect\",\"source_url\":\"https:\/\/android.myapp.com\/myapp\/detail.htm?apkName=com.mittrchina.mit&amp;ADTAG=mobile\",\"cover\":\"http:\/\/mmbiz.qpic.cn\/mmbiz_jpg\/JJtKEey0hPbF5wZoPeQ2ZYskewQEYd1jX7sLkATTj7Ar0X4Wy3JJf91Xu0HLS9g35xFiawg0TOV6xq83WBwZjUg\/0?wx_fmt=jpeg\",\"author\":\"北方\",\"copyright_stat\":100,\"del_flag\":1,\"item_show_type\":0,\"audio_fileid\":0,\"duration\":0,\"play_url\":\"\",\"malicious_title_reason_id\":0,\"malicious_content_type\":0},{\"title\":\"综述回顾哺乳动物细胞中的定向进化技术：核心突变方法盘点解析丨Nature Methods\",\"digest\":\"分享一篇文章。\",\"content\":\"\",\"fileid\":0,\"content_url\":\"http:\/\/mp.weixin.qq.com\/s?__biz=MzA3NTIyODUzNA==&amp;mid=2649626208&amp;idx=5&amp;sn=7646cbd6cdfbc9fce3db713b026968ed&amp;chksm=87690279b01e8b6fb90fc221a97f78f5dd4ae1bf41de8152c7a787d5ebcc5307493abcd3f2b1&amp;scene=27#wechat_redirect\",\"source_url\":\"\",\"cover\":\"http:\/\/mmbiz.qpic.cn\/sz_mmbiz_jpg\/libZ8rRWYoouFxeiaDRicwRrhmLuqWDwyvS064RruiaFaOdy6gB4zoO31j1OnIXZL0J6lqmeMjicDTd1BkwFH5VPbRg\/0?wx_fmt=jpeg\",\"author\":\"\",\"copyright_stat\":101,\"del_flag\":1,\"item_show_type\":0,\"audio_fileid\":0,\"duration\":0,\"play_url\":\"\",\"malicious_title_reason_id\":0,\"malicious_content_type\":0},{\"title\":\"明星生物电池团队跨界联手Biotech公司，借力DNA解决低容量痛点\",\"digest\":\"借用DNA能量的生物电池。\",\"content\":\"\",\"fileid\":0,\"content_url\":\"http:\/\/mp.weixin.qq.com\/s?__biz=MzA3NTIyODUzNA==&amp;mid=2649626208&amp;idx=6&amp;sn=793c0341c6c2dd48d98e45f0240088d7&amp;chksm=87690279b01e8b6f83d7b2d6fc233aaa17fca74ffb3ef94db6ce2c1d7b286035e97050c8f0af&amp;scene=27#wechat_redirect\",\"source_url\":\"\",\"cover\":\"http:\/\/mmbiz.qpic.cn\/mmbiz_jpg\/8iaq2iavZjQlMYPHw8KyRibf8WVMPAdibbOutgwj1X7wqfBIlDOoHj6m0slfNYK83ictoJafquwtCZJLiaqwm36L6mQA\/0?wx_fmt=jpeg\",\"author\":\"Rina D.Caballar\",\"copyright_stat\":100,\"del_flag\":1,\"item_show_type\":0,\"audio_fileid\":0,\"duration\":0,\"play_url\":\"\",\"malicious_title_reason_id\":0,\"malicious_content_type\":0},{\"title\":\"华恒生物登陆科创板；唯迈医疗获3亿元D轮融资；罗氏撤除2条新冠药物生产线\",\"digest\":\"世卫：全球上周新增新冠确诊病例又创疫情暴发以来最高纪录。\",\"content\":\"\",\"fileid\":0,\"content_url\":\"http:\/\/mp.weixin.qq.com\/s?__biz=MzA3NTIyODUzNA==&amp;mid=2649626208&amp;idx=7&amp;sn=7017de347d08e923310e1fc9eab08395&amp;chksm=87690279b01e8b6f8c4b29e6c41cfa77a79991952e8d52a3adc2e6e755d468ea8c3b885ddaa7&amp;scene=27#wechat_redirect\",\"source_url\":\"\",\"cover\":\"http:\/\/mmbiz.qpic.cn\/mmbiz_jpg\/8iaq2iavZjQlMYPHw8KyRibf8WVMPAdibbOupiclVuted5B6UMbN0OK4g7CBuSWnMMkPuJKqhEq4JTFkB2edgZia459A\/0?wx_fmt=jpeg\",\"author\":\"\",\"copyright_stat\":100,\"del_flag\":1,\"item_show_type\":0,\"audio_fileid\":0,\"duration\":0,\"play_url\":\"\",\"malicious_title_reason_id\":0,\"malicious_content_type\":0}],\"author\":\"多加\",\"copyright_stat\":11,\"duration\":0,\"del_flag\":1,\"item_show_type\":0,\"audio_fileid\":0,\"play_url\":\"\",\"malicious_title_reason_id\":0,\"malicious_content_type\":0}}]}","next_offset":56,"video_count":1,"use_video_tab":1,"real_type":0,"home_page_list":[]}