{"ret":0,"errmsg":"ok","msg_count":10,"can_msg_continue":1,"general_msg_list":"{\"list\":[{\"comm_msg_info\":{\"id\":1000001787,\"type\":49,\"datetime\":1618223621,\"fakeid\":\"3075228534\",\"status\":2,\"content\":\"\"},\"app_msg_ext_info\":{\"title\":\"24岁浙大毕业生研发两足机器人，已学会蹲伏走路和载重走路，应用于“最后一公里快递”和灾后搜救 | 专访\",\"digest\":\"今年他在读博二，虽然毕业去向还未明朗，但他认为回国是很好的选择。因为中国现在有非常成熟的机器人平台，两足机器人也有着很好的发展空间。\",\"content\":\"\",\"fileid\":502141139,\"content_url\":\"http:\/\/mp.weixin.qq.com\/s?__biz=MzA3NTIyODUzNA==&amp;mid=2649624834&amp;idx=1&amp;sn=618cc0c5c7bd6cef03ba019d1e49d191&amp;chksm=8769051bb01e8c0d832bd14f3b8178cf55131aaae741af43737b607554eed05d5e153e64c5c4&amp;scene=27#wechat_redirect\",\"source_url\":\"http:\/\/deeptech.mikecrm.com\/M905fRN\",\"cover\":\"http:\/\/mmbiz.qpic.cn\/mmbiz_jpg\/JJtKEey0hPYibwILWaZ0KVegfqVRXsWZrjX0111IfGC4urjzrialLBGI6Mzk2ibyAk3M8K7R4eR9hDtL7CPicwGJRQ\/0?wx_fmt=jpeg\",\"subtype\":9,\"is_multi\":1,\"multi_app_msg_item_list\":[{\"title\":\"以科技定义汽车，CB Insights中国“新能源智能汽车创新企业”榜单正在报名\",\"digest\":\"报名将于2021年5月7日中午12:00截止。\",\"content\":\"\",\"fileid\":0,\"content_url\":\"http:\/\/mp.weixin.qq.com\/s?__biz=MzA3NTIyODUzNA==&amp;mid=2649624834&amp;idx=2&amp;sn=2a15c3d864b2a1181699705f49681dc2&amp;chksm=8769051bb01e8c0d3dff7e44a937144dcddfa5851081765735c7655f08d24f79f844314aff01&amp;scene=27#wechat_redirect\",\"source_url\":\"http:\/\/technologyreviewchina-synbiox.mikecrm.com\/13I16ti\",\"cover\":\"http:\/\/mmbiz.qpic.cn\/mmbiz_jpg\/JJtKEey0hPYibwILWaZ0KVegfqVRXsWZrtcOToog0WfxKvZnFjI0gGdanU4GgBZIN7ib8I7bxK8QfaKDKDK3HQEA\/0?wx_fmt=jpeg\",\"author\":\"刘雅坤\",\"copyright_stat\":100,\"del_flag\":1,\"item_show_type\":0,\"audio_fileid\":0,\"duration\":0,\"play_url\":\"\",\"malicious_title_reason_id\":0,\"malicious_content_type\":0},{\"title\":\"脑机接口技术前沿与商业应用展望｜络绎知图深度解读\",\"digest\":\"分享一篇文章。\",\"content\":\"\",\"fileid\":0,\"content_url\":\"http:\/\/mp.weixin.qq.com\/s?__biz=MzA3NTIyODUzNA==&amp;mid=2649624834&amp;idx=3&amp;sn=6e4de022d86be28e5338f79f86edfb90&amp;chksm=8769051bb01e8c0d9c8315a00354d224b61c0e42050af5cab177b1b258c6003c2b6d86dd30f9&amp;scene=27#wechat_redirect\",\"source_url\":\"\",\"cover\":\"http:\/\/mmbiz.qpic.cn\/mmbiz_jpg\/C4wspoQ9GEqXYSRgSayahLdXriamwiaP3Yye64SjmDRLv60h7dbTc6RQCsFulicgfQpibSw1onfVZfH8bgN42pIngQ\/0?wx_fmt=jpeg\",\"author\":\"\",\"copyright_stat\":101,\"del_flag\":1,\"item_show_type\":0,\"audio_fileid\":0,\"duration\":0,\"play_url\":\"\",\"malicious_title_reason_id\":0,\"malicious_content_type\":0},{\"title\":\"清华团队打造工程免疫细胞STAR-T，平台首个双靶点疗法临床申报在即丨专访华夏英泰\",\"digest\":\"3 月 24 日，在 Science 子刊 Science Translational Medicine 上\",\"content\":\"\",\"fileid\":0,\"content_url\":\"http:\/\/mp.weixin.qq.com\/s?__biz=MzA3NTIyODUzNA==&amp;mid=2649624834&amp;idx=4&amp;sn=cf9871eadf992be5d5ec3a8b27c02649&amp;chksm=8769051bb01e8c0d1bd19dbf752b4157034860930fd3194295846e4bf71a5e2f383ab46cf5a5&amp;scene=27#wechat_redirect\",\"source_url\":\"\",\"cover\":\"http:\/\/mmbiz.qpic.cn\/sz_mmbiz_jpg\/libZ8rRWYoou6VSqutmA6LAVgBb2h0MYVYNzoLJrgoMCgzYclfNdKcULHQl7QRS3LoibJ9A9q0OWngRCLI7dKdGA\/0?wx_fmt=jpeg\",\"author\":\"郑集杨\",\"copyright_stat\":201,\"del_flag\":1,\"item_show_type\":0,\"audio_fileid\":0,\"duration\":0,\"play_url\":\"\",\"malicious_title_reason_id\":0,\"malicious_content_type\":0},{\"title\":\"年仅45岁，中山大学生命科学院长赵勇病逝，一生致力于细胞衰老癌变研究\",\"digest\":\"“他治学严谨，成就卓著，在细胞衰老及端粒研究领域做出了多项开创性工作。”\",\"content\":\"\",\"fileid\":502141180,\"content_url\":\"http:\/\/mp.weixin.qq.com\/s?__biz=MzA3NTIyODUzNA==&amp;mid=2649624834&amp;idx=5&amp;sn=55e2d8cc18736389340b7b678ff32299&amp;chksm=8769051bb01e8c0d2b001eacd85f05c10614a0d8e69ddfe7b24d5333d84962afb3b46e6ea0f3&amp;scene=27#wechat_redirect\",\"source_url\":\"http:\/\/deeptech.mikecrm.com\/M905fRN\",\"cover\":\"http:\/\/mmbiz.qpic.cn\/mmbiz_jpg\/JJtKEey0hPYibwILWaZ0KVegfqVRXsWZr4USQLQJqcGhuB9YImgFHkZC0Y3dqqD91sTlIPgoIwBFNO31yvXuPkA\/0?wx_fmt=jpeg\",\"author\":\"陈品筹\",\"copyright_stat\":11,\"del_flag\":1,\"item_show_type\":0,\"audio_fileid\":0,\"duration\":0,\"play_url\":\"\",\"malicious_title_reason_id\":0,\"malicious_content_type\":0},{\"title\":\"​清洁能源新未来：美国正推动 “高温质子交换膜燃料电池” 走向市场\",\"digest\":\"碳排放是全球性大问题，世界各国都在面临的困境，如何减少碳排放则是从国家层面，到能源行业、汽车行业、交通行业等\",\"content\":\"\",\"fileid\":0,\"content_url\":\"http:\/\/mp.weixin.qq.com\/s?__biz=MzA3NTIyODUzNA==&amp;mid=2649624834&amp;idx=6&amp;sn=73560cfe07c1dde2a724475063695ac6&amp;chksm=8769051bb01e8c0def903c40fcf4af195ab4923c9c70ff0d984a813291ed4edd15f6fa257253&amp;scene=27#wechat_redirect\",\"source_url\":\"http:\/\/deeptech.mikecrm.com\/M905fRN\",\"cover\":\"http:\/\/mmbiz.qpic.cn\/mmbiz_jpg\/JJtKEey0hPYibwILWaZ0KVegfqVRXsWZrwUxHNpfh3PP0XaicKBdjZQtGFP6bln4TMy7fzssB4TkwUictemWw20Yw\/0?wx_fmt=jpeg\",\"author\":\"高湘宜\",\"copyright_stat\":100,\"del_flag\":1,\"item_show_type\":0,\"audio_fileid\":0,\"duration\":0,\"play_url\":\"\",\"malicious_title_reason_id\":0,\"malicious_content_type\":0},{\"title\":\"史上最大SPAC呼之欲出？合成生物独角兽Ginkgo拟超200亿美元合并上市\",\"digest\":\"据彭博社援引知情人士消息称，美国合成生物学公司 Ginkgo Bioworks（Ginkgo）正在考虑与好莱\",\"content\":\"\",\"fileid\":0,\"content_url\":\"http:\/\/mp.weixin.qq.com\/s?__biz=MzA3NTIyODUzNA==&amp;mid=2649624834&amp;idx=7&amp;sn=609119adf8c23b0efae30646e76df0ee&amp;chksm=8769051bb01e8c0d4f0059ff5d8d3a595abd03368ae72869512ca488c03001be8e78da8f361c&amp;scene=27#wechat_redirect\",\"source_url\":\"\",\"cover\":\"http:\/\/mmbiz.qpic.cn\/mmbiz_jpg\/8iaq2iavZjQlPmBZEMNVPxSENhgApFZXemxicwdWKhhyQ5M3ibjo8qbWqHQvOWbBL5DDxKTXpIAmsD7MTvaf9SKT6g\/0?wx_fmt=jpeg\",\"author\":\"宋冉\",\"copyright_stat\":201,\"del_flag\":1,\"item_show_type\":0,\"audio_fileid\":0,\"duration\":0,\"play_url\":\"\",\"malicious_title_reason_id\":0,\"malicious_content_type\":0}],\"author\":\"多加\",\"copyright_stat\":11,\"duration\":0,\"del_flag\":1,\"item_show_type\":0,\"audio_fileid\":0,\"play_url\":\"\",\"malicious_title_reason_id\":0,\"malicious_content_type\":0}},{\"comm_msg_info\":{\"id\":1000001786,\"type\":49,\"datetime\":1618121703,\"fakeid\":\"3075228534\",\"status\":2,\"content\":\"\"},\"app_msg_ext_info\":{\"title\":\"全球最大核聚变装置ITER，即将启动彩排实验JET！首次用氘氚1:1混合燃料｜专访一线青年学者\",\"digest\":\"“只要 JET 实验顺利进行，不管最终实验数据如何，都是人类在核聚变领域的一次重大进步。”\",\"content\":\"\",\"fileid\":0,\"content_url\":\"http:\/\/mp.weixin.qq.com\/s?__biz=MzA3NTIyODUzNA==&amp;mid=2649624713&amp;idx=1&amp;sn=f5b4c9b2c4f7e9ec4bccf88bab97b42c&amp;chksm=87690490b01e8d86fa552b052dd76188dec7c4eacefbb604a0173861d1c6f7071ff29e830967&amp;scene=27#wechat_redirect\",\"source_url\":\"http:\/\/deeptech.mikecrm.com\/2bKJqlN\",\"cover\":\"http:\/\/mmbiz.qpic.cn\/mmbiz_jpg\/JJtKEey0hPbUR5bfHBoKepEUcUgp5gZBKkwPEflQ2meZ6xT4V4snTMCFKVmS6xA7vL8mhUtEsF1nWIezS2X6CA\/0?wx_fmt=jpeg\",\"subtype\":9,\"is_multi\":1,\"multi_app_msg_item_list\":[{\"title\":\"​杭州电子科技大学博士用微观交叉定位，让无人机送货不再“找路难”\",\"digest\":\"疫情期间，用无人机送快递既能解决快递 “井喷式” 增长时快递员人手不足的问题，它也为 “无接触” 快递服务提\",\"content\":\"\",\"fileid\":0,\"content_url\":\"http:\/\/mp.weixin.qq.com\/s?__biz=MzA3NTIyODUzNA==&amp;mid=2649624713&amp;idx=3&amp;sn=b08572317d66ca18edd5c8b8cda2209f&amp;chksm=87690490b01e8d86974f61838130b91c20a80337c5d5a118b7e6e1709aac28059ee5c6080165&amp;scene=27#wechat_redirect\",\"source_url\":\"http:\/\/deeptech.mikecrm.com\/2bKJqlN\",\"cover\":\"http:\/\/mmbiz.qpic.cn\/mmbiz_jpg\/JJtKEey0hPbUR5bfHBoKepEUcUgp5gZBO3GZX7x839T6ApmIGbv3ibflSwbH8DgmBcYoHyO7DgzPgrrOJqzEAQw\/0?wx_fmt=jpeg\",\"author\":\"刘雅坤\",\"copyright_stat\":100,\"del_flag\":1,\"item_show_type\":0,\"audio_fileid\":0,\"duration\":0,\"play_url\":\"\",\"malicious_title_reason_id\":0,\"malicious_content_type\":0},{\"title\":\"美国疾病预防控制中心17.5亿美元的测序计划可能是在错误的方向上乱花钱\",\"digest\":\"专家表示，试图在没有更好数据支持的情况下阻止新冠变异毒株是 “异常困难”的。\",\"content\":\"\",\"fileid\":0,\"content_url\":\"http:\/\/mp.weixin.qq.com\/s?__biz=MzA3NTIyODUzNA==&amp;mid=2649624713&amp;idx=4&amp;sn=aa0080df2cede1f25ff4bb4781f074fb&amp;chksm=87690490b01e8d860b91825bcc76114a3720209c625443049bc6d41cb97ff7844683ad630269&amp;scene=27#wechat_redirect\",\"source_url\":\"http:\/\/deeptech.mikecrm.com\/2bKJqlN\",\"cover\":\"http:\/\/mmbiz.qpic.cn\/mmbiz_jpg\/JJtKEey0hPYGJiaoibC1wsRM0Wn4KWbRgtcp5Xlf9bibr2zfeOibQ1P1KcgDPleQFD6aZtsJB0QX3swK9qxesSc1jg\/0?wx_fmt=jpeg\",\"author\":\"凯特·弗格森\",\"copyright_stat\":11,\"del_flag\":1,\"item_show_type\":0,\"audio_fileid\":0,\"duration\":0,\"play_url\":\"\",\"malicious_title_reason_id\":0,\"malicious_content_type\":0},{\"title\":\"限时报名 | 清华大学110周年校庆-大学系列论坛\",\"digest\":\"4月12日-16日，20：00\",\"content\":\"\",\"fileid\":0,\"content_url\":\"http:\/\/mp.weixin.qq.com\/s?__biz=MzA3NTIyODUzNA==&amp;mid=2649624713&amp;idx=5&amp;sn=9f7749b71972967fff6f23570fd91ca0&amp;chksm=87690490b01e8d8665c41d9b073774d30af39c42e080a0dd64c72ef84736461770883f8d7965&amp;scene=27#wechat_redirect\",\"source_url\":\"\",\"cover\":\"http:\/\/mmbiz.qpic.cn\/mmbiz_jpg\/JJtKEey0hPbUR5bfHBoKepEUcUgp5gZB1Q8ibj6ZQJ2P2PRYDVbQJc89Gv3D9qUD73EDicUwqWkJqHq9ApTj3icWw\/0?wx_fmt=jpeg\",\"author\":\"络绎知图\",\"copyright_stat\":100,\"del_flag\":1,\"item_show_type\":0,\"audio_fileid\":0,\"duration\":0,\"play_url\":\"\",\"malicious_title_reason_id\":0,\"malicious_content_type\":0},{\"title\":\"疫情下的美国Top10生物制药地区排名\",\"digest\":\"这是最好的时代，这是最坏的时代。\",\"content\":\"\",\"fileid\":0,\"content_url\":\"http:\/\/mp.weixin.qq.com\/s?__biz=MzA3NTIyODUzNA==&amp;mid=2649624713&amp;idx=6&amp;sn=116338127952c8c33dad1a7e7fb9c194&amp;chksm=87690490b01e8d864ceea0908cba212f5587458fbb58807492a13eeaf8878e689b5fb88c33de&amp;scene=27#wechat_redirect\",\"source_url\":\"https:\/\/apps.apple.com\/cn\/app\/%E7%94%9F%E8%BE%89\/id1317664102\",\"cover\":\"http:\/\/mmbiz.qpic.cn\/mmbiz_jpg\/8iaq2iavZjQlMxze0LI875ZiarMicK3ApQVtiaaQXyvKw2beaGKHNeEmsCgicR0UqpN2ichaiau6nS4O3m0993NibHULjNg\/0?wx_fmt=jpeg\",\"author\":\"周舟\",\"copyright_stat\":100,\"del_flag\":1,\"item_show_type\":0,\"audio_fileid\":0,\"duration\":0,\"play_url\":\"\",\"malicious_title_reason_id\":0,\"malicious_content_type\":0}],\"author\":\"高湘宜\",\"copyright_stat\":11,\"duration\":0,\"del_flag\":1,\"item_show_type\":0,\"audio_fileid\":0,\"play_url\":\"\",\"malicious_title_reason_id\":0,\"malicious_content_type\":0}},{\"comm_msg_info\":{\"id\":1000001785,\"type\":49,\"datetime\":1618033174,\"fakeid\":\"3075228534\",\"status\":2,\"content\":\"\"},\"app_msg_ext_info\":{\"title\":\"7位中国90后研发全球首款交互软体机器人，能擦玻璃还能拧瓶盖，获哈佛机器人大赛第二名 | 专访\",\"digest\":\"机器人也会开门了！而且还是七位中国 90 后研发的，该机器人的学名叫蜂巢气动网络软手臂，因为酷似大象鼻子，以\",\"content\":\"\",\"fileid\":502140839,\"content_url\":\"http:\/\/mp.weixin.qq.com\/s?__biz=MzA3NTIyODUzNA==&amp;mid=2649624645&amp;idx=1&amp;sn=5f950049648eb99d58f972842d8f8e3d&amp;chksm=8769045cb01e8d4a242b4692e46059de4b9dcd2bf4dade7a90634e8656675ef0b5a4360555a8&amp;scene=27#wechat_redirect\",\"source_url\":\"http:\/\/deeptech.mikecrm.com\/2bKJqlN\",\"cover\":\"http:\/\/mmbiz.qpic.cn\/mmbiz_jpg\/JJtKEey0hPZxgFgvWvN7I17rqC5km8e2DXXrCWdsMsSnOJicEMfWnJfQaKLu2UficU7V2ZNE1MM5iaHO3wIUmkk3A\/0?wx_fmt=jpeg\",\"subtype\":9,\"is_multi\":1,\"multi_app_msg_item_list\":[{\"title\":\"赋能企业数字化转型，边缘云企业开创服务新范式\",\"digest\":\"目前，中国边缘云竞争格局分为公有云和以CDN及Hosting为主体的云服务商两类，公有云行业的边缘云竞争，主要集中在阿里云、腾讯云、金山云和华为云等传统云计算大企业，而后者主要集中在绿盟科技、白山云科技、层峰网络等势头正盛的边缘云企业。\",\"content\":\"\",\"fileid\":502140467,\"content_url\":\"http:\/\/mp.weixin.qq.com\/s?__biz=MzA3NTIyODUzNA==&amp;mid=2649624645&amp;idx=2&amp;sn=fea42bd4e8e8127e2aa716060f780271&amp;chksm=8769045cb01e8d4a1a21a0a8c2323ebb2060f2cbf43eb2319a895e1911ea809010479f5a6a4a&amp;scene=27#wechat_redirect\",\"source_url\":\"https:\/\/a.app.qq.com\/o\/simple.jsp?pkgname=com.mittrchina.mit&amp;from=singlemessage\",\"cover\":\"http:\/\/mmbiz.qpic.cn\/mmbiz_jpg\/JJtKEey0hPah4WiaCJic5O9Lszt7tf0fKxMXnAIKIR41KuL18emBMtDynyibXTlul9rMkU7WSmh5UTOD8lvGexicdg\/0?wx_fmt=jpeg\",\"author\":\"高湘宜\",\"copyright_stat\":11,\"del_flag\":1,\"item_show_type\":0,\"audio_fileid\":0,\"duration\":0,\"play_url\":\"\",\"malicious_title_reason_id\":0,\"malicious_content_type\":0},{\"title\":\"人造合成“最简化细胞”新进展：最少增补7个基因补丁，分裂形态回归正常丨Cell\",\"digest\":\"分享一篇文章。\",\"content\":\"\",\"fileid\":0,\"content_url\":\"http:\/\/mp.weixin.qq.com\/s?__biz=MzA3NTIyODUzNA==&amp;mid=2649624645&amp;idx=3&amp;sn=13a935f651514c3a304f6786999082ce&amp;chksm=8769045cb01e8d4a5a68f9b945e48d006d6ad2153b62a1634710de4edf7de8e84f514b153739&amp;scene=27#wechat_redirect\",\"source_url\":\"\",\"cover\":\"http:\/\/mmbiz.qpic.cn\/sz_mmbiz_jpg\/libZ8rRWYootnJ10Wy3jImoEibcm9ceNMnEK7X2301No1TKxpELVcibol9jVhQC0uiccqXppIPkYwtDgYK9YTwfe7w\/0?wx_fmt=jpeg\",\"author\":\"\",\"copyright_stat\":101,\"del_flag\":1,\"item_show_type\":0,\"audio_fileid\":0,\"duration\":0,\"play_url\":\"\",\"malicious_title_reason_id\":0,\"malicious_content_type\":0},{\"title\":\"美国商务部“拉黑”7家中国超级计算实体，中方回应：坚决反对\",\"digest\":\"当地时间 4 月 8 日，路透社称美国商务部已将中国 7 家超级计算实体列入经济黑名单，理由为它们“协助中国\",\"content\":\"\",\"fileid\":0,\"content_url\":\"http:\/\/mp.weixin.qq.com\/s?__biz=MzA3NTIyODUzNA==&amp;mid=2649624645&amp;idx=4&amp;sn=93b036b0c1b75a8e4d61015fa3525c3c&amp;chksm=8769045cb01e8d4a5c6ba5a543f49d40c127c2122219b1c8873f7135bbc19b1ef0b09aaf649c&amp;scene=27#wechat_redirect\",\"source_url\":\"http:\/\/deeptech.mikecrm.com\/2bKJqlN\",\"cover\":\"http:\/\/mmbiz.qpic.cn\/mmbiz_jpg\/JJtKEey0hPZxgFgvWvN7I17rqC5km8e2MSnDPscEYQQwibaKwr3U7qD9Gxjnicr6oo0rbFkPhhIDj7OehfAEQNVA\/0?wx_fmt=jpeg\",\"author\":\"陈品筹\",\"copyright_stat\":100,\"del_flag\":4,\"item_show_type\":0,\"audio_fileid\":0,\"duration\":0,\"play_url\":\"\",\"malicious_title_reason_id\":0,\"malicious_content_type\":0},{\"title\":\"「傻瓜式」编辑器抢占Zymergen市场？业内人士：并未解决行业痛点\",\"digest\":\"近日，美国一家生命科学公司喜讯连连。在推出首台台式基因编辑器 Onyx 的同时，Inscripta 也宣布完\",\"content\":\"\",\"fileid\":0,\"content_url\":\"http:\/\/mp.weixin.qq.com\/s?__biz=MzA3NTIyODUzNA==&amp;mid=2649624645&amp;idx=5&amp;sn=fcd80d35fd3ebb413259683f717d0db6&amp;chksm=8769045cb01e8d4ade914bbcd095d3af6c0b3210332e9f6e0a37aab1ab6aed4eff662588c442&amp;scene=27#wechat_redirect\",\"source_url\":\"https:\/\/apps.apple.com\/cn\/app\/%E7%94%9F%E8%BE%89\/id1317664102\",\"cover\":\"http:\/\/mmbiz.qpic.cn\/mmbiz_jpg\/8iaq2iavZjQlMxze0LI875ZiarMicK3ApQVt2riac52fU8ibfh7fFXiaXDzNFFDr6M6ib2z42RcGtPxjibSW776DT7UoLyQ\/0?wx_fmt=jpeg\",\"author\":\"胡莉花\",\"copyright_stat\":201,\"del_flag\":1,\"item_show_type\":0,\"audio_fileid\":0,\"duration\":0,\"play_url\":\"\",\"malicious_title_reason_id\":0,\"malicious_content_type\":0},{\"title\":\"全球互联网头部企业科研产出一览，中国正飞速赶超｜爱思唯尔报告\",\"digest\":\"创新是引领发展的第一动力。科技自立自强是促进大局的根本支撑。\",\"content\":\"\",\"fileid\":0,\"content_url\":\"http:\/\/mp.weixin.qq.com\/s?__biz=MzA3NTIyODUzNA==&amp;mid=2649624645&amp;idx=6&amp;sn=1267dc5cb4bdc148f21f6f90be43996b&amp;chksm=8769045cb01e8d4add56ed3366eadd7829cd664878be311c5c5ee61deb964829de9e343f3b89&amp;scene=27#wechat_redirect\",\"source_url\":\"\",\"cover\":\"http:\/\/mmbiz.qpic.cn\/mmbiz_jpg\/C4wspoQ9GEqHW6IibyhBdVDXzJSVK3VExC8picIgwHMHoJ4VWYfFZtMW7OnAWiaHlSib9r7JCaG75wmEEQibEB0rWiaQ\/0?wx_fmt=jpeg\",\"author\":\"爱思唯尔\",\"copyright_stat\":101,\"del_flag\":1,\"item_show_type\":0,\"audio_fileid\":0,\"duration\":0,\"play_url\":\"\",\"malicious_title_reason_id\":0,\"malicious_content_type\":0},{\"title\":\"Twitter 40亿美元收购Clubhouse计划搁置，原因未明\",\"digest\":\"当地时间 4 月 8 日彭博社报道，Twitter 近月进行了多次谈判，以收购 Clubhouse。知情人士\",\"content\":\"\",\"fileid\":502140820,\"content_url\":\"http:\/\/mp.weixin.qq.com\/s?__biz=MzA3NTIyODUzNA==&amp;mid=2649624645&amp;idx=7&amp;sn=9609df8494f90fe8120bca9ac30a1a75&amp;chksm=8769045cb01e8d4a6c3c3c4eadeed5a3eca8624e4d040d962b32dc25db2f846397bc1177ebd7&amp;scene=27#wechat_redirect\",\"source_url\":\"http:\/\/deeptech.mikecrm.com\/2bKJqlN\",\"cover\":\"http:\/\/mmbiz.qpic.cn\/mmbiz_jpg\/JJtKEey0hPZxgFgvWvN7I17rqC5km8e2tE9Aic3ZuegJCmRoMbicE2CbyZHO0OIH0Q6zWKpR964CeEEawN8SeBeA\/0?wx_fmt=jpeg\",\"author\":\"陈品筹\",\"copyright_stat\":100,\"del_flag\":1,\"item_show_type\":0,\"audio_fileid\":0,\"duration\":0,\"play_url\":\"\",\"malicious_title_reason_id\":0,\"malicious_content_type\":0}],\"author\":\"多加\",\"copyright_stat\":11,\"duration\":0,\"del_flag\":1,\"item_show_type\":0,\"audio_fileid\":0,\"play_url\":\"\",\"malicious_title_reason_id\":0,\"malicious_content_type\":0}},{\"comm_msg_info\":{\"id\":1000001784,\"type\":49,\"datetime\":1617944739,\"fakeid\":\"3075228534\",\"status\":2,\"content\":\"\"},\"app_msg_ext_info\":{\"title\":\"挑战现有物理学理论体系，独家专访缪子物理研究中国科学家｜费米实验室公布首个缪子反常磁矩实验结果\",\"digest\":\"前沿基础科学的影响虽然会迟到，但是永远不会缺席。\",\"content\":\"\",\"fileid\":0,\"content_url\":\"http:\/\/mp.weixin.qq.com\/s?__biz=MzA3NTIyODUzNA==&amp;mid=2649624359&amp;idx=1&amp;sn=9830c5e9bef8601444b05c8e87dc2ec7&amp;chksm=87691b3eb01e922882fd6fa907cee3e0793bad36357826156724bdb046548edbd9a5e540b919&amp;scene=27#wechat_redirect\",\"source_url\":\"\",\"cover\":\"http:\/\/mmbiz.qpic.cn\/mmbiz_jpg\/JJtKEey0hPYGJiaoibC1wsRM0Wn4KWbRgtdzBhhXCwibiaGvw2aicDQ1wrY2W3Fdw7YuyJNUuuOsRa1M3wiaC2RSicaAQ\/0?wx_fmt=jpeg\",\"subtype\":9,\"is_multi\":1,\"multi_app_msg_item_list\":[{\"title\":\"本土博士用AI寻找生物界的​「天使粒子」，年内或将有数条管线申报临床|专访费米子\",\"digest\":\"AI + 制药的盛宴正在上演，站在 AI 制药风口下的 “主角们” 相继上场亮相。根据 CB Insight\",\"content\":\"\",\"fileid\":0,\"content_url\":\"http:\/\/mp.weixin.qq.com\/s?__biz=MzA3NTIyODUzNA==&amp;mid=2649624359&amp;idx=3&amp;sn=8a50c4bf647121f7c42542d31bc3f86c&amp;chksm=87691b3eb01e922811d15fd4943594cfbfbc3e26524d1ffc924da81ecf4e653775750573d3e8&amp;scene=27#wechat_redirect\",\"source_url\":\"https:\/\/apps.apple.com\/cn\/app\/%E7%94%9F%E8%BE%89\/id1317664102\",\"cover\":\"http:\/\/mmbiz.qpic.cn\/mmbiz_jpg\/8iaq2iavZjQlPq1opxFVYdQ43CbuB4aPb7b5rLiaJfKQKNtYte2ERqib728NdqSggCFQI1bYsBn7RC5mmIHHuZ6Smg\/0?wx_fmt=jpeg\",\"author\":\"宋冉\",\"copyright_stat\":201,\"del_flag\":1,\"item_show_type\":0,\"audio_fileid\":0,\"duration\":0,\"play_url\":\"\",\"malicious_title_reason_id\":0,\"malicious_content_type\":0},{\"title\":\"华为押注第三代半导体，离百年巨头博世更近一步\",\"digest\":\"分享一篇文章。\",\"content\":\"\",\"fileid\":0,\"content_url\":\"http:\/\/mp.weixin.qq.com\/s?__biz=MzA3NTIyODUzNA==&amp;mid=2649624359&amp;idx=4&amp;sn=f9bd4b9a84e38740f9f84e3d1bf5ea82&amp;chksm=87691b3eb01e922898f06f5df9c92ce841bc62445eb7109b130de51c9d815fb313b1fa9a039f&amp;scene=27#wechat_redirect\",\"source_url\":\"\",\"cover\":\"http:\/\/mmbiz.qpic.cn\/mmbiz_jpg\/viaUuks3128L68uspickibb6vbxPNg5pEOw6SIpwp1CYFyYzkLFxuQy5Iib8xzEIomFmWHSOzNn20adcC6Pz0SvDhg\/0?wx_fmt=jpeg\",\"author\":\"\",\"copyright_stat\":101,\"del_flag\":1,\"item_show_type\":0,\"audio_fileid\":0,\"duration\":0,\"play_url\":\"\",\"malicious_title_reason_id\":0,\"malicious_content_type\":0},{\"title\":\"硅谷再爆惊天诈骗：这不仅是医疗独角兽破灭，也是投资人在渡劫\",\"digest\":\"这是一场电影都不敢这么拍的诈骗案！如果说有谁能跟它比肩而论，曾经盛极一时的血液检测公司 Theranos（塞\",\"content\":\"\",\"fileid\":0,\"content_url\":\"http:\/\/mp.weixin.qq.com\/s?__biz=MzA3NTIyODUzNA==&amp;mid=2649624359&amp;idx=5&amp;sn=d33b5a73e56bb4cb299e220a57ce32fc&amp;chksm=87691b3eb01e922895f11cd7121adb70c73166a4f3cc243de4cad7fd5afd39963f0a5a53b887&amp;scene=27#wechat_redirect\",\"source_url\":\"https:\/\/a.app.qq.com\/o\/simple.jsp?pkgname=com.mittrchina.mit&amp;from=singlemessage\",\"cover\":\"http:\/\/mmbiz.qpic.cn\/mmbiz_jpg\/JJtKEey0hPbShEwTlpVeFolaybQbCvgBRzFeRc1lNrALX8DXtsmDozicZ6Dc8ibuhaIAWS7dic2UgRH0miboUdS3Ag\/0?wx_fmt=jpeg\",\"author\":\"高湘宜\",\"copyright_stat\":11,\"del_flag\":1,\"item_show_type\":0,\"audio_fileid\":0,\"duration\":0,\"play_url\":\"\",\"malicious_title_reason_id\":0,\"malicious_content_type\":0},{\"title\":\"令扎克伯格着迷的Metaverse究竟是泡沫还是未来？\",\"digest\":\"3 月底，Manticore Games 成功完成 1 亿美元的 C 轮融资，这是近期继 MetaApp 和\",\"content\":\"\",\"fileid\":0,\"content_url\":\"http:\/\/mp.weixin.qq.com\/s?__biz=MzA3NTIyODUzNA==&amp;mid=2649624359&amp;idx=6&amp;sn=f5ade0e2f6898b230ba3d950c484f93e&amp;chksm=87691b3eb01e92282e8f7ec64bc3006e4ae3bd68c10a2be3923e1154138cae528b00c83ec1bf&amp;scene=27#wechat_redirect\",\"source_url\":\"https:\/\/a.app.qq.com\/o\/simple.jsp?pkgname=com.mittrchina.mit&amp;from=singlemessage\",\"cover\":\"http:\/\/mmbiz.qpic.cn\/mmbiz_jpg\/JJtKEey0hPbShEwTlpVeFolaybQbCvgBWhicNQolykVcU2Z1A9PklSNhJX96lTHE9iaSyAcNibwQia3XttdVUNsuTg\/0?wx_fmt=jpeg\",\"author\":\"陈品筹\",\"copyright_stat\":11,\"del_flag\":1,\"item_show_type\":0,\"audio_fileid\":0,\"duration\":0,\"play_url\":\"\",\"malicious_title_reason_id\":0,\"malicious_content_type\":0},{\"title\":\"给植物打造RNA武器的背后，是超级害虫的“偷师学艺”丨Cell封面\",\"digest\":\"协同进化（Coevolution）一词，是在 1964 年由 Ehrhich 和 Raven 首次提出，用以\",\"content\":\"\",\"fileid\":0,\"content_url\":\"http:\/\/mp.weixin.qq.com\/s?__biz=MzA3NTIyODUzNA==&amp;mid=2649624359&amp;idx=7&amp;sn=996f60cbba5b43c1499da249303c0eec&amp;chksm=87691b3eb01e922839515a4eb1939bb9fde255a7ad3c65f86a2e08ebef1dac95b67aca33863e&amp;scene=27#wechat_redirect\",\"source_url\":\"https:\/\/www.cell.com\/cell\/fulltext\/S0092-8674(21)00164-1?\",\"cover\":\"http:\/\/mmbiz.qpic.cn\/mmbiz_jpg\/8iaq2iavZjQlPq1opxFVYdQ43CbuB4aPb7aX9ibHQz2Eeecl2SD7LRkDPEBg5bMMnuPJQ0F82KjlPGCWiaKbsC5cNA\/0?wx_fmt=jpeg\",\"author\":\"王韵晴\",\"copyright_stat\":201,\"del_flag\":1,\"item_show_type\":0,\"audio_fileid\":0,\"duration\":0,\"play_url\":\"\",\"malicious_title_reason_id\":0,\"malicious_content_type\":0}],\"author\":\"杨一鸟、多加\",\"copyright_stat\":11,\"duration\":0,\"del_flag\":1,\"item_show_type\":0,\"audio_fileid\":0,\"play_url\":\"\",\"malicious_title_reason_id\":0,\"malicious_content_type\":0}},{\"comm_msg_info\":{\"id\":1000001783,\"type\":49,\"datetime\":1617860685,\"fakeid\":\"3075228534\",\"status\":2,\"content\":\"\"},\"app_msg_ext_info\":{\"title\":\"中国科大90后“量子侠侣”把量子比特相干时间从微秒延长至毫秒级！有望用于磁性医学成像 | 专访\",\"digest\":\"古有神雕侠侣，今有 “量子侠侣”！近日，Physics World 曝光了一对中国 “量子科研 CP”——\",\"content\":\"\",\"fileid\":0,\"content_url\":\"http:\/\/mp.weixin.qq.com\/s?__biz=MzA3NTIyODUzNA==&amp;mid=2649624219&amp;idx=1&amp;sn=38effe48b4f89f40a586081b5e3b57c2&amp;chksm=87691a82b01e93945806aab3d3e594671a868d5e2c72545491e65d03ca919fad6f6366abe8a9&amp;scene=27#wechat_redirect\",\"source_url\":\"\",\"cover\":\"http:\/\/mmbiz.qpic.cn\/mmbiz_jpg\/JJtKEey0hPah4WiaCJic5O9Lszt7tf0fKx6yHfickm6QFoJt4jQNL7ulqWcrP6lYRCcTXArtqfFO2m4Srun4EghwQ\/0?wx_fmt=jpeg\",\"subtype\":9,\"is_multi\":1,\"multi_app_msg_item_list\":[{\"title\":\"CB Insights年度AI 100全球榜单官方首发！6家中国企业入选\",\"digest\":\"自 2017 年起，CB Insights 每年都会发布 AI 100 榜单（全球 100 家最具潜力人工智\",\"content\":\"\",\"fileid\":0,\"content_url\":\"http:\/\/mp.weixin.qq.com\/s?__biz=MzA3NTIyODUzNA==&amp;mid=2649624219&amp;idx=2&amp;sn=fb9d538dfc4572a2228256cba477e986&amp;chksm=87691a82b01e93945044702d35e330407b8c4e40c79a8bcdc02535c85031867cc005c8cd07a0&amp;scene=27#wechat_redirect\",\"source_url\":\"\",\"cover\":\"http:\/\/mmbiz.qpic.cn\/mmbiz_jpg\/JJtKEey0hPYGJiaoibC1wsRM0Wn4KWbRgtSgLfOavSFXZc3ety37G0sdgxeHN1mjIyRQee3TzVeFxSgiaiaM5t6micA\/0?wx_fmt=jpeg\",\"author\":\"CBInsights\",\"copyright_stat\":201,\"del_flag\":1,\"item_show_type\":0,\"audio_fileid\":0,\"duration\":0,\"play_url\":\"\",\"malicious_title_reason_id\":0,\"malicious_content_type\":0},{\"title\":\"深度 | 中微半导体尹志尧：从刻蚀跨入化学薄膜赛道！业界：与应材、泛林将痛快再战一场\",\"digest\":\"分享一篇文章。\",\"content\":\"\",\"fileid\":0,\"content_url\":\"http:\/\/mp.weixin.qq.com\/s?__biz=MzA3NTIyODUzNA==&amp;mid=2649624219&amp;idx=3&amp;sn=78b13758d44415aa66e840702e232fcf&amp;chksm=87691a82b01e93949334f7cb12140243bd91e32decc8086f6fc686529842ca9be429ea3ee743&amp;scene=27#wechat_redirect\",\"source_url\":\"\",\"cover\":\"http:\/\/mmbiz.qpic.cn\/mmbiz_jpg\/viaUuks3128ITNmbZbX59FVMiarSiavKHrxj9y5hRqKoz3Ef7J4TL9mJXfPvmOQkWOziacAS0hLpvuG64rwgtmR16g\/0?wx_fmt=jpeg\",\"author\":\"\",\"copyright_stat\":101,\"del_flag\":1,\"item_show_type\":0,\"audio_fileid\":0,\"duration\":0,\"play_url\":\"\",\"malicious_title_reason_id\":0,\"malicious_content_type\":0},{\"title\":\"专访诺诚健华崔霁松：奥布替尼将在自身免疫疾病领域释放更多潜力\",\"digest\":\"2020 年 3 月，诺诚健华通过 “云敲锣” 成功登陆港交所，成为 2020 年港交所生物医药第一股；20\",\"content\":\"\",\"fileid\":0,\"content_url\":\"http:\/\/mp.weixin.qq.com\/s?__biz=MzA3NTIyODUzNA==&amp;mid=2649624219&amp;idx=4&amp;sn=610ab28c9fe6eadb8f2c678420737d59&amp;chksm=87691a82b01e9394ca932dad58c6b41ddaad54995c07a61b80fd563eb29d7d87dbfb426c7b58&amp;scene=27#wechat_redirect\",\"source_url\":\"https:\/\/apps.apple.com\/cn\/app\/%E7%94%9F%E8%BE%89\/id1317664102\",\"cover\":\"http:\/\/mmbiz.qpic.cn\/mmbiz_jpg\/8iaq2iavZjQlO9auJe8VSXymcIMr0SAsrZlg8tfm3zHwJ8vF4cy7HyiaS6WAFca66Dp57kKU11CX1EfkYqBZ4rhyQ\/0?wx_fmt=jpeg\",\"author\":\"宋冉\",\"copyright_stat\":201,\"del_flag\":1,\"item_show_type\":0,\"audio_fileid\":0,\"duration\":0,\"play_url\":\"\",\"malicious_title_reason_id\":0,\"malicious_content_type\":0},{\"title\":\"SpaceX再次成功发射星链卫星，未来星链计划和5G+齐闪耀！\",\"digest\":\"北京时间 4 月 8 日 00:34，美国太空探索技术公司 SpaceX 在卡纳维拉尔角 40 号发射台，使\",\"content\":\"\",\"fileid\":0,\"content_url\":\"http:\/\/mp.weixin.qq.com\/s?__biz=MzA3NTIyODUzNA==&amp;mid=2649624219&amp;idx=5&amp;sn=4d6c353b293389c71ad000e2ddf9ff82&amp;chksm=87691a82b01e9394a290a3bd577a8457aa6c93e82012a8592b27832d9bb2fce129d1387c6278&amp;scene=27#wechat_redirect\",\"source_url\":\"http:\/\/deeptech.mikecrm.com\/qaCwMoH\",\"cover\":\"http:\/\/mmbiz.qpic.cn\/mmbiz_jpg\/JJtKEey0hPYGJiaoibC1wsRM0Wn4KWbRgtLspsX3Z71mKGnaj5Oz7vNicr8I46Fq7k7T6bLgrdUytTGRVjTVTVWVw\/0?wx_fmt=jpeg\",\"author\":\"高湘宜\",\"copyright_stat\":100,\"del_flag\":1,\"item_show_type\":0,\"audio_fileid\":0,\"duration\":0,\"play_url\":\"\",\"malicious_title_reason_id\":0,\"malicious_content_type\":0},{\"title\":\"限时报名 | 络绎学术Online第14期：面向碳中和的可持续氢能\",\"digest\":\"【往期回顾】自动驾驶系统测试技术路径呈多元化，模拟仿真测试或可降本增效变革性信息技术芯片时代来临，更多类型的\",\"content\":\"\",\"fileid\":0,\"content_url\":\"http:\/\/mp.weixin.qq.com\/s?__biz=MzA3NTIyODUzNA==&amp;mid=2649624219&amp;idx=6&amp;sn=01207465507e6c045cf48abfb5dabb7c&amp;chksm=87691a82b01e9394d72dd8b0b92fcbe04629b9502b02aa540330231cc117d45c1754b105706c&amp;scene=27#wechat_redirect\",\"source_url\":\"http:\/\/deeptech.mikecrm.com\/qaCwMoH\",\"cover\":\"http:\/\/mmbiz.qpic.cn\/mmbiz_jpg\/JJtKEey0hPYGJiaoibC1wsRM0Wn4KWbRgtM5TfL1JSVNltBwjEpexNbuMLYhvJmJiaESVWqGrYUksWMcS0ZO0zdeQ\/0?wx_fmt=jpeg\",\"author\":\"络绎知图\",\"copyright_stat\":100,\"del_flag\":1,\"item_show_type\":0,\"audio_fileid\":0,\"duration\":0,\"play_url\":\"\",\"malicious_title_reason_id\":0,\"malicious_content_type\":0},{\"title\":\"11年Java版权案终结：Google胜诉，驳回90亿美元赔偿\",\"digest\":\"当地时间 4 月 5 日，美国最高法院发布有关“Java侵权案”的判决结果，Google 以 6-2 胜诉O\",\"content\":\"\",\"fileid\":0,\"content_url\":\"http:\/\/mp.weixin.qq.com\/s?__biz=MzA3NTIyODUzNA==&amp;mid=2649624219&amp;idx=7&amp;sn=f0760afb179b8921eae40abe5fb1519e&amp;chksm=87691a82b01e9394384cc9c1c7062132a0a6224e68420836ca5c4cd613a71c4d5e0a7294d1b1&amp;scene=27#wechat_redirect\",\"source_url\":\"http:\/\/deeptech.mikecrm.com\/qaCwMoH\",\"cover\":\"http:\/\/mmbiz.qpic.cn\/mmbiz_jpg\/JJtKEey0hPYGJiaoibC1wsRM0Wn4KWbRgtHEAbygLdhmmOoDiblr6Os3MtVYs91VZnfhtP1nkQicHdHvRRjQ8AMPCg\/0?wx_fmt=jpeg\",\"author\":\"陈品筹\",\"copyright_stat\":100,\"del_flag\":1,\"item_show_type\":0,\"audio_fileid\":0,\"duration\":0,\"play_url\":\"\",\"malicious_title_reason_id\":0,\"malicious_content_type\":0}],\"author\":\"多加\",\"copyright_stat\":11,\"duration\":0,\"del_flag\":1,\"item_show_type\":0,\"audio_fileid\":0,\"play_url\":\"\",\"malicious_title_reason_id\":0,\"malicious_content_type\":0}},{\"comm_msg_info\":{\"id\":1000001782,\"type\":49,\"datetime\":1617792990,\"fakeid\":\"3075228534\",\"status\":2,\"content\":\"\"},\"app_msg_ext_info\":{\"title\":\"攻克单能干细胞疗法核心难题！中国科学家领衔团队实现肌肉干细胞体内外高效扩增，已获专利或可实现产业化 | 专访\",\"digest\":\"李松团队通过多年研究，发现两个独特的小分子药物 “鸡尾酒” 组合 ——Forskolin和RepSox，可在体外有选择性地高效诱导扩增肌肉干细胞。\",\"content\":\"\",\"fileid\":0,\"content_url\":\"http:\/\/mp.weixin.qq.com\/s?__biz=MzA3NTIyODUzNA==&amp;mid=2649624121&amp;idx=1&amp;sn=2ce7b08c40abd0658aa4763d1e2e2f0a&amp;chksm=87691a20b01e9336da4707922fc53ca1080d6094a986ada0e3e5f05d40defe5e9c17c43390a1&amp;scene=27#wechat_redirect\",\"source_url\":\"http:\/\/deeptech.mikecrm.com\/2bKJqlN\",\"cover\":\"http:\/\/mmbiz.qpic.cn\/mmbiz_jpg\/JJtKEey0hPYSP0iaVSfImGkc5f3NicjbSUeWppxxxr5d2aOr9c2VqQicCIoPJGv8iaXy2LgLU6c78NTmfMMiax8sKsQ\/0?wx_fmt=jpeg\",\"subtype\":9,\"is_multi\":1,\"multi_app_msg_item_list\":[{\"title\":\"西雅图曾因过度依赖波音而陷入困境，硅谷是否会重蹈覆辙？\",\"digest\":\"最近退出加州的一波科技公司，可能误解了加州成为创新中心的原因。原因，其实是加州拿运气变现的能力。\",\"content\":\"\",\"fileid\":0,\"content_url\":\"http:\/\/mp.weixin.qq.com\/s?__biz=MzA3NTIyODUzNA==&amp;mid=2649624121&amp;idx=2&amp;sn=f077fd3f4af39df3e7320fe78a03396a&amp;chksm=87691a20b01e933638f7c571a5897a6a69c1cc7caac340d2244af6c9eea2498714b2d60d5dc2&amp;scene=27#wechat_redirect\",\"source_url\":\"http:\/\/deeptech.mikecrm.com\/2bKJqlN\",\"cover\":\"http:\/\/mmbiz.qpic.cn\/mmbiz_jpg\/JJtKEey0hPah4WiaCJic5O9Lszt7tf0fKxIibQVjW5B9n9C4ZAyNXZq47wbOurFiaUtwOXotbicWkyl3fQcoHwupGlw\/0?wx_fmt=jpeg\",\"author\":\"约翰·马克夫\",\"copyright_stat\":11,\"del_flag\":1,\"item_show_type\":0,\"audio_fileid\":0,\"duration\":0,\"play_url\":\"\",\"malicious_title_reason_id\":0,\"malicious_content_type\":0},{\"title\":\"上市即联手国际CDMO巨头，亘喜生物能否打赢这场CAR-T出海持久战？\",\"digest\":\"近日，亘喜生物科技集团（纳斯达克：GRCL，以下简称 “亘喜生物”）宣布和龙沙集团（Lonza，SIX：LO\",\"content\":\"\",\"fileid\":0,\"content_url\":\"http:\/\/mp.weixin.qq.com\/s?__biz=MzA3NTIyODUzNA==&amp;mid=2649624121&amp;idx=3&amp;sn=b5a65f004ebdbf5af130d33d71666601&amp;chksm=87691a20b01e933662efd9ba2a7ab4f06437410bc7b2718ce8989ff2343c47ccc64b60ee056a&amp;scene=27#wechat_redirect\",\"source_url\":\"\",\"cover\":\"http:\/\/mmbiz.qpic.cn\/mmbiz_jpg\/8iaq2iavZjQlP7OBOpyFI5K18j8udYCkcmerZzPxTI4SSVGk1P0N7nUzGZ3vI3GXSxQKnMSQ2RLibjjhwkvkicicknA\/0?wx_fmt=jpeg\",\"author\":\"胡莉花\",\"copyright_stat\":201,\"del_flag\":1,\"item_show_type\":0,\"audio_fileid\":0,\"duration\":0,\"play_url\":\"\",\"malicious_title_reason_id\":0,\"malicious_content_type\":0},{\"title\":\"自动驾驶系统测试技术路径呈多元化，模拟仿真测试或可降本增效\",\"digest\":\"分享一篇文章。\",\"content\":\"\",\"fileid\":0,\"content_url\":\"http:\/\/mp.weixin.qq.com\/s?__biz=MzA3NTIyODUzNA==&amp;mid=2649624121&amp;idx=4&amp;sn=087b2276640f8c171f46b2e9256d7214&amp;chksm=87691a20b01e933610f45eb9304a032178dcfbd44e9ac579c44eb537d9374891ff8a61cd6427&amp;scene=27#wechat_redirect\",\"source_url\":\"\",\"cover\":\"http:\/\/mmbiz.qpic.cn\/mmbiz_jpg\/C4wspoQ9GEqiaibm1wVZiaBCWV2hXGLeVNmGQJhQ92M1EJIAmnhdwksKbNqibrSIS1LicFribuGt36ZSRNDhRzIibz0icw\/0?wx_fmt=jpeg\",\"author\":\"\",\"copyright_stat\":101,\"del_flag\":1,\"item_show_type\":0,\"audio_fileid\":0,\"duration\":0,\"play_url\":\"\",\"malicious_title_reason_id\":0,\"malicious_content_type\":0},{\"title\":\"维珍银河推出第三代太空飞机，全机身镜面设计未来感十足：2022年或将出现第一波太空旅客\",\"digest\":\"美国太空旅游公司维珍·银河（Virgin Galactic）希望在明年将其首批旅客送入太空。\",\"content\":\"\",\"fileid\":0,\"content_url\":\"http:\/\/mp.weixin.qq.com\/s?__biz=MzA3NTIyODUzNA==&amp;mid=2649624121&amp;idx=5&amp;sn=494bad743a641dc0849b4b97b23bd6da&amp;chksm=87691a20b01e93361de845cd1826f35e022b0df96046ececcf766bbe3eccd08649ea54092408&amp;scene=27#wechat_redirect\",\"source_url\":\"http:\/\/deeptech.mikecrm.com\/2bKJqlN\",\"cover\":\"http:\/\/mmbiz.qpic.cn\/mmbiz_jpg\/JJtKEey0hPah4WiaCJic5O9Lszt7tf0fKx1s2a9dAjBAibFs7IC2OVZQdwpAJ2ay6AVuqfE04SDtBDzyzvc3zr2oQ\/0?wx_fmt=jpeg\",\"author\":\"陈品筹\",\"copyright_stat\":100,\"del_flag\":1,\"item_show_type\":0,\"audio_fileid\":0,\"duration\":0,\"play_url\":\"\",\"malicious_title_reason_id\":0,\"malicious_content_type\":0},{\"title\":\"专访丹麓资本陆勤超：回归到我们最擅长的领域，实现差异化布局\",\"digest\":\"有业内人士认为：始于 2014 年，未来 9-10 年将是 VC 2.0 的大时代。VC 2.0 时代可以说\",\"content\":\"\",\"fileid\":0,\"content_url\":\"http:\/\/mp.weixin.qq.com\/s?__biz=MzA3NTIyODUzNA==&amp;mid=2649624121&amp;idx=6&amp;sn=d212de6783b67215590fe88a0faa1923&amp;chksm=87691a20b01e93363a247470a7359a68aeab4e0fb8a1c30166f3fb469cc755c8ebd6c5018104&amp;scene=27#wechat_redirect\",\"source_url\":\"\",\"cover\":\"http:\/\/mmbiz.qpic.cn\/mmbiz_jpg\/8iaq2iavZjQlP7OBOpyFI5K18j8udYCkcmVxicHGLaS9gGBMOFspBA8KMicLpLrIw7UibEAZSmGCA2DBiaUkpb7Qdhjw\/0?wx_fmt=jpeg\",\"author\":\"宋冉\",\"copyright_stat\":201,\"del_flag\":1,\"item_show_type\":0,\"audio_fileid\":0,\"duration\":0,\"play_url\":\"\",\"malicious_title_reason_id\":0,\"malicious_content_type\":0}],\"author\":\"张硕、李玉鹏\",\"copyright_stat\":11,\"duration\":0,\"del_flag\":1,\"item_show_type\":0,\"audio_fileid\":0,\"play_url\":\"\",\"malicious_title_reason_id\":0,\"malicious_content_type\":0}},{\"comm_msg_info\":{\"id\":1000001781,\"type\":49,\"datetime\":1617698302,\"fakeid\":\"3075228534\",\"status\":2,\"content\":\"\"},\"app_msg_ext_info\":{\"title\":\"哈佛博士回国入局小行星采矿，即将发射小行星采矿机器人 | 专访\",\"digest\":\"“银河系中心的黑洞在几百万年前刚吃了一顿饭，吃完饭打了一个饱嗝，这个饱嗝就是费米气泡。”\",\"content\":\"\",\"fileid\":0,\"content_url\":\"http:\/\/mp.weixin.qq.com\/s?__biz=MzA3NTIyODUzNA==&amp;mid=2649624087&amp;idx=1&amp;sn=f24e93a9c166072ec14d8d1cbbad7eed&amp;chksm=87691a0eb01e931884fa3f0902978ebabd00b547b0238d028e4bf37457e5350417d6f69964f1&amp;scene=27#wechat_redirect\",\"source_url\":\"https:\/\/a.app.qq.com\/o\/simple.jsp?pkgname=com.mittrchina.mit&amp;from=singlemessage\",\"cover\":\"http:\/\/mmbiz.qpic.cn\/mmbiz_jpg\/JJtKEey0hPYSP0iaVSfImGkc5f3NicjbSUrPS0ic59LDzbiaMykMEsbiciciaWBqpxz7Rnb5YkpNK8b2IChS8Aa4qXALA\/0?wx_fmt=jpeg\",\"subtype\":9,\"is_multi\":1,\"multi_app_msg_item_list\":[{\"title\":\"MIT研发触觉纺织品，让衣物像皮肤一样拥有触觉\",\"digest\":\"从 2012 年谷歌推出智能眼镜以来，可穿戴设备已逐渐进入人们的日常生活，比如各大厂商推出的智能手表。目前的\",\"content\":\"\",\"fileid\":0,\"content_url\":\"http:\/\/mp.weixin.qq.com\/s?__biz=MzA3NTIyODUzNA==&amp;mid=2649624087&amp;idx=2&amp;sn=1b1e78973ba8677506b55873b2c60eef&amp;chksm=87691a0eb01e931897c49a60dba7724e080133cecd23f9e9935c9fefe35e2726f474c676312a&amp;scene=27#wechat_redirect\",\"source_url\":\"https:\/\/a.app.qq.com\/o\/simple.jsp?pkgname=com.mittrchina.mit&amp;from=singlemessage\",\"cover\":\"http:\/\/mmbiz.qpic.cn\/mmbiz_jpg\/JJtKEey0hPYSP0iaVSfImGkc5f3NicjbSUR1JdFHjBEqaj2IGs2YagEezDYdahwSwjC32icfd3reSC8yDBxzh4Jicg\/0?wx_fmt=jpeg\",\"author\":\"龙盼\",\"copyright_stat\":11,\"del_flag\":1,\"item_show_type\":0,\"audio_fileid\":0,\"duration\":0,\"play_url\":\"\",\"malicious_title_reason_id\":0,\"malicious_content_type\":0},{\"title\":\"多肽成功递送siRNA穿过血脑屏障治疗中风？ 圈内点评：更看好纳米颗粒\",\"digest\":\"穿越血脑屏障向大脑递送药物的 “征程” 一直在路上。血脑屏障是介于血液和脑组织之间的屏障，能够阻止某些物质由\",\"content\":\"\",\"fileid\":0,\"content_url\":\"http:\/\/mp.weixin.qq.com\/s?__biz=MzA3NTIyODUzNA==&amp;mid=2649624087&amp;idx=3&amp;sn=75f551426a15eb7d89620d8becb462db&amp;chksm=87691a0eb01e93185da138157cf144d4861a707ceb6395109900676a60e61a60ead3fba4753a&amp;scene=27#wechat_redirect\",\"source_url\":\"https:\/\/apps.apple.com\/cn\/app\/%E7%94%9F%E8%BE%89\/id1317664102\",\"cover\":\"http:\/\/mmbiz.qpic.cn\/mmbiz_jpg\/8iaq2iavZjQlNfkXUlqcvBHofn9HcbxjAVlGnsrntAvEpls1sD5eW90vbAoTCxd4rHYRtaAOfoAVZA7ia3RmCOWRA\/0?wx_fmt=jpeg\",\"author\":\"胡莉花\",\"copyright_stat\":201,\"del_flag\":1,\"item_show_type\":0,\"audio_fileid\":0,\"duration\":0,\"play_url\":\"\",\"malicious_title_reason_id\":0,\"malicious_content_type\":0},{\"title\":\"美国接种疫苗注意事项和中国有哪些不同？\",\"digest\":\"在美国，不戴口罩参与小型聚会的风险仍不可轻视。然而，对于什么才是安全、恰当的措施，我们仍有疑问。\",\"content\":\"\",\"fileid\":0,\"content_url\":\"http:\/\/mp.weixin.qq.com\/s?__biz=MzA3NTIyODUzNA==&amp;mid=2649624087&amp;idx=4&amp;sn=4986affb6c9fc16cf12ddea4f6fceb36&amp;chksm=87691a0eb01e93184923b6f11cecb894f11cb35d8a5e2b1e445efdcbd804023d02b6b2bf0e05&amp;scene=27#wechat_redirect\",\"source_url\":\"https:\/\/a.app.qq.com\/o\/simple.jsp?pkgname=com.mittrchina.mit&amp;from=singlemessage\",\"cover\":\"http:\/\/mmbiz.qpic.cn\/mmbiz_jpg\/JJtKEey0hPYSP0iaVSfImGkc5f3NicjbSU1PVls1fEXP3daq19iawGZXHRlDg5WiaCmBAyy7Eucg8mow0MIx7EjXSg\/0?wx_fmt=jpeg\",\"author\":\"佐藤美亚\",\"copyright_stat\":100,\"del_flag\":1,\"item_show_type\":0,\"audio_fileid\":0,\"duration\":0,\"play_url\":\"\",\"malicious_title_reason_id\":0,\"malicious_content_type\":0},{\"title\":\"无蜜蜂生产蜂蜜，MeliBio筹集85万美元的种子前资金\",\"digest\":\"首款产品将于今年年底发布。\",\"content\":\"\",\"fileid\":0,\"content_url\":\"http:\/\/mp.weixin.qq.com\/s?__biz=MzA3NTIyODUzNA==&amp;mid=2649624087&amp;idx=5&amp;sn=275a5a9ba0527e54dc11f200183d3672&amp;chksm=87691a0eb01e93182e8da965820a963d503f27c798bcd2baebf65f87e6367470bfc728231757&amp;scene=27#wechat_redirect\",\"source_url\":\"\",\"cover\":\"http:\/\/mmbiz.qpic.cn\/sz_mmbiz_jpg\/libZ8rRWYoou6VSqutmA6LAVgBb2h0MYVGL4Z7ibPE5cSVqObK0jbAiaK6OdGpr4uCdNLs6eBgDJN30agHNuE4Eibw\/0?wx_fmt=jpeg\",\"author\":\"生辉SynBio\",\"copyright_stat\":100,\"del_flag\":1,\"item_show_type\":0,\"audio_fileid\":0,\"duration\":0,\"play_url\":\"\",\"malicious_title_reason_id\":0,\"malicious_content_type\":0}],\"author\":\"多加\",\"copyright_stat\":11,\"duration\":0,\"del_flag\":1,\"item_show_type\":0,\"audio_fileid\":0,\"play_url\":\"\",\"malicious_title_reason_id\":0,\"malicious_content_type\":0}},{\"comm_msg_info\":{\"id\":1000001780,\"type\":49,\"datetime\":1617601821,\"fakeid\":\"3075228534\",\"status\":2,\"content\":\"\"},\"app_msg_ext_info\":{\"title\":\"90后同济毕业生致力于修复受损大脑，研发可感知“微型脑”！有望应用于治疗帕金森、阿尔茨海默病｜专访\",\"digest\":\"栾海文目前正在美国西北大学奎里·辛普森生物电子研究院做博后研究，3 月 19 日，其以共同第一作者身份，在 Science Advance 发表了论文《皮质球体和工程组装体的三维多功能神经界面》，并成为当期封面论文。\",\"content\":\"\",\"fileid\":0,\"content_url\":\"http:\/\/mp.weixin.qq.com\/s?__biz=MzA3NTIyODUzNA==&amp;mid=2649624032&amp;idx=1&amp;sn=23f4bc32738927067874ae5db34f27e3&amp;chksm=876919f9b01e90efd8282a995b6a26f6fefc512d145405eabed0ef33858dcb5103de2f60d402&amp;scene=27#wechat_redirect\",\"source_url\":\"http:\/\/deeptech.mikecrm.com\/2bKJqlN\",\"cover\":\"http:\/\/mmbiz.qpic.cn\/mmbiz_jpg\/JJtKEey0hPYJL0nDsIROMkkVONwJRgmPA4wrQpwH49WmUVN2yfbOh6G1t8IdLahcnVnn2GiaQJFaKEXGgNicic6ew\/0?wx_fmt=jpeg\",\"subtype\":9,\"is_multi\":1,\"multi_app_msg_item_list\":[{\"title\":\"疫情之下，我们对陌生人表达悲痛的方式正在改变\",\"digest\":\"对瑞兹巴来说，她在推特上发布的讣告让她开始了解那些人，而他们会在远处看着她。\",\"content\":\"\",\"fileid\":502140317,\"content_url\":\"http:\/\/mp.weixin.qq.com\/s?__biz=MzA3NTIyODUzNA==&amp;mid=2649624032&amp;idx=2&amp;sn=1aef54283475aafabf8564064901dc4d&amp;chksm=876919f9b01e90ef68c5693f2f8c1d75b3ddf183639abf736ecee98e1a09280ae8241c044058&amp;scene=27#wechat_redirect\",\"source_url\":\"http:\/\/deeptech.mikecrm.com\/2bKJqlN\",\"cover\":\"http:\/\/mmbiz.qpic.cn\/mmbiz_jpg\/JJtKEey0hPYJL0nDsIROMkkVONwJRgmPd5d517ydausFV7odo4Nh3jDO1tXicYz3CfibUKFTicTpiaBBwrYpicHGpjg\/0?wx_fmt=jpeg\",\"author\":\"谭雅·巴苏\",\"copyright_stat\":11,\"del_flag\":1,\"item_show_type\":0,\"audio_fileid\":0,\"duration\":0,\"play_url\":\"\",\"malicious_title_reason_id\":0,\"malicious_content_type\":0},{\"title\":\"默沙东2.4亿美元收购初创公司，并入其女性健康业务子公司\",\"digest\":\"防止女性在分娩时死亡。\",\"content\":\"\",\"fileid\":0,\"content_url\":\"http:\/\/mp.weixin.qq.com\/s?__biz=MzA3NTIyODUzNA==&amp;mid=2649624032&amp;idx=3&amp;sn=04553d8672b227f850d01b3fdb83cd36&amp;chksm=876919f9b01e90ef4255b63e07c39d2dfde20bae3ac2398ff54f90679512a6aced6efebf12a3&amp;scene=27#wechat_redirect\",\"source_url\":\"https:\/\/apps.apple.com\/cn\/app\/%E7%94%9F%E8%BE%89\/id1317664102\",\"cover\":\"http:\/\/mmbiz.qpic.cn\/mmbiz_jpg\/8iaq2iavZjQlPwABfzA0mOricgXdztB0ibH1Ya1SK6Kr9fMKhXoIiaQCicyuhRFPUvjnKBvZCY7hZeGz45mbzUDGgzVw\/0?wx_fmt=jpeg\",\"author\":\"Conor Hale\",\"copyright_stat\":100,\"del_flag\":1,\"item_show_type\":0,\"audio_fileid\":0,\"duration\":0,\"play_url\":\"\",\"malicious_title_reason_id\":0,\"malicious_content_type\":0},{\"title\":\"语音游戏热潮正让孩子们从“屏幕时间”中解脱出来\",\"digest\":\"屏幕时间是 “好” 还是 “坏” 尚有待商榷，这种音频和语音游戏潮是否会在人们都接种疫苗、生活回归正常后结束目前仍是未知，它们不是完美的，语音游戏常常会误解用户，尤其是刚学会如何表达并与科技进行互动的孩子。\",\"content\":\"\",\"fileid\":0,\"content_url\":\"http:\/\/mp.weixin.qq.com\/s?__biz=MzA3NTIyODUzNA==&amp;mid=2649624032&amp;idx=4&amp;sn=7d1a88f911ea79410b4d10e1749499f1&amp;chksm=876919f9b01e90ef067e2e82a434f19e2bd9a6f7eb2ebacb2afe2800171f9023736ba2385f9e&amp;scene=27#wechat_redirect\",\"source_url\":\"http:\/\/deeptech.mikecrm.com\/2bKJqlN\",\"cover\":\"http:\/\/mmbiz.qpic.cn\/mmbiz_jpg\/JJtKEey0hPYJL0nDsIROMkkVONwJRgmPyykqia1q3h9qNQMiabMmTVm3QzYE5BCofELHqXjrYpgdDeZicraFpicbdA\/0?wx_fmt=jpeg\",\"author\":\"谭雅·巴苏\",\"copyright_stat\":11,\"del_flag\":1,\"item_show_type\":0,\"audio_fileid\":0,\"duration\":0,\"play_url\":\"\",\"malicious_title_reason_id\":0,\"malicious_content_type\":0},{\"title\":\"2020年营收最高的20家制药公司\",\"digest\":\"疫情之下的大药企们。\",\"content\":\"\",\"fileid\":0,\"content_url\":\"http:\/\/mp.weixin.qq.com\/s?__biz=MzA3NTIyODUzNA==&amp;mid=2649624032&amp;idx=5&amp;sn=8b137472cb551cc60af2240ec9dfeb51&amp;chksm=876919f9b01e90ef38fb270698f57a97f21b00e828602e6c44d9244f28fb95b0be52ff0d361d&amp;scene=27#wechat_redirect\",\"source_url\":\"https:\/\/apps.apple.com\/cn\/app\/%E7%94%9F%E8%BE%89\/id1317664102\",\"cover\":\"http:\/\/mmbiz.qpic.cn\/mmbiz_jpg\/8iaq2iavZjQlNfkXUlqcvBHofn9HcbxjAV2ynanwZkFMSRCyfV3SfR7TT2DMtibsFSFa5UVYGiaYmVO9Mz01kuRfqw\/0?wx_fmt=jpeg\",\"author\":\"Eric Sagonowsky\",\"copyright_stat\":100,\"del_flag\":1,\"item_show_type\":0,\"audio_fileid\":0,\"duration\":0,\"play_url\":\"\",\"malicious_title_reason_id\":0,\"malicious_content_type\":0}],\"author\":\"多加\",\"copyright_stat\":11,\"duration\":0,\"del_flag\":1,\"item_show_type\":0,\"audio_fileid\":0,\"play_url\":\"\",\"malicious_title_reason_id\":0,\"malicious_content_type\":0}},{\"comm_msg_info\":{\"id\":1000001779,\"type\":49,\"datetime\":1617550759,\"fakeid\":\"3075228534\",\"status\":2,\"content\":\"\"},\"app_msg_ext_info\":{\"title\":\"“木头大王”胡良兵助力碳中和，碎木屑变生物塑料，三个月内可完全降解 | 专访\",\"digest\":\"马里兰大学胡良兵教授联合耶鲁大学姚媛教授，用低廉的木材加工剩余物生产出高质量的生物塑料。\",\"content\":\"\",\"fileid\":0,\"content_url\":\"http:\/\/mp.weixin.qq.com\/s?__biz=MzA3NTIyODUzNA==&amp;mid=2649623914&amp;idx=1&amp;sn=2a2bcb2c02b7d32a11cb27a381c708bd&amp;chksm=87691973b01e90659a221b26fb88053a52b2dd66270f2f21e64d35655826c2dce7e2dd0a6b05&amp;scene=27#wechat_redirect\",\"source_url\":\"http:\/\/deeptech.mikecrm.com\/2bKJqlN\",\"cover\":\"http:\/\/mmbiz.qpic.cn\/mmbiz_jpg\/JJtKEey0hPbVQLX8SmasLt6C0uj7Vxp5gYURgXKxdibAaibSGyNfthrjyOCaXB3OuR1goIFwiaND2hENV9VnEtrww\/0?wx_fmt=jpeg\",\"subtype\":9,\"is_multi\":1,\"multi_app_msg_item_list\":[{\"title\":\"文言文编程95后又出新作，这次在287051行古诗中找出了“唐诗幻方”！| 专访\",\"digest\":\"“好的东西，根据我的观察，实在是世界上的人共通而能欣赏的，假使有所谓‘不懂’的情况，只怕是受到了个体的限制。”\",\"content\":\"\",\"fileid\":0,\"content_url\":\"http:\/\/mp.weixin.qq.com\/s?__biz=MzA3NTIyODUzNA==&amp;mid=2649623914&amp;idx=2&amp;sn=0d47236a2813f7c8949674eb7d0398e0&amp;chksm=87691973b01e90659122fa1104940eab39dc1157d81ba42052b96913e70ab1301779a4cb0e26&amp;scene=27#wechat_redirect\",\"source_url\":\"http:\/\/deeptech.mikecrm.com\/2bKJqlN\",\"cover\":\"http:\/\/mmbiz.qpic.cn\/mmbiz_jpg\/JJtKEey0hPbVQLX8SmasLt6C0uj7Vxp58CmkpHja3xcTOcSia1gggodyWM0VDIA5gVtCIV1f7icG52iaKZXD4OtIQ\/0?wx_fmt=jpeg\",\"author\":\"多加\",\"copyright_stat\":11,\"del_flag\":1,\"item_show_type\":0,\"audio_fileid\":0,\"duration\":0,\"play_url\":\"\",\"malicious_title_reason_id\":0,\"malicious_content_type\":0},{\"title\":\"脑机接口也无线！BrainGate开发出无线发射器取代传统BCI电缆\",\"digest\":\"BrainGate展示的无线发射器是一个5cm大小、43g 重的小型装置，代替了传统脑机接口用于传输来自大脑内部传感器信号的电缆。\",\"content\":\"\",\"fileid\":0,\"content_url\":\"http:\/\/mp.weixin.qq.com\/s?__biz=MzA3NTIyODUzNA==&amp;mid=2649623914&amp;idx=3&amp;sn=dbedb6b382a610067eaf98c3ade37a88&amp;chksm=87691973b01e90658c0363dfe1f845ea6ecd043489ffec42003fec68e632cbbdce20b680f008&amp;scene=27#wechat_redirect\",\"source_url\":\"http:\/\/deeptech.mikecrm.com\/2bKJqlN\",\"cover\":\"http:\/\/mmbiz.qpic.cn\/mmbiz_jpg\/JJtKEey0hPbVQLX8SmasLt6C0uj7Vxp52lI0bOibATDGyDYibqNdicSkUS6kdPlTUa2icUWibiciadVibGxjxR3nQRXImQ\/0?wx_fmt=jpeg\",\"author\":\"李玉鹏\",\"copyright_stat\":100,\"del_flag\":1,\"item_show_type\":0,\"audio_fileid\":0,\"duration\":0,\"play_url\":\"\",\"malicious_title_reason_id\":0,\"malicious_content_type\":0},{\"title\":\"美国科学家研究发现，流产或导致过早死亡风险增加19%\",\"digest\":\"联合国可持续发展目标明确指出，“期望到 2030 年，能够将死于非传染性疾病人数减少三分之一。” 因此，我们迫切需要找到导致人类因非传染性疾病死亡的风险因素，并及早开展相关干预措施。\",\"content\":\"\",\"fileid\":0,\"content_url\":\"http:\/\/mp.weixin.qq.com\/s?__biz=MzA3NTIyODUzNA==&amp;mid=2649623914&amp;idx=4&amp;sn=25e0c3ce8c4af21fa82de93184f113b3&amp;chksm=87691973b01e9065c8c9b23d863fb7334cddd55407c497f3c0d0a8116fcc633a6934fa6c630b&amp;scene=27#wechat_redirect\",\"source_url\":\"http:\/\/deeptech.mikecrm.com\/2bKJqlN\",\"cover\":\"http:\/\/mmbiz.qpic.cn\/mmbiz_jpg\/JJtKEey0hPbVQLX8SmasLt6C0uj7Vxp5S4q5Loerho71vcC0Sr65e46EuIgprdBZVia8LfMEQANXkf1VI95wa5Q\/0?wx_fmt=jpeg\",\"author\":\"张硕\",\"copyright_stat\":100,\"del_flag\":1,\"item_show_type\":0,\"audio_fileid\":0,\"duration\":0,\"play_url\":\"\",\"malicious_title_reason_id\":0,\"malicious_content_type\":0},{\"title\":\"5.53亿Facebook用户个人信息被泄露，含电话号码和出生日期等信息\",\"digest\":\"美国时间星期六，在一个黑客论坛上，一位用户免费在线发布了数亿 Facebook 用户的电话号码和个人数据。\",\"content\":\"\",\"fileid\":0,\"content_url\":\"http:\/\/mp.weixin.qq.com\/s?__biz=MzA3NTIyODUzNA==&amp;mid=2649623914&amp;idx=5&amp;sn=3fcdc408df5d2e56afbfb49bdaf80ed8&amp;chksm=87691973b01e90659bdcbc22ef3400e41aabdec3d299a1e1e1542f908ea7464450abfca487a0&amp;scene=27#wechat_redirect\",\"source_url\":\"http:\/\/deeptech.mikecrm.com\/2bKJqlN\",\"cover\":\"http:\/\/mmbiz.qpic.cn\/mmbiz_jpg\/JJtKEey0hPZkPmtKD0ozCKpibGgFiaW0H9VSQtys6yIny33CTjMYib34h2RdYUQBuhnfz5nEXbvpzWX73hxuzqvlA\/0?wx_fmt=jpeg\",\"author\":\"\",\"copyright_stat\":100,\"del_flag\":1,\"item_show_type\":0,\"audio_fileid\":0,\"duration\":0,\"play_url\":\"\",\"malicious_title_reason_id\":0,\"malicious_content_type\":0}],\"author\":\"多加\",\"copyright_stat\":11,\"duration\":0,\"del_flag\":1,\"item_show_type\":0,\"audio_fileid\":0,\"play_url\":\"\",\"malicious_title_reason_id\":0,\"malicious_content_type\":0}},{\"comm_msg_info\":{\"id\":1000001778,\"type\":49,\"datetime\":1617427506,\"fakeid\":\"3075228534\",\"status\":2,\"content\":\"\"},\"app_msg_ext_info\":{\"title\":\"十年磨一剑，游动微纳机器人迎来重要进展！哈工大科学家研制可向药物精准释放靶向胶质瘤的微纳机器人\",\"digest\":\"吴志光的研究首次实现了微纳米机器人在致密生物组织内的游动。\",\"content\":\"\",\"fileid\":0,\"content_url\":\"http:\/\/mp.weixin.qq.com\/s?__biz=MzA3NTIyODUzNA==&amp;mid=2649623775&amp;idx=1&amp;sn=2d6d8707d8efee78fcf5d8b79ab3d3af&amp;chksm=876918c6b01e91d06e39b8d0d87653e79108e8fe80b1fcab7994629731a918a9c03603454256&amp;scene=27#wechat_redirect\",\"source_url\":\"http:\/\/deeptech.mikecrm.com\/wzea0RS\",\"cover\":\"http:\/\/mmbiz.qpic.cn\/mmbiz_jpg\/JJtKEey0hPZkPmtKD0ozCKpibGgFiaW0H9Lz93BxSib5bjScWWwEb2l8NqBGJBN1PQah7B9WWEITRst9uMmksZjMQ\/0?wx_fmt=jpeg\",\"subtype\":9,\"is_multi\":1,\"multi_app_msg_item_list\":[{\"title\":\"Arm发布十年来最重要的指令集架构革新，联发科首波相挺\",\"digest\":\"分享一篇文章。\",\"content\":\"\",\"fileid\":0,\"content_url\":\"http:\/\/mp.weixin.qq.com\/s?__biz=MzA3NTIyODUzNA==&amp;mid=2649623775&amp;idx=2&amp;sn=13f383dc87c8464adbc23487435d5cce&amp;chksm=876918c6b01e91d03b15cd775c4a66563ec22543ab93d90382571fb393e5f68cf1b87b0b72db&amp;scene=27#wechat_redirect\",\"source_url\":\"\",\"cover\":\"http:\/\/mmbiz.qpic.cn\/mmbiz_jpg\/viaUuks3128JVYTFGkpCKAUwzjrp5MHW5V5gAWySdEeFLj6kicvvG058IBGzodPFia9VCJlSXZW74AU7ickrY0MP3Q\/0?wx_fmt=jpeg\",\"author\":\"\",\"copyright_stat\":101,\"del_flag\":1,\"item_show_type\":0,\"audio_fileid\":0,\"duration\":0,\"play_url\":\"\",\"malicious_title_reason_id\":0,\"malicious_content_type\":0},{\"title\":\"一些艺术家在出售NFT中找到生计，其他人则担心这是个陷阱\",\"digest\":\"艺术家们正在进入一个将为其作品支付数千美元的市场。但是他们正陷入骗局，环境问题和加密炒作中。\",\"content\":\"\",\"fileid\":0,\"content_url\":\"http:\/\/mp.weixin.qq.com\/s?__biz=MzA3NTIyODUzNA==&amp;mid=2649623775&amp;idx=3&amp;sn=c54d4556f47c0070a06cdba200c9e2f5&amp;chksm=876918c6b01e91d0327874a96fe355e0c103aeb6eb4bf1fe3c7d2a77bb44b8d50175bf21b3a5&amp;scene=27#wechat_redirect\",\"source_url\":\"https:\/\/android.myapp.com\/myapp\/detail.htm?apkName=com.mittrchina.mit&amp;ADTAG=mobile\",\"cover\":\"http:\/\/mmbiz.qpic.cn\/mmbiz_jpg\/JJtKEey0hPZkPmtKD0ozCKpibGgFiaW0H9BH2Z66g9rrn0g3UAI0St7yJZ9ic0B82RyKQy5Og7iaSpQ2d09JkbIK1A\/0?wx_fmt=jpeg\",\"author\":\"艾比·欧海塞尔\",\"copyright_stat\":11,\"del_flag\":1,\"item_show_type\":0,\"audio_fileid\":0,\"duration\":0,\"play_url\":\"\",\"malicious_title_reason_id\":0,\"malicious_content_type\":0},{\"title\":\"专访 | 燃石医学揣少坤：肿瘤基因检测行业进入下半场，燃石将以质量和技术取胜\",\"digest\":\"“过去十年见证了国家的崛起、生物行业的崛起、女性的崛起。我相信未来无论是社会的发展，还是行业的发展，会给女性\",\"content\":\"\",\"fileid\":0,\"content_url\":\"http:\/\/mp.weixin.qq.com\/s?__biz=MzA3NTIyODUzNA==&amp;mid=2649623775&amp;idx=4&amp;sn=b87aeb39dde849bb833bd7099909b607&amp;chksm=876918c6b01e91d01aee149687b9eb7e8dae9a63ec2b1c81f362597757684432d5549d893969&amp;scene=27#wechat_redirect\",\"source_url\":\"\",\"cover\":\"http:\/\/mmbiz.qpic.cn\/mmbiz_jpg\/8iaq2iavZjQlOfgawxPO34IYDmeXUOXicxsJZmHTeDpqLBAju9rXicLrD2E7yQW3a9YWmthmk3piasrjnicKJasOlJtg\/0?wx_fmt=jpeg\",\"author\":\"胡莉花\",\"copyright_stat\":201,\"del_flag\":1,\"item_show_type\":0,\"audio_fileid\":0,\"duration\":0,\"play_url\":\"\",\"malicious_title_reason_id\":0,\"malicious_content_type\":0},{\"title\":\"美国是否应该优先普及第一剂疫苗的接种来击败变异毒株？\",\"digest\":\"“我们需要迅速让尽可能多的人免疫。”\",\"content\":\"\",\"fileid\":0,\"content_url\":\"http:\/\/mp.weixin.qq.com\/s?__biz=MzA3NTIyODUzNA==&amp;mid=2649623775&amp;idx=5&amp;sn=402e96d275e95d5e6f91894193e82ebc&amp;chksm=876918c6b01e91d085f43e1ec1bb1c08db49a9723fa00433808be07fe11cbe22f93f859ae036&amp;scene=27#wechat_redirect\",\"source_url\":\"https:\/\/android.myapp.com\/myapp\/detail.htm?apkName=com.mittrchina.mit&amp;ADTAG=mobile\",\"cover\":\"http:\/\/mmbiz.qpic.cn\/mmbiz_jpg\/JJtKEey0hPZrN8nF4kLawj11jibhc6gkOB7iap89mqDSTGH0gbdUDhg9oK2QZKGoJUYBhk8fYq1pCpboML9uKtyg\/0?wx_fmt=jpeg\",\"author\":\"卡桑卓·维尔亚德\",\"copyright_stat\":11,\"del_flag\":1,\"item_show_type\":0,\"audio_fileid\":0,\"duration\":0,\"play_url\":\"\",\"malicious_title_reason_id\":0,\"malicious_content_type\":0},{\"title\":\"「血检欺诈骗局」电视剧今夏开拍，再现「女版乔布斯」\",\"digest\":\"根据 Variety 的报道，美国知名女演员阿曼达・塞弗里德（Amanda Seyfried）已经签约了 H\",\"content\":\"\",\"fileid\":0,\"content_url\":\"http:\/\/mp.weixin.qq.com\/s?__biz=MzA3NTIyODUzNA==&amp;mid=2649623775&amp;idx=6&amp;sn=2d6f3b63ad33019d6db686b1850b38f0&amp;chksm=876918c6b01e91d04e334602c10b8e37cf992926b1f2b4406754f1ff2ec649e3c51fe4ceec26&amp;scene=27#wechat_redirect\",\"source_url\":\"\",\"cover\":\"http:\/\/mmbiz.qpic.cn\/mmbiz_jpg\/8iaq2iavZjQlOfgawxPO34IYDmeXUOXicxsBbTa3WMMvKvqsjN2UGtlbwibNOXTibBzW9ddIsWcEvia0AsaZ6mOx4P9w\/0?wx_fmt=jpeg\",\"author\":\"米尔\",\"copyright_stat\":201,\"del_flag\":1,\"item_show_type\":0,\"audio_fileid\":0,\"duration\":0,\"play_url\":\"\",\"malicious_title_reason_id\":0,\"malicious_content_type\":0}],\"author\":\"多加\",\"copyright_stat\":11,\"duration\":0,\"del_flag\":1,\"item_show_type\":0,\"audio_fileid\":0,\"play_url\":\"\",\"malicious_title_reason_id\":0,\"malicious_content_type\":0}}]}","next_offset":76,"video_count":1,"use_video_tab":1,"real_type":0,"home_page_list":[]}