{"ret":0,"errmsg":"ok","msg_count":10,"can_msg_continue":1,"general_msg_list":"{\"list\":[{\"comm_msg_info\":{\"id\":1000001777,\"type\":49,\"datetime\":1617330205,\"fakeid\":\"3075228534\",\"status\":2,\"content\":\"\"},\"app_msg_ext_info\":{\"title\":\"90后博导研发石墨烯人工喉，可将聋哑人声音“翻译”成规律声音\",\"digest\":\"他渴望的 “少数派” 是做科研，也正是在华为的经历，坚定了他做学术的决心。\",\"content\":\"\",\"fileid\":0,\"content_url\":\"http:\/\/mp.weixin.qq.com\/s?__biz=MzA3NTIyODUzNA==&amp;mid=2649623686&amp;idx=1&amp;sn=0045f52918ae6990f7b6f857caffe67a&amp;chksm=8769189fb01e9189ecaf425bae7df75b238582ca81463b5d9f89682a65c7649288fd5c9a84be&amp;scene=27#wechat_redirect\",\"source_url\":\"https:\/\/android.myapp.com\/myapp\/detail.htm?apkName=com.mittrchina.mit&amp;ADTAG=mobile\",\"cover\":\"http:\/\/mmbiz.qpic.cn\/mmbiz_jpg\/JJtKEey0hPYPo7GgiayMD1wibhkZgcTR7uibI47mgAckISufb0InSbqIO2HcQTHuO0zQIFvTGOSVy65ShXMTQ19Cw\/0?wx_fmt=jpeg\",\"subtype\":9,\"is_multi\":1,\"multi_app_msg_item_list\":[{\"title\":\"禾赛科技加速布局脚步，激光雷达市场或将迎来转折\",\"digest\":\"近日，禾赛科技与 Kodiak Robotics 宣布达成合作，将其激光雷达集成到 Kodiak 自动驾驶货\",\"content\":\"\",\"fileid\":0,\"content_url\":\"http:\/\/mp.weixin.qq.com\/s?__biz=MzA3NTIyODUzNA==&amp;mid=2649623686&amp;idx=2&amp;sn=70849389df8bdf98a6d3ae429187c300&amp;chksm=8769189fb01e918916c0bd7839ab97550b28f6e0bc558600aa86b5a7f9e6859cd5295672e396&amp;scene=27#wechat_redirect\",\"source_url\":\"https:\/\/android.myapp.com\/myapp\/detail.htm?apkName=com.mittrchina.mit&amp;ADTAG=mobile\",\"cover\":\"http:\/\/mmbiz.qpic.cn\/mmbiz_jpg\/JJtKEey0hPYPo7GgiayMD1wibhkZgcTR7uOdc7mhvEZ4aCr2xGfwc6pjEjSAEX5a0PAnGRzKJgzibmmOanF2SKzQg\/0?wx_fmt=jpeg\",\"author\":\"REN\",\"copyright_stat\":11,\"del_flag\":1,\"item_show_type\":0,\"audio_fileid\":0,\"duration\":0,\"play_url\":\"\",\"malicious_title_reason_id\":0,\"malicious_content_type\":0},{\"title\":\"T细胞免疫疗法新赛道开启？全球首家开发γδ T双抗的公司成功上市\",\"digest\":\"双特异性抗体被视为治疗肿瘤的第二代疗法，近十年来，全球每年新开的双特异性抗体临床试验数目逐年增长，双特异性抗\",\"content\":\"\",\"fileid\":0,\"content_url\":\"http:\/\/mp.weixin.qq.com\/s?__biz=MzA3NTIyODUzNA==&amp;mid=2649623686&amp;idx=3&amp;sn=b761614962691f64e54f6b7e56e7c068&amp;chksm=8769189fb01e9189fba0adf02ada1aeff1a316c9cf7f347d5fa2c042f72ba571be644d6e8e1e&amp;scene=27#wechat_redirect\",\"source_url\":\"\",\"cover\":\"http:\/\/mmbiz.qpic.cn\/mmbiz_jpg\/8iaq2iavZjQlN6vu8YcN4J4dPW0v8lr2ez8yOnZCibW9icloXdyCYKUSnsDczTkkd9UlGf5nXHFguzDtk3GU6hBxJQ\/0?wx_fmt=jpeg\",\"author\":\"赵欣  胡莉花\",\"copyright_stat\":201,\"del_flag\":1,\"item_show_type\":0,\"audio_fileid\":0,\"duration\":0,\"play_url\":\"\",\"malicious_title_reason_id\":0,\"malicious_content_type\":0},{\"title\":\"南京农业大学研究发现，真空低温做牛肉营养最好\",\"digest\":\"牛肉有多重食用价值，小孩子生长发育关键时期吃可以补充蛋白质，病人术后调养恢复阶段吃对补充失血和修复组织等方面\",\"content\":\"\",\"fileid\":0,\"content_url\":\"http:\/\/mp.weixin.qq.com\/s?__biz=MzA3NTIyODUzNA==&amp;mid=2649623686&amp;idx=4&amp;sn=16793b60ceff3b0bd94e88c76422b433&amp;chksm=8769189fb01e9189185a180635f383691f6518a75544067f03b435ed944857a5c940e0d47616&amp;scene=27#wechat_redirect\",\"source_url\":\"https:\/\/a.app.qq.com\/o\/simple.jsp?pkgname=com.mittrchina.mit&amp;from=singlemessage\",\"cover\":\"http:\/\/mmbiz.qpic.cn\/mmbiz_jpg\/JJtKEey0hPZeFpVBkpBOsGVMdNt0GbmVo6Xiba7FGmDvPsOOAvtYic161eLicwrZFqtKKQkLKCK95xiavOibOEH6alw\/0?wx_fmt=jpeg\",\"author\":\"钱前\",\"copyright_stat\":100,\"del_flag\":1,\"item_show_type\":0,\"audio_fileid\":0,\"duration\":0,\"play_url\":\"\",\"malicious_title_reason_id\":0,\"malicious_content_type\":0},{\"title\":\"IBM首台商用量子计算机拟空降克利夫兰诊所，医药健康+量子计算再嗑新「CP」！\",\"digest\":\"2019 年 10 月，谷歌在量子计算领域的里程碑式重大研究突破登上 Nature 杂志 150 周年版封面\",\"content\":\"\",\"fileid\":0,\"content_url\":\"http:\/\/mp.weixin.qq.com\/s?__biz=MzA3NTIyODUzNA==&amp;mid=2649623686&amp;idx=5&amp;sn=4ee2845b53e4efdee4a15d3ae602a70d&amp;chksm=8769189fb01e91896bef8ecaf686766e0d1ccd04a32be857aedef575573a3172753b294896f9&amp;scene=27#wechat_redirect\",\"source_url\":\"https:\/\/apps.apple.com\/cn\/app\/%E7%94%9F%E8%BE%89\/id1317664102\",\"cover\":\"http:\/\/mmbiz.qpic.cn\/mmbiz_jpg\/8iaq2iavZjQlPwABfzA0mOricgXdztB0ibH1cyxHLzRpLRP1SMh3R4hiaUhn2RpGicqMF0cwUaXuROfY3PtVI5lTRLwQ\/0?wx_fmt=jpeg\",\"author\":\"宋冉 赵欣\",\"copyright_stat\":201,\"del_flag\":1,\"item_show_type\":0,\"audio_fileid\":0,\"duration\":0,\"play_url\":\"\",\"malicious_title_reason_id\":0,\"malicious_content_type\":0}],\"author\":\"多加\",\"copyright_stat\":11,\"duration\":0,\"del_flag\":1,\"item_show_type\":0,\"audio_fileid\":0,\"play_url\":\"\",\"malicious_title_reason_id\":0,\"malicious_content_type\":0}},{\"comm_msg_info\":{\"id\":1000001776,\"type\":49,\"datetime\":1617282961,\"fakeid\":\"3075228534\",\"status\":2,\"content\":\"\"},\"app_msg_ext_info\":{\"title\":\"沂蒙山区女孩今成211副教授，研发可自愈可形变软体机器人，有望进入太空执行抓取任务 | 专访\",\"digest\":\"作为一位 “妈妈型科研人”，她一直把自己和孩子以及学生的关系定为 “一起成长，共同进步”。\",\"content\":\"\",\"fileid\":502140019,\"content_url\":\"http:\/\/mp.weixin.qq.com\/s?__biz=MzA3NTIyODUzNA==&amp;mid=2649623672&amp;idx=1&amp;sn=01940d427975b0e02f9a8b7de15b8a38&amp;chksm=87691861b01e91776b4ee5e6e848e10f6a5fd7f24008b785422bceda7d0bb61c7277fbacbee0&amp;scene=27#wechat_redirect\",\"source_url\":\"https:\/\/android.myapp.com\/myapp\/detail.htm?apkName=com.mittrchina.mit&amp;ADTAG=mobile\",\"cover\":\"http:\/\/mmbiz.qpic.cn\/mmbiz_jpg\/JJtKEey0hPZeFpVBkpBOsGVMdNt0GbmVUvyFlN6p7voc2roOathiaP2xxom8gxJY00XmWLJn4l9rG8Z3cvtSzzg\/0?wx_fmt=jpeg\",\"subtype\":9,\"is_multi\":1,\"multi_app_msg_item_list\":[{\"title\":\"Moderna新冠疫苗mRNA序列被斯坦福大学“开源”，有配方自己也能造？\",\"digest\":\"根据科技新闻网站 Motherboard 的最先报道，斯坦福大学的科学家们把本应该被扔进垃圾桶的新冠疫苗留了\",\"content\":\"\",\"fileid\":0,\"content_url\":\"http:\/\/mp.weixin.qq.com\/s?__biz=MzA3NTIyODUzNA==&amp;mid=2649623672&amp;idx=2&amp;sn=19399bfab7ad767bfde4946a8b971e04&amp;chksm=87691861b01e9177b13c7d8ff2faf5cf225dc3c525e7fcb08a36afa7e414f92eba36825b0985&amp;scene=27#wechat_redirect\",\"source_url\":\"\",\"cover\":\"http:\/\/mmbiz.qpic.cn\/mmbiz_jpg\/8iaq2iavZjQlN6vu8YcN4J4dPW0v8lr2ez5uegeGryRibWrpP4wUia0vVTvEeJTbpKfiakNI15RBzMwddlk7icqUSiaeQ\/0?wx_fmt=jpeg\",\"author\":\"米尔\",\"copyright_stat\":201,\"del_flag\":1,\"item_show_type\":0,\"audio_fileid\":0,\"duration\":0,\"play_url\":\"\",\"malicious_title_reason_id\":0,\"malicious_content_type\":0},{\"title\":\"在金隅共绘智能制造美好蓝图！“聪明公司” 都在关注什么？\",\"digest\":\"随着 5G、物联网、人工智能等新一代信息技术不断与制造业深入融合，“智能 + 制造” 带来了颠覆性的创新和变\",\"content\":\"\",\"fileid\":0,\"content_url\":\"http:\/\/mp.weixin.qq.com\/s?__biz=MzA3NTIyODUzNA==&amp;mid=2649623672&amp;idx=3&amp;sn=8b225fb71fc8c85ea4689027f8c510df&amp;chksm=87691861b01e9177cd1ed4612e67546e4a621a85e53237bcb07adf9c5739958437432b673c17&amp;scene=27#wechat_redirect\",\"source_url\":\"https:\/\/a.app.qq.com\/o\/simple.jsp?pkgname=com.mittrchina.mit&amp;from=singlemessage\",\"cover\":\"http:\/\/mmbiz.qpic.cn\/mmbiz_jpg\/JJtKEey0hPZeFpVBkpBOsGVMdNt0GbmVq1MB4UVqb1zut75A9KWl76kf1FtMgWGq5OSC8lsEtyCYdSQOKyMARw\/0?wx_fmt=jpeg\",\"author\":\"龙盼\",\"copyright_stat\":11,\"del_flag\":1,\"item_show_type\":0,\"audio_fileid\":0,\"duration\":0,\"play_url\":\"\",\"malicious_title_reason_id\":0,\"malicious_content_type\":0},{\"title\":\"独家曝光| 台积电魏哲家亲笔信：全球盖厂、未来三年投资1000亿美元、首度取消年度晶圆降价\",\"digest\":\"分享一篇文章。\",\"content\":\"\",\"fileid\":0,\"content_url\":\"http:\/\/mp.weixin.qq.com\/s?__biz=MzA3NTIyODUzNA==&amp;mid=2649623672&amp;idx=4&amp;sn=647d8daa469e42a43c84e087a84874af&amp;chksm=87691861b01e9177886a8ec1074d29b46e952d169b80b803e1b12ef10f47231084bc8749dadc&amp;scene=27#wechat_redirect\",\"source_url\":\"\",\"cover\":\"http:\/\/mmbiz.qpic.cn\/mmbiz_jpg\/viaUuks3128IbjYVYbxkG1ibgE1vkpHWT6cTibtJSsfqgIwNgacKvxZ9j0T3XIZ2nE8T8pggnygk1QdJbmfEQPic8A\/0?wx_fmt=jpeg\",\"author\":\"\",\"copyright_stat\":101,\"del_flag\":1,\"item_show_type\":0,\"audio_fileid\":0,\"duration\":0,\"play_url\":\"\",\"malicious_title_reason_id\":0,\"malicious_content_type\":0},{\"title\":\"波士顿动力推出仓储机器人Stretch，每小时搬运货物800箱，一次充电工作8小时\",\"digest\":\"当几千平米的仓库中空无一人，货物入库、存储、包装、分拣该如何实现？多功能移动机器人 Stretch 可以帮忙\",\"content\":\"\",\"fileid\":0,\"content_url\":\"http:\/\/mp.weixin.qq.com\/s?__biz=MzA3NTIyODUzNA==&amp;mid=2649623672&amp;idx=5&amp;sn=eeae5b96a95b4c75d9ed73b7e9f1618f&amp;chksm=87691861b01e917782b81dbf93d621742cb6f34811ed6b2518590e33b1ad8d0dcbf6012c0e03&amp;scene=27#wechat_redirect\",\"source_url\":\"http:\/\/deeptech.mikecrm.com\/TvQU5l2\",\"cover\":\"http:\/\/mmbiz.qpic.cn\/mmbiz_jpg\/JJtKEey0hPZeFpVBkpBOsGVMdNt0GbmV2h326JhMoicdBvibs47JvzjhhtUlqLtbIN6M7MEEwd7htRx81GgQKbOw\/0?wx_fmt=jpeg\",\"author\":\"\",\"copyright_stat\":100,\"del_flag\":1,\"item_show_type\":0,\"audio_fileid\":0,\"duration\":0,\"play_url\":\"\",\"malicious_title_reason_id\":0,\"malicious_content_type\":0},{\"title\":\"变革性信息技术芯片时代来临，更多类型的非冯·诺依曼架构芯片涌现丨络绎知图深度分析\",\"digest\":\"日前， Elsevier（爱思唯尔）云论坛暨络绎学术 Online 第九期线上学术会议成功举办，我们与 El\",\"content\":\"\",\"fileid\":502139995,\"content_url\":\"http:\/\/mp.weixin.qq.com\/s?__biz=MzA3NTIyODUzNA==&amp;mid=2649623672&amp;idx=6&amp;sn=9d132e0de03a21cc804a9c8cd41ffb14&amp;chksm=87691861b01e91776c73f66865bb350b4e39d6a8d9b9956b679d29e5d594a9fa398c061926a4&amp;scene=27#wechat_redirect\",\"source_url\":\"\",\"cover\":\"http:\/\/mmbiz.qpic.cn\/mmbiz_jpg\/JJtKEey0hPZeFpVBkpBOsGVMdNt0GbmVee780fju35yVCnXWO0uNyTxL5icFC29zhDiats4kkjLK9l90np8e2j8g\/0?wx_fmt=jpeg\",\"author\":\"宋宁、张京\",\"copyright_stat\":100,\"del_flag\":1,\"item_show_type\":0,\"audio_fileid\":0,\"duration\":0,\"play_url\":\"\",\"malicious_title_reason_id\":0,\"malicious_content_type\":0},{\"title\":\"“首届中国生物计算大会”报名开启，百图生科邀您共议行业未来\",\"digest\":\"5月10-11日，百图生科将联手苏州播禾创新等合作伙伴在中国·苏州举办首届中国生物计算大会。大会邀请了著名院\",\"content\":\"\",\"fileid\":0,\"content_url\":\"http:\/\/mp.weixin.qq.com\/s?__biz=MzA3NTIyODUzNA==&amp;mid=2649623672&amp;idx=7&amp;sn=a287a435393d5ef15ad588677408190d&amp;chksm=87691861b01e9177fd5367d4246a686470fe2942fd189cdaad5bace5705d789701d3d31de7b9&amp;scene=27#wechat_redirect\",\"source_url\":\"http:\/\/hdxu.cn\/j95Ft\",\"cover\":\"http:\/\/mmbiz.qpic.cn\/mmbiz_jpg\/JJtKEey0hPbmiab7HOriceINOibS4Xo75RBS7VIVdFKoicO4sJM8taNaf8W4ZJQO3mlRMiaW8GJtkA73mZaxZWQpGPw\/0?wx_fmt=jpeg\",\"author\":\"BioMap 百图生科\",\"copyright_stat\":201,\"del_flag\":1,\"item_show_type\":0,\"audio_fileid\":0,\"duration\":0,\"play_url\":\"\",\"malicious_title_reason_id\":0,\"malicious_content_type\":0}],\"author\":\"多加\",\"copyright_stat\":11,\"duration\":0,\"del_flag\":1,\"item_show_type\":0,\"audio_fileid\":0,\"play_url\":\"\",\"malicious_title_reason_id\":0,\"malicious_content_type\":0}},{\"comm_msg_info\":{\"id\":1000001775,\"type\":49,\"datetime\":1617171406,\"fakeid\":\"3075228534\",\"status\":2,\"content\":\"\"},\"app_msg_ext_info\":{\"title\":\"一家日本味精厂真的卡住了全球芯片产业的脖子？业内人士：ABF是尖端技术但不是壁垒 | 专访\",\"digest\":\"芯片制造是一个非常成熟的全球分工的产业链，各个国家都有独到的一面。而造成全球范围芯片短缺现象，日本味之素的ABF只是其中的一个因素，但不是决定性因素。\",\"content\":\"\",\"fileid\":0,\"content_url\":\"http:\/\/mp.weixin.qq.com\/s?__biz=MzA3NTIyODUzNA==&amp;mid=2649623479&amp;idx=1&amp;sn=5cbcde568fc41e4ce94d91da0eb1dfd4&amp;chksm=87691faeb01e96b88209aa58fa24b5e1db5c721d66fa02c46219e44db92506c87e0bfeb9ccd8&amp;scene=27#wechat_redirect\",\"source_url\":\"http:\/\/deeptech.mikecrm.com\/2bKJqlN\",\"cover\":\"http:\/\/mmbiz.qpic.cn\/mmbiz_jpg\/JJtKEey0hPYXHicA06bGCrb5eDia1haC7Z5ygsiaxGkFJd4aDIuu9RA0FAt6zsYfeQGiboGxWLEhKcPL1B2fZjCUsw\/0?wx_fmt=jpeg\",\"subtype\":9,\"is_multi\":1,\"multi_app_msg_item_list\":[{\"title\":\"寻找亚太青年科技力量，“35岁以下科技创新35人”亚太区榜单报名正在进行\",\"digest\":\"《麻省理工科技评论》“35岁以下科技创新35人”亚太区榜单正在报名。\",\"content\":\"\",\"fileid\":0,\"content_url\":\"http:\/\/mp.weixin.qq.com\/s?__biz=MzA3NTIyODUzNA==&amp;mid=2649623479&amp;idx=2&amp;sn=d5dfd54ae6155daea338ad59b1efbd8c&amp;chksm=87691faeb01e96b8c645ef8a81882e348453d63a275303a253f46b8ab11b3fbb19dcd9074cb7&amp;scene=27#wechat_redirect\",\"source_url\":\"http:\/\/deeptech.mikecrm.com\/2bKJqlN\",\"cover\":\"http:\/\/mmbiz.qpic.cn\/mmbiz_jpg\/JJtKEey0hPbmiab7HOriceINOibS4Xo75RB4HyIhTG86Ob4qmKGic9cz5ia2vH9CSGPZ4Ss6XoJS19RU8DoQMB2ribMQ\/0?wx_fmt=jpeg\",\"author\":\"麻省理工科技评论\",\"copyright_stat\":100,\"del_flag\":1,\"item_show_type\":0,\"audio_fileid\":0,\"duration\":0,\"play_url\":\"\",\"malicious_title_reason_id\":0,\"malicious_content_type\":0},{\"title\":\"小米再次踏上 “芯” 征程，推出澎湃C1芯片，同时官宣成立汽车业务子公司\",\"digest\":\"“此身随造物，一叶舞澎湃”。在昨天的小米新品发布会上，松果澎湃芯片在沉寂 5 年之后再度发力，推出新品澎湃\",\"content\":\"\",\"fileid\":0,\"content_url\":\"http:\/\/mp.weixin.qq.com\/s?__biz=MzA3NTIyODUzNA==&amp;mid=2649623479&amp;idx=3&amp;sn=2ab7a738903bc29e56bc77365bebb76d&amp;chksm=87691faeb01e96b831e039100cf8c328054a8966e73c343c1cf7ca6ae2e7fa69d975d878dbd0&amp;scene=27#wechat_redirect\",\"source_url\":\"http:\/\/deeptech.mikecrm.com\/2bKJqlN\",\"cover\":\"http:\/\/mmbiz.qpic.cn\/mmbiz_jpg\/JJtKEey0hPbmiab7HOriceINOibS4Xo75RBiaYia5micV0w6dZJzia1p6Wgq1DVTgGWbtnNuib3lIibuMXp9dGf7tsRlf6Q\/0?wx_fmt=jpeg\",\"author\":\"马超\",\"copyright_stat\":11,\"del_flag\":1,\"item_show_type\":0,\"audio_fileid\":0,\"duration\":0,\"play_url\":\"\",\"malicious_title_reason_id\":0,\"malicious_content_type\":0},{\"title\":\"浓雾漫漫，SpaceX仍选择进行星舰测试，但SN11也炸了\",\"digest\":\"北京时间 3 月 30 日晚间，SpaceX 在茫茫大雾中进行了最新一次的 Starship（星舰）飞船原型\",\"content\":\"\",\"fileid\":0,\"content_url\":\"http:\/\/mp.weixin.qq.com\/s?__biz=MzA3NTIyODUzNA==&amp;mid=2649623479&amp;idx=4&amp;sn=b20adce6ed98a71179e51ea0c53368a3&amp;chksm=87691faeb01e96b8361f1ea06011a38514a41565b0c03cdf4768f8a8639943508cc2233d0ded&amp;scene=27#wechat_redirect\",\"source_url\":\"http:\/\/deeptech.mikecrm.com\/2bKJqlN\",\"cover\":\"http:\/\/mmbiz.qpic.cn\/mmbiz_jpg\/JJtKEey0hPbmiab7HOriceINOibS4Xo75RBTFibEiaAB7kNOhjJH9hpl0mWIQyIonwMgKF9R0r4yoUmMkzoSXKGPHsw\/0?wx_fmt=jpeg\",\"author\":\"REN\",\"copyright_stat\":11,\"del_flag\":1,\"item_show_type\":0,\"audio_fileid\":0,\"duration\":0,\"play_url\":\"\",\"malicious_title_reason_id\":0,\"malicious_content_type\":0},{\"title\":\"雷军：小米有1080亿现金！造车，我们亏得起\",\"digest\":\"分享一篇文章。\",\"content\":\"\",\"fileid\":0,\"content_url\":\"http:\/\/mp.weixin.qq.com\/s?__biz=MzA3NTIyODUzNA==&amp;mid=2649623479&amp;idx=5&amp;sn=f373f1cfe6e74f8d01f83914f74e56e7&amp;chksm=87691faeb01e96b81f221822f887f8907e1bcccb3bba6d8bad9e8b13b01b6dcd84cfe82048df&amp;scene=27#wechat_redirect\",\"source_url\":\"\",\"cover\":\"http:\/\/mmbiz.qpic.cn\/mmbiz_jpg\/viaUuks3128Lh3Vj9QnTHpxj7YM4HrnNpsY4I3heZ1s5aOebjrzK1lL2ccmrYttDexlLiccLWrY14fGPvQZo0aZA\/0?wx_fmt=jpeg\",\"author\":\"\",\"copyright_stat\":101,\"del_flag\":1,\"item_show_type\":0,\"audio_fileid\":0,\"duration\":0,\"play_url\":\"\",\"malicious_title_reason_id\":0,\"malicious_content_type\":0},{\"title\":\"正在报名 | 络绎学术Online第11期：机器学习应用与展望—自动驾驶系统测试技术\",\"digest\":\"4月1日，14:00-15:00\",\"content\":\"\",\"fileid\":0,\"content_url\":\"http:\/\/mp.weixin.qq.com\/s?__biz=MzA3NTIyODUzNA==&amp;mid=2649623479&amp;idx=6&amp;sn=a9d4e96757a878ef60d6a78a92a7bb49&amp;chksm=87691faeb01e96b836a1bae40b7c98b7563e272f252d52abf4dc383435b54d610b1b0826844b&amp;scene=27#wechat_redirect\",\"source_url\":\"http:\/\/deeptech.mikecrm.com\/ZWrrgN0\",\"cover\":\"http:\/\/mmbiz.qpic.cn\/mmbiz_jpg\/JJtKEey0hPbmiab7HOriceINOibS4Xo75RB2pLIttPbPQBsAPuFJ3PrmcPQt5EL5soMJ9dp44R8AYPbpmWw4nvABQ\/0?wx_fmt=jpeg\",\"author\":\"络绎知图\",\"copyright_stat\":100,\"del_flag\":1,\"item_show_type\":0,\"audio_fileid\":0,\"duration\":0,\"play_url\":\"\",\"malicious_title_reason_id\":0,\"malicious_content_type\":0},{\"title\":\"德国科学家发现制备钙钛矿太阳能电池的高效可复制方法\",\"digest\":\"最近，德累斯顿工业大学应用物理研究所（IAP）和德累斯顿电子发展中心（cfaed）的研究团队开发了一种可用任何抗溶剂重复制备高效钙钛矿太阳能电池的通用方法。\",\"content\":\"\",\"fileid\":0,\"content_url\":\"http:\/\/mp.weixin.qq.com\/s?__biz=MzA3NTIyODUzNA==&amp;mid=2649623479&amp;idx=7&amp;sn=66b614752c98e058a19b57e55f705dca&amp;chksm=87691faeb01e96b8b7bb53adaa3bfde48f12db1246c18290cb206c4cf6d135b3ff4e4d47540e&amp;scene=27#wechat_redirect\",\"source_url\":\"https:\/\/a.app.qq.com\/o\/simple.jsp?pkgname=com.mittrchina.mit&amp;from=singlemessage\",\"cover\":\"http:\/\/mmbiz.qpic.cn\/mmbiz_jpg\/JJtKEey0hPbmiab7HOriceINOibS4Xo75RBBo6icDHyaJ7KTAfgEatGXkYzXKooc1wIrSmFTqfW4ia5Yp7khe9oT26w\/0?wx_fmt=jpeg\",\"author\":\"刘雅坤\",\"copyright_stat\":100,\"del_flag\":1,\"item_show_type\":0,\"audio_fileid\":0,\"duration\":0,\"play_url\":\"\",\"malicious_title_reason_id\":0,\"malicious_content_type\":0},{\"title\":\"诺和诺德获糖尿病口服药“王炸”产品，而中国口服多肽将向何处？\",\"digest\":\"2020 年年底，诺和诺德宣布以 18 亿美元收购了 Emisphere Technologies（以下简称\",\"content\":\"\",\"fileid\":0,\"content_url\":\"http:\/\/mp.weixin.qq.com\/s?__biz=MzA3NTIyODUzNA==&amp;mid=2649623479&amp;idx=8&amp;sn=316b18f5a58c0ad8ead916632c96fc0a&amp;chksm=87691faeb01e96b8d8f778c77617abdcaff3ffc46de2439e05947b2ed01a521f945e186ff947&amp;scene=27#wechat_redirect\",\"source_url\":\"https:\/\/apps.apple.com\/cn\/app\/%E7%94%9F%E8%BE%89\/id1317664102\",\"cover\":\"http:\/\/mmbiz.qpic.cn\/mmbiz_jpg\/8iaq2iavZjQlMcuMQXRzfumNhwpTD4GcSwkwpruuUfkcon1HiaU9gXMH4G3wj9P6sB0iaFsalc2icoU6ukou7PpjhBw\/0?wx_fmt=jpeg\",\"author\":\"胡莉花\",\"copyright_stat\":201,\"del_flag\":1,\"item_show_type\":0,\"audio_fileid\":0,\"duration\":0,\"play_url\":\"\",\"malicious_title_reason_id\":0,\"malicious_content_type\":0}],\"author\":\"李玉鹏\",\"copyright_stat\":11,\"duration\":0,\"del_flag\":1,\"item_show_type\":0,\"audio_fileid\":0,\"play_url\":\"\",\"malicious_title_reason_id\":0,\"malicious_content_type\":0}},{\"comm_msg_info\":{\"id\":1000001774,\"type\":49,\"datetime\":1617093529,\"fakeid\":\"3075228534\",\"status\":2,\"content\":\"\"},\"app_msg_ext_info\":{\"title\":\"颜宁团队开年再发顶级论文，解析胆固醇代谢核心调控结构，为心血管药物开发提供更精准的靶点\",\"digest\":\"“颜宁老师在胆固醇代谢调控这一研究领域已经持续深耕近二十年，如此长的时间跨度，可见这个课题的难度非同一般，因\",\"content\":\"\",\"fileid\":0,\"content_url\":\"http:\/\/mp.weixin.qq.com\/s?__biz=MzA3NTIyODUzNA==&amp;mid=2649623402&amp;idx=1&amp;sn=fef862b634c128eab1862f69f26ff9e9&amp;chksm=87691f73b01e96651de6df59aac68494517682117cc6f17e4482a636a71baffd9e841d50390a&amp;scene=27#wechat_redirect\",\"source_url\":\"https:\/\/a.app.qq.com\/o\/simple.jsp?pkgname=com.mittrchina.mit&amp;from=singlemessage\",\"cover\":\"http:\/\/mmbiz.qpic.cn\/mmbiz_jpg\/JJtKEey0hPaxBcTITq0vW42kCSnMJaqj7iaGlevAkIulG006bPGgmoBiaC0J4XVibhyS9ydnUPmZ0qATTI2tgl5iaA\/0?wx_fmt=jpeg\",\"subtype\":9,\"is_multi\":1,\"multi_app_msg_item_list\":[{\"title\":\"限时报名 | 络绎学术Online第10期：面向碳中和的颠覆性技术\",\"digest\":\"“碳中和”正在成为全球共识，实现碳中和必然来自持续的科技创新。\",\"content\":\"\",\"fileid\":0,\"content_url\":\"http:\/\/mp.weixin.qq.com\/s?__biz=MzA3NTIyODUzNA==&amp;mid=2649623402&amp;idx=2&amp;sn=a29a3aef5a91e821ee57e39dbe9910b5&amp;chksm=87691f73b01e96658620832fb59f637c0a0b45adf50c55c0ed1c7b47b7a588ec49488c545b22&amp;scene=27#wechat_redirect\",\"source_url\":\"http:\/\/deeptech.mikecrm.com\/8i97wjM\",\"cover\":\"http:\/\/mmbiz.qpic.cn\/mmbiz_jpg\/JJtKEey0hPYVWYp4GANCqFibsLkAk6lmfNPqgjrSc8TWnyeky6XyqaZ1ibPwgUPERuxhN778mlbfExBKw7hePPoA\/0?wx_fmt=jpeg\",\"author\":\"络绎知图\",\"copyright_stat\":100,\"del_flag\":1,\"item_show_type\":0,\"audio_fileid\":0,\"duration\":0,\"play_url\":\"\",\"malicious_title_reason_id\":0,\"malicious_content_type\":0},{\"title\":\"人人都有希望飞上天！2021年成为私人宇航员的六个条件\",\"digest\":\"私人宇航员计划将于今年开始。但是，我们如何为平民做好航天准备呢？\",\"content\":\"\",\"fileid\":0,\"content_url\":\"http:\/\/mp.weixin.qq.com\/s?__biz=MzA3NTIyODUzNA==&amp;mid=2649623402&amp;idx=3&amp;sn=5b4b024ee49a4b155757472eebb188a0&amp;chksm=87691f73b01e9665e3174963cee8a847b67642a836e119165842e9a6db36406b1745370a3e24&amp;scene=27#wechat_redirect\",\"source_url\":\"https:\/\/a.app.qq.com\/o\/simple.jsp?pkgname=com.mittrchina.mit&amp;from=singlemessage\",\"cover\":\"http:\/\/mmbiz.qpic.cn\/mmbiz_jpg\/JJtKEey0hPYVWYp4GANCqFibsLkAk6lmffPmMkLicCUoBjQcPDbULyoRFp2Kt57SCe6fgCElzYg2c7iaSnOPU1XLA\/0?wx_fmt=jpeg\",\"author\":\"尼尔·帕特尔\",\"copyright_stat\":11,\"del_flag\":1,\"item_show_type\":0,\"audio_fileid\":0,\"duration\":0,\"play_url\":\"\",\"malicious_title_reason_id\":0,\"malicious_content_type\":0},{\"title\":\"独家专访吴军团队|在体外成功「复制」人类囊胚，助力生成可供移植的人体组织\",\"digest\":\"在探索人体发展奥秘的道路上，研究者从未停止，但受到材料来源和伦理的限制，人们对人类胚胎发育的研究相对有限。而\",\"content\":\"\",\"fileid\":0,\"content_url\":\"http:\/\/mp.weixin.qq.com\/s?__biz=MzA3NTIyODUzNA==&amp;mid=2649623402&amp;idx=4&amp;sn=dcd44e91d3b105e8833b7971a6b3fa09&amp;chksm=87691f73b01e9665e4a77299aac34789dbe5a7ddc482de14bed73c828bc8b9f5e291a627f852&amp;scene=27#wechat_redirect\",\"source_url\":\"http:\/\/deeptech.mikecrm.com\/8i97wjM\",\"cover\":\"http:\/\/mmbiz.qpic.cn\/mmbiz_jpg\/JJtKEey0hPYVWYp4GANCqFibsLkAk6lmfqW4uIPEeOMHzAKesr5X229W0drDKnwYM0JgyKogj8nJPaoz9icxtHtA\/0?wx_fmt=jpeg\",\"author\":\"赵欣\",\"copyright_stat\":201,\"del_flag\":1,\"item_show_type\":0,\"audio_fileid\":0,\"duration\":0,\"play_url\":\"\",\"malicious_title_reason_id\":0,\"malicious_content_type\":0},{\"title\":\"中科创星李浩：成大事者，多有这3个底层能力模型｜硬科技创业营第六期课堂精华\",\"digest\":\"△ 是新朋友吗？记得先点笔记侠关注我哦～内容来源：2020年9月，中科创星｜硬科技创业营第六期课堂精华。分享\",\"content\":\"\",\"fileid\":0,\"content_url\":\"http:\/\/mp.weixin.qq.com\/s?__biz=MzA3NTIyODUzNA==&amp;mid=2649623402&amp;idx=5&amp;sn=5ac0628d9964fdc85ca1e411f079f48b&amp;chksm=87691f73b01e96654d69a9d8eb6516cb54de37d32cbc05ae06757616d25b29eb1725347922d7&amp;scene=27#wechat_redirect\",\"source_url\":\"\",\"cover\":\"http:\/\/mmbiz.qpic.cn\/mmbiz_jpg\/ZYpa3icG6myia6uAuicJyXL2vdpWjKUHicezVSicbMtqNQdWGOibBicqkeUia2xoU7UhSibjc2kbR79vib91ic7y6diaTcxlvg\/0?wx_fmt=jpeg\",\"author\":\"李浩\",\"copyright_stat\":201,\"del_flag\":1,\"item_show_type\":0,\"audio_fileid\":0,\"duration\":0,\"play_url\":\"\",\"malicious_title_reason_id\":0,\"malicious_content_type\":0},{\"title\":\"神奇！一只会在水中畅游、可自动调速的软体机器鱼\",\"digest\":\"随着技术的发展，软体机器人已经不是什么新鲜物种。那么，如果一只机器鱼在水中游泳时能根据水流速度自动调控，会是\",\"content\":\"\",\"fileid\":0,\"content_url\":\"http:\/\/mp.weixin.qq.com\/s?__biz=MzA3NTIyODUzNA==&amp;mid=2649623402&amp;idx=6&amp;sn=101712be9523b4c26ad46e729cac1ae4&amp;chksm=87691f73b01e966513247c6169e175772a4a2a418b2dcd1ac7e0a27b55a5d1996f3c2938fdcc&amp;scene=27#wechat_redirect\",\"source_url\":\"http:\/\/deeptech.mikecrm.com\/8i97wjM\",\"cover\":\"http:\/\/mmbiz.qpic.cn\/mmbiz_jpg\/JJtKEey0hPYVWYp4GANCqFibsLkAk6lmfVqpO2GbuoMSCJt7ATlBhOHBxRmlE7iavAwJnLibYSw8I8aRO3lacicI5Q\/0?wx_fmt=jpeg\",\"author\":\"刘雅坤\",\"copyright_stat\":100,\"del_flag\":1,\"item_show_type\":0,\"audio_fileid\":0,\"duration\":0,\"play_url\":\"\",\"malicious_title_reason_id\":0,\"malicious_content_type\":0},{\"title\":\"沈南鹏和李飞飞共话“AI+医疗”：投资和科研都要关注行业的终极问题\",\"digest\":\"近日，“红杉全球医疗健康产业峰会” 在上海召开，这是继去年红杉中国在旧金山举行 “2020 医疗健康年度创新\",\"content\":\"\",\"fileid\":0,\"content_url\":\"http:\/\/mp.weixin.qq.com\/s?__biz=MzA3NTIyODUzNA==&amp;mid=2649623402&amp;idx=7&amp;sn=c8ca51b8ca7856af79b95ef2463dd28c&amp;chksm=87691f73b01e96657522566282c19d5822ed2fd89d70f2948bcc6a39ea9727a952be5786b9c8&amp;scene=27#wechat_redirect\",\"source_url\":\"https:\/\/apps.apple.com\/cn\/app\/%E7%94%9F%E8%BE%89\/id1317664102\",\"cover\":\"http:\/\/mmbiz.qpic.cn\/mmbiz_jpg\/8iaq2iavZjQlMcuMQXRzfumNhwpTD4GcSwc1eG5ib9cefEdDOOD0NyzsQaghiaBhlrNBiaETSKjjpiaM11rTI5j8UckQ\/0?wx_fmt=jpeg\",\"author\":\"生辉\",\"copyright_stat\":201,\"del_flag\":1,\"item_show_type\":0,\"audio_fileid\":0,\"duration\":0,\"play_url\":\"\",\"malicious_title_reason_id\":0,\"malicious_content_type\":0}],\"author\":\"张硕\",\"copyright_stat\":11,\"duration\":0,\"del_flag\":1,\"item_show_type\":0,\"audio_fileid\":0,\"play_url\":\"\",\"malicious_title_reason_id\":0,\"malicious_content_type\":0}},{\"comm_msg_info\":{\"id\":1000001773,\"type\":49,\"datetime\":1617002385,\"fakeid\":\"3075228534\",\"status\":2,\"content\":\"\"},\"app_msg_ext_info\":{\"title\":\"联手9大顶尖高校及科研院所、红杉中国等，DeepTech发起成立中国合成生物竞赛创新平台Synbio Hive\",\"digest\":\"Engineering Biology,\\nEngineering Tomorrow\",\"content\":\"\",\"fileid\":502139666,\"content_url\":\"http:\/\/mp.weixin.qq.com\/s?__biz=MzA3NTIyODUzNA==&amp;mid=2649623317&amp;idx=1&amp;sn=4d4d0f3021a85aa9f2213bc9a7bdf8e9&amp;chksm=87691f0cb01e961ab8bf0dea8f8670043cc2c52904153af8bb47f8f48a3ef330fbf0c1131d9f&amp;scene=27#wechat_redirect\",\"source_url\":\"\",\"cover\":\"http:\/\/mmbiz.qpic.cn\/mmbiz_jpg\/JJtKEey0hPYXHicA06bGCrb5eDia1haC7Ziaks6zOF0uKJF78Nt7LvaeibXPV1TuPibLZnAnvaNuBSUbib2OJr5MibANA\/0?wx_fmt=jpeg\",\"subtype\":9,\"is_multi\":1,\"multi_app_msg_item_list\":[{\"title\":\"5000美元的电动车香不香？当特斯拉遇上宁德时代\",\"digest\":\"分享一篇文章。\",\"content\":\"\",\"fileid\":0,\"content_url\":\"http:\/\/mp.weixin.qq.com\/s?__biz=MzA3NTIyODUzNA==&amp;mid=2649623317&amp;idx=2&amp;sn=c98439dea91d6dfa4f36bdd7485a0396&amp;chksm=87691f0cb01e961a4036310588f1f695bf8c4d9682aaebb26abed03e0fb0cb6ea186362e2828&amp;scene=27#wechat_redirect\",\"source_url\":\"\",\"cover\":\"http:\/\/mmbiz.qpic.cn\/mmbiz_jpg\/viaUuks3128JOb1Vlxgj3ibsTsry0VlwHoo6RYD0fzx08oicku4ICnEEEh4WbtUO7A8MeEBR16BxHJ1mLeSwQCdlQ\/0?wx_fmt=jpeg\",\"author\":\"\",\"copyright_stat\":101,\"del_flag\":1,\"item_show_type\":0,\"audio_fileid\":0,\"duration\":0,\"play_url\":\"\",\"malicious_title_reason_id\":0,\"malicious_content_type\":0},{\"title\":\"斯坦福团队改良庆大霉素方法，患者可免遭耳聋副作用困扰\",\"digest\":\"​“这个研究给受细菌感染困扰的病患带来福音”，Ricci说，“没有了听力损失的风险，庆大霉素可以更好造福于人类。”\",\"content\":\"\",\"fileid\":502132779,\"content_url\":\"http:\/\/mp.weixin.qq.com\/s?__biz=MzA3NTIyODUzNA==&amp;mid=2649623317&amp;idx=3&amp;sn=d132b8d98e0db00f57b736dbfe55dcf9&amp;chksm=87691f0cb01e961a8264cf40b200e1ca0dcd94a46b6fcffb57a9fbf05140e933b7875dc3db3a&amp;scene=27#wechat_redirect\",\"source_url\":\"http:\/\/deeptech.mikecrm.com\/Kj43aeP\",\"cover\":\"http:\/\/mmbiz.qpic.cn\/mmbiz_jpg\/JJtKEey0hPbTVicXT9PCCWgdUKc9rgGib9KofbkEKC1EBN7171SedODVh7xhxccpbw8YhAS4QxfK7GZbGmvkIBwg\/0?wx_fmt=jpeg\",\"author\":\"钱前\",\"copyright_stat\":100,\"del_flag\":1,\"item_show_type\":0,\"audio_fileid\":0,\"duration\":0,\"play_url\":\"\",\"malicious_title_reason_id\":0,\"malicious_content_type\":0},{\"title\":\"谷歌安全团队单方面终止一项反恐行动，黑客所用技术会危害到iPhone和Chrome浏览器\",\"digest\":\"阻止这次“专家”级网络攻击的决定在谷歌内部引起了争议，因为大家在事后才发现黑客受雇于美国的盟友。\",\"content\":\"\",\"fileid\":0,\"content_url\":\"http:\/\/mp.weixin.qq.com\/s?__biz=MzA3NTIyODUzNA==&amp;mid=2649623317&amp;idx=4&amp;sn=e0c4845e2a199da95d9392e810ee12c9&amp;chksm=87691f0cb01e961add6f25cd178c225a84c7fac1844f79de9f25d94d75f02d66858adc28ba9d&amp;scene=27#wechat_redirect\",\"source_url\":\"http:\/\/deeptech.mikecrm.com\/Kj43aeP\",\"cover\":\"http:\/\/mmbiz.qpic.cn\/mmbiz_jpg\/JJtKEey0hPYXHicA06bGCrb5eDia1haC7ZkM0CJlO0U2UlhSYEofgsQnoKpZkBKRibBewzNGDrzDvbSn2bvAzrLQQ\/0?wx_fmt=jpeg\",\"author\":\"帕特里克\",\"copyright_stat\":11,\"del_flag\":1,\"item_show_type\":0,\"audio_fileid\":0,\"duration\":0,\"play_url\":\"\",\"malicious_title_reason_id\":0,\"malicious_content_type\":0},{\"title\":\"新冠口服药来了！今年有望上市；鼎康生物完成逾1.9亿美元A+轮融资；国产宫颈癌疫苗落地北京\",\"digest\":\"癌症免疫疗法热门靶点 LAG-3 迎来重大研究进展！\",\"content\":\"\",\"fileid\":0,\"content_url\":\"http:\/\/mp.weixin.qq.com\/s?__biz=MzA3NTIyODUzNA==&amp;mid=2649623317&amp;idx=5&amp;sn=c7c2a9eaf9124c161cc790d9f4802902&amp;chksm=87691f0cb01e961a143ddeac826197f4310f2689bf0b68bbb508943f77d9d9df2128ea91a042&amp;scene=27#wechat_redirect\",\"source_url\":\"https:\/\/apps.apple.com\/cn\/app\/%E7%94%9F%E8%BE%89\/id1317664102\",\"cover\":\"http:\/\/mmbiz.qpic.cn\/mmbiz_jpg\/8iaq2iavZjQlMNOnfIK8cOgHfN0XCzkRR6T944CicPane0WhO0sO9WcRaPFJMv1sTN4Dkia5gkRlGHjXzk6qVTZAUw\/0?wx_fmt=jpeg\",\"author\":\"\",\"copyright_stat\":100,\"del_flag\":1,\"item_show_type\":0,\"audio_fileid\":0,\"duration\":0,\"play_url\":\"\",\"malicious_title_reason_id\":0,\"malicious_content_type\":0}],\"author\":\"Synbio Hive\",\"copyright_stat\":201,\"duration\":0,\"del_flag\":1,\"item_show_type\":0,\"audio_fileid\":0,\"play_url\":\"\",\"malicious_title_reason_id\":0,\"malicious_content_type\":0}},{\"comm_msg_info\":{\"id\":1000001772,\"type\":49,\"datetime\":1616912149,\"fakeid\":\"3075228534\",\"status\":2,\"content\":\"\"},\"app_msg_ext_info\":{\"title\":\"全球最完整人类胚胎模型诞生，中国科学家领衔构建，将给发育生物学带来变革性推动 | 专访\",\"digest\":\"中国科学家成功利用人多能干细胞模拟“类囊胚”，将给发育生物学带来变革，还能为人类早期遗传疾病、基因突变和药物筛选的研究做出贡献。\",\"content\":\"\",\"fileid\":0,\"content_url\":\"http:\/\/mp.weixin.qq.com\/s?__biz=MzA3NTIyODUzNA==&amp;mid=2649623153&amp;idx=1&amp;sn=a68abf8c8e08a2b764fbd5b60d57b243&amp;chksm=87691e68b01e977ec15c71a6e123eadb761316700cf0e62d857ca300b14a05fd7c13bd78b9b5&amp;scene=27#wechat_redirect\",\"source_url\":\"https:\/\/android.myapp.com\/myapp\/detail.htm?apkName=com.mittrchina.mit&amp;ADTAG=mobile\",\"cover\":\"http:\/\/mmbiz.qpic.cn\/mmbiz_jpg\/JJtKEey0hPaYKfhsQOIM79rlCdtvy1GQf3h08nicta04FTp5l9k5AIdKrP9QIDs917IWfIvhictjj8AgBFAicsBwA\/0?wx_fmt=jpeg\",\"subtype\":9,\"is_multi\":1,\"multi_app_msg_item_list\":[{\"title\":\"中国翻译官实力圈粉，让人羡慕的翻译职业会不会被电脑取代？清华专家：近期内可能不会实现 | 专访\",\"digest\":\"神经机器翻译的全过程使用单个大型神经网络进行建模，没有过多的特征工程，实现形式更为简单，还能用于多语种互译，性能发挥可实现最大化。\",\"content\":\"\",\"fileid\":0,\"content_url\":\"http:\/\/mp.weixin.qq.com\/s?__biz=MzA3NTIyODUzNA==&amp;mid=2649623153&amp;idx=2&amp;sn=244a523c3c9d23371e8348bbd22be624&amp;chksm=87691e68b01e977e552706f07aeb9180e6c6e13dc4f4c0aa4e4993e5572f1655fecbe3c7cd68&amp;scene=27#wechat_redirect\",\"source_url\":\"https:\/\/android.myapp.com\/myapp\/detail.htm?apkName=com.mittrchina.mit&amp;ADTAG=mobile\",\"cover\":\"http:\/\/mmbiz.qpic.cn\/mmbiz_jpg\/JJtKEey0hPaaxxiaCly35MkVI31GO7QuiboiciaAdJKwkOZucNS7picL5FN8glibfncm9dHhBURUVXzViae3kqHHavFcw\/0?wx_fmt=jpeg\",\"author\":\"李玉鹏、高湘宜\",\"copyright_stat\":11,\"del_flag\":1,\"item_show_type\":0,\"audio_fileid\":0,\"duration\":0,\"play_url\":\"\",\"malicious_title_reason_id\":0,\"malicious_content_type\":0},{\"title\":\"以科技定义汽车，CB Insights中国新能源汽车产业创新力榜单报名启动\",\"digest\":\"寻找中国有实力的优秀新能源汽车及产业链公司。\",\"content\":\"\",\"fileid\":502137989,\"content_url\":\"http:\/\/mp.weixin.qq.com\/s?__biz=MzA3NTIyODUzNA==&amp;mid=2649623153&amp;idx=3&amp;sn=77d94ab971339c231c49505237df4e34&amp;chksm=87691e68b01e977e974955b3f73c6eb5d7e20b37c11b52714b524e6ca218acc1a82bbb0d6cb1&amp;scene=27#wechat_redirect\",\"source_url\":\"http:\/\/technologyreviewchina-synbiox.mikecrm.com\/13I16ti\",\"cover\":\"http:\/\/mmbiz.qpic.cn\/mmbiz_jpg\/JJtKEey0hPYPr0oAsRibs0zxuq1EF7ZrctTEnibMbbhziccSFoKHK72O4J61icrzwDhZibDJVjyz2B4k1MtR5FYpnRw\/0?wx_fmt=jpeg\",\"author\":\"刘雅坤\",\"copyright_stat\":100,\"del_flag\":1,\"item_show_type\":0,\"audio_fileid\":0,\"duration\":0,\"play_url\":\"\",\"malicious_title_reason_id\":0,\"malicious_content_type\":0},{\"title\":\"生命科学产业成为黑客“数字战争”的最新竞技场\",\"digest\":\"《华尔街日报》在去年就有报道称，包括强生在内的至少有六家美国、英国和韩国的制药公司成为了黑客攻击的目标，这些制药公司都在聚焦新冠治疗方案的研发。\",\"content\":\"\",\"fileid\":0,\"content_url\":\"http:\/\/mp.weixin.qq.com\/s?__biz=MzA3NTIyODUzNA==&amp;mid=2649623153&amp;idx=4&amp;sn=6deb89b2ea51a39c95d42149d1241fb6&amp;chksm=87691e68b01e977e4f7cf45aca2a9863bd4d8a5c98cb770d158ac9650441af588a9e3c5d2e8f&amp;scene=27#wechat_redirect\",\"source_url\":\"https:\/\/android.myapp.com\/myapp\/detail.htm?apkName=com.mittrchina.mit&amp;ADTAG=mobile\",\"cover\":\"http:\/\/mmbiz.qpic.cn\/mmbiz_jpg\/JJtKEey0hPaYKfhsQOIM79rlCdtvy1GQ9yGBoJ5BUpJia0hqsDTyHUg9aLVv3NHdEAcAT5xfPAVZP7yajKY9HNQ\/0?wx_fmt=jpeg\",\"author\":\"Kate Goodwin\",\"copyright_stat\":100,\"del_flag\":1,\"item_show_type\":0,\"audio_fileid\":0,\"duration\":0,\"play_url\":\"\",\"malicious_title_reason_id\":0,\"malicious_content_type\":0},{\"title\":\"美国即将出现疫苗供过于求的里程碑式现象\",\"digest\":\"随着疫苗生产量的增加，美国很快就会出现疫苗供过于求的现象。\",\"content\":\"\",\"fileid\":0,\"content_url\":\"http:\/\/mp.weixin.qq.com\/s?__biz=MzA3NTIyODUzNA==&amp;mid=2649623153&amp;idx=5&amp;sn=034ca2e5151a26afa1712621d3420dfb&amp;chksm=87691e68b01e977ec481881f362d25221d6e3ad0afeb94e64cabf76fc6dafe6728b589d7b182&amp;scene=27#wechat_redirect\",\"source_url\":\"https:\/\/android.myapp.com\/myapp\/detail.htm?apkName=com.mittrchina.mit&amp;ADTAG=mobile\",\"cover\":\"http:\/\/mmbiz.qpic.cn\/mmbiz_jpg\/JJtKEey0hPYccOVtnMgm3PAFrILmprOPQcfGMVOBJ2BgqS9RgHGKxu1vnVXh7qkiaQSvDoC9jykqQ9E1icUaibAaw\/0?wx_fmt=jpeg\",\"author\":\"Mia Sato\",\"copyright_stat\":11,\"del_flag\":1,\"item_show_type\":0,\"audio_fileid\":0,\"duration\":0,\"play_url\":\"\",\"malicious_title_reason_id\":0,\"malicious_content_type\":0}],\"author\":\"刘雅坤、李玉鹏\",\"copyright_stat\":11,\"duration\":0,\"del_flag\":1,\"item_show_type\":0,\"audio_fileid\":0,\"play_url\":\"\",\"malicious_title_reason_id\":0,\"malicious_content_type\":0}},{\"comm_msg_info\":{\"id\":1000001771,\"type\":49,\"datetime\":1616818638,\"fakeid\":\"3075228534\",\"status\":2,\"content\":\"\"},\"app_msg_ext_info\":{\"title\":\"中国科学家联合造出世界最小千纸鹤，大小只有几十微米！或可用于扫除体内病毒｜专访\",\"digest\":\"近日，中国学者刘清坤联合造出的世界最小千纸鹤，相关文章也成为 3 月 17 日Science Robotics 的封面论文。\",\"content\":\"\",\"fileid\":0,\"content_url\":\"http:\/\/mp.weixin.qq.com\/s?__biz=MzA3NTIyODUzNA==&amp;mid=2649623128&amp;idx=1&amp;sn=aef9265bab2943e7113c7674832b6088&amp;chksm=87691e41b01e9757bf5b43f2f30e942f788a0159d2b9d364f158740c31cb6ac910da93309072&amp;scene=27#wechat_redirect\",\"source_url\":\"http:\/\/deeptech.mikecrm.com\/2bKJqlN\",\"cover\":\"http:\/\/mmbiz.qpic.cn\/mmbiz_jpg\/JJtKEey0hPaaxxiaCly35MkVI31GO7QuibKxbPDo0Kw8TEruEtCEsZm61pV6p90cAFfPtpGFZRxeUWI3J7RjeNOA\/0?wx_fmt=jpeg\",\"subtype\":9,\"is_multi\":1,\"multi_app_msg_item_list\":[{\"title\":\"闪电是如何给地球和其它地方带来生命的？\",\"digest\":\"一项新研究表明，闪电有助于在适宜生命居住的环境中合成构成有机物的重要元素。\",\"content\":\"\",\"fileid\":0,\"content_url\":\"http:\/\/mp.weixin.qq.com\/s?__biz=MzA3NTIyODUzNA==&amp;mid=2649623128&amp;idx=2&amp;sn=5cd3f6013d27323a2768cc6b5a55d209&amp;chksm=87691e41b01e97579d9c38668be20a7d3372f4a6057b8a291c2176db7ac34f5dfc3bc80f55bf&amp;scene=27#wechat_redirect\",\"source_url\":\"http:\/\/deeptech.mikecrm.com\/Kj43aeP\",\"cover\":\"http:\/\/mmbiz.qpic.cn\/mmbiz_jpg\/JJtKEey0hPYccOVtnMgm3PAFrILmprOPEDrGdTNqEXRc0qdk5rAHg8JSCWQrBxh7CbVqvaTgVSgUpOJdY0BjHQ\/0?wx_fmt=jpeg\",\"author\":\"尼尔·V·帕特尔\",\"copyright_stat\":11,\"del_flag\":1,\"item_show_type\":0,\"audio_fileid\":0,\"duration\":0,\"play_url\":\"\",\"malicious_title_reason_id\":0,\"malicious_content_type\":0},{\"title\":\"RA Capital孵化、朱诺前高管掌舵，成立两年初创获8000万美元融资进军神经疾病市场\",\"digest\":\"美东时间 3 月 25 日，一家聚焦开发神经元兴奋性失调（neuronal excitability dis\",\"content\":\"\",\"fileid\":0,\"content_url\":\"http:\/\/mp.weixin.qq.com\/s?__biz=MzA3NTIyODUzNA==&amp;mid=2649623128&amp;idx=3&amp;sn=00754c1d8f6a37ff006399772652428a&amp;chksm=87691e41b01e975788717a343efbfd7c4c31958ecebe11c8c7b23b02052a4aeba830cf30b879&amp;scene=27#wechat_redirect\",\"source_url\":\"https:\/\/apps.apple.com\/cn\/app\/%E7%94%9F%E8%BE%89\/id1317664102\",\"cover\":\"http:\/\/mmbiz.qpic.cn\/mmbiz_jpg\/8iaq2iavZjQlMNOnfIK8cOgHfN0XCzkRR6yQFcehQVOYu01Z7rSEZPTpcy4jryxc7VwmuAW1REXr1JRmefteicHKA\/0?wx_fmt=jpeg\",\"author\":\"胡莉花 赵欣\",\"copyright_stat\":201,\"del_flag\":1,\"item_show_type\":0,\"audio_fileid\":0,\"duration\":0,\"play_url\":\"\",\"malicious_title_reason_id\":0,\"malicious_content_type\":0},{\"title\":\"科学家利用甲烷菌生产合成橡胶原料异戊二烯，产量比同类细菌高出 179 倍\",\"digest\":\"异戊二烯是一种非常有价值的石化产品，是生产粘合剂、合成橡胶等各种消费品的主要原料之一。\",\"content\":\"\",\"fileid\":0,\"content_url\":\"http:\/\/mp.weixin.qq.com\/s?__biz=MzA3NTIyODUzNA==&amp;mid=2649623128&amp;idx=4&amp;sn=63a459bc163af3876cc12a9f4eb1c7a3&amp;chksm=87691e41b01e9757c8f72d2727a25d24ecfbfda072d8bf2ffb6663f72c3a0b74b81600525869&amp;scene=27#wechat_redirect\",\"source_url\":\"http:\/\/deeptech.mikecrm.com\/2bKJqlN\",\"cover\":\"http:\/\/mmbiz.qpic.cn\/mmbiz_jpg\/JJtKEey0hPYccOVtnMgm3PAFrILmprOPGBshyHJAB7pNhia7T3RQaibVzKjc3mbmN7WiaV5C58Z5G4TCBP6q9NT9A\/0?wx_fmt=jpeg\",\"author\":\"张硕\",\"copyright_stat\":100,\"del_flag\":1,\"item_show_type\":0,\"audio_fileid\":0,\"duration\":0,\"play_url\":\"\",\"malicious_title_reason_id\":0,\"malicious_content_type\":0},{\"title\":\"帮助Moderna开发mRNA疫苗的背后，Ginkgo正在探索加帽酶的规模生产\",\"digest\":\"优化加帽酶的DNA编码序列及生产加帽酶的工程。\",\"content\":\"\",\"fileid\":0,\"content_url\":\"http:\/\/mp.weixin.qq.com\/s?__biz=MzA3NTIyODUzNA==&amp;mid=2649623128&amp;idx=5&amp;sn=85fe96e93116a28881bbccf355fdc654&amp;chksm=87691e41b01e9757c288bc91bc548a606a9a43da325863814c7f245e35ca947f1af90d36031e&amp;scene=27#wechat_redirect\",\"source_url\":\"\",\"cover\":\"http:\/\/mmbiz.qpic.cn\/mmbiz_jpg\/8iaq2iavZjQlMNOnfIK8cOgHfN0XCzkRR6ibdAhOv0d31M6ogdhdTt71rL4WmFrlHiaRnITPEa7ap6Ij7amQpFiaBUA\/0?wx_fmt=jpeg\",\"author\":\"生辉\",\"copyright_stat\":100,\"del_flag\":1,\"item_show_type\":0,\"audio_fileid\":0,\"duration\":0,\"play_url\":\"\",\"malicious_title_reason_id\":0,\"malicious_content_type\":0}],\"author\":\"多加\",\"copyright_stat\":11,\"duration\":0,\"del_flag\":1,\"item_show_type\":0,\"audio_fileid\":0,\"play_url\":\"\",\"malicious_title_reason_id\":0,\"malicious_content_type\":0}},{\"comm_msg_info\":{\"id\":1000001770,\"type\":49,\"datetime\":1616768993,\"fakeid\":\"3075228534\",\"status\":2,\"content\":\"\"},\"app_msg_ext_info\":{\"title\":\"专门针对皮肤炎症复发，浙大团队研发可溶性微针贴片，结合基因编辑改善耐药性问题\",\"digest\":\"炎症性皮肤病（Inflammatory skin disorders，ISDs）是临床当中最为常见的一种顽疾\",\"content\":\"\",\"fileid\":502139380,\"content_url\":\"http:\/\/mp.weixin.qq.com\/s?__biz=MzA3NTIyODUzNA==&amp;mid=2649623032&amp;idx=1&amp;sn=6aaad9b60deb275c2dfa70d397b7e2ea&amp;chksm=87691de1b01e94f7e6dbaf528934c5cc568048cfde9d6c1a25c955107dfd3a29124bdac301ef&amp;scene=27#wechat_redirect\",\"source_url\":\"https:\/\/a.app.qq.com\/o\/simple.jsp?pkgname=com.mittrchina.mit&amp;from=singlemessage\",\"cover\":\"http:\/\/mmbiz.qpic.cn\/mmbiz_jpg\/JJtKEey0hPYccOVtnMgm3PAFrILmprOP84xibILBziaPXXAaLQ4pUPN9VkzIcpF7ict1EgRjY8MgA3CvtoSSHJJUw\/0?wx_fmt=jpeg\",\"subtype\":9,\"is_multi\":1,\"multi_app_msg_item_list\":[{\"title\":\"又一黑洞照片问世！偏振光下M87超大质量黑洞图像公开\",\"digest\":\"视界事件望远镜发布的黑洞新图像比它在2019年发布的第一张黑体图像更清晰。\",\"content\":\"\",\"fileid\":0,\"content_url\":\"http:\/\/mp.weixin.qq.com\/s?__biz=MzA3NTIyODUzNA==&amp;mid=2649623032&amp;idx=2&amp;sn=3846dd92670252fe0434aff6615bdd5d&amp;chksm=87691de1b01e94f763ba333e5315b95145ad4a9c307b6a20a6aeaff5cd6e16f2d025c64a1cad&amp;scene=27#wechat_redirect\",\"source_url\":\"https:\/\/a.app.qq.com\/o\/simple.jsp?pkgname=com.mittrchina.mit&amp;from=singlemessage\",\"cover\":\"http:\/\/mmbiz.qpic.cn\/mmbiz_jpg\/JJtKEey0hPaDz9HGJ2asoqPkfPicDyXHvZxrIaOlibYEibfgCI5WbQQorVybASvbGqSNDL9I6vD33992jPGYs4jGw\/0?wx_fmt=jpeg\",\"author\":\"尼尔·帕特尔\",\"copyright_stat\":100,\"del_flag\":1,\"item_show_type\":0,\"audio_fileid\":0,\"duration\":0,\"play_url\":\"\",\"malicious_title_reason_id\":0,\"malicious_content_type\":0},{\"title\":\"智能科技驱动产业发展，麻省理工科技评论携金隅智造工场 “寻找聪明公司” 路演圆满收官\",\"digest\":\"从 “蒸汽时代” 到 “电气时代” 再到 “信息时代”，技术创新不断推动产业发展。如今，在全球智能化和数字化\",\"content\":\"\",\"fileid\":0,\"content_url\":\"http:\/\/mp.weixin.qq.com\/s?__biz=MzA3NTIyODUzNA==&amp;mid=2649623032&amp;idx=3&amp;sn=1de49a1116d6c40e344a32ad8d7718c1&amp;chksm=87691de1b01e94f72f78e5ed66c9c6fee2f2ce61ac4e707e5661091e2f177954ca82eb0999a4&amp;scene=27#wechat_redirect\",\"source_url\":\"https:\/\/a.app.qq.com\/o\/simple.jsp?pkgname=com.mittrchina.mit&amp;from=singlemessage\",\"cover\":\"http:\/\/mmbiz.qpic.cn\/mmbiz_jpg\/JJtKEey0hPYccOVtnMgm3PAFrILmprOPUjia125a5rFYALibicpMqOqJJEvZ435t7PRpQAeaFa30baib2iaeVqIS4EA\/0?wx_fmt=jpeg\",\"author\":\"\",\"copyright_stat\":100,\"del_flag\":1,\"item_show_type\":0,\"audio_fileid\":0,\"duration\":0,\"play_url\":\"\",\"malicious_title_reason_id\":0,\"malicious_content_type\":0},{\"title\":\"一个月内240颗卫星上天！SpaceX成功发射第23批Starlink卫星\",\"digest\":\"美东时间 3 月 24 日凌晨 4 时 28 分，SpaceX 的“猎鹰”9-1.2 型火箭从佛罗里达州的卡\",\"content\":\"\",\"fileid\":0,\"content_url\":\"http:\/\/mp.weixin.qq.com\/s?__biz=MzA3NTIyODUzNA==&amp;mid=2649623032&amp;idx=4&amp;sn=f898fe58102ffb834fc732df891084fe&amp;chksm=87691de1b01e94f74611f308e03066265a5f494074926f5c882b1c346e99753a9fc4b5e7f28a&amp;scene=27#wechat_redirect\",\"source_url\":\"https:\/\/a.app.qq.com\/o\/simple.jsp?pkgname=com.mittrchina.mit&amp;from=singlemessage\",\"cover\":\"http:\/\/mmbiz.qpic.cn\/mmbiz_jpg\/JJtKEey0hPYccOVtnMgm3PAFrILmprOP9QVNHxClpNr83kC0XxCZ64TsV4f5lbt5xkWhQmaic86QajY0TCVXOqw\/0?wx_fmt=jpeg\",\"author\":\"路雨晴\",\"copyright_stat\":100,\"del_flag\":1,\"item_show_type\":0,\"audio_fileid\":0,\"duration\":0,\"play_url\":\"\",\"malicious_title_reason_id\":0,\"malicious_content_type\":0},{\"title\":\"机器学习仍存安全“盲区”，对抗学习任重而道远｜络绎学术Online第7期回顾\",\"digest\":\"机器学习带给我们智能化生活的同时，其本身的安全性问题也逐渐进入人们的视线。\",\"content\":\"\",\"fileid\":502138380,\"content_url\":\"http:\/\/mp.weixin.qq.com\/s?__biz=MzA3NTIyODUzNA==&amp;mid=2649623032&amp;idx=5&amp;sn=4d08286cbcb9d163e0790a54bd50a5c1&amp;chksm=87691de1b01e94f702d67b797e30f2c8438e86f9a5765569ec2bd97a8ac57a7822d55186a0e0&amp;scene=27#wechat_redirect\",\"source_url\":\"\",\"cover\":\"http:\/\/mmbiz.qpic.cn\/mmbiz_jpg\/JJtKEey0hPYccOVtnMgm3PAFrILmprOPp2sP1OG8awtjyN3F3Hvc1SdUxxUWRnuKXVsiaBUvnDiaojCfjDT1n3hw\/0?wx_fmt=jpeg\",\"author\":\"王硕\",\"copyright_stat\":100,\"del_flag\":1,\"item_show_type\":0,\"audio_fileid\":0,\"duration\":0,\"play_url\":\"\",\"malicious_title_reason_id\":0,\"malicious_content_type\":0},{\"title\":\"利用合成生物学和AI实现“蛋白质印刷”，赛诺菲、默沙东合作伙伴完成交叉轮融资\",\"digest\":\"合成生物学正在深刻改变药物研发的方式。美东时间 3 月 23 日，美国合成生物学公司 AbSci 宣布完成\",\"content\":\"\",\"fileid\":0,\"content_url\":\"http:\/\/mp.weixin.qq.com\/s?__biz=MzA3NTIyODUzNA==&amp;mid=2649623032&amp;idx=6&amp;sn=d7d5356672b35b1cc89ed9b0ddd34d90&amp;chksm=87691de1b01e94f73bacabe2966607a44381d2514cf3730890c6c59a5fb3fd1368c67bd97bc2&amp;scene=27#wechat_redirect\",\"source_url\":\"https:\/\/apps.apple.com\/cn\/app\/%E7%94%9F%E8%BE%89\/id1317664102\",\"cover\":\"http:\/\/mmbiz.qpic.cn\/mmbiz_jpg\/8iaq2iavZjQlMrNiatcFr3icmmndcXCdc3Bs4axw9nUJZ5DWMCr4nr3tiac3D5JPF4IBVrcQNMymFXg4V1CicKHbcrwQ\/0?wx_fmt=jpeg\",\"author\":\"宋冉 郑集杨\",\"copyright_stat\":201,\"del_flag\":1,\"item_show_type\":0,\"audio_fileid\":0,\"duration\":0,\"play_url\":\"\",\"malicious_title_reason_id\":0,\"malicious_content_type\":0},{\"title\":\"携手早稻田大学，路胜生物液体活检平台预计2022年问世\",\"digest\":\"新型高速微流控筛查平台可全面提供与循环肿瘤细胞和细胞簇相关的信息。\",\"content\":\"\",\"fileid\":0,\"content_url\":\"http:\/\/mp.weixin.qq.com\/s?__biz=MzA3NTIyODUzNA==&amp;mid=2649623032&amp;idx=7&amp;sn=bcfbc55c0d62d56afd2327bc13d50674&amp;chksm=87691de1b01e94f7f67a2f15142c284cf185be87d461025aed8fc1bffeec1bd04c9d515d19ef&amp;scene=27#wechat_redirect\",\"source_url\":\"https:\/\/apps.apple.com\/cn\/app\/%E7%94%9F%E8%BE%89\/id1317664102\",\"cover\":\"http:\/\/mmbiz.qpic.cn\/mmbiz_jpg\/8iaq2iavZjQlMrNiatcFr3icmmndcXCdc3BsGeiaPZNbJYeOrxME6Oy4DwImaBqGwj9tRiaGYjn5UauybZHNn9rFmcvw\/0?wx_fmt=jpeg\",\"author\":\"生辉\",\"copyright_stat\":100,\"del_flag\":1,\"item_show_type\":0,\"audio_fileid\":0,\"duration\":0,\"play_url\":\"\",\"malicious_title_reason_id\":0,\"malicious_content_type\":0}],\"author\":\"张硕\",\"copyright_stat\":11,\"duration\":0,\"del_flag\":1,\"item_show_type\":0,\"audio_fileid\":0,\"play_url\":\"\",\"malicious_title_reason_id\":0,\"malicious_content_type\":0}},{\"comm_msg_info\":{\"id\":1000001768,\"type\":49,\"datetime\":1616637467,\"fakeid\":\"3075228534\",\"status\":2,\"content\":\"\"},\"app_msg_ext_info\":{\"title\":\"归国学者打造“天然药物”自动化细胞工厂，平台型初创公司A轮今年或将启动｜专访罗小舟\",\"digest\":\"DeepTech即将正式推出专注于合成生物学领域的全新内容品牌“生辉SynBio”，敬请关注！2019 年，\",\"content\":\"\",\"fileid\":0,\"content_url\":\"http:\/\/mp.weixin.qq.com\/s?__biz=MzA3NTIyODUzNA==&amp;mid=2649621524&amp;idx=1&amp;sn=4a5b3d85e8aabfa5b2b2e3eb909f3d21&amp;chksm=8769100db01e991b6f80990f9dcb54effc6fea4dc34b20e4752fe2cf2aff6d6db7aa0c2ec997&amp;scene=27#wechat_redirect\",\"source_url\":\"\",\"cover\":\"http:\/\/mmbiz.qpic.cn\/sz_mmbiz_jpg\/libZ8rRWYoosRrb8ttBknfcRKiaouTOFAtNX8zLK7gbPyQ194mG0Lyx4so3oMZk7UfFOWa89D3N8e0rKgAKkE0hg\/0?wx_fmt=jpeg\",\"subtype\":9,\"is_multi\":1,\"multi_app_msg_item_list\":[{\"title\":\"让科技变得更有温度，金融科技 “新物种” 是如何炼成的？丨对话陆金所控股\",\"digest\":\"科技与金融将怎样融合？金融科技 “新物种” 将如何炼成？\",\"content\":\"\",\"fileid\":502137349,\"content_url\":\"http:\/\/mp.weixin.qq.com\/s?__biz=MzA3NTIyODUzNA==&amp;mid=2649621524&amp;idx=2&amp;sn=f568a4fd075feff4aeab73173082d6c2&amp;chksm=8769100db01e991bce35f2afb3ccc3dbd27079a396708075728612d0d9af596bef1208cd8dd2&amp;scene=27#wechat_redirect\",\"source_url\":\"https:\/\/a.app.qq.com\/o\/simple.jsp?pkgname=com.mittrchina.mit&amp;from=singlemessage\",\"cover\":\"http:\/\/mmbiz.qpic.cn\/mmbiz_jpg\/JJtKEey0hPbLayebjhCCGwGicB5aJY1icEdOIFKCkvqOoJ7S1KibEVZOlMUdmHPstV5sFVzeDDJcKYKibU8TNAmPGA\/0?wx_fmt=jpeg\",\"author\":\"刘雅坤\",\"copyright_stat\":11,\"del_flag\":1,\"item_show_type\":0,\"audio_fileid\":0,\"duration\":0,\"play_url\":\"\",\"malicious_title_reason_id\":0,\"malicious_content_type\":0},{\"title\":\"深度| 英特尔回归“真男人”战线，恐是中美科技冷战新起点，台积电是与狼共舞\",\"digest\":\"分享一篇文章。\",\"content\":\"\",\"fileid\":0,\"content_url\":\"http:\/\/mp.weixin.qq.com\/s?__biz=MzA3NTIyODUzNA==&amp;mid=2649621524&amp;idx=3&amp;sn=cdbfb9660b923404f7bf42f9549e499b&amp;chksm=8769100db01e991b7b10d48a5e0e24e735301bd6d665fa628e13f111b4b91a940467982ce26a&amp;scene=27#wechat_redirect\",\"source_url\":\"\",\"cover\":\"http:\/\/mmbiz.qpic.cn\/mmbiz_jpg\/viaUuks3128JslZRanoErgBBUsN6z4O8daw3ibGicVefup9HSa5v4ZqqK1984KsQyt1dSpREAgzIJ2vmuibDWFCTsg\/0?wx_fmt=jpeg\",\"author\":\"\",\"copyright_stat\":101,\"del_flag\":1,\"item_show_type\":0,\"audio_fileid\":0,\"duration\":0,\"play_url\":\"\",\"malicious_title_reason_id\":0,\"malicious_content_type\":0},{\"title\":\"吃辣还有这好处？辣椒素能增加造血干细胞动员能力！\",\"digest\":\"血液癌亦称血癌，就是我们平常说的白血病。白血病占恶性肿瘤总发病数的 5% 左右，患有这类恶性肿瘤的人，需要先\",\"content\":\"\",\"fileid\":0,\"content_url\":\"http:\/\/mp.weixin.qq.com\/s?__biz=MzA3NTIyODUzNA==&amp;mid=2649621524&amp;idx=4&amp;sn=b7f16b37ad7959cf7ab0da2640b58b87&amp;chksm=8769100db01e991b46c2118895a84eb81db2a95abdaab5754dc0560f816a2cf1d4247705e753&amp;scene=27#wechat_redirect\",\"source_url\":\"https:\/\/android.myapp.com\/myapp\/detail.htm?apkName=com.mittrchina.mit&amp;ADTAG=mobile\",\"cover\":\"http:\/\/mmbiz.qpic.cn\/mmbiz_jpg\/JJtKEey0hPaaxxiaCly35MkVI31GO7Quib98rXMDicIaicPAbw6qFnmch6Wm2CI0bKzmuER3DKFAbcfJpwOD3ZhbGg\/0?wx_fmt=jpeg\",\"author\":\"钱前\",\"copyright_stat\":100,\"del_flag\":1,\"item_show_type\":0,\"audio_fileid\":0,\"duration\":0,\"play_url\":\"\",\"malicious_title_reason_id\":0,\"malicious_content_type\":0},{\"title\":\"微软旗下风投注资，AI药物发现新秀获2200万美元融资\",\"digest\":\"成立以来获2600万美元融资。\",\"content\":\"\",\"fileid\":0,\"content_url\":\"http:\/\/mp.weixin.qq.com\/s?__biz=MzA3NTIyODUzNA==&amp;mid=2649621524&amp;idx=5&amp;sn=5ee45f29ca36315faf2701f40caa7943&amp;chksm=8769100db01e991b5c8b58b927bdf10222b5059e4cdd2b4a9ad676bab7cd179e3ba02bbf3b26&amp;scene=27#wechat_redirect\",\"source_url\":\"https:\/\/apps.apple.com\/cn\/app\/%E7%94%9F%E8%BE%89\/id1317664102\",\"cover\":\"http:\/\/mmbiz.qpic.cn\/mmbiz_jpg\/8iaq2iavZjQlMSWfviaYAdnYCy5jvIoAh6Rp7SKcw24qlRV02NbibISvGERNh5NDJEOnVXjriagOqYzaMjBVWwHOkPQ\/0?wx_fmt=jpeg\",\"author\":\"生辉\",\"copyright_stat\":100,\"del_flag\":1,\"item_show_type\":0,\"audio_fileid\":0,\"duration\":0,\"play_url\":\"\",\"malicious_title_reason_id\":0,\"malicious_content_type\":0}],\"author\":\"郑集杨\",\"copyright_stat\":201,\"duration\":0,\"del_flag\":1,\"item_show_type\":0,\"audio_fileid\":0,\"play_url\":\"\",\"malicious_title_reason_id\":0,\"malicious_content_type\":0}},{\"comm_msg_info\":{\"id\":1000001767,\"type\":49,\"datetime\":1616590963,\"fakeid\":\"3075228534\",\"status\":2,\"content\":\"\"},\"app_msg_ext_info\":{\"title\":\"​中国首例介入机器人30分钟完成心脏支架手术，或推动血管介入领域革命性进展丨专访\",\"digest\":\"随着 5G 技术、人工智能、自我学习与介入机器人技术不断发展，将共同加速介入机器人的自动化发展及临床应用。\",\"content\":\"\",\"fileid\":0,\"content_url\":\"http:\/\/mp.weixin.qq.com\/s?__biz=MzA3NTIyODUzNA==&amp;mid=2649621363&amp;idx=1&amp;sn=e9f3acbc99882bcf41de27ea62c2df8f&amp;chksm=8769176ab01e9e7c3a6e62fefb55d96feab25727a17ca1bcdce40120f0b5846d600a92ebb558&amp;scene=27#wechat_redirect\",\"source_url\":\"http:\/\/deeptech.mikecrm.com\/2bKJqlN\",\"cover\":\"http:\/\/mmbiz.qpic.cn\/mmbiz_jpg\/JJtKEey0hPaaxxiaCly35MkVI31GO7Quibw5Hbib7JSXaDibPSiarcw6KYtiaRKywADibUW35lCgmlmqwydzO9OXriaYLQ\/0?wx_fmt=jpeg\",\"subtype\":9,\"is_multi\":1,\"multi_app_msg_item_list\":[{\"title\":\"陆金所控股联合《麻省理工科技评论》发布《金融科技2020技术应用及趋势报告》\",\"digest\":\"四大底层技术引领应用趋势\",\"content\":\"\",\"fileid\":0,\"content_url\":\"http:\/\/mp.weixin.qq.com\/s?__biz=MzA3NTIyODUzNA==&amp;mid=2649621363&amp;idx=2&amp;sn=8eae3f05f9aa795a7c0359f063f0e7e4&amp;chksm=8769176ab01e9e7ca09c69eda164cec4e9f12345496a3a6b69bc9118e224fde34b30782ad269&amp;scene=27#wechat_redirect\",\"source_url\":\"\",\"cover\":\"http:\/\/mmbiz.qpic.cn\/mmbiz_jpg\/JJtKEey0hPaaxxiaCly35MkVI31GO7QuibUPNCMcWgwNgYMK6bQ1gXXibacaSY3m0ph0WGfGibwS5QJoDRmI9AYzMg\/0?wx_fmt=jpeg\",\"author\":\"TR中国\",\"copyright_stat\":14,\"del_flag\":1,\"item_show_type\":0,\"audio_fileid\":0,\"duration\":0,\"play_url\":\"\",\"malicious_title_reason_id\":0,\"malicious_content_type\":0},{\"title\":\"合成生物独角兽Zymergen上市在即，业内人士：产品应用是发展风向标\",\"digest\":\"根据路透社本周二报道，美东时间 3 月 23 日，美国合成生物学公司 Zymergen 向美国证券交易委员会\",\"content\":\"\",\"fileid\":0,\"content_url\":\"http:\/\/mp.weixin.qq.com\/s?__biz=MzA3NTIyODUzNA==&amp;mid=2649621363&amp;idx=3&amp;sn=11632b0e30a83a78ca5663af6b27f72a&amp;chksm=8769176ab01e9e7c9e5897ce72455d1a92a4182037bac809d0b218cd6b13db99625558d094a1&amp;scene=27#wechat_redirect\",\"source_url\":\"https:\/\/apps.apple.com\/cn\/app\/%E7%94%9F%E8%BE%89\/id1317664102\",\"cover\":\"http:\/\/mmbiz.qpic.cn\/mmbiz_jpg\/8iaq2iavZjQlMSWfviaYAdnYCy5jvIoAh6RNKvwqqeviaSkSdoKyJ9dgTbLnHPljhIJmKx2tHmFibvRmUCxVX2w09qg\/0?wx_fmt=jpeg\",\"author\":\"宋冉\",\"copyright_stat\":201,\"del_flag\":1,\"item_show_type\":0,\"audio_fileid\":0,\"duration\":0,\"play_url\":\"\",\"malicious_title_reason_id\":0,\"malicious_content_type\":0},{\"title\":\"开放注册 | 爱思唯尔云论坛暨络绎学术Online第九期：变革性信息技术芯片\",\"digest\":\"3月27日，14:00-17:00，欢迎注册。\",\"content\":\"\",\"fileid\":0,\"content_url\":\"http:\/\/mp.weixin.qq.com\/s?__biz=MzA3NTIyODUzNA==&amp;mid=2649621363&amp;idx=4&amp;sn=024f7b682dd60f1e8fa7f8c2a8e2375b&amp;chksm=8769176ab01e9e7cdabed4f5822b43497d1deeb5dff9c6ce3bb748b04da563301ffac4f66fbb&amp;scene=27#wechat_redirect\",\"source_url\":\"\",\"cover\":\"http:\/\/mmbiz.qpic.cn\/mmbiz_jpg\/JJtKEey0hPaaxxiaCly35MkVI31GO7QuibCGcKqNv2rSiaIceLWdkYIpdJ6NbqptsicRibXz8r0mDB79DibRrggvuDqQ\/0?wx_fmt=jpeg\",\"author\":\"络绎知图\",\"copyright_stat\":100,\"del_flag\":1,\"item_show_type\":0,\"audio_fileid\":0,\"duration\":0,\"play_url\":\"\",\"malicious_title_reason_id\":0,\"malicious_content_type\":0},{\"title\":\"欧洲暂停疫苗接种为何会产生意想不到的后果？\",\"digest\":\"欧洲各国暂停了阿斯利康疫苗的推广，但专家表示，此举可能会长期破坏公众对疫苗的印象。\",\"content\":\"\",\"fileid\":0,\"content_url\":\"http:\/\/mp.weixin.qq.com\/s?__biz=MzA3NTIyODUzNA==&amp;mid=2649621363&amp;idx=5&amp;sn=3f0854e051ade1ce4671620f7b41a8e5&amp;chksm=8769176ab01e9e7cf1441cadd0e0f24d72085b03812ca1a3ac221dbabd05889ef0441ca68f9b&amp;scene=27#wechat_redirect\",\"source_url\":\"http:\/\/deeptech.mikecrm.com\/2bKJqlN\",\"cover\":\"http:\/\/mmbiz.qpic.cn\/mmbiz_jpg\/JJtKEey0hPaaxxiaCly35MkVI31GO7QuibxjEFFBgoXWmL2V15Xvyg5g00j0dXficibriabhOyKR3J1IKUBmcQjH5nA\/0?wx_fmt=jpeg\",\"author\":\"博比·约翰逊\",\"copyright_stat\":11,\"del_flag\":1,\"item_show_type\":0,\"audio_fileid\":0,\"duration\":0,\"play_url\":\"\",\"malicious_title_reason_id\":0,\"malicious_content_type\":0},{\"title\":\"借力诺奖揽众多大厂订单，「光电镊子」成细胞疗法、合成生物学新工具？\",\"digest\":\"想象一下，如果存在一种解决方案，使得您可以在数小时内得到所需的抗体，可以用几天就完成细胞系的开发，即使是合成\",\"content\":\"\",\"fileid\":0,\"content_url\":\"http:\/\/mp.weixin.qq.com\/s?__biz=MzA3NTIyODUzNA==&amp;mid=2649621363&amp;idx=6&amp;sn=9d6b19a88280dd1ecc1fc57f6411221b&amp;chksm=8769176ab01e9e7c17186813712fe4301889c16f10e8217253d84eada152c14b38bc85a8427c&amp;scene=27#wechat_redirect\",\"source_url\":\"https:\/\/apps.apple.com\/cn\/app\/%E7%94%9F%E8%BE%89\/id1317664102\",\"cover\":\"http:\/\/mmbiz.qpic.cn\/mmbiz_jpg\/8iaq2iavZjQlOueicoMFv1WhQX4nqAy5arFCshp0nNibX6jad3cgwE6j8xGY918RNNOPkOVEq3l1LAB3KicDezADB1Q\/0?wx_fmt=jpeg\",\"author\":\"胡莉花\",\"copyright_stat\":201,\"del_flag\":1,\"item_show_type\":0,\"audio_fileid\":0,\"duration\":0,\"play_url\":\"\",\"malicious_title_reason_id\":0,\"malicious_content_type\":0},{\"title\":\"英特尔投200亿美元建芯片厂，预计将创造3000多个高薪酬技术岗位\",\"digest\":\"基辛格从前首席执行官鲍勃·斯旺（Bob Swan）手中接管英特尔。基辛格此前是VMWare的CEO，但他的职业生涯开始于英特尔，拥有一定技术背景，这次任命也被视为一次回归。\",\"content\":\"\",\"fileid\":0,\"content_url\":\"http:\/\/mp.weixin.qq.com\/s?__biz=MzA3NTIyODUzNA==&amp;mid=2649621363&amp;idx=7&amp;sn=83808fbfc9814614c7c57d6b042f9d39&amp;chksm=8769176ab01e9e7c812a5b3f59e240ff2c5b95e5b3300ad3e51d24afd704fd92899d4aed6437&amp;scene=27#wechat_redirect\",\"source_url\":\"http:\/\/hdxu.cn\/7ObtZ\",\"cover\":\"http:\/\/mmbiz.qpic.cn\/mmbiz_jpg\/JJtKEey0hPaaxxiaCly35MkVI31GO7QuibXPRhE3kVcG7qQRIyF4U4OHjDlbWQgrIgkQajib6m94wGiaficEppgic7Dw\/0?wx_fmt=jpeg\",\"author\":\"周一\",\"copyright_stat\":100,\"del_flag\":1,\"item_show_type\":0,\"audio_fileid\":0,\"duration\":0,\"play_url\":\"\",\"malicious_title_reason_id\":0,\"malicious_content_type\":0},{\"title\":\"免疫疗法能治愈帕金森吗？\",\"digest\":\"道阻且长。\",\"content\":\"\",\"fileid\":0,\"content_url\":\"http:\/\/mp.weixin.qq.com\/s?__biz=MzA3NTIyODUzNA==&amp;mid=2649621363&amp;idx=8&amp;sn=0b5b778f1d50538bba07e76cd559e8b7&amp;chksm=8769176ab01e9e7cf020db805e3075281f2bd6226ee1ccfd9237930ff70498344261b8863ff1&amp;scene=27#wechat_redirect\",\"source_url\":\"https:\/\/apps.apple.com\/cn\/app\/%E7%94%9F%E8%BE%89\/id1317664102\",\"cover\":\"http:\/\/mmbiz.qpic.cn\/mmbiz_jpg\/8iaq2iavZjQlOueicoMFv1WhQX4nqAy5arFVWQ0dvXmxVSyY1PE8FAdjE6kicZbCsJ2atBRUB1sgYQfNlQ9aOHxSSg\/0?wx_fmt=jpeg\",\"author\":\"生辉\",\"copyright_stat\":100,\"del_flag\":1,\"item_show_type\":0,\"audio_fileid\":0,\"duration\":0,\"play_url\":\"\",\"malicious_title_reason_id\":0,\"malicious_content_type\":0}],\"author\":\"刘雅坤\",\"copyright_stat\":11,\"duration\":0,\"del_flag\":1,\"item_show_type\":0,\"audio_fileid\":0,\"play_url\":\"\",\"malicious_title_reason_id\":0,\"malicious_content_type\":0}}]}","next_offset":86,"video_count":1,"use_video_tab":1,"real_type":0,"home_page_list":[]}