{"ret":0,"errmsg":"ok","msg_count":10,"can_msg_continue":1,"general_msg_list":"{\"list\":[{\"comm_msg_info\":{\"id\":1000001726,\"type\":49,\"datetime\":1613035313,\"fakeid\":\"3075228534\",\"status\":2,\"content\":\"\"},\"app_msg_ext_info\":{\"title\":\"解读MIT曹原发表的第五篇Nature：不是两层是三层，或掀起石墨烯研究新热潮\",\"digest\":\"近日，被称为“天才少年” 的麻省理工学院（MIT）博士后曹原在 Nature 发表了题为《可调谐、强耦合超导\",\"content\":\"\",\"fileid\":0,\"content_url\":\"http:\/\/mp.weixin.qq.com\/s?__biz=MzA3NTIyODUzNA==&amp;mid=2649616307&amp;idx=1&amp;sn=4d60525e659e73f9ac3387b9863d3f24&amp;chksm=876afbaab01d72bcdc92f5042a8a134b763ba28e6246335126768bc547c0c954c09d1a8f931a&amp;scene=27#wechat_redirect\",\"source_url\":\"https:\/\/android.myapp.com\/myapp\/detail.htm?apkName=com.mittrchina.mit&amp;ADTAG=mobile\",\"cover\":\"http:\/\/mmbiz.qpic.cn\/mmbiz_jpg\/JJtKEey0hPaD8wOmkSVQoRkfyFlcDmYHbPYyLEghzr3oDWVxQ3QugPuUvFV2DO2KKlyK73gXTzVkOoibjRcwEHQ\/0?wx_fmt=jpeg\",\"subtype\":9,\"is_multi\":1,\"multi_app_msg_item_list\":[{\"title\":\"中科院王爱勤攻克凹凸棒石国际性产业难题，“以色制色”构筑功能新材料 | 专访\",\"digest\":\"这是一种肉眼看上去似“土”的物质，它细致柔软，有滑感，用舌头舔一下能感觉到强烈的粘舌感。若把它放进水里，就会\",\"content\":\"\",\"fileid\":502132653,\"content_url\":\"http:\/\/mp.weixin.qq.com\/s?__biz=MzA3NTIyODUzNA==&amp;mid=2649616307&amp;idx=2&amp;sn=3cb64734381a819e7164a438d19ed134&amp;chksm=876afbaab01d72bc7f956e390e617a97b3f52ab09328671dac342405b8d6410b2bd86e84596c&amp;scene=27#wechat_redirect\",\"source_url\":\"https:\/\/a.app.qq.com\/o\/simple.jsp?pkgname=com.mittrchina.mit&amp;from=singlemessage\",\"cover\":\"http:\/\/mmbiz.qpic.cn\/mmbiz_jpg\/JJtKEey0hPaD8wOmkSVQoRkfyFlcDmYH5cMz5rQjuWehF270ujYTFX6ibY8dvFnKoBdEdV0hbuNMBbGO90U7OGQ\/0?wx_fmt=jpeg\",\"author\":\"青文​\",\"copyright_stat\":11,\"del_flag\":1,\"item_show_type\":0,\"audio_fileid\":0,\"duration\":0,\"play_url\":\"\",\"malicious_title_reason_id\":0,\"malicious_content_type\":0},{\"title\":\"“天问一号”已成功实施火星捕获，中国首次火星探测任务环绕火星获得成功\",\"digest\":\"北京时间 2 月 10 号 19 时 52 分，中国首次火星探测任务 “天问一号” 探测器实施近火捕获制动。\",\"content\":\"\",\"fileid\":0,\"content_url\":\"http:\/\/mp.weixin.qq.com\/s?__biz=MzA3NTIyODUzNA==&amp;mid=2649616307&amp;idx=3&amp;sn=56d5248af9041b5d7cb3ad5c79ed1932&amp;chksm=876afbaab01d72bc12a7de6cf3e0e31f87ccf98031d960a4f0ef8dad8be34843472bfb21c3e2&amp;scene=27#wechat_redirect\",\"source_url\":\"https:\/\/android.myapp.com\/myapp\/detail.htm?apkName=com.mittrchina.mit&amp;ADTAG=mobile\",\"cover\":\"http:\/\/mmbiz.qpic.cn\/mmbiz_jpg\/JJtKEey0hPaD8wOmkSVQoRkfyFlcDmYH2I3Ob0FVfA6ia9dNWuzibpicr2EbfOjPpeEjrDY26YnEw2pVZNnRjVwcg\/0?wx_fmt=jpeg\",\"author\":\"路雨晴\",\"copyright_stat\":100,\"del_flag\":1,\"item_show_type\":0,\"audio_fileid\":0,\"duration\":0,\"play_url\":\"\",\"malicious_title_reason_id\":0,\"malicious_content_type\":0},{\"title\":\"独家专访 | Valo融资1.9亿美元，看AI如何颠覆制药行业\",\"digest\":\"近日，Valo Health（以下简称 “Valo”）宣布完成了 1.9 亿美元的 B 轮融资。通过此轮融资\",\"content\":\"\",\"fileid\":0,\"content_url\":\"http:\/\/mp.weixin.qq.com\/s?__biz=MzA3NTIyODUzNA==&amp;mid=2649616307&amp;idx=4&amp;sn=1d113b07c00e52483d3e4cabc4bb7fdb&amp;chksm=876afbaab01d72bcb71fe8faaca955bf56c11b8b5b5d387affa4976da99fc0c7411147536caf&amp;scene=27#wechat_redirect\",\"source_url\":\"https:\/\/apps.apple.com\/cn\/app\/%E7%94%9F%E8%BE%89\/id1317664102\",\"cover\":\"http:\/\/mmbiz.qpic.cn\/mmbiz_jpg\/JJtKEey0hPbPY3Ietj2F38Bj9SU065MxCL9y69XuSAktkuhhuce1BodYnzfOicgNiaCxdn9mfFicJgBw33HpW3snw\/0?wx_fmt=jpeg\",\"author\":\"生辉\",\"copyright_stat\":201,\"del_flag\":1,\"item_show_type\":0,\"audio_fileid\":0,\"duration\":0,\"play_url\":\"\",\"malicious_title_reason_id\":0,\"malicious_content_type\":0},{\"title\":\"阿联酋 “希望号” 火星探测器成功入轨，成第五个到达火星的国家\",\"digest\":\"据外媒报道，阿联酋 “希望号” 火星探测器在完成 7 个月、近 5 亿公里的飞行后，已于当地时间 2 月 9\",\"content\":\"\",\"fileid\":0,\"content_url\":\"http:\/\/mp.weixin.qq.com\/s?__biz=MzA3NTIyODUzNA==&amp;mid=2649616307&amp;idx=5&amp;sn=1669a96c9f8acf86e2f01529e1352fef&amp;chksm=876afbaab01d72bce3f83f40ba05baeb020c3da3235263de44d8f3fd40695629f94a646effe7&amp;scene=27#wechat_redirect\",\"source_url\":\"https:\/\/android.myapp.com\/myapp\/detail.htm?apkName=com.mittrchina.mit&amp;ADTAG=mobile\",\"cover\":\"http:\/\/mmbiz.qpic.cn\/mmbiz_jpg\/JJtKEey0hPbPY3Ietj2F38Bj9SU065MxaZkuPd7xX8X3btFeDjNtzibo3cjSibwuaRc3ZoHgdEYPCSek4I8SMpWA\/0?wx_fmt=jpeg\",\"author\":\"路雨晴\",\"copyright_stat\":100,\"del_flag\":1,\"item_show_type\":0,\"audio_fileid\":0,\"duration\":0,\"play_url\":\"\",\"malicious_title_reason_id\":0,\"malicious_content_type\":0}],\"author\":\"刘雅坤、杨钰莹\",\"copyright_stat\":11,\"duration\":0,\"del_flag\":1,\"item_show_type\":0,\"audio_fileid\":0,\"play_url\":\"\",\"malicious_title_reason_id\":0,\"malicious_content_type\":0}},{\"comm_msg_info\":{\"id\":1000001725,\"type\":49,\"datetime\":1612937550,\"fakeid\":\"3075228534\",\"status\":2,\"content\":\"\"},\"app_msg_ext_info\":{\"title\":\"马斯克1亿美元“碳捕集悬赏令”正式官宣！目标直指碳捕集与再利用，碳中和全球行动已开始\",\"digest\":\"在当前国际形势下，投入碳中和领域，可体现中国的国际事务担当，中国过往的履历也证明，其有能力实现既定目标。\",\"content\":\"\",\"fileid\":502132559,\"content_url\":\"http:\/\/mp.weixin.qq.com\/s?__biz=MzA3NTIyODUzNA==&amp;mid=2649616211&amp;idx=1&amp;sn=98105b773610d7dd161631d2ebb35def&amp;chksm=876afb4ab01d725ce07e1ad1b3c3a06cb1b7e2b3a8db7726f72e3f9578c0b4a5dbf9f59d5562&amp;scene=27#wechat_redirect\",\"source_url\":\"https:\/\/android.myapp.com\/myapp\/detail.htm?apkName=com.mittrchina.mit&amp;ADTAG=mobile\",\"cover\":\"http:\/\/mmbiz.qpic.cn\/mmbiz_jpg\/JJtKEey0hPbPY3Ietj2F38Bj9SU065MxNXicdHHMxsrxJGJUIoK6DoqDO3ibSl8rJ9B9lXNZibyZEoQKiaDIdXcn3Q\/0?wx_fmt=jpeg\",\"subtype\":9,\"is_multi\":1,\"multi_app_msg_item_list\":[{\"title\":\"中国合成生物峰会官宣 | 赛事+论坛，《麻省理工科技评论》中国聚焦合成生物，打通从实验室到市场的创新路径\",\"digest\":\"为抓紧中国合成生物学发展机遇、促进多方平等交流、推进技术向产业的落地转化，《麻省理工科技评论》中国将联合国内外顶级机构组织，聚焦合成生物学在中国的创新项目和落地可能，发起和举办中国合成生物峰会。\",\"content\":\"\",\"fileid\":0,\"content_url\":\"http:\/\/mp.weixin.qq.com\/s?__biz=MzA3NTIyODUzNA==&amp;mid=2649616211&amp;idx=2&amp;sn=0fbbc5ff992370310ffc804201fdceae&amp;chksm=876afb4ab01d725cb22effb26d716be90af6aa8ab82a0e2a6b7add43b1d3dabc537e0401b931&amp;scene=27#wechat_redirect\",\"source_url\":\"\",\"cover\":\"http:\/\/mmbiz.qpic.cn\/mmbiz_jpg\/JJtKEey0hPbPY3Ietj2F38Bj9SU065MxmzalwGXx58b30TV1X7ZCia14eGbsk47EuFqE2jjk6Dqf0hKHYIC6u7A\/0?wx_fmt=jpeg\",\"author\":\"\",\"copyright_stat\":100,\"del_flag\":1,\"item_show_type\":0,\"audio_fileid\":0,\"duration\":0,\"play_url\":\"\",\"malicious_title_reason_id\":0,\"malicious_content_type\":0},{\"title\":\"1.3万亿美元市场规模！CB Insights详解未来智慧城市格局\",\"digest\":\"我们的城市正经历着数字化转型，并终将成为“智慧城市”。\",\"content\":\"\",\"fileid\":502132527,\"content_url\":\"http:\/\/mp.weixin.qq.com\/s?__biz=MzA3NTIyODUzNA==&amp;mid=2649616211&amp;idx=3&amp;sn=0d7f559323283de5a516307e886d88e3&amp;chksm=876afb4ab01d725ca2ed4625263ad0da1a8f73ec78a4ffbdbeaa70c503de5b67644edbabadd4&amp;scene=27#wechat_redirect\",\"source_url\":\"https:\/\/android.myapp.com\/myapp\/detail.htm?apkName=com.mittrchina.mit&amp;ADTAG=mobile\",\"cover\":\"http:\/\/mmbiz.qpic.cn\/mmbiz_jpg\/JJtKEey0hPbPY3Ietj2F38Bj9SU065MxJ9jPAKeEEgP84TVLDs9k7mMcB3NW57ospwqdXibWgiaZZYVdibJ70SqDw\/0?wx_fmt=jpeg\",\"author\":\"REN\",\"copyright_stat\":201,\"del_flag\":1,\"item_show_type\":0,\"audio_fileid\":0,\"duration\":0,\"play_url\":\"\",\"malicious_title_reason_id\":0,\"malicious_content_type\":0},{\"title\":\"任正非最新采访：华为永远不会出售终端业务\",\"digest\":\"昨日，任正非在接受媒体采访时，回应了近期关于华为的多个热点问题，包括联合实验室、手机业务、5G 技术、对美态度等。\",\"content\":\"\",\"fileid\":502132532,\"content_url\":\"http:\/\/mp.weixin.qq.com\/s?__biz=MzA3NTIyODUzNA==&amp;mid=2649616211&amp;idx=4&amp;sn=1ac44c246b444649b459454bc244e32f&amp;chksm=876afb4ab01d725c7c62351823d820c1ad4df8ddb392abd0bc51be14043de972cd29ccd6a1ba&amp;scene=27#wechat_redirect\",\"source_url\":\"https:\/\/android.myapp.com\/myapp\/detail.htm?apkName=com.mittrchina.mit&amp;ADTAG=mobile\",\"cover\":\"http:\/\/mmbiz.qpic.cn\/mmbiz_jpg\/JJtKEey0hPbPY3Ietj2F38Bj9SU065MxWqSs0iaZzQX0mCZtKchZoRcbIDXCVr4BrNicFsicu5QLibjldsagSOJPew\/0?wx_fmt=jpeg\",\"author\":\"大卫\",\"copyright_stat\":100,\"del_flag\":1,\"item_show_type\":0,\"audio_fileid\":0,\"duration\":0,\"play_url\":\"\",\"malicious_title_reason_id\":0,\"malicious_content_type\":0},{\"title\":\"SpaceX公司计划提供星链电话服务、通话紧急备份和廉价套餐\",\"digest\":\"SpaceX 公司近日向联邦通信委员会（FCC）提交了一份请愿书，里面详细地介绍了其星链计划的一些细节。\",\"content\":\"\",\"fileid\":0,\"content_url\":\"http:\/\/mp.weixin.qq.com\/s?__biz=MzA3NTIyODUzNA==&amp;mid=2649616211&amp;idx=5&amp;sn=141721f6fcf88dab2e618e66052b6ccf&amp;chksm=876afb4ab01d725c9af775803e71b10764ef4aacd730f0c66c55603a5e17cb5eb4c92b1c7ded&amp;scene=27#wechat_redirect\",\"source_url\":\"https:\/\/android.myapp.com\/myapp\/detail.htm?apkName=com.mittrchina.mit&amp;ADTAG=mobile\",\"cover\":\"http:\/\/mmbiz.qpic.cn\/mmbiz_jpg\/JJtKEey0hPaaiacdztwy6vhkzOlnUFrLFcSyxibTwex6FOr6hxRnyRSicTCwsYmLK6FfXXKDH2j5ydu2vELjAqibQw\/0?wx_fmt=jpeg\",\"author\":\"路雨晴\",\"copyright_stat\":100,\"del_flag\":1,\"item_show_type\":0,\"audio_fileid\":0,\"duration\":0,\"play_url\":\"\",\"malicious_title_reason_id\":0,\"malicious_content_type\":0}],\"author\":\"多加\",\"copyright_stat\":11,\"duration\":0,\"del_flag\":1,\"item_show_type\":0,\"audio_fileid\":0,\"play_url\":\"\",\"malicious_title_reason_id\":0,\"malicious_content_type\":0}},{\"comm_msg_info\":{\"id\":1000001724,\"type\":49,\"datetime\":1612875426,\"fakeid\":\"3075228534\",\"status\":2,\"content\":\"\"},\"app_msg_ext_info\":{\"title\":\"马斯克推崇的mRNA技术锁定艾滋、癌症和罕见病，其高光时刻远不止新冠疫苗，一切才刚刚开始｜独家\",\"digest\":\"潜力巨大\",\"content\":\"\",\"fileid\":502132452,\"content_url\":\"http:\/\/mp.weixin.qq.com\/s?__biz=MzA3NTIyODUzNA==&amp;mid=2649616107&amp;idx=1&amp;sn=843424d9d4711bf0b471512703e9860f&amp;chksm=876afaf2b01d73e4f883aa4a191ef145131f3036fbbad46d563bc18d61445ae20e64cc34a66e&amp;scene=27#wechat_redirect\",\"source_url\":\"https:\/\/android.myapp.com\/myapp\/detail.htm?apkName=com.mittrchina.mit&amp;ADTAG=mobile\",\"cover\":\"http:\/\/mmbiz.qpic.cn\/mmbiz_jpg\/JJtKEey0hPaaiacdztwy6vhkzOlnUFrLFg5f6Mw9bxfrlIXia04h3tRRVM5p332EWb75ZUPpFyR94MVaL7nVTAZw\/0?wx_fmt=jpeg\",\"subtype\":9,\"is_multi\":1,\"multi_app_msg_item_list\":[{\"title\":\"红极一时的Clubhouse会产生什么影响？这位中国社交App开发者给出了答案\",\"digest\":\"Clubhouse 和 “交往” App，正是为此而生，他们的定位不同、功能也不同，但却殊途同归，都是为了永恒不变、且永远需要的相遇和相识而服务。方式固然有所不同，只要沟通的诉求被满足，就是件好事。\",\"content\":\"\",\"fileid\":502132378,\"content_url\":\"http:\/\/mp.weixin.qq.com\/s?__biz=MzA3NTIyODUzNA==&amp;mid=2649616107&amp;idx=2&amp;sn=a9d0a4c6622d0ade6c8fc6a0136b5a7a&amp;chksm=876afaf2b01d73e4067d859f6008816e77ccb5dc0fbe690c2c3ec7d87c263869db15b06c2bba&amp;scene=27#wechat_redirect\",\"source_url\":\"https:\/\/android.myapp.com\/myapp\/detail.htm?apkName=com.mittrchina.mit&amp;ADTAG=mobile\",\"cover\":\"http:\/\/mmbiz.qpic.cn\/mmbiz_jpg\/JJtKEey0hPaaiacdztwy6vhkzOlnUFrLFbv6VjsNVoibqHJ2PZB1tXo1Z3U098QQxZXQUEpTb7dBaxarob138icsA\/0?wx_fmt=jpeg\",\"author\":\"多加\",\"copyright_stat\":11,\"del_flag\":1,\"item_show_type\":0,\"audio_fileid\":0,\"duration\":0,\"play_url\":\"\",\"malicious_title_reason_id\":0,\"malicious_content_type\":0},{\"title\":\"独家对话| 燧原再获18亿融资，直击缺少国产化云端AI芯片的痛点\",\"digest\":\"分享一篇文章。\",\"content\":\"\",\"fileid\":0,\"content_url\":\"http:\/\/mp.weixin.qq.com\/s?__biz=MzA3NTIyODUzNA==&amp;mid=2649616107&amp;idx=3&amp;sn=8340e78a9c8d5e66b7c9061fc615a2d1&amp;chksm=876afaf2b01d73e45b65dd4c20dcf6facd4470ad982b409bcd0ffd7316d37c75eae9f4e8519b&amp;scene=27#wechat_redirect\",\"source_url\":\"\",\"cover\":\"http:\/\/mmbiz.qpic.cn\/mmbiz_jpg\/viaUuks3128JsbaaOSia0DpDrAweuhWcRDz5VdgdklE5kD9xr2iaMJNp8uyg7Tl3KpF3tWFnwc1Dj58SywGVz7Xicg\/0?wx_fmt=jpeg\",\"author\":\"\",\"copyright_stat\":101,\"del_flag\":1,\"item_show_type\":0,\"audio_fileid\":0,\"duration\":0,\"play_url\":\"\",\"malicious_title_reason_id\":0,\"malicious_content_type\":0},{\"title\":\"特斯拉买入15亿美元比特币，未来一比特币换一辆特斯拉？\",\"digest\":\"北京时间 2 月 9 日下午，比特币价格连破 4.5 万、4.6 万、4.7 万美元大关，一度涨超 4.8\",\"content\":\"\",\"fileid\":0,\"content_url\":\"http:\/\/mp.weixin.qq.com\/s?__biz=MzA3NTIyODUzNA==&amp;mid=2649616107&amp;idx=4&amp;sn=609e9384d4c62689e307cefda8407420&amp;chksm=876afaf2b01d73e401a4b2c2cc8510474f41617bce3ddb6f7ce275d873e334f7ab45447838d8&amp;scene=27#wechat_redirect\",\"source_url\":\"https:\/\/android.myapp.com\/myapp\/detail.htm?apkName=com.mittrchina.mit&amp;ADTAG=mobile\",\"cover\":\"http:\/\/mmbiz.qpic.cn\/mmbiz_jpg\/JJtKEey0hPaqCLXufBQ52dV0yyT3cicHOjHY9XY7osXKGnwZwwQMhicbfBclHXAxVXOqm7Bp10cEmicDqEib8Yb0SA\/0?wx_fmt=jpeg\",\"author\":\"REN\",\"copyright_stat\":11,\"del_flag\":1,\"item_show_type\":0,\"audio_fileid\":0,\"duration\":0,\"play_url\":\"\",\"malicious_title_reason_id\":0,\"malicious_content_type\":0},{\"title\":\"78亿美元融资新纪录，合成生物学因何在经济衰退下的美国逆势增长？\",\"digest\":\"2021年趋势或将继续。\",\"content\":\"\",\"fileid\":0,\"content_url\":\"http:\/\/mp.weixin.qq.com\/s?__biz=MzA3NTIyODUzNA==&amp;mid=2649616107&amp;idx=5&amp;sn=3dfc806ed398815ebc5cd2c2a7a5e660&amp;chksm=876afaf2b01d73e4e7a7a9a58536b0588f4fb17e5a8889543c93d048a7877aba397545c8a3a4&amp;scene=27#wechat_redirect\",\"source_url\":\"\",\"cover\":\"http:\/\/mmbiz.qpic.cn\/mmbiz_jpg\/8iaq2iavZjQlOibUMJ5Ih4mtPwicu2WKWs72E7xcJSqGTnl3Uvm2tddYicykWO8qX7pYYfCPn2R41glyMl8uSJ93mfQ\/0?wx_fmt=jpeg\",\"author\":\"生辉\",\"copyright_stat\":100,\"del_flag\":1,\"item_show_type\":0,\"audio_fileid\":0,\"duration\":0,\"play_url\":\"\",\"malicious_title_reason_id\":0,\"malicious_content_type\":0}],\"author\":\"宋冉\",\"copyright_stat\":101,\"duration\":0,\"del_flag\":1,\"item_show_type\":0,\"audio_fileid\":0,\"play_url\":\"\",\"malicious_title_reason_id\":0,\"malicious_content_type\":0}},{\"comm_msg_info\":{\"id\":1000001723,\"type\":49,\"datetime\":1612794977,\"fakeid\":\"3075228534\",\"status\":2,\"content\":\"\"},\"app_msg_ext_info\":{\"title\":\"师从药物递送泰斗，哈佛助理教授研发纳米“机器人”按需、精准治疗疾病\",\"digest\":\"陶伟及其团队通过设计各类更为智能、精准和具备产业化前景的多功能药物载体，实现了在病灶部位 “按需” 释放药物分子，可控地上调或者下调目标蛋白的表达的目标。\",\"content\":\"\",\"fileid\":0,\"content_url\":\"http:\/\/mp.weixin.qq.com\/s?__biz=MzA3NTIyODUzNA==&amp;mid=2649616022&amp;idx=1&amp;sn=c45938d9b65a8d01f8c9f455eb792c62&amp;chksm=876afa8fb01d7399cc53723d61d29912d5b0f447a42d950128e08ce7d8861f8365432fc1c7f4&amp;scene=27#wechat_redirect\",\"source_url\":\"http:\/\/deeptech.mikecrm.com\/Kj43aeP\",\"cover\":\"http:\/\/mmbiz.qpic.cn\/mmbiz_jpg\/JJtKEey0hPaqCLXufBQ52dV0yyT3cicHOqnz1lmwGibrcg32zhr8YIJ6JSWiahUwdu0ia4qmtIalbGmfv3Ycz4TGrQ\/0?wx_fmt=jpeg\",\"subtype\":9,\"is_multi\":1,\"multi_app_msg_item_list\":[{\"title\":\"mRNA新冠疫苗研发成功，若用于治疗其他疾病，还将面临哪些挑战？​\",\"digest\":\"大医治未病，在人类生存史中，疫苗挽救的生命比任何其它医疗手段都多。自新冠疫情爆发以来，全球都在积极开展疫苗研\",\"content\":\"\",\"fileid\":0,\"content_url\":\"http:\/\/mp.weixin.qq.com\/s?__biz=MzA3NTIyODUzNA==&amp;mid=2649616022&amp;idx=2&amp;sn=a6414b978cbe6721ef42e5996fb43b39&amp;chksm=876afa8fb01d739994e2b12a5fbddd79c90951ba2dc40d3db44b5659b76d0a4ae98fbbfdd99f&amp;scene=27#wechat_redirect\",\"source_url\":\"https:\/\/a.app.qq.com\/o\/simple.jsp?pkgname=com.mittrchina.mit&amp;from=singlemessage\",\"cover\":\"http:\/\/mmbiz.qpic.cn\/mmbiz_jpg\/JJtKEey0hPZWxFtfLJ10XvauySzKCXHSYbicrYPGfEWPaHZcl3f3ViceTPwhO1CR9HxZbY9NqibdR0ibLCTRS0eAgw\/0?wx_fmt=jpeg\",\"author\":\"高湘宜\",\"copyright_stat\":11,\"del_flag\":1,\"item_show_type\":0,\"audio_fileid\":0,\"duration\":0,\"play_url\":\"\",\"malicious_title_reason_id\":0,\"malicious_content_type\":0},{\"title\":\"治疗癌症、罕见病又现新疗法，红细胞技术能否引爆市场？｜络绎学术Online首期回顾\",\"digest\":\"分享一篇文章。\",\"content\":\"\",\"fileid\":0,\"content_url\":\"http:\/\/mp.weixin.qq.com\/s?__biz=MzA3NTIyODUzNA==&amp;mid=2649616022&amp;idx=3&amp;sn=e1532211c0755038ec936335eeb7e251&amp;chksm=876afa8fb01d7399b419be885a087c5f398fd9ec57d40544054e988709010e332b2b0d8a001a&amp;scene=27#wechat_redirect\",\"source_url\":\"\",\"cover\":\"http:\/\/mmbiz.qpic.cn\/mmbiz_jpg\/C4wspoQ9GErPV8ia2YLV9w2l91czlLXD0iaE6ak8ks5WnhqhvuGbgbOvgSVHSRINM3SQZRbNS0j9thicMcEyByZaw\/0?wx_fmt=jpeg\",\"author\":\"\",\"copyright_stat\":101,\"del_flag\":1,\"item_show_type\":0,\"audio_fileid\":0,\"duration\":0,\"play_url\":\"\",\"malicious_title_reason_id\":0,\"malicious_content_type\":0},{\"title\":\"拜登将把数十亿美元用于应对气候变化，但真正的考验远不止于此\",\"digest\":\"新任美国总统拜登最新的气候指令要求各机构购买清洁汽车和电力，并将气候问题列为国家安全计划的优先事项。\",\"content\":\"\",\"fileid\":502132358,\"content_url\":\"http:\/\/mp.weixin.qq.com\/s?__biz=MzA3NTIyODUzNA==&amp;mid=2649616022&amp;idx=4&amp;sn=ebf8a4b80d1f4676fa0176208dd792d7&amp;chksm=876afa8fb01d739983ace42c17a823d50d8bf24793dbdb5505fdb09eb1fa739df66f29aaa26b&amp;scene=27#wechat_redirect\",\"source_url\":\"https:\/\/a.app.qq.com\/o\/simple.jsp?pkgname=com.mittrchina.mit&amp;from=singlemessage\",\"cover\":\"http:\/\/mmbiz.qpic.cn\/mmbiz_jpg\/JJtKEey0hPaqCLXufBQ52dV0yyT3cicHOBua6ozQ32OmYvoGp97FZJiadsKico73aFtibiaIo5gxu1UMelSpeycb2pQ\/0?wx_fmt=jpeg\",\"author\":\"詹姆斯·坦普尔\",\"copyright_stat\":11,\"del_flag\":1,\"item_show_type\":0,\"audio_fileid\":0,\"duration\":0,\"play_url\":\"\",\"malicious_title_reason_id\":0,\"malicious_content_type\":0},{\"title\":\"雀巢扩展医药布局，新合作将从肥胖、血糖的营养疗法开始\",\"digest\":\"近日，食品巨头雀巢旗下的雀巢健康科学（nestlé Health Science）与森达生物科学（Senda\",\"content\":\"\",\"fileid\":0,\"content_url\":\"http:\/\/mp.weixin.qq.com\/s?__biz=MzA3NTIyODUzNA==&amp;mid=2649616022&amp;idx=5&amp;sn=8be63db0ad54ed4f81897d54a51b85ab&amp;chksm=876afa8fb01d739981b53f916cffff3488f3af4966faad4ee9de422609a39482b0946554cc59&amp;scene=27#wechat_redirect\",\"source_url\":\"https:\/\/apps.apple.com\/cn\/app\/%E7%94%9F%E8%BE%89\/id1317664102\",\"cover\":\"http:\/\/mmbiz.qpic.cn\/mmbiz_jpg\/8iaq2iavZjQlPvIDbxYqcDgGLAM9nu2VaXwCjtECgwg1rgNFSUsapZ1vXslnHY9KvltudhFokchuOH49Ys6ENlWA\/0?wx_fmt=jpeg\",\"author\":\"郑集杨\",\"copyright_stat\":201,\"del_flag\":1,\"item_show_type\":0,\"audio_fileid\":0,\"duration\":0,\"play_url\":\"\",\"malicious_title_reason_id\":0,\"malicious_content_type\":0}],\"author\":\"赵佳雯\",\"copyright_stat\":12,\"duration\":0,\"del_flag\":1,\"item_show_type\":0,\"audio_fileid\":0,\"play_url\":\"\",\"malicious_title_reason_id\":0,\"malicious_content_type\":0}},{\"comm_msg_info\":{\"id\":1000001722,\"type\":49,\"datetime\":1612684315,\"fakeid\":\"3075228534\",\"status\":2,\"content\":\"\"},\"app_msg_ext_info\":{\"title\":\"世界首个移动量子链路诞生，南大科学家以无人机为中继站，有望实现量子链接覆盖最大化\",\"digest\":\"南京大学固体微结构物理国家重点实验室祝世宁院士团队谢臻达教授、龚彦晓教授课题组首次使用光学中继，并将光学中继的节点放到处于飞行状态的小型无人机上，成功实现了纠缠光子分发实验。\",\"content\":\"\",\"fileid\":0,\"content_url\":\"http:\/\/mp.weixin.qq.com\/s?__biz=MzA3NTIyODUzNA==&amp;mid=2649616003&amp;idx=1&amp;sn=bcbb593dbb1ef9998e5b85f0a54e9927&amp;chksm=876afa9ab01d738ce520816db7f13950f3ea6bb22fe60a3d2bf6fb74ccdf010708d2277cb57e&amp;scene=27#wechat_redirect\",\"source_url\":\"https:\/\/a.app.qq.com\/o\/simple.jsp?pkgname=com.mittrchina.mit&amp;from=singlemessage\",\"cover\":\"http:\/\/mmbiz.qpic.cn\/mmbiz_jpg\/JJtKEey0hPZWxFtfLJ10XvauySzKCXHSiboIrPfqaiayyGD89SedtaOSbM3a9Wb04Sj5VmGlGffWzWKRcpWqROmg\/0?wx_fmt=jpeg\",\"subtype\":9,\"is_multi\":1,\"multi_app_msg_item_list\":[{\"title\":\"MIT陈刚教授案件新进展，律师反诉美检察官利用不实信息制造舆情、干扰司法公正\",\"digest\":\"近一个月前，麻省理工学院（MIT）知名华人教授陈刚在美国被捕，随后被美国政府以电信欺诈，未报告外国银行和金融\",\"content\":\"\",\"fileid\":502132329,\"content_url\":\"http:\/\/mp.weixin.qq.com\/s?__biz=MzA3NTIyODUzNA==&amp;mid=2649616003&amp;idx=2&amp;sn=f3448f426569d16f5067bc8f585287d1&amp;chksm=876afa9ab01d738cbc1b24d3fc46324948e115d570a20320eee2135dfcf7996f1259ab26cae3&amp;scene=27#wechat_redirect\",\"source_url\":\"https:\/\/android.myapp.com\/myapp\/detail.htm?apkName=com.mittrchina.mit&amp;ADTAG=mobile\",\"cover\":\"http:\/\/mmbiz.qpic.cn\/mmbiz_jpg\/JJtKEey0hPYmiaUB0sJUfcd54ftB5DzFjeV3V40efMqEFUPAcVpWbgq54IpJhibdkg8khX43gJAl6FRvlzOiaGJkg\/0?wx_fmt=jpeg\",\"author\":\"REN\",\"copyright_stat\":100,\"del_flag\":1,\"item_show_type\":0,\"audio_fileid\":0,\"duration\":0,\"play_url\":\"\",\"malicious_title_reason_id\":0,\"malicious_content_type\":0},{\"title\":\"马斯克SpaceX拿下NASA大订单！将负责SPHEREx发射任务\",\"digest\":\"美东时间 2 月 4 日，美国国家航空航天局（NASA）的喷气推进实验室（JPL）宣布与美国太空探索技术公司（SpaceX）签订 SPHEREx 太空望远镜项目发射任务的合同。\",\"content\":\"\",\"fileid\":0,\"content_url\":\"http:\/\/mp.weixin.qq.com\/s?__biz=MzA3NTIyODUzNA==&amp;mid=2649616003&amp;idx=3&amp;sn=f871790c8b63fb598299ab4919f1e2e2&amp;chksm=876afa9ab01d738c70a3c821167935a22ba34f9ce9c9ef84eba13e7167a01044937bc1500dbf&amp;scene=27#wechat_redirect\",\"source_url\":\"https:\/\/android.myapp.com\/myapp\/detail.htm?apkName=com.mittrchina.mit&amp;ADTAG=mobile\",\"cover\":\"http:\/\/mmbiz.qpic.cn\/mmbiz_jpg\/JJtKEey0hPYmiaUB0sJUfcd54ftB5DzFjPicfGsUBiaQXPx0aia0gOLMuDb76Kt3kazpDibE0Ps5rjTnrHoiaoIdPHPw\/0?wx_fmt=jpeg\",\"author\":\"路雨晴\",\"copyright_stat\":100,\"del_flag\":1,\"item_show_type\":0,\"audio_fileid\":0,\"duration\":0,\"play_url\":\"\",\"malicious_title_reason_id\":0,\"malicious_content_type\":0},{\"title\":\"今年第10家生物技术公司登陆纳斯达克，Vor交易首日市值超10亿美元\",\"digest\":\"近期，纳斯达克的敲钟者络绎不绝，截至今日，已有 10 家公司在 2021 年登陆纳斯达克，有 6 家公司已经\",\"content\":\"\",\"fileid\":0,\"content_url\":\"http:\/\/mp.weixin.qq.com\/s?__biz=MzA3NTIyODUzNA==&amp;mid=2649616003&amp;idx=4&amp;sn=3c3e9aa80f4e53ed6c997b7e709a2c33&amp;chksm=876afa9ab01d738c0c3f94b4e8542094e45b9934cdecf8f54d85c107f15a2bcab66db198a621&amp;scene=27#wechat_redirect\",\"source_url\":\"https:\/\/apps.apple.com\/cn\/app\/%E7%94%9F%E8%BE%89\/id1317664102\",\"cover\":\"http:\/\/mmbiz.qpic.cn\/mmbiz_jpg\/8iaq2iavZjQlN6dVpD4UAj9rkfz3Ta0d7qdnWg8YVwXDZEYlT3zpuqvbiapWylDFXuibt5VibPukFbqQ4NgR3wiak7Kg\/0?wx_fmt=jpeg\",\"author\":\"胡莉花\",\"copyright_stat\":201,\"del_flag\":1,\"item_show_type\":0,\"audio_fileid\":0,\"duration\":0,\"play_url\":\"\",\"malicious_title_reason_id\":0,\"malicious_content_type\":0},{\"title\":\"全球第四款CAR-T疗法获批上市，用于治疗大B细胞淋巴瘤\",\"digest\":\"全球第四款 CAR-T 疗法新鲜出炉。美东时间 2 月 5 日，美国制药巨头百时美施贵宝（BMS）宣布其 C\",\"content\":\"\",\"fileid\":0,\"content_url\":\"http:\/\/mp.weixin.qq.com\/s?__biz=MzA3NTIyODUzNA==&amp;mid=2649616003&amp;idx=5&amp;sn=9a7fbbd95159974cab51e773a75057f0&amp;chksm=876afa9ab01d738cc1684b5e2a44ab388b172435977397309906be634d720fc68fb16ba3ea37&amp;scene=27#wechat_redirect\",\"source_url\":\"https:\/\/apps.apple.com\/cn\/app\/%E7%94%9F%E8%BE%89\/id1317664102\",\"cover\":\"http:\/\/mmbiz.qpic.cn\/mmbiz_jpg\/8iaq2iavZjQlN6dVpD4UAj9rkfz3Ta0d7qntWvJxRnIbKgYibHhG1hxV6uQpPeDjZ00SxdmkLsh3YuBd6FfKeLwEQ\/0?wx_fmt=jpeg\",\"author\":\"宋冉\",\"copyright_stat\":201,\"del_flag\":1,\"item_show_type\":0,\"audio_fileid\":0,\"duration\":0,\"play_url\":\"\",\"malicious_title_reason_id\":0,\"malicious_content_type\":0}],\"author\":\"张硕\",\"copyright_stat\":11,\"duration\":0,\"del_flag\":1,\"item_show_type\":0,\"audio_fileid\":0,\"play_url\":\"\",\"malicious_title_reason_id\":0,\"malicious_content_type\":0}},{\"comm_msg_info\":{\"id\":1000001721,\"type\":49,\"datetime\":1612592631,\"fakeid\":\"3075228534\",\"status\":2,\"content\":\"\"},\"app_msg_ext_info\":{\"title\":\"特斯拉们的全固态电池究竟还有多远？王朝阳院士：也许10年，真正的固态电池还未产生\",\"digest\":\"“真正意义上的固态电池，目前还没有产生。”\",\"content\":\"\",\"fileid\":0,\"content_url\":\"http:\/\/mp.weixin.qq.com\/s?__biz=MzA3NTIyODUzNA==&amp;mid=2649615952&amp;idx=1&amp;sn=6d26038accc537dc3ed90e2469f51036&amp;chksm=876afa49b01d735f1e9878fc476f7bc45dd9c2200751f5671a4762a8706ef467219098d909fe&amp;scene=27#wechat_redirect\",\"source_url\":\"https:\/\/a.app.qq.com\/o\/simple.jsp?pkgname=com.mittrchina.mit&amp;from=singlemessage\",\"cover\":\"http:\/\/mmbiz.qpic.cn\/mmbiz_jpg\/JJtKEey0hPY4TSNsYXxdV3krp9iaQ6reePB5Zkc4YpkgfCNTauQbSbOMH0ibGSPUibuZuYKo6to6RW3voVZouEpHw\/0?wx_fmt=jpeg\",\"subtype\":9,\"is_multi\":1,\"multi_app_msg_item_list\":[{\"title\":\"谭验：用肠道微生物解疾病治疗 “未知” 之谜\",\"digest\":\"“我们希望通过调节肠道微生物这个复杂的系统去治疗疾病。”\",\"content\":\"\",\"fileid\":0,\"content_url\":\"http:\/\/mp.weixin.qq.com\/s?__biz=MzA3NTIyODUzNA==&amp;mid=2649615952&amp;idx=2&amp;sn=0cc260717f552b885877f119bf315ab2&amp;chksm=876afa49b01d735f537539ff52ba6f381a665d6239662ebefbd35faccc48a3c412e76a1a94a8&amp;scene=27#wechat_redirect\",\"source_url\":\"http:\/\/deeptech.mikecrm.com\/Kj43aeP\",\"cover\":\"http:\/\/mmbiz.qpic.cn\/mmbiz_jpg\/JJtKEey0hPY4TSNsYXxdV3krp9iaQ6ree2kskMRcoRQxniaSFjibLYc6ovt7aJNjPecE5ZXiaKicicUMicMZibr4U2WbNQ\/0?wx_fmt=jpeg\",\"author\":\"余小飞\",\"copyright_stat\":11,\"del_flag\":1,\"item_show_type\":0,\"audio_fileid\":0,\"duration\":0,\"play_url\":\"\",\"malicious_title_reason_id\":0,\"malicious_content_type\":0},{\"title\":\"内幕 | 梁孟松首度缺席中芯国际投资人会议，蒋尚义加入目的曝光\",\"digest\":\"分享一篇文章。\",\"content\":\"\",\"fileid\":0,\"content_url\":\"http:\/\/mp.weixin.qq.com\/s?__biz=MzA3NTIyODUzNA==&amp;mid=2649615952&amp;idx=3&amp;sn=e8e7625316064d1cfadf9f740e73329d&amp;chksm=876afa49b01d735f97a2fdd125108c871121343cb133c2018807c47a10a3987db0c667560429&amp;scene=27#wechat_redirect\",\"source_url\":\"\",\"cover\":\"http:\/\/mmbiz.qpic.cn\/mmbiz_jpg\/viaUuks3128KBEhYn3kydFecibKqFNewv7ZgBzju8lzSOic9nvNtUboPiaJ2ncicVXrM4gbqscq5FV4z6FBLibYOy1icg\/0?wx_fmt=jpeg\",\"author\":\"\",\"copyright_stat\":101,\"del_flag\":1,\"item_show_type\":0,\"audio_fileid\":0,\"duration\":0,\"play_url\":\"\",\"malicious_title_reason_id\":0,\"malicious_content_type\":0},{\"title\":\"谷歌跟踪150个漏洞后称：黑客只需稍微修改代码就能继续攻击\",\"digest\":\"2018 年 12 月，谷歌的研究人员发现一群黑客正瞄准微软的 IE 浏览器。尽管两年前就不再进行新的开发了\",\"content\":\"\",\"fileid\":0,\"content_url\":\"http:\/\/mp.weixin.qq.com\/s?__biz=MzA3NTIyODUzNA==&amp;mid=2649615952&amp;idx=4&amp;sn=bcdae073732b8c7c4bdc6aba26b98ab3&amp;chksm=876afa49b01d735f6acc06de01ebd0aacb50c7bd14963d9bbfef2b761a4fcbb3843cfee99950&amp;scene=27#wechat_redirect\",\"source_url\":\"https:\/\/a.app.qq.com\/o\/simple.jsp?pkgname=com.mittrchina.mit&amp;from=singlemessage\",\"cover\":\"http:\/\/mmbiz.qpic.cn\/mmbiz_jpg\/JJtKEey0hPY4TSNsYXxdV3krp9iaQ6ree59NHKRvkeTUibQoDaHd80yGdYoia0icZ60ahPWiahKDFG7ZiasOlEIib7GLA\/0?wx_fmt=jpeg\",\"author\":\"帕特里克\",\"copyright_stat\":11,\"del_flag\":1,\"item_show_type\":0,\"audio_fileid\":0,\"duration\":0,\"play_url\":\"\",\"malicious_title_reason_id\":0,\"malicious_content_type\":0},{\"title\":\"借助X射线，研究人员发现了影响固态电池寿命的原因\",\"digest\":\"来自 Argonne 国家实验室的一个研究小组便借助 X 射线让固态电池充电 \/ 放电过程得以展现出来。\",\"content\":\"\",\"fileid\":0,\"content_url\":\"http:\/\/mp.weixin.qq.com\/s?__biz=MzA3NTIyODUzNA==&amp;mid=2649615952&amp;idx=5&amp;sn=648ad8550b5129d069a1ae85adf7cdfe&amp;chksm=876afa49b01d735fb5181b9e4a7f38606309b97a23598c9eb467a3da6c896737cf4d59bd790d&amp;scene=27#wechat_redirect\",\"source_url\":\"https:\/\/a.app.qq.com\/o\/simple.jsp?pkgname=com.mittrchina.mit&amp;from=singlemessage\",\"cover\":\"http:\/\/mmbiz.qpic.cn\/mmbiz_jpg\/JJtKEey0hPY4TSNsYXxdV3krp9iaQ6reeH6xTukehsPfxnAd2Xh1oLpx2CxzHZrviaX67DJyM8qomnMm3xvttyfQ\/0?wx_fmt=jpeg\",\"author\":\"李玉鹏\",\"copyright_stat\":100,\"del_flag\":1,\"item_show_type\":0,\"audio_fileid\":0,\"duration\":0,\"play_url\":\"\",\"malicious_title_reason_id\":0,\"malicious_content_type\":0},{\"title\":\"Sana登陆纳斯达克，市值超60亿美元\",\"digest\":\"定了！\",\"content\":\"\",\"fileid\":0,\"content_url\":\"http:\/\/mp.weixin.qq.com\/s?__biz=MzA3NTIyODUzNA==&amp;mid=2649615952&amp;idx=6&amp;sn=4bab70b4817793b868e1fbe79446c216&amp;chksm=876afa49b01d735fb1b7d0c2d69a293c17b91a9747697948dd9cba296ea05108d1a9faa0b82c&amp;scene=27#wechat_redirect\",\"source_url\":\"https:\/\/apps.apple.com\/cn\/app\/%E7%94%9F%E8%BE%89\/id1317664102\",\"cover\":\"http:\/\/mmbiz.qpic.cn\/mmbiz_jpg\/8iaq2iavZjQlOU1ctNwHicLfrcA3tbbVURn8fIcXJsLEyicgXC7yTvrlZvskGibYq61DhZiciaadXRkahYpHYicu3iaxBbQ\/0?wx_fmt=jpeg\",\"author\":\"生辉\",\"copyright_stat\":100,\"del_flag\":1,\"item_show_type\":0,\"audio_fileid\":0,\"duration\":0,\"play_url\":\"\",\"malicious_title_reason_id\":0,\"malicious_content_type\":0}],\"author\":\"赵欣\",\"copyright_stat\":11,\"duration\":0,\"del_flag\":1,\"item_show_type\":0,\"audio_fileid\":0,\"play_url\":\"\",\"malicious_title_reason_id\":0,\"malicious_content_type\":0}},{\"comm_msg_info\":{\"id\":1000001720,\"type\":49,\"datetime\":1612512609,\"fakeid\":\"3075228534\",\"status\":2,\"content\":\"\"},\"app_msg_ext_info\":{\"title\":\"西湖大学绘制首张新冠患者多器官分子病理全景图，死亡患者睾丸组织10个蛋白明显改变\",\"digest\":\"“我希望临床医生能够和实验室的科学家一起采取更多的高质量的数据，希望能有一个机制让医疗健康的大数据丰富起来，这样更有助于我们对这些复杂病例的理解，进而为解除广大患者的病痛做出切实的贡献。”\",\"content\":\"\",\"fileid\":0,\"content_url\":\"http:\/\/mp.weixin.qq.com\/s?__biz=MzA3NTIyODUzNA==&amp;mid=2649615853&amp;idx=1&amp;sn=b7c4064fa30634d36ce37db00e3ba8c3&amp;chksm=876af9f4b01d70e26decb9720dee2b7ab998f41ebb8d42baec796af0fc7fce98477ea04f1544&amp;scene=27#wechat_redirect\",\"source_url\":\"http:\/\/deeptech.mikecrm.com\/Kj43aeP\",\"cover\":\"http:\/\/mmbiz.qpic.cn\/mmbiz_jpg\/JJtKEey0hPZWxFtfLJ10XvauySzKCXHSQKxMyyhpSDfYnvDyPa6Ov6OW7xj7f7rjlfibl1SyG0JwcHjicBMHXolQ\/0?wx_fmt=jpeg\",\"subtype\":9,\"is_multi\":1,\"multi_app_msg_item_list\":[{\"title\":\"黑芝麻智能下一代自动驾驶芯片发布在即，以更高算力撬动智能自动驾驶产业格局\",\"digest\":\"近年来，依托 5G、物联网、云计算、大数据等技术的不断落地，智能自动驾驶技术也逐渐趋于成熟，并且呈现出了实用\",\"content\":\"\",\"fileid\":0,\"content_url\":\"http:\/\/mp.weixin.qq.com\/s?__biz=MzA3NTIyODUzNA==&amp;mid=2649615853&amp;idx=2&amp;sn=aa117acd4414f9e1755e295e0c89e5c0&amp;chksm=876af9f4b01d70e292c6ed9e6e0f4da9431a28f5d8a4eb3bf5adcf876bf92f1828109d48a490&amp;scene=27#wechat_redirect\",\"source_url\":\"https:\/\/a.app.qq.com\/o\/simple.jsp?pkgname=com.mittrchina.mit&amp;from=singlemessage\",\"cover\":\"http:\/\/mmbiz.qpic.cn\/mmbiz_jpg\/JJtKEey0hPZWxFtfLJ10XvauySzKCXHSnUSL8Vg2tY6MbgyTSUvSWbnh3KcRtFHOtbpmWPy7Lzzg65rKKMxxKg\/0?wx_fmt=jpeg\",\"author\":\"\",\"copyright_stat\":100,\"del_flag\":1,\"item_show_type\":0,\"audio_fileid\":0,\"duration\":0,\"play_url\":\"\",\"malicious_title_reason_id\":0,\"malicious_content_type\":0},{\"title\":\"SpaceX发射60颗星链卫星，距上次发射仅27天\",\"digest\":\"2021 年 2 月 4 日，SpaceX 发射了 60 颗星链互联网卫星（Starlink satelli\",\"content\":\"\",\"fileid\":0,\"content_url\":\"http:\/\/mp.weixin.qq.com\/s?__biz=MzA3NTIyODUzNA==&amp;mid=2649615853&amp;idx=3&amp;sn=94cd688e300f9c2fd73ad733327cc367&amp;chksm=876af9f4b01d70e209ce50fc96c20ffaefa5afc469686eab0b8ccec301178dfdf0be217209ef&amp;scene=27#wechat_redirect\",\"source_url\":\"https:\/\/a.app.qq.com\/o\/simple.jsp?pkgname=com.mittrchina.mit&amp;from=singlemessage\",\"cover\":\"http:\/\/mmbiz.qpic.cn\/mmbiz_jpg\/JJtKEey0hPZWxFtfLJ10XvauySzKCXHSOXWmTqxjmPKJEe2aB7PpJHXBmal4vyznfXgvGKDibcSYxbJYLwFlB4A\/0?wx_fmt=jpeg\",\"author\":\"大卫\",\"copyright_stat\":100,\"del_flag\":1,\"item_show_type\":0,\"audio_fileid\":0,\"duration\":0,\"play_url\":\"\",\"malicious_title_reason_id\":0,\"malicious_content_type\":0},{\"title\":\"四季度“过亿轮”交易创历史新高，75家独角兽估值近2700亿美元 | CB Insights金融科技2020年度报告\",\"digest\":\"近日，CB Insights 发布了《2020 年第四季度金融科技投资趋势报告》，该报告汇总了第四季度全球金\",\"content\":\"\",\"fileid\":502132192,\"content_url\":\"http:\/\/mp.weixin.qq.com\/s?__biz=MzA3NTIyODUzNA==&amp;mid=2649615853&amp;idx=4&amp;sn=e21569fa77b0ea22f8f4edfbdc5cd758&amp;chksm=876af9f4b01d70e2369779350f3b29dd1e806098a1a27ab3d5100fb802d21a21db26d75682ee&amp;scene=27#wechat_redirect\",\"source_url\":\"https:\/\/www.cbinsights.com\/reports\/CB-Insights_Fintech-Report-Q4-2020.pdf\",\"cover\":\"http:\/\/mmbiz.qpic.cn\/mmbiz_jpg\/JJtKEey0hPZWxFtfLJ10XvauySzKCXHS05rv550WLSYJAkGcGTSH6sBtMdFbicRm8hZz0gguo7fd3RxLyg9vp0A\/0?wx_fmt=jpeg\",\"author\":\"Shasha\",\"copyright_stat\":201,\"del_flag\":1,\"item_show_type\":0,\"audio_fileid\":0,\"duration\":0,\"play_url\":\"\",\"malicious_title_reason_id\":0,\"malicious_content_type\":0},{\"title\":\"电动车是下一个 “iPhone”？科技四巨头：特斯拉、苹果、台积电、三星绕着 “车” 转\",\"digest\":\"分享一篇文章。\",\"content\":\"\",\"fileid\":0,\"content_url\":\"http:\/\/mp.weixin.qq.com\/s?__biz=MzA3NTIyODUzNA==&amp;mid=2649615853&amp;idx=5&amp;sn=8b3187a6f87df279f7520e9099867645&amp;chksm=876af9f4b01d70e2194208311f6a81dae3488931d57ff65232bed30a5798ff9bcb288976bd3c&amp;scene=27#wechat_redirect\",\"source_url\":\"\",\"cover\":\"http:\/\/mmbiz.qpic.cn\/mmbiz_jpg\/viaUuks3128I8MdpFrZBlNwASuibbt7mtVFGLkqqGOQDRA8h3icm9mzPia7xm3VJZX8Ce2Pwzj4RoUn4AjibAQUoHzQ\/0?wx_fmt=jpeg\",\"author\":\"\",\"copyright_stat\":101,\"del_flag\":1,\"item_show_type\":0,\"audio_fileid\":0,\"duration\":0,\"play_url\":\"\",\"malicious_title_reason_id\":0,\"malicious_content_type\":0},{\"title\":\"取代摩斯密码！普渡大学研发彩色“数字字符”，大幅提升光学数据存储效率\",\"digest\":\"近日，普渡大学（Purdue University）一个科研团队创造出一项全新技术，旨在用彩色“数字字符”取\",\"content\":\"\",\"fileid\":0,\"content_url\":\"http:\/\/mp.weixin.qq.com\/s?__biz=MzA3NTIyODUzNA==&amp;mid=2649615853&amp;idx=6&amp;sn=6c144ce7c50908213b8ed79a661d7454&amp;chksm=876af9f4b01d70e2bf3a941deb499109524a130c55db3ce8159d6ed1460aea1571d358bb88c3&amp;scene=27#wechat_redirect\",\"source_url\":\"https:\/\/a.app.qq.com\/o\/simple.jsp?pkgname=com.mittrchina.mit&amp;from=singlemessage\",\"cover\":\"http:\/\/mmbiz.qpic.cn\/mmbiz_jpg\/JJtKEey0hPZWxFtfLJ10XvauySzKCXHSscib1pNicTIOib9DcUUThyXEOqMRyaEyGWEhK5thOUfmQ2NJDeOElg0Qg\/0?wx_fmt=jpeg\",\"author\":\"张硕\",\"copyright_stat\":11,\"del_flag\":1,\"item_show_type\":0,\"audio_fileid\":0,\"duration\":0,\"play_url\":\"\",\"malicious_title_reason_id\":0,\"malicious_content_type\":0}],\"author\":\"婉杨\",\"copyright_stat\":11,\"duration\":0,\"del_flag\":1,\"item_show_type\":0,\"audio_fileid\":0,\"play_url\":\"\",\"malicious_title_reason_id\":0,\"malicious_content_type\":0}},{\"comm_msg_info\":{\"id\":1000001719,\"type\":49,\"datetime\":1612428439,\"fakeid\":\"3075228534\",\"status\":2,\"content\":\"\"},\"app_msg_ext_info\":{\"title\":\"马斯克Neuralink并无科学进展、只是重现经典实验？业内人士指出，用意识交流起码还得三十年\",\"digest\":\"希望未来中国十到二十年，也可以出现以驱动社会发展为使命的企业家。\",\"content\":\"\",\"fileid\":0,\"content_url\":\"http:\/\/mp.weixin.qq.com\/s?__biz=MzA3NTIyODUzNA==&amp;mid=2649615767&amp;idx=1&amp;sn=b977ffc66ddbe49aa991939bc8436599&amp;chksm=876af98eb01d7098435d4b9bb8558ec356a043cb2d80c164794811d55e30c4ebd43e8ce90605&amp;scene=27#wechat_redirect\",\"source_url\":\"https:\/\/a.app.qq.com\/o\/simple.jsp?pkgname=com.mittrchina.mit&amp;from=singlemessage\",\"cover\":\"http:\/\/mmbiz.qpic.cn\/mmbiz_jpg\/JJtKEey0hPa12PrWyS1YTYqjsHqTwibWxRueiaAURPbeoqhPGqsbrOniaqMKLia5tMSIOLGaqbkicZBBNqelSpM7DkA\/0?wx_fmt=jpeg\",\"subtype\":9,\"is_multi\":1,\"multi_app_msg_item_list\":[{\"title\":\"台积电年后启动第二波人事“大换血”，“后张忠谋时代”中生代接班计划再发力\",\"digest\":\"分享一篇文章。\",\"content\":\"\",\"fileid\":0,\"content_url\":\"http:\/\/mp.weixin.qq.com\/s?__biz=MzA3NTIyODUzNA==&amp;mid=2649615767&amp;idx=2&amp;sn=b953f76b6cbbdc62a2b21569969d43da&amp;chksm=876af98eb01d70981826933b17ecdbf3cd95fac7e1985334b7ee5fafa91ba1da4f849b023b79&amp;scene=27#wechat_redirect\",\"source_url\":\"\",\"cover\":\"http:\/\/mmbiz.qpic.cn\/mmbiz_jpg\/viaUuks3128Ijib4EoFMFPlY4hl65IUcDeDc3I46xuick6VRib090Y1MrcPKMFQKvNQgfGMntxiaqS9Glne141uytlw\/0?wx_fmt=jpeg\",\"author\":\"\",\"copyright_stat\":101,\"del_flag\":1,\"item_show_type\":0,\"audio_fileid\":0,\"duration\":0,\"play_url\":\"\",\"malicious_title_reason_id\":0,\"malicious_content_type\":0},{\"title\":\"从癌症诊断到产前基因检测，液体活检开启疾病诊断新篇章\",\"digest\":\"近日，美国食品药物管理局（FDA）批准了多项与游离 DNA（cfDNA）技术相关的专利。很多公司也开始在 c\",\"content\":\"\",\"fileid\":0,\"content_url\":\"http:\/\/mp.weixin.qq.com\/s?__biz=MzA3NTIyODUzNA==&amp;mid=2649615767&amp;idx=3&amp;sn=59942a5e30144e6f544b74bfdd70b2ef&amp;chksm=876af98eb01d7098720ffc871d8ec2a6fba9e3bb0f43d6b053545e75b085b297f28ed9b421ad&amp;scene=27#wechat_redirect\",\"source_url\":\"\",\"cover\":\"http:\/\/mmbiz.qpic.cn\/mmbiz_jpg\/JJtKEey0hPa12PrWyS1YTYqjsHqTwibWxZgQWDW2QJJsmY47hum6CJpF7ZZOtzhSuQ1WvHvM2erWqe9deMyicEtA\/0?wx_fmt=jpeg\",\"author\":\"REN\",\"copyright_stat\":201,\"del_flag\":1,\"item_show_type\":0,\"audio_fileid\":0,\"duration\":0,\"play_url\":\"\",\"malicious_title_reason_id\":0,\"malicious_content_type\":0},{\"title\":\"美国疫苗预约工具不好用，网友只好动手自己创建网站\",\"digest\":\"全美国的人都在抢着要本季度最热门的票：接种新冠疫苗的预约。预约新冠疫苗的推荐方法，是登当地某家医院的网站，或\",\"content\":\"\",\"fileid\":0,\"content_url\":\"http:\/\/mp.weixin.qq.com\/s?__biz=MzA3NTIyODUzNA==&amp;mid=2649615767&amp;idx=4&amp;sn=d4e17f78a61c96205020c2da261c88f6&amp;chksm=876af98eb01d7098c15ef450d6bf0f6b19ff534c5c5791430e8ca79af5de5a8f896abbcbf8bc&amp;scene=27#wechat_redirect\",\"source_url\":\"https:\/\/a.app.qq.com\/o\/simple.jsp?pkgname=com.mittrchina.mit&amp;from=singlemessage\",\"cover\":\"http:\/\/mmbiz.qpic.cn\/mmbiz_jpg\/JJtKEey0hPa12PrWyS1YTYqjsHqTwibWxSlS7ZwgsbXPynpagxNOAclRJdqBibs01tRAhfV4jyHrdbrwia7uM2ESw\/0?wx_fmt=jpeg\",\"author\":\"谭雅·巴苏\",\"copyright_stat\":11,\"del_flag\":1,\"item_show_type\":0,\"audio_fileid\":0,\"duration\":0,\"play_url\":\"\",\"malicious_title_reason_id\":0,\"malicious_content_type\":0},{\"title\":\"Illumina与红杉中国合作成立基因组学孵化器，首期加速营将于2021年秋季启动\",\"digest\":\"近日，Illumina（NASDAQ：ILMN）和红杉资本中国（以下简称 “红杉中国”）共同宣布，双方将在中\",\"content\":\"\",\"fileid\":0,\"content_url\":\"http:\/\/mp.weixin.qq.com\/s?__biz=MzA3NTIyODUzNA==&amp;mid=2649615767&amp;idx=5&amp;sn=c7c704b7895736826c37ad3efce64f08&amp;chksm=876af98eb01d7098e172d07e9276b01e40d9ad66c0c96646d6a35ffc26fd28adcb5491a0fa79&amp;scene=27#wechat_redirect\",\"source_url\":\"https:\/\/apps.apple.com\/cn\/app\/%E7%94%9F%E8%BE%89\/id1317664102\",\"cover\":\"http:\/\/mmbiz.qpic.cn\/mmbiz_jpg\/8iaq2iavZjQlNbuXwFiabhoSyMCsdVgic1fo5Q7eesqCNzFOELyxficyO0vke3kgqlDNM5h2O3OOElgUHwUSdVJ4nzg\/0?wx_fmt=jpeg\",\"author\":\"胡莉花\",\"copyright_stat\":201,\"del_flag\":1,\"item_show_type\":0,\"audio_fileid\":0,\"duration\":0,\"play_url\":\"\",\"malicious_title_reason_id\":0,\"malicious_content_type\":0}],\"author\":\"多加\",\"copyright_stat\":11,\"duration\":0,\"del_flag\":1,\"item_show_type\":0,\"audio_fileid\":0,\"play_url\":\"\",\"malicious_title_reason_id\":0,\"malicious_content_type\":0}},{\"comm_msg_info\":{\"id\":1000001718,\"type\":49,\"datetime\":1612316231,\"fakeid\":\"3075228534\",\"status\":2,\"content\":\"\"},\"app_msg_ext_info\":{\"title\":\"SpaceX SN9测试重蹈覆辙，又在降落时爆炸！\",\"digest\":\"尽管这些任务的实现还遥遥无期，SN 系列星际飞船的最新测试未能圆满收尾也十分可惜，但 SpaceX 从未表示过放弃，今年还计划将 4 名平民送上太空旅行\",\"content\":\"\",\"fileid\":0,\"content_url\":\"http:\/\/mp.weixin.qq.com\/s?__biz=MzA3NTIyODUzNA==&amp;mid=2649615613&amp;idx=1&amp;sn=d0286400b2557e3edcd362f375667b09&amp;chksm=876af8e4b01d71f226ad887fb132f52a4ff51ab6e1844d944421d3fd648ab1f551e92f87f283&amp;scene=27#wechat_redirect\",\"source_url\":\"https:\/\/a.app.qq.com\/o\/simple.jsp?pkgname=com.mittrchina.mit&amp;from=singlemessage\",\"cover\":\"http:\/\/mmbiz.qpic.cn\/mmbiz_jpg\/JJtKEey0hPaBG9o1VehxeFpyZ5ibicKr0Eq4As47icB0mnGibsVGZUOWTzEOVagXEsPWPw9kTdyiaQY0XzuDuskzWRQ\/0?wx_fmt=jpeg\",\"subtype\":9,\"is_multi\":1,\"multi_app_msg_item_list\":[{\"title\":\"基准医疗范建兵：大规模、前瞻性的临床试验是癌症早诊早筛的最大挑战|生辉现场\",\"digest\":\"在刚过去不久的 2020 年年末，基准医疗的创始人兼 CEO 范建兵博士出席了 “光明科学城・2020 工程\",\"content\":\"\",\"fileid\":0,\"content_url\":\"http:\/\/mp.weixin.qq.com\/s?__biz=MzA3NTIyODUzNA==&amp;mid=2649615613&amp;idx=2&amp;sn=1f66059c1e8e374f5e80577ccd91635d&amp;chksm=876af8e4b01d71f23518f90208adf117f54f052b6c5080d5fa66f3b129bf794ca167824e99b9&amp;scene=27#wechat_redirect\",\"source_url\":\"https:\/\/apps.apple.com\/cn\/app\/%E7%94%9F%E8%BE%89\/id1317664102\",\"cover\":\"http:\/\/mmbiz.qpic.cn\/mmbiz_jpg\/8iaq2iavZjQlMWDa9RzicTFkCmzum6rmdhhBcSSpLC6DE5cMA6Nwyt7kibUcbibdqIia8Ud8nPbL9ViaVW0RrvWibRkDbA\/0?wx_fmt=jpeg\",\"author\":\"范建兵\",\"copyright_stat\":201,\"del_flag\":1,\"item_show_type\":0,\"audio_fileid\":0,\"duration\":0,\"play_url\":\"\",\"malicious_title_reason_id\":0,\"malicious_content_type\":0},{\"title\":\"科罗拉多大学研发自动狗粮投食机，搭载AI技术可实现远程训狗狗\",\"digest\":\"研究人员指出，他们建造的原型完全独立于其他系统，因此命令列表必须简短。同时，他们提议建立一个更强大的系统，可以依靠远程处理来扩展命令的数量。他们还注意到，此项系统的商业化的落地，将会帮助人们在不在家的...\",\"content\":\"\",\"fileid\":0,\"content_url\":\"http:\/\/mp.weixin.qq.com\/s?__biz=MzA3NTIyODUzNA==&amp;mid=2649615613&amp;idx=3&amp;sn=a1971ee5a112067d4cbc84a23dabe3bd&amp;chksm=876af8e4b01d71f28b3aebe32ff322a63f1c99d45ba7ae2d1ec4dce888896d52f4bf77eaca53&amp;scene=27#wechat_redirect\",\"source_url\":\"\",\"cover\":\"http:\/\/mmbiz.qpic.cn\/mmbiz_jpg\/JJtKEey0hPaBG9o1VehxeFpyZ5ibicKr0ETxGgvnqBckjN2ib7XlN0GlBEFen3Q6DdP2ag4I6N3n7tticp6wmggN8A\/0?wx_fmt=jpeg\",\"author\":\"王平平\",\"copyright_stat\":100,\"del_flag\":1,\"item_show_type\":0,\"audio_fileid\":0,\"duration\":0,\"play_url\":\"\",\"malicious_title_reason_id\":0,\"malicious_content_type\":0},{\"title\":\"想要训练人工智能？一台小小的4位计算机就够了\",\"digest\":\"深度学习是一种低效的能源消耗，它需要海量的数据和丰富的计算资源。\",\"content\":\"\",\"fileid\":0,\"content_url\":\"http:\/\/mp.weixin.qq.com\/s?__biz=MzA3NTIyODUzNA==&amp;mid=2649615613&amp;idx=4&amp;sn=5273cc0a5ebe365e95cb41ac7845c2b7&amp;chksm=876af8e4b01d71f2db563fae8c1ff78465bb425197f0c9fc901f2bd143cb8f0cb70a1132ec92&amp;scene=27#wechat_redirect\",\"source_url\":\"https:\/\/android.myapp.com\/myapp\/detail.htm?apkName=com.mittrchina.mit&amp;ADTAG=mobile\",\"cover\":\"http:\/\/mmbiz.qpic.cn\/mmbiz_jpg\/JJtKEey0hPapaFYzjTq3S0ibcUPUHxbciax7akFrPpfkHxm7nXBj9HjGRkuibZY9KRGxeR0kThWqKXxIibnEzyNS9Q\/0?wx_fmt=jpeg\",\"author\":\"凯伦·郝\",\"copyright_stat\":11,\"del_flag\":1,\"item_show_type\":0,\"audio_fileid\":0,\"duration\":0,\"play_url\":\"\",\"malicious_title_reason_id\":0,\"malicious_content_type\":0},{\"title\":\"体内基因疗法遇挫之后，业界开始思考AAV的未来……\",\"digest\":\"自 1972 年，基因疗法这一概念提出以来，该领域已经发展了近 50 个年头，期间历经起伏。1999 年，杰\",\"content\":\"\",\"fileid\":0,\"content_url\":\"http:\/\/mp.weixin.qq.com\/s?__biz=MzA3NTIyODUzNA==&amp;mid=2649615613&amp;idx=5&amp;sn=3b5ceaadd4950b2fd0c510e8cd576388&amp;chksm=876af8e4b01d71f2121eccc92ffb75cb39e2571e92c9cb88814682e25a844c98c52a569085e0&amp;scene=27#wechat_redirect\",\"source_url\":\"https:\/\/apps.apple.com\/cn\/app\/%E7%94%9F%E8%BE%89\/id1317664102\",\"cover\":\"http:\/\/mmbiz.qpic.cn\/mmbiz_jpg\/8iaq2iavZjQlP0CuL5IO0HU5u2q2AFiatzbOU0Hwia0KpHtqzWNFRpgJzqnRCHezZvb16ERKamiaalVCMUzCzniaI0iag\/0?wx_fmt=jpeg\",\"author\":\"胡莉花\",\"copyright_stat\":201,\"del_flag\":1,\"item_show_type\":0,\"audio_fileid\":0,\"duration\":0,\"play_url\":\"\",\"malicious_title_reason_id\":0,\"malicious_content_type\":0}],\"author\":\"REN、婉杨\",\"copyright_stat\":11,\"duration\":0,\"del_flag\":1,\"item_show_type\":0,\"audio_fileid\":0,\"play_url\":\"\",\"malicious_title_reason_id\":0,\"malicious_content_type\":0}},{\"comm_msg_info\":{\"id\":1000001717,\"type\":49,\"datetime\":1612261759,\"fakeid\":\"3075228534\",\"status\":2,\"content\":\"\"},\"app_msg_ext_info\":{\"title\":\"归国学者发现新型催化剂，可耐受10000次充放电循环！中科大曾杰：优秀人才回国是历史的必然\",\"digest\":\"近日，中国科学技术大学曾杰教授联合该校鲍骏教授，发现一种新型氢氧燃料电池阴极催化剂。\",\"content\":\"\",\"fileid\":0,\"content_url\":\"http:\/\/mp.weixin.qq.com\/s?__biz=MzA3NTIyODUzNA==&amp;mid=2649615576&amp;idx=1&amp;sn=f06efc7865bfc32dd51666cee4505a1f&amp;chksm=876af8c1b01d71d78a0d77e87dc8d542d5a73419f065bf4c5427bd95ff14983d0710dd583ef3&amp;scene=27#wechat_redirect\",\"source_url\":\"https:\/\/a.app.qq.com\/o\/simple.jsp?pkgname=com.mittrchina.mit&amp;from=singlemessage\",\"cover\":\"http:\/\/mmbiz.qpic.cn\/mmbiz_jpg\/JJtKEey0hPaBG9o1VehxeFpyZ5ibicKr0EuaIZicmI3XeL9p9hI4JrGX2w8ciaNLMENSXwxlUxm5Che0TsQPQ1m0YA\/0?wx_fmt=jpeg\",\"subtype\":9,\"is_multi\":1,\"multi_app_msg_item_list\":[{\"title\":\"直面创业的“痛”，拥抱创业的“真” ：不确定为什么要去，正是出发的理由\",\"digest\":\"创业的确是一场冒险的旅行，它需要的不仅是独特的技术、充足的资金和源源不断的人才，更需要的是创业者有勇气拥抱种种“不确定”的挑战。\",\"content\":\"\",\"fileid\":0,\"content_url\":\"http:\/\/mp.weixin.qq.com\/s?__biz=MzA3NTIyODUzNA==&amp;mid=2649615576&amp;idx=2&amp;sn=37ac0039558969d2ca418f72c28c032d&amp;chksm=876af8c1b01d71d7bbc0acb6f5e0e7be5e983b2b2667813e111ff604cae0fbe391c3738b27d2&amp;scene=27#wechat_redirect\",\"source_url\":\"\",\"cover\":\"http:\/\/mmbiz.qpic.cn\/mmbiz_jpg\/JJtKEey0hPaBG9o1VehxeFpyZ5ibicKr0ETVqd5L6Zr1rSHj3R0eFVmy8v1gaLBP1KJNO0jyYxYMySxFGia8UXMQw\/0?wx_fmt=jpeg\",\"author\":\"真格星球\",\"copyright_stat\":100,\"del_flag\":1,\"item_show_type\":0,\"audio_fileid\":0,\"duration\":0,\"play_url\":\"\",\"malicious_title_reason_id\":0,\"malicious_content_type\":0},{\"title\":\"波士顿动力 “带臂” 机器狗来了，不仅会跳舞，捡垃圾、跳绳、拉闸、栽花、搬砖等样样精通！\",\"digest\":\"善于秀操作的波士顿动力从来不缺关注度，但靠带臂机器狗能否完成黑科技向商业化的转型，目前来看仍是一个未知数。\",\"content\":\"\",\"fileid\":502131920,\"content_url\":\"http:\/\/mp.weixin.qq.com\/s?__biz=MzA3NTIyODUzNA==&amp;mid=2649615576&amp;idx=3&amp;sn=4cb1b5e7a62442f8bf096048292a7ddc&amp;chksm=876af8c1b01d71d7c7ac4370bd99186d1581275a05dd4ca6a840e1b1737d3b59e841c30a9684&amp;scene=27#wechat_redirect\",\"source_url\":\"https:\/\/a.app.qq.com\/o\/simple.jsp?pkgname=com.mittrchina.mit&amp;from=singlemessage\",\"cover\":\"http:\/\/mmbiz.qpic.cn\/mmbiz_jpg\/JJtKEey0hPaBG9o1VehxeFpyZ5ibicKr0Ek9BJEYjUNicWyibNz4HM80JPc3CMTPXzMTwvhricgnF9wVicMFylqB2T8A\/0?wx_fmt=jpeg\",\"author\":\"都保杰\",\"copyright_stat\":11,\"del_flag\":1,\"item_show_type\":0,\"audio_fileid\":0,\"duration\":0,\"play_url\":\"\",\"malicious_title_reason_id\":0,\"malicious_content_type\":0},{\"title\":\"SpaceX宣布全球首个平民载人航天任务，有望在四季度启动\",\"digest\":\"“就像 69 年代只有美国能登上月球一样，后来不仅仅是美国，很多国家都能登上月球。” 他说，“未来也不仅仅是少数人能飞往宇宙，所有人都能和他们一起。这个过程和当初的美国登月有些相似。”\",\"content\":\"\",\"fileid\":502131834,\"content_url\":\"http:\/\/mp.weixin.qq.com\/s?__biz=MzA3NTIyODUzNA==&amp;mid=2649615576&amp;idx=4&amp;sn=ed45f8d9bf42e1d061cb6c3bfc50f1cf&amp;chksm=876af8c1b01d71d729c370039fd04264c723a98b7cef4299692945d650b27b0650e1b5356185&amp;scene=27#wechat_redirect\",\"source_url\":\"https:\/\/a.app.qq.com\/o\/simple.jsp?pkgname=com.mittrchina.mit&amp;from=singlemessage\",\"cover\":\"http:\/\/mmbiz.qpic.cn\/mmbiz_jpg\/JJtKEey0hPaBG9o1VehxeFpyZ5ibicKr0EyGaiadMhYOV0lI36Io5BWgrsiberkRsQFdVwDw86hOCJNLgYkHB4ibW8A\/0?wx_fmt=jpeg\",\"author\":\"大卫\",\"copyright_stat\":100,\"del_flag\":1,\"item_show_type\":0,\"audio_fileid\":0,\"duration\":0,\"play_url\":\"\",\"malicious_title_reason_id\":0,\"malicious_content_type\":0},{\"title\":\"数字孪生未来市场可达360亿美元，或为医疗健康领域新视点\",\"digest\":\"在医疗健康行业，无论是新药研发，还是为患者制定治疗或手术方案，都需要经过多轮验证和测试，这一过程不仅成本高、\",\"content\":\"\",\"fileid\":502131864,\"content_url\":\"http:\/\/mp.weixin.qq.com\/s?__biz=MzA3NTIyODUzNA==&amp;mid=2649615576&amp;idx=5&amp;sn=0d06ae49a0cc0c4066995a9bb970859e&amp;chksm=876af8c1b01d71d77d54de1da4878064ceea2fb0ba8abe121b72eb883e23b5ed0cb3f5455e5d&amp;scene=27#wechat_redirect\",\"source_url\":\"\",\"cover\":\"http:\/\/mmbiz.qpic.cn\/mmbiz_jpg\/JJtKEey0hPaBG9o1VehxeFpyZ5ibicKr0ElHGib3InCCBEGbIPc7OudgOk3bztbFZcb7L4YGexO8aA2G5iaibdYxdqg\/0?wx_fmt=jpeg\",\"author\":\"REN\",\"copyright_stat\":201,\"del_flag\":1,\"item_show_type\":0,\"audio_fileid\":0,\"duration\":0,\"play_url\":\"\",\"malicious_title_reason_id\":0,\"malicious_content_type\":0}],\"author\":\"多加\",\"copyright_stat\":11,\"duration\":0,\"del_flag\":1,\"item_show_type\":0,\"audio_fileid\":0,\"play_url\":\"\",\"malicious_title_reason_id\":0,\"malicious_content_type\":0}}]}","next_offset":136,"video_count":1,"use_video_tab":1,"real_type":0,"home_page_list":[]}