{"ret":0,"errmsg":"ok","msg_count":10,"can_msg_continue":1,"general_msg_list":"{\"list\":[{\"comm_msg_info\":{\"id\":1000001714,\"type\":49,\"datetime\":1613966451,\"fakeid\":\"3073282833\",\"status\":2,\"content\":\"\"},\"app_msg_ext_info\":{\"title\":\"英伟达让GPU挖矿效率减半，显卡却未必更好抢\",\"digest\":\"比特币已经冲上 5.6 万美元的时代里，英伟达的限制可能还不够。\",\"content\":\"\",\"fileid\":503325546,\"content_url\":\"http:\/\/mp.weixin.qq.com\/s?__biz=MzA3MzI4MjgzMw==&amp;mid=2650809220&amp;idx=1&amp;sn=36b0a3a9c07d7261d70d38760c3c7c0e&amp;chksm=84e5e7fab3926eecfb3965ffa713ed27ba1d38874a0975a2dac7bc2c3556b219899aff621d38&amp;scene=27#wechat_redirect\",\"source_url\":\"\",\"cover\":\"http:\/\/mmbiz.qpic.cn\/mmbiz_jpg\/KmXPKA19gW9PrS2jqcgp04sYOZNhbMVWCynewibldTz2VgCOrfNVY3picdO4y7LBe7eorDXE76UfdHuSW5DVTOzQ\/0?wx_fmt=jpeg\",\"subtype\":9,\"is_multi\":1,\"multi_app_msg_item_list\":[{\"title\":\"四类编辑招聘，来机器之心做最「牛」AI内容\",\"digest\":\"机器之心牛年招聘，快来！\",\"content\":\"\",\"fileid\":503325565,\"content_url\":\"http:\/\/mp.weixin.qq.com\/s?__biz=MzA3MzI4MjgzMw==&amp;mid=2650809220&amp;idx=2&amp;sn=05ea68c4303c26eb5e0b72e872ebf66d&amp;chksm=84e5e7fab3926eec8e36e8306da5bc47e190206fa34f0bedbf286bbc289a3506096f3379ff2d&amp;scene=27#wechat_redirect\",\"source_url\":\"\",\"cover\":\"http:\/\/mmbiz.qpic.cn\/mmbiz_jpg\/KmXPKA19gW9PrS2jqcgp04sYOZNhbMVW2vVvvalmgopyBUOicBHb7vYxFSicWzhWOiaTDl5ibzEuyaHZm4eGykfeIg\/0?wx_fmt=jpeg\",\"author\":\"\",\"copyright_stat\":100,\"del_flag\":1,\"item_show_type\":0,\"audio_fileid\":0,\"duration\":0,\"play_url\":\"\",\"malicious_title_reason_id\":0,\"malicious_content_type\":0},{\"title\":\"实现、动态展示多种社区发现算法，这个Python库助你发现网络图的社区结构\",\"digest\":\"一个用于发现网络图中社区结构的 Python 库。\",\"content\":\"\",\"fileid\":0,\"content_url\":\"http:\/\/mp.weixin.qq.com\/s?__biz=MzA3MzI4MjgzMw==&amp;mid=2650809220&amp;idx=3&amp;sn=f4c45433aa76a8b593f0420eed99f775&amp;chksm=84e5e7fab3926eecc9c8a61dd65e7959f3cd8c66fe07b78b95bf3c227f47bac2e9d4a6c0bad4&amp;scene=27#wechat_redirect\",\"source_url\":\"\",\"cover\":\"http:\/\/mmbiz.qpic.cn\/mmbiz_jpg\/KmXPKA19gW9PrS2jqcgp04sYOZNhbMVWLcVu20ORAiaOu7kadscfbR8iaGQU18AibhqGqbpfMSf3IeHkEdwI93WaQ\/0?wx_fmt=jpeg\",\"author\":\"\",\"copyright_stat\":100,\"del_flag\":1,\"item_show_type\":0,\"audio_fileid\":0,\"duration\":0,\"play_url\":\"\",\"malicious_title_reason_id\":0,\"malicious_content_type\":0},{\"title\":\"近千片段、25种类别，阿里等开源了遮挡场景的视频实例分割数据集OVIS\",\"digest\":\"来自阿里、华中科大、牛津等机构的研究者公开了一个针对强遮挡场景的大型视频实例分割数据集 OVIS。\",\"content\":\"\",\"fileid\":0,\"content_url\":\"http:\/\/mp.weixin.qq.com\/s?__biz=MzA3MzI4MjgzMw==&amp;mid=2650809220&amp;idx=4&amp;sn=9ecdf19aacf0c6f85dadca06cfb3fc13&amp;chksm=84e5e7fab3926eec9a3ee8e876ce277679211a2fdf967e58db3abcd356282758867d195059dd&amp;scene=27#wechat_redirect\",\"source_url\":\"\",\"cover\":\"http:\/\/mmbiz.qpic.cn\/mmbiz_jpg\/KmXPKA19gW9PrS2jqcgp04sYOZNhbMVWWLBeUQV021MWicczzoBRd10KEicicGDTam7SAtsuiaucM92T5o1sOYdgqQ\/0?wx_fmt=jpeg\",\"author\":\"\",\"copyright_stat\":100,\"del_flag\":1,\"item_show_type\":0,\"audio_fileid\":0,\"duration\":0,\"play_url\":\"\",\"malicious_title_reason_id\":0,\"malicious_content_type\":0},{\"title\":\"上汽集团大举进军芯片产业， 借道地平线打通上下游\",\"digest\":\"上汽集团在“中国芯”方面将有重要动作。\",\"content\":\"\",\"fileid\":0,\"content_url\":\"http:\/\/mp.weixin.qq.com\/s?__biz=MzA3MzI4MjgzMw==&amp;mid=2650809220&amp;idx=5&amp;sn=92022355fd238c0207e4bd5caf0925fb&amp;chksm=84e5e7fab3926eec8398367ed4fbee609733ef41d006f58b30c6a70f8b2c3f941333a424f99d&amp;scene=27#wechat_redirect\",\"source_url\":\"\",\"cover\":\"http:\/\/mmbiz.qpic.cn\/mmbiz_jpg\/KmXPKA19gW9PrS2jqcgp04sYOZNhbMVWLLwlmLHZAe4eG12JxthibnZ2wx4icdWfCibslqlibDZtgYPDsgXwhFThVA\/0?wx_fmt=jpeg\",\"author\":\"Aluto\",\"copyright_stat\":101,\"del_flag\":1,\"item_show_type\":0,\"audio_fileid\":0,\"duration\":0,\"play_url\":\"\",\"malicious_title_reason_id\":0,\"malicious_content_type\":0}],\"author\":\"\",\"copyright_stat\":100,\"duration\":0,\"del_flag\":1,\"item_show_type\":0,\"audio_fileid\":0,\"play_url\":\"\",\"malicious_title_reason_id\":0,\"malicious_content_type\":0}},{\"comm_msg_info\":{\"id\":1000001713,\"type\":49,\"datetime\":1613879638,\"fakeid\":\"3073282833\",\"status\":2,\"content\":\"\"},\"app_msg_ext_info\":{\"title\":\"AutoML大提速，谷歌开源自动化寻找最优ML模型新平台Model Search\",\"digest\":\"迭代次数少、泛化能力强，谷歌开源 AutoML 平台 Model Search。\",\"content\":\"\",\"fileid\":0,\"content_url\":\"http:\/\/mp.weixin.qq.com\/s?__biz=MzA3MzI4MjgzMw==&amp;mid=2650809159&amp;idx=1&amp;sn=3c502e6629ab1ee0ff42d0f3f8cf8f7f&amp;chksm=84e5e739b3926e2fdc7a8210b282572c8998b64baea6af78f94e937bdacd59b7f2eee1962fe6&amp;scene=27#wechat_redirect\",\"source_url\":\"\",\"cover\":\"http:\/\/mmbiz.qpic.cn\/mmbiz_jpg\/KmXPKA19gWibsqh8tY5HU8qaUiaDGw1asz6mfuuVUv3Q4csAZMetMagU910xHFPmL8SrtN7YMs9mWDZvwamiavCJA\/0?wx_fmt=jpeg\",\"subtype\":9,\"is_multi\":1,\"multi_app_msg_item_list\":[{\"title\":\"MIT提出Liquid机器学习系统，可像液体一样适应动态变化\",\"digest\":\"MIT 的研究者受生物神经元启发设计了一种「Liquid」网络。\",\"content\":\"\",\"fileid\":503325497,\"content_url\":\"http:\/\/mp.weixin.qq.com\/s?__biz=MzA3MzI4MjgzMw==&amp;mid=2650809159&amp;idx=2&amp;sn=b30474826224f6621f46021259fe764e&amp;chksm=84e5e739b3926e2ffea0768c1a564c2e7d18b3058cfd86226c73e5d1ee31e9d7554dba0e4441&amp;scene=27#wechat_redirect\",\"source_url\":\"\",\"cover\":\"http:\/\/mmbiz.qpic.cn\/mmbiz_jpg\/KmXPKA19gWibsqh8tY5HU8qaUiaDGw1aszVTKs5xgZ5YUIKY0NXehaaDtkIJudtesUkAO04GGywGrBrvflCUVu2w\/0?wx_fmt=jpeg\",\"author\":\"\",\"copyright_stat\":100,\"del_flag\":1,\"item_show_type\":0,\"audio_fileid\":0,\"duration\":0,\"play_url\":\"\",\"malicious_title_reason_id\":0,\"malicious_content_type\":0},{\"title\":\"Facebook AI提出基于神经的反编译框架N-Bref，优于基于启发式的反编译器\",\"digest\":\"一个新的神经反编译器框架。\",\"content\":\"\",\"fileid\":503325328,\"content_url\":\"http:\/\/mp.weixin.qq.com\/s?__biz=MzA3MzI4MjgzMw==&amp;mid=2650809159&amp;idx=3&amp;sn=f15244c784ddb190cb73f4622ebc0698&amp;chksm=84e5e739b3926e2fab4ac52e568a018b03082c6320c149bb894d262d6ffe1c901407f2c8e99d&amp;scene=27#wechat_redirect\",\"source_url\":\"\",\"cover\":\"http:\/\/mmbiz.qpic.cn\/mmbiz_jpg\/KmXPKA19gWibvjtrLdWnHcnb3XFicanYr2F0pYNfBicHiayYCniaR1CR1hZsb4G5da0Or3QFNJEn5WpicWIR7oS1d1pQ\/0?wx_fmt=jpeg\",\"author\":\"\",\"copyright_stat\":100,\"del_flag\":1,\"item_show_type\":0,\"audio_fileid\":0,\"duration\":0,\"play_url\":\"\",\"malicious_title_reason_id\":0,\"malicious_content_type\":0}],\"author\":\"\",\"copyright_stat\":100,\"duration\":0,\"del_flag\":1,\"item_show_type\":0,\"audio_fileid\":0,\"play_url\":\"\",\"malicious_title_reason_id\":0,\"malicious_content_type\":0}},{\"comm_msg_info\":{\"id\":1000001712,\"type\":49,\"datetime\":1613795050,\"fakeid\":\"3073282833\",\"status\":2,\"content\":\"\"},\"app_msg_ext_info\":{\"title\":\"未参与的论文竟有自己署名，MIT教授怒斥「合著」中国学者及出版商\",\"digest\":\"一位 MIT 教授几年前「被」发表了两篇论文，与素不相识的中国学者合著两次，自己竟毫不知情。这是合著者还是出版商的锅？\",\"content\":\"\",\"fileid\":503325470,\"content_url\":\"http:\/\/mp.weixin.qq.com\/s?__biz=MzA3MzI4MjgzMw==&amp;mid=2650809135&amp;idx=1&amp;sn=81528b7e8672ab5c6f1da7a1dce2ae47&amp;chksm=84e5e751b3926e474db67d78bc933e3d8f92411af870d233ff2d9bb4cbf6817c7900e1948e7d&amp;scene=27#wechat_redirect\",\"source_url\":\"\",\"cover\":\"http:\/\/mmbiz.qpic.cn\/mmbiz_jpg\/KmXPKA19gWicL3TgbqFvkSAk0HibcfjyXWWDscXhZnhATA9HVusYm35n5eoLOc4evFt9YtGtVXfkR72UhGJ0OrgA\/0?wx_fmt=jpeg\",\"subtype\":9,\"is_multi\":1,\"multi_app_msg_item_list\":[{\"title\":\"都2021年了，为什么想回看5分钟前写的代码就这么难\",\"digest\":\"能不能有这么一种工具，可以把自己疯狂修改过的代码搞清楚。\",\"content\":\"\",\"fileid\":503325484,\"content_url\":\"http:\/\/mp.weixin.qq.com\/s?__biz=MzA3MzI4MjgzMw==&amp;mid=2650809135&amp;idx=2&amp;sn=c960a250fbd69ffa880fab4d34c524f0&amp;chksm=84e5e751b3926e47ff2f003eee419148196daf239542d449389bc57e02c5860d366feaa30dea&amp;scene=27#wechat_redirect\",\"source_url\":\"\",\"cover\":\"http:\/\/mmbiz.qpic.cn\/mmbiz_jpg\/KmXPKA19gWicL3TgbqFvkSAk0HibcfjyXWaD63RpJY7do69FyuOO3SIh9yQp7DG1wbEwYxkvxzRs1zWqgzgiaUGMg\/0?wx_fmt=jpeg\",\"author\":\"\",\"copyright_stat\":100,\"del_flag\":1,\"item_show_type\":0,\"audio_fileid\":0,\"duration\":0,\"play_url\":\"\",\"malicious_title_reason_id\":0,\"malicious_content_type\":0},{\"title\":\"手机实时人工智能之「三维动作识别」:每帧只需9ms\",\"digest\":\"本文提出了一种用于三维卷积神经网络（3D CNN）的模型压缩和移动加速框架 RT3D。\",\"content\":\"\",\"fileid\":0,\"content_url\":\"http:\/\/mp.weixin.qq.com\/s?__biz=MzA3MzI4MjgzMw==&amp;mid=2650809135&amp;idx=3&amp;sn=0e2849bbc389890e2e2b1577cf1ef4a7&amp;chksm=84e5e751b3926e47441bbac05ceb71ae2da920e856dcfda36b91f1d987dff2057545217b4b07&amp;scene=27#wechat_redirect\",\"source_url\":\"\",\"cover\":\"http:\/\/mmbiz.qpic.cn\/mmbiz_jpg\/KmXPKA19gWicL3TgbqFvkSAk0HibcfjyXW3IpfUCQBibiak7GtMv3Jkn7Dq3awI5Hp3qbReV0XDibEibzB84fiaP4cXTQ\/0?wx_fmt=jpeg\",\"author\":\"\",\"copyright_stat\":100,\"del_flag\":1,\"item_show_type\":0,\"audio_fileid\":0,\"duration\":0,\"play_url\":\"\",\"malicious_title_reason_id\":0,\"malicious_content_type\":0}],\"author\":\"\",\"copyright_stat\":100,\"duration\":0,\"del_flag\":1,\"item_show_type\":0,\"audio_fileid\":0,\"play_url\":\"\",\"malicious_title_reason_id\":0,\"malicious_content_type\":0}},{\"comm_msg_info\":{\"id\":1000001711,\"type\":49,\"datetime\":1613708881,\"fakeid\":\"3073282833\",\"status\":2,\"content\":\"\"},\"app_msg_ext_info\":{\"title\":\"27亿美元的NASA「毅力号」成功登陆火星！还带了一架1%大气密度也能飞的无人机\",\"digest\":\"第一次在火星上飞行基于 Linux 系统的无人机。\",\"content\":\"\",\"fileid\":503325446,\"content_url\":\"http:\/\/mp.weixin.qq.com\/s?__biz=MzA3MzI4MjgzMw==&amp;mid=2650809103&amp;idx=1&amp;sn=98156291a06dd03f6cd812af7827d0a0&amp;chksm=84e5e771b3926e674a51118b7afd8877b567e9f017af5c619f7c3bb2c5eeebcdf639b9289ad3&amp;scene=27#wechat_redirect\",\"source_url\":\"\",\"cover\":\"http:\/\/mmbiz.qpic.cn\/mmbiz_jpg\/KmXPKA19gWicXgkTZPkyeMALJ0QfcPmQMZToTpsCPPKv5ic3g2ibxkiaQsQWiaJOuOYRVwZDqH9Vib5pKCvfFukaoOsA\/0?wx_fmt=jpeg\",\"subtype\":9,\"is_multi\":1,\"multi_app_msg_item_list\":[{\"title\":\"为AI而生，打破存储墙，佐治亚理工等提出新型嵌入式无电容DRAM\",\"digest\":\"1T1C 的设计已经不适合 AI 了。\",\"content\":\"\",\"fileid\":503325451,\"content_url\":\"http:\/\/mp.weixin.qq.com\/s?__biz=MzA3MzI4MjgzMw==&amp;mid=2650809103&amp;idx=2&amp;sn=7e77091e9a6c7fe4028ef3958e19f8bf&amp;chksm=84e5e771b3926e67f9e3199297bc493b9c8a81cb2ac7db46755bb6195dcfc928fa2da8519036&amp;scene=27#wechat_redirect\",\"source_url\":\"\",\"cover\":\"http:\/\/mmbiz.qpic.cn\/mmbiz_jpg\/KmXPKA19gWicXgkTZPkyeMALJ0QfcPmQMndwZicia6iaKfJpygFzyrOia58nkB0XwicNQDAoCRUOJrKJ46DtZvbJtHrA\/0?wx_fmt=jpeg\",\"author\":\"\",\"copyright_stat\":100,\"del_flag\":1,\"item_show_type\":0,\"audio_fileid\":0,\"duration\":0,\"play_url\":\"\",\"malicious_title_reason_id\":0,\"malicious_content_type\":0},{\"title\":\"全球芯片短缺，根源在哪里？\",\"digest\":\"为什么会出现全球芯片短缺的情况？\",\"content\":\"\",\"fileid\":503325422,\"content_url\":\"http:\/\/mp.weixin.qq.com\/s?__biz=MzA3MzI4MjgzMw==&amp;mid=2650809103&amp;idx=3&amp;sn=8acb004fc60e247522bbadf1bf36159a&amp;chksm=84e5e771b3926e67444f929cae07a468be8648903672a817e71a53e8534967d550fb8d3f0d9e&amp;scene=27#wechat_redirect\",\"source_url\":\"\",\"cover\":\"http:\/\/mmbiz.qpic.cn\/mmbiz_jpg\/KmXPKA19gWicXgkTZPkyeMALJ0QfcPmQMSedGYmTHZTtrYOOYLGClyyud8AbuYgEF9CEHKDziclh1r6fnSbxyW0g\/0?wx_fmt=jpeg\",\"author\":\"\",\"copyright_stat\":100,\"del_flag\":1,\"item_show_type\":0,\"audio_fileid\":0,\"duration\":0,\"play_url\":\"\",\"malicious_title_reason_id\":0,\"malicious_content_type\":0},{\"title\":\"模型压缩6倍，无需重训练：数学家团队提出量化新方法\",\"digest\":\"神经网络压缩。\",\"content\":\"\",\"fileid\":503325427,\"content_url\":\"http:\/\/mp.weixin.qq.com\/s?__biz=MzA3MzI4MjgzMw==&amp;mid=2650809103&amp;idx=4&amp;sn=2acd0ca9eb5abaa3eb0d751732ad8d16&amp;chksm=84e5e771b3926e67d35f81961d47704f29be455e20c71569697a40445146bcaf0a5fa20b2ab2&amp;scene=27#wechat_redirect\",\"source_url\":\"\",\"cover\":\"http:\/\/mmbiz.qpic.cn\/mmbiz_jpg\/KmXPKA19gWicXgkTZPkyeMALJ0QfcPmQMbiaibtUxoiaNDeRqHBsXwmuUQN1CicFBFnNMoPqoEgymSgR04mJEib7adJQ\/0?wx_fmt=jpeg\",\"author\":\"\",\"copyright_stat\":100,\"del_flag\":1,\"item_show_type\":0,\"audio_fileid\":0,\"duration\":0,\"play_url\":\"\",\"malicious_title_reason_id\":0,\"malicious_content_type\":0}],\"author\":\"\",\"copyright_stat\":100,\"duration\":0,\"del_flag\":1,\"item_show_type\":0,\"audio_fileid\":0,\"play_url\":\"\",\"malicious_title_reason_id\":0,\"malicious_content_type\":0}},{\"comm_msg_info\":{\"id\":1000001710,\"type\":49,\"datetime\":1613624272,\"fakeid\":\"3073282833\",\"status\":2,\"content\":\"\"},\"app_msg_ext_info\":{\"title\":\"超英伟达A100，IBM宣布全球首个7nm训练推理节能芯片，登上顶会ISSCC 2021\",\"digest\":\"全球首个7nm训练推理节能芯片。\",\"content\":\"\",\"fileid\":503325414,\"content_url\":\"http:\/\/mp.weixin.qq.com\/s?__biz=MzA3MzI4MjgzMw==&amp;mid=2650809065&amp;idx=1&amp;sn=be55ec0a083a6b01eb247aeaba217c55&amp;chksm=84e5e697b3926f8135c459536d388efe3bda8aa245c32312e9099801f3eb06780c30060c9dd7&amp;scene=27#wechat_redirect\",\"source_url\":\"\",\"cover\":\"http:\/\/mmbiz.qpic.cn\/mmbiz_jpg\/KmXPKA19gW878dpVZ7JPswILAvllHuc8Pqf9VeUvjp3LUDGia4dP5LPfMpHEf1IW2GYFddhKXv2kxgseoqvZuibQ\/0?wx_fmt=jpeg\",\"subtype\":9,\"is_multi\":1,\"multi_app_msg_item_list\":[{\"title\":\"清华大学朱文武团队夺冠AAAI 2021国际深度元学习挑战赛\",\"digest\":\"清华大学朱文武团队获 AAAI 2021 国际深度元学习挑战赛冠军\",\"content\":\"\",\"fileid\":503324902,\"content_url\":\"http:\/\/mp.weixin.qq.com\/s?__biz=MzA3MzI4MjgzMw==&amp;mid=2650809065&amp;idx=2&amp;sn=2521303033b76795def9fb72e5c7b87e&amp;chksm=84e5e697b3926f810e07b12139d3f1d0886648f610829a6c52d6921fc787a41753f0f73fdd28&amp;scene=27#wechat_redirect\",\"source_url\":\"\",\"cover\":\"http:\/\/mmbiz.qpic.cn\/mmbiz_jpg\/KmXPKA19gWib9zL6mB0lfguGiaAsMYWPz21Tp7fXArYibhNq7KCADdCKua7soIyaL2ialN74FCZuxUIYaSXlgUle9w\/0?wx_fmt=jpeg\",\"author\":\"\",\"copyright_stat\":100,\"del_flag\":1,\"item_show_type\":0,\"audio_fileid\":0,\"duration\":0,\"play_url\":\"\",\"malicious_title_reason_id\":0,\"malicious_content_type\":0},{\"title\":\"数据科学家在摩根大通的一天\",\"digest\":\"技术分享——数据科学家在摩根大通的一天\",\"content\":\"\",\"fileid\":0,\"content_url\":\"http:\/\/mp.weixin.qq.com\/s?__biz=MzA3MzI4MjgzMw==&amp;mid=2650809065&amp;idx=3&amp;sn=c845980400973e3baec8093129ddf959&amp;chksm=84e5e697b3926f8188b4da827bde41b6561a4400bae1677ded21279851f908810b6e9963c7b3&amp;scene=27#wechat_redirect\",\"source_url\":\"\",\"cover\":\"http:\/\/mmbiz.qpic.cn\/mmbiz_jpg\/KmXPKA19gW878dpVZ7JPswILAvllHuc8vRKUGqE6TUXW7btACxjtQkfe0q0ticFia8NMkewVIuKiaia7w8jsiaFLKwQ\/0?wx_fmt=jpeg\",\"author\":\"\",\"copyright_stat\":100,\"del_flag\":1,\"item_show_type\":0,\"audio_fileid\":0,\"duration\":0,\"play_url\":\"\",\"malicious_title_reason_id\":0,\"malicious_content_type\":0},{\"title\":\"如何缩小离线强化学习基准与现实的差距？南栖仙策提出接近真实世界的新基准NewRL\",\"digest\":\"此项目目前向开发者免费提供。\",\"content\":\"\",\"fileid\":0,\"content_url\":\"http:\/\/mp.weixin.qq.com\/s?__biz=MzA3MzI4MjgzMw==&amp;mid=2650809065&amp;idx=4&amp;sn=6dd5331ffe74da6c7cc5e2953cc1354e&amp;chksm=84e5e697b3926f81564350b2bf02260d6c058a4f112b78e7f6797ae07c0a4c3c060dfbfd7803&amp;scene=27#wechat_redirect\",\"source_url\":\"\",\"cover\":\"http:\/\/mmbiz.qpic.cn\/mmbiz_jpg\/KmXPKA19gW90fAFzslBhzxicgkH3Fltpk0QOibNL3Uyt7wicAHPc6ibJ7Jc8NZ5mrF2FTXA0kZpSA0icQ4MJBT96Msw\/0?wx_fmt=jpeg\",\"author\":\"\",\"copyright_stat\":100,\"del_flag\":1,\"item_show_type\":0,\"audio_fileid\":0,\"duration\":0,\"play_url\":\"\",\"malicious_title_reason_id\":0,\"malicious_content_type\":0}],\"author\":\"\",\"copyright_stat\":100,\"duration\":0,\"del_flag\":1,\"item_show_type\":0,\"audio_fileid\":0,\"play_url\":\"\",\"malicious_title_reason_id\":0,\"malicious_content_type\":0}},{\"comm_msg_info\":{\"id\":1000001709,\"type\":49,\"datetime\":1613535388,\"fakeid\":\"3073282833\",\"status\":2,\"content\":\"\"},\"app_msg_ext_info\":{\"title\":\"\",\"digest\":\"\",\"content\":\"\",\"fileid\":0,\"content_url\":\"\",\"source_url\":\"\",\"cover\":\"\",\"subtype\":0,\"is_multi\":1,\"multi_app_msg_item_list\":[{\"title\":\"无监督训练用堆叠自编码器是否落伍？ML博士对比了8个自编码器\",\"digest\":\"柏林工业大学深度学习方向博士生 Tilman Krokotsch 在多项任务中对比了 8 种自编码器的性能。\",\"content\":\"\",\"fileid\":503324995,\"content_url\":\"http:\/\/mp.weixin.qq.com\/s?__biz=MzA3MzI4MjgzMw==&amp;mid=2650809028&amp;idx=2&amp;sn=6d5d852c3a579fae804d7fba00b0161f&amp;chksm=84e5e6bab3926fac6294a7b79047515f32db592fcd14511618fdaea990a1436078223ccb9fcb&amp;scene=27#wechat_redirect\",\"source_url\":\"\",\"cover\":\"http:\/\/mmbiz.qpic.cn\/mmbiz_jpg\/KmXPKA19gWib9zL6mB0lfguGiaAsMYWPz2PUukKlDwQTHIgic5T909xdG651QTWLzWtrP33kDwLFooZvglCwxa4Ag\/0?wx_fmt=jpeg\",\"author\":\"\",\"copyright_stat\":100,\"del_flag\":1,\"item_show_type\":0,\"audio_fileid\":0,\"duration\":0,\"play_url\":\"\",\"malicious_title_reason_id\":0,\"malicious_content_type\":0},{\"title\":\"密恐警告：超2000万张，全球最大的人眼图像数据集开源了\",\"digest\":\"世界上最大的人眼图像数据集。\",\"content\":\"\",\"fileid\":0,\"content_url\":\"http:\/\/mp.weixin.qq.com\/s?__biz=MzA3MzI4MjgzMw==&amp;mid=2650809028&amp;idx=3&amp;sn=e86c912a31b5efb21468228c73dee36e&amp;chksm=84e5e6bab3926facd8c22566082d9a3f074e2b3d04047df1a064c650ea47e554451caebeb432&amp;scene=27#wechat_redirect\",\"source_url\":\"\",\"cover\":\"http:\/\/mmbiz.qpic.cn\/mmbiz_jpg\/KmXPKA19gW9iaOxPCGCtUGX6gnWYjIUQSsvO9vVJCicZ379wAZ5mo4NbadKceCkrJ4n8ZIBykemS2ic65BiaeuwFEw\/0?wx_fmt=jpeg\",\"author\":\"\",\"copyright_stat\":100,\"del_flag\":1,\"item_show_type\":0,\"audio_fileid\":0,\"duration\":0,\"play_url\":\"\",\"malicious_title_reason_id\":0,\"malicious_content_type\":0}],\"author\":\"\"}},{\"comm_msg_info\":{\"id\":1000001708,\"type\":49,\"datetime\":1613448156,\"fakeid\":\"3073282833\",\"status\":2,\"content\":\"\"},\"app_msg_ext_info\":{\"title\":\"为什么「反向传播」一定要在生物学上有对应？谷歌研究科学家Eric Jang提出质疑\",\"digest\":\"谷歌 Robotics 研究科学家对生物学可信深度学习（BPDL）研究提出了质疑。\",\"content\":\"\",\"fileid\":0,\"content_url\":\"http:\/\/mp.weixin.qq.com\/s?__biz=MzA3MzI4MjgzMw==&amp;mid=2650809006&amp;idx=1&amp;sn=81f22eb7d320eaf8e057e911448f7edd&amp;chksm=84e5e6d0b3926fc61135b75915300f780c5715eede14f5de7404251993331045f3d8b4117a9a&amp;scene=27#wechat_redirect\",\"source_url\":\"\",\"cover\":\"http:\/\/mmbiz.qpic.cn\/mmbiz_jpg\/KmXPKA19gWibvjtrLdWnHcnb3XFicanYr2HnhEttgkMsqq88ywsiay7yt1nInNnU2DYnFjAkSv1OnxFW7nATH6W1w\/0?wx_fmt=jpeg\",\"subtype\":9,\"is_multi\":1,\"multi_app_msg_item_list\":[{\"title\":\"编程语言「考古」：曾经影响一代人的BASIC，原来还有前身\",\"digest\":\"DOPE：BASIC 的先驱 。\",\"content\":\"\",\"fileid\":0,\"content_url\":\"http:\/\/mp.weixin.qq.com\/s?__biz=MzA3MzI4MjgzMw==&amp;mid=2650809006&amp;idx=2&amp;sn=23d7580b3c2e294719a1540196f7b426&amp;chksm=84e5e6d0b3926fc6b77a20c070719263f5797caba3225fa32978ebda7866d2dfa497bc2017d8&amp;scene=27#wechat_redirect\",\"source_url\":\"\",\"cover\":\"http:\/\/mmbiz.qpic.cn\/mmbiz_jpg\/KmXPKA19gWibvjtrLdWnHcnb3XFicanYr2rwibskiaIRcWF4ECSIuC0SDOALheWbq3xPd7pnX4Q7jneS3o4Pq8CKhA\/0?wx_fmt=jpeg\",\"author\":\"\",\"copyright_stat\":100,\"del_flag\":1,\"item_show_type\":0,\"audio_fileid\":0,\"duration\":0,\"play_url\":\"\",\"malicious_title_reason_id\":0,\"malicious_content_type\":0},{\"title\":\"为ML开发、部署提供靠谱的系统工程方法，NASA、牛津、微软等多家机构提出MLTRL框架\",\"digest\":\"MLTRL，一个用来指导和沟通AI与ML开发和部署的工程框架\",\"content\":\"\",\"fileid\":0,\"content_url\":\"http:\/\/mp.weixin.qq.com\/s?__biz=MzA3MzI4MjgzMw==&amp;mid=2650809006&amp;idx=3&amp;sn=502118c0bc2404395711732ba4bc26d3&amp;chksm=84e5e6d0b3926fc659f7c79e2f119dd676779cd7e7077310087e166f34493d00bc9910e8cc2c&amp;scene=27#wechat_redirect\",\"source_url\":\"\",\"cover\":\"http:\/\/mmbiz.qpic.cn\/mmbiz_jpg\/KmXPKA19gW90fAFzslBhzxicgkH3Fltpkl7NevXg19oKP9l46czpylxwmUkrjeYqiab393SQLF4n9C1ibATjKg0AA\/0?wx_fmt=jpeg\",\"author\":\"\",\"copyright_stat\":100,\"del_flag\":1,\"item_show_type\":0,\"audio_fileid\":0,\"duration\":0,\"play_url\":\"\",\"malicious_title_reason_id\":0,\"malicious_content_type\":0}],\"author\":\"\",\"copyright_stat\":100,\"duration\":0,\"del_flag\":1,\"item_show_type\":0,\"audio_fileid\":0,\"play_url\":\"\",\"malicious_title_reason_id\":0,\"malicious_content_type\":0}},{\"comm_msg_info\":{\"id\":1000001707,\"type\":49,\"datetime\":1613361668,\"fakeid\":\"3073282833\",\"status\":2,\"content\":\"\"},\"app_msg_ext_info\":{\"title\":\"大年初四，宜学习：MIT 6.S191视频、PPT上新！网友：这是最好的深度学习入门课之一\",\"digest\":\"春节刚过，先来学点简单的。\",\"content\":\"\",\"fileid\":503325313,\"content_url\":\"http:\/\/mp.weixin.qq.com\/s?__biz=MzA3MzI4MjgzMw==&amp;mid=2650808966&amp;idx=1&amp;sn=12f091600a4fae6d62ce3db61bd2da07&amp;chksm=84e5e6f8b3926fee4486d55daf428126a7f6d446cbcbbf2c7f74c675f0299fe4a8dc02acada9&amp;scene=27#wechat_redirect\",\"source_url\":\"\",\"cover\":\"http:\/\/mmbiz.qpic.cn\/mmbiz_jpg\/KmXPKA19gW8vpDO8GdMvGQqxgjsHoWIOicRuzrLVMd9RJ28ScD3aPnnB8NX5ErfhPEUz2jmlgG4R0VLQdNibLkwg\/0?wx_fmt=jpeg\",\"subtype\":9,\"is_multi\":1,\"multi_app_msg_item_list\":[{\"title\":\"2020年，那些「引爆」了ML社区的热门论文、库和基准\",\"digest\":\"2020，哪些热门论文、库和基准「引爆」了ML社区？\",\"content\":\"\",\"fileid\":503325081,\"content_url\":\"http:\/\/mp.weixin.qq.com\/s?__biz=MzA3MzI4MjgzMw==&amp;mid=2650808966&amp;idx=2&amp;sn=460e9d67d5157a9b12584334ec71ae52&amp;chksm=84e5e6f8b3926fee7c816906b687d726f277dc380fe458d622b3f3573648bfe2737983eb9a13&amp;scene=27#wechat_redirect\",\"source_url\":\"\",\"cover\":\"http:\/\/mmbiz.qpic.cn\/mmbiz_jpg\/KmXPKA19gW90fAFzslBhzxicgkH3FltpkricsHqLZveAibmmetugGg3lG3KelXicicFibduL33Kt9dNgQ4OCWQrxgY8w\/0?wx_fmt=jpeg\",\"author\":\"\",\"copyright_stat\":100,\"del_flag\":1,\"item_show_type\":0,\"audio_fileid\":0,\"duration\":0,\"play_url\":\"\",\"malicious_title_reason_id\":0,\"malicious_content_type\":0}],\"author\":\"Synced\",\"copyright_stat\":11,\"duration\":0,\"del_flag\":1,\"item_show_type\":0,\"audio_fileid\":0,\"play_url\":\"\",\"malicious_title_reason_id\":0,\"malicious_content_type\":0}},{\"comm_msg_info\":{\"id\":1000001706,\"type\":49,\"datetime\":1613275668,\"fakeid\":\"3073282833\",\"status\":2,\"content\":\"\"},\"app_msg_ext_info\":{\"title\":\"收藏从未停止，学习从未开始：机器之心2020年度教程合集它来了\",\"digest\":\"让我康康，是谁让这些精华教程一直在收藏夹里吃灰？！\",\"content\":\"\",\"fileid\":503325269,\"content_url\":\"http:\/\/mp.weixin.qq.com\/s?__biz=MzA3MzI4MjgzMw==&amp;mid=2650808922&amp;idx=1&amp;sn=177eaaef593f4ad54b716ab4c31d31f7&amp;chksm=84e5e624b3926f32924eeab38aa539682fae4af21d165d5c493219c8b516633ab63c09d5462f&amp;scene=27#wechat_redirect\",\"source_url\":\"\",\"cover\":\"http:\/\/mmbiz.qpic.cn\/mmbiz_jpg\/KmXPKA19gWicyxDKPLNLnmdVoYxRm593P1mcB3IsaFImTam1upib7ib5p83hrFiaVwC4m29Bo20kDLgLNBYNyWibedg\/0?wx_fmt=jpeg\",\"subtype\":9,\"is_multi\":1,\"multi_app_msg_item_list\":[{\"title\":\"苹果M1芯片其实没有那么好？英特尔做了套PPT官方反击\",\"digest\":\"来看看英特尔的 PPT。\",\"content\":\"\",\"fileid\":503325245,\"content_url\":\"http:\/\/mp.weixin.qq.com\/s?__biz=MzA3MzI4MjgzMw==&amp;mid=2650808922&amp;idx=2&amp;sn=306ef91c7609cfec9ecfd9dd7abd51f3&amp;chksm=84e5e624b3926f32494c96f60ec8edf1c95ed87c42e319e9f93ed250b0d0609dce12d8d8520f&amp;scene=27#wechat_redirect\",\"source_url\":\"\",\"cover\":\"http:\/\/mmbiz.qpic.cn\/mmbiz_jpg\/KmXPKA19gWicyxDKPLNLnmdVoYxRm593Pb6IDXjiaU7hMvoAgCb5YsSicvnkib8d4puvYLUOSlvl9ibmxRvKgHUEKow\/0?wx_fmt=jpeg\",\"author\":\"\",\"copyright_stat\":100,\"del_flag\":1,\"item_show_type\":0,\"audio_fileid\":0,\"duration\":0,\"play_url\":\"\",\"malicious_title_reason_id\":0,\"malicious_content_type\":0},{\"title\":\"数据科学中常见的9种距离度量方法，内含欧氏距离、切比雪夫距离等\",\"digest\":\"了解距离度量，你不能错过这 9 种。\",\"content\":\"\",\"fileid\":0,\"content_url\":\"http:\/\/mp.weixin.qq.com\/s?__biz=MzA3MzI4MjgzMw==&amp;mid=2650808922&amp;idx=3&amp;sn=2180caffe76e745108810cc61d2a04a1&amp;chksm=84e5e624b3926f3259dfa31e4c6fc8aaf4500534fe94ce69beaf8af5a2edb2bf73b29f4719b1&amp;scene=27#wechat_redirect\",\"source_url\":\"\",\"cover\":\"http:\/\/mmbiz.qpic.cn\/mmbiz_jpg\/KmXPKA19gWicyxDKPLNLnmdVoYxRm593Pic5zLkbvRJTGGQPJkmzucHDA3gNCOrhCW7FRsTgtvniciaoryicFFeFCUA\/0?wx_fmt=jpeg\",\"author\":\"\",\"copyright_stat\":100,\"del_flag\":1,\"item_show_type\":0,\"audio_fileid\":0,\"duration\":0,\"play_url\":\"\",\"malicious_title_reason_id\":0,\"malicious_content_type\":0}],\"author\":\"Synced\",\"copyright_stat\":11,\"duration\":0,\"del_flag\":1,\"item_show_type\":0,\"audio_fileid\":0,\"play_url\":\"\",\"malicious_title_reason_id\":0,\"malicious_content_type\":0}},{\"comm_msg_info\":{\"id\":1000001705,\"type\":49,\"datetime\":1613190137,\"fakeid\":\"3073282833\",\"status\":2,\"content\":\"\"},\"app_msg_ext_info\":{\"title\":\"六冠王奇迹的背后，是德甲AI加持的足球\",\"digest\":\"拜仁这两个赛季为什么如此厉害，使用 AI 也是原因之一。\",\"content\":\"\",\"fileid\":0,\"content_url\":\"http:\/\/mp.weixin.qq.com\/s?__biz=MzA3MzI4MjgzMw==&amp;mid=2650808885&amp;idx=1&amp;sn=f2e37b58b9fd33c611a84899383e4173&amp;chksm=84e5e64bb3926f5db2b28cd03a0e650397cf4009a05efc9ae90e192b745014a26d7021163ffa&amp;scene=27#wechat_redirect\",\"source_url\":\"\",\"cover\":\"http:\/\/mmbiz.qpic.cn\/mmbiz_jpg\/KmXPKA19gW8P02Kehy12ib616M2EG46Ha8eLOnkuJhTtDCmyM63G2vOkOTMk9d1S0maedwwWS3TxmX8zUoicrg6Q\/0?wx_fmt=jpeg\",\"subtype\":9,\"is_multi\":1,\"multi_app_msg_item_list\":[{\"title\":\"DeepMind最新研究NFNet：抛弃归一化，深度学习模型准确率却达到了前所未有的水平\",\"digest\":\"深度学习，已经不需要归一化了​。\",\"content\":\"\",\"fileid\":503325232,\"content_url\":\"http:\/\/mp.weixin.qq.com\/s?__biz=MzA3MzI4MjgzMw==&amp;mid=2650808885&amp;idx=2&amp;sn=2ed4915baff3fd48051afdd772e62bc8&amp;chksm=84e5e64bb3926f5d2bbab73879e48835e0660dbd76e1355ebf5b66d3d08d695fe43846b073ab&amp;scene=27#wechat_redirect\",\"source_url\":\"\",\"cover\":\"http:\/\/mmbiz.qpic.cn\/mmbiz_jpg\/KmXPKA19gW8P02Kehy12ib616M2EG46Haicbj5etEfBS9LzCwLiaeuFqrR9xibAGpE6E6eFLYjO6gb2QkaY0rkqSaA\/0?wx_fmt=jpeg\",\"author\":\"\",\"copyright_stat\":100,\"del_flag\":1,\"item_show_type\":0,\"audio_fileid\":0,\"duration\":0,\"play_url\":\"\",\"malicious_title_reason_id\":0,\"malicious_content_type\":0},{\"title\":\"ARM起源史：一家英国小公司如何发明了ARM并改变了世界\",\"digest\":\"说起来你可能不信，故事要从一档电视节目讲起。\",\"content\":\"\",\"fileid\":0,\"content_url\":\"http:\/\/mp.weixin.qq.com\/s?__biz=MzA3MzI4MjgzMw==&amp;mid=2650808885&amp;idx=3&amp;sn=272c91c08db05761d0177e7d880d3798&amp;chksm=84e5e64bb3926f5d78db7957838bd0444a082ff14bf4ab19f6aacc904c29c9260b4c0c82db5a&amp;scene=27#wechat_redirect\",\"source_url\":\"\",\"cover\":\"http:\/\/mmbiz.qpic.cn\/mmbiz_jpg\/KmXPKA19gW90fAFzslBhzxicgkH3FltpkrwgX6iab3VAeHT1AfpWibkBo3RhId9RbBrd3tsJa0hmlKLrkcAWia8akg\/0?wx_fmt=jpeg\",\"author\":\"\",\"copyright_stat\":100,\"del_flag\":1,\"item_show_type\":0,\"audio_fileid\":0,\"duration\":0,\"play_url\":\"\",\"malicious_title_reason_id\":0,\"malicious_content_type\":0}],\"author\":\"Synced\",\"copyright_stat\":11,\"duration\":0,\"del_flag\":1,\"item_show_type\":0,\"audio_fileid\":0,\"play_url\":\"\",\"malicious_title_reason_id\":0,\"malicious_content_type\":0}}]}","next_offset":121,"video_count":1,"use_video_tab":1,"real_type":0,"home_page_list":[]}