{"ret":0,"errmsg":"ok","msg_count":10,"can_msg_continue":1,"general_msg_list":"{\"list\":[{\"comm_msg_info\":{\"id\":1000001472,\"type\":49,\"datetime\":1593233122,\"fakeid\":\"3073282833\",\"status\":2,\"content\":\"\"},\"app_msg_ext_info\":{\"title\":\"从草图到人脸：这篇SIGGRAPH2020论文帮你轻松画出心中的「林妹妹」，开源「计图」实现代码\",\"digest\":\"这篇 SIGGRAPH2020 论文帮你轻松画出心中的「林妹妹」。\",\"content\":\"\",\"fileid\":503307268,\"content_url\":\"http:\/\/mp.weixin.qq.com\/s?__biz=MzA3MzI4MjgzMw==&amp;mid=2650790919&amp;idx=1&amp;sn=d3ab5fd6b3355334d4eb3b111f910572&amp;chksm=871a1879b06d916f59584bdb970e64383733ae9fd667b362f890582e5759745b40168eeb9326&amp;scene=27#wechat_redirect\",\"source_url\":\"http:\/\/synced2020.mikecrm.com\/b6uUBxK\",\"cover\":\"http:\/\/mmbiz.qpic.cn\/mmbiz_jpg\/KmXPKA19gWibIClYKibXGhqdNF7vnznZsCA5D3xrETGUTicugQX0bu1XCK9XVQACNiaPrpQrr9oUibyWAfvXibfpznww\/0?wx_fmt=jpeg\",\"subtype\":9,\"is_multi\":1,\"multi_app_msg_item_list\":[{\"title\":\"亚马逊12亿美元收购自动驾驶明星公司Zoox，马斯克嘲讽贝索斯抄袭狗\",\"digest\":\"根据 The Information 和金融时报消息，此次交易的金额逾 12 亿美元。\",\"content\":\"\",\"fileid\":503307265,\"content_url\":\"http:\/\/mp.weixin.qq.com\/s?__biz=MzA3MzI4MjgzMw==&amp;mid=2650790919&amp;idx=2&amp;sn=4a8779de6f8a2498733bba31e9ea3cdb&amp;chksm=871a1879b06d916f7dde5295659708c9b13480fd05c198af009df5f3414f9a3c798f7b112c3a&amp;scene=27#wechat_redirect\",\"source_url\":\"http:\/\/synced2020.mikecrm.com\/b6uUBxK\",\"cover\":\"http:\/\/mmbiz.qpic.cn\/mmbiz_jpg\/KmXPKA19gWibIClYKibXGhqdNF7vnznZsCvIsSjjCXjWRkqhSWoj4NY7WG2KlJNVMZR3409AniaxwibrZib1VQiaicvXw\/0?wx_fmt=jpeg\",\"author\":\"\",\"copyright_stat\":100,\"del_flag\":1,\"item_show_type\":0,\"audio_fileid\":0,\"duration\":0,\"play_url\":\"\",\"malicious_title_reason_id\":0,\"malicious_content_type\":0},{\"title\":\"实习期完成，无图像对和域标签，博士小哥实现完全无监督的图像转换\",\"digest\":\"本文是一作 Kyungjune Baek 在 Clova AI Research 实习期间完成的。\",\"content\":\"\",\"fileid\":503307217,\"content_url\":\"http:\/\/mp.weixin.qq.com\/s?__biz=MzA3MzI4MjgzMw==&amp;mid=2650790919&amp;idx=3&amp;sn=a4fd4114597c4ebc6eb2b1637511a988&amp;chksm=871a1879b06d916fb88a3b4efe97cba42084ea450e77552ed05b6c66697ea7f42c0a90b5d8df&amp;scene=27#wechat_redirect\",\"source_url\":\"http:\/\/synced2020.mikecrm.com\/b6uUBxK\",\"cover\":\"http:\/\/mmbiz.qpic.cn\/mmbiz_jpg\/KmXPKA19gWibIClYKibXGhqdNF7vnznZsCWhbFZasiagKUPnIjJJrZTTzicyjvLsQ05rGY3mcLdf8wk7OwBYle3oiag\/0?wx_fmt=jpeg\",\"author\":\"\",\"copyright_stat\":100,\"del_flag\":1,\"item_show_type\":0,\"audio_fileid\":0,\"duration\":0,\"play_url\":\"\",\"malicious_title_reason_id\":0,\"malicious_content_type\":0},{\"title\":\"窥一斑而知全豹，三篇论文遍历ICLR 2020新型表征方式\",\"digest\":\"本文主要介绍的是表征方式，所以论文中跟表征方式无关的内容不会被涉及。\",\"content\":\"\",\"fileid\":503307255,\"content_url\":\"http:\/\/mp.weixin.qq.com\/s?__biz=MzA3MzI4MjgzMw==&amp;mid=2650790919&amp;idx=4&amp;sn=47ec107e985b755edacffe9cb91c2000&amp;chksm=871a1879b06d916f780cd8febd0e6504fb9f0ffca41147646b661ae007088e283cf57483c87f&amp;scene=27#wechat_redirect\",\"source_url\":\"http:\/\/jiqizhixin.mikecrm.com\/rg2RY52\",\"cover\":\"http:\/\/mmbiz.qpic.cn\/mmbiz_jpg\/KmXPKA19gWibIClYKibXGhqdNF7vnznZsCjw9RLYLzictB6Gz4cWZO1nRUS6Z7FDYbxLsJNRQWbLic9c6GLIelIK4Q\/0?wx_fmt=jpeg\",\"author\":\"Synced\",\"copyright_stat\":11,\"del_flag\":1,\"item_show_type\":0,\"audio_fileid\":0,\"duration\":0,\"play_url\":\"\",\"malicious_title_reason_id\":0,\"malicious_content_type\":0}],\"author\":\"\",\"copyright_stat\":100,\"duration\":0,\"del_flag\":1,\"item_show_type\":0,\"audio_fileid\":0,\"play_url\":\"\",\"malicious_title_reason_id\":0,\"malicious_content_type\":0}},{\"comm_msg_info\":{\"id\":1000001471,\"type\":49,\"datetime\":1593147688,\"fakeid\":\"3073282833\",\"status\":2,\"content\":\"\"},\"app_msg_ext_info\":{\"title\":\"图灵奖的「张冠李戴」？Jürgen Schmidhuber援引200条文献，力证2018图灵奖颁错人了\",\"digest\":\"或许，这只是一场误会？\",\"content\":\"\",\"fileid\":503307194,\"content_url\":\"http:\/\/mp.weixin.qq.com\/s?__biz=MzA3MzI4MjgzMw==&amp;mid=2650790849&amp;idx=1&amp;sn=92d477ca89e002df93622f34f9c9f361&amp;chksm=871a1fbfb06d96a9704aeb36d37882d77de7504ffcea46bda0381612519966e8bdbf271fec10&amp;scene=27#wechat_redirect\",\"source_url\":\"http:\/\/synced2020.mikecrm.com\/b6uUBxK\",\"cover\":\"http:\/\/mmbiz.qpic.cn\/mmbiz_jpg\/KmXPKA19gWicEm6GtRiaSurkfz9SCTvrQZ4W40wsGtwUnAxFibjP4TpibdESE9TNcxuOupkknLMkOhhnvdQjB5xyfA\/0?wx_fmt=jpeg\",\"subtype\":9,\"is_multi\":1,\"multi_app_msg_item_list\":[{\"title\":\"PyTorch称霸顶会：CVPR论文占比是TensorFlow 4 倍\",\"digest\":\"CVPR 2020大会接收论文中，PyTorch框架使用数是TensorFlow的近四倍。\",\"content\":\"\",\"fileid\":0,\"content_url\":\"http:\/\/mp.weixin.qq.com\/s?__biz=MzA3MzI4MjgzMw==&amp;mid=2650790849&amp;idx=2&amp;sn=3097614476c990c3803a851d8bb17d2c&amp;chksm=871a1fbfb06d96a984830af9f784c38103c8e7c1413fa28e61652151fb769c3c48492ff2db5c&amp;scene=27#wechat_redirect\",\"source_url\":\"http:\/\/synced2020.mikecrm.com\/b6uUBxK\",\"cover\":\"http:\/\/mmbiz.qpic.cn\/mmbiz_jpg\/KmXPKA19gWicEm6GtRiaSurkfz9SCTvrQZoVBq1cRAd13Gohs75sgd2rxzLBicIHnusSByaC1Apaia9moqdicMAP8OA\/0?wx_fmt=jpeg\",\"author\":\"\",\"copyright_stat\":100,\"del_flag\":1,\"item_show_type\":0,\"audio_fileid\":0,\"duration\":0,\"play_url\":\"\",\"malicious_title_reason_id\":0,\"malicious_content_type\":0},{\"title\":\"吃下文本吐出语音，DeepMind提出新型端到端TTS模型EATS\",\"digest\":\"DeepMind提出的 EATS 模型可在纯文本或者暂未对齐的原始音素输入序列上运行，并输出原始语音波形。\",\"content\":\"\",\"fileid\":503307199,\"content_url\":\"http:\/\/mp.weixin.qq.com\/s?__biz=MzA3MzI4MjgzMw==&amp;mid=2650790849&amp;idx=3&amp;sn=5aa7f1c8a28df2fe8b0e3b15423f6181&amp;chksm=871a1fbfb06d96a997fb44ff6ff05d601565201bcea07072b1023bfe59658e694918d4cd1a04&amp;scene=27#wechat_redirect\",\"source_url\":\"http:\/\/synced2020.mikecrm.com\/b6uUBxK\",\"cover\":\"http:\/\/mmbiz.qpic.cn\/mmbiz_jpg\/KmXPKA19gWicEm6GtRiaSurkfz9SCTvrQZicucZHfWm9Gp6kqw2Za5ChrBDsiavVvQbMziaIbV1Rql0muvVcXuVB0Bg\/0?wx_fmt=jpeg\",\"author\":\"\",\"copyright_stat\":100,\"del_flag\":1,\"item_show_type\":0,\"audio_fileid\":0,\"duration\":0,\"play_url\":\"\",\"malicious_title_reason_id\":0,\"malicious_content_type\":0}],\"author\":\"\",\"copyright_stat\":100,\"duration\":0,\"del_flag\":1,\"item_show_type\":0,\"audio_fileid\":0,\"play_url\":\"\",\"malicious_title_reason_id\":0,\"malicious_content_type\":0}},{\"comm_msg_info\":{\"id\":1000001470,\"type\":49,\"datetime\":1593059561,\"fakeid\":\"3073282833\",\"status\":2,\"content\":\"\"},\"app_msg_ext_info\":{\"title\":\"技术宅自制超迷你智能NFC名片：一张平平无奇的门禁卡，如何变身为用不起的样子？\",\"digest\":\"一张门禁卡，如何做成用不起的样子？\",\"content\":\"\",\"fileid\":0,\"content_url\":\"http:\/\/mp.weixin.qq.com\/s?__biz=MzA3MzI4MjgzMw==&amp;mid=2650790787&amp;idx=1&amp;sn=308c7cc5a9ffdf7528b543b729830ed8&amp;chksm=871a1ffdb06d96eb43c4472905e647fb0f00d96570e7c4cc08f741607385cd0f211fa1a8d25a&amp;scene=27#wechat_redirect\",\"source_url\":\"http:\/\/synced2020.mikecrm.com\/b6uUBxK\",\"cover\":\"http:\/\/mmbiz.qpic.cn\/mmbiz_jpg\/KmXPKA19gWiccdBIRseT7iaUHreeY009iaD6GWvLBfEhFvRLMmiaM3vVxicTIXnbJ0hRxtibm7BGBkGWx4kf4s7gXiadQ\/0?wx_fmt=jpeg\",\"subtype\":9,\"is_multi\":1,\"multi_app_msg_item_list\":[{\"title\":\"北大图灵班本科生吴克文获STOC 2020最佳论文奖\",\"digest\":\"在全球计算机理论顶会STOC 2020上，北大本科生吴克文有两篇论文发表，其中一篇获得了最佳论文奖。\",\"content\":\"\",\"fileid\":503307117,\"content_url\":\"http:\/\/mp.weixin.qq.com\/s?__biz=MzA3MzI4MjgzMw==&amp;mid=2650790787&amp;idx=2&amp;sn=70d889b6ca9efa924f0cf5b466a69282&amp;chksm=871a1ffdb06d96ebacb91d713710eefc915068ca7e5ecfc81a25437420ea23555b3b3ff31b3b&amp;scene=27#wechat_redirect\",\"source_url\":\"http:\/\/synced2020.mikecrm.com\/b6uUBxK\",\"cover\":\"http:\/\/mmbiz.qpic.cn\/mmbiz_jpg\/KmXPKA19gWibO1o9Zz38ZicIoseyiaSVpFrl9sNjw8WUV1MOpnnYFfISGIRMnNxJag8JlTLgHB48XribHVJvZZCwbg\/0?wx_fmt=jpeg\",\"author\":\"\",\"copyright_stat\":100,\"del_flag\":1,\"item_show_type\":0,\"audio_fileid\":0,\"duration\":0,\"play_url\":\"\",\"malicious_title_reason_id\":0,\"malicious_content_type\":0},{\"title\":\"产品经理的福音？亚马逊推出Honeycode，零代码即可开发软件\",\"digest\":\"无需编程即可构建强大的移动和 Web 应用。\",\"content\":\"\",\"fileid\":503307137,\"content_url\":\"http:\/\/mp.weixin.qq.com\/s?__biz=MzA3MzI4MjgzMw==&amp;mid=2650790787&amp;idx=3&amp;sn=9e02f5956cc9d75c71cdf9a431024761&amp;chksm=871a1ffdb06d96eb407022dae0e56a3986e23440fabf7202762d497dcce0039c31337e7b10c1&amp;scene=27#wechat_redirect\",\"source_url\":\"http:\/\/synced2020.mikecrm.com\/b6uUBxK\",\"cover\":\"http:\/\/mmbiz.qpic.cn\/mmbiz_jpg\/KmXPKA19gWibO1o9Zz38ZicIoseyiaSVpFrgM1Xn3Tr1kOeibf9vU1F2DW5yvGb0US3HkPSHqd6iasb91kK9cMFSV5A\/0?wx_fmt=jpeg\",\"author\":\"\",\"copyright_stat\":100,\"del_flag\":1,\"item_show_type\":0,\"audio_fileid\":0,\"duration\":0,\"play_url\":\"\",\"malicious_title_reason_id\":0,\"malicious_content_type\":0},{\"title\":\"CVPR 2020 | 用机器学习打造计数君，谷歌RepNet可自动计数视频重复片段\",\"digest\":\"谷歌和 DeepMind 公布的一篇 CVPR 2020 论文利用机器学习方法打造了一种机器计数君，可以非常便利地统计视频中重复过程的出现次数。\",\"content\":\"\",\"fileid\":503307111,\"content_url\":\"http:\/\/mp.weixin.qq.com\/s?__biz=MzA3MzI4MjgzMw==&amp;mid=2650790787&amp;idx=4&amp;sn=8b3b1b6a061afe293ddfd486dba9738a&amp;chksm=871a1ffdb06d96eb51b3717a105c9a0109c277020f02e5b1eb4caf4bb3860d11c3c6635cebb4&amp;scene=27#wechat_redirect\",\"source_url\":\"http:\/\/synced2020.mikecrm.com\/b6uUBxK\",\"cover\":\"http:\/\/mmbiz.qpic.cn\/mmbiz_jpg\/KmXPKA19gWibO1o9Zz38ZicIoseyiaSVpFrUoNysqtkdAzT5dVyJNm2w2jq9tH1VIVibu7jWncmXic0Ppa2gwoCZxCw\/0?wx_fmt=jpeg\",\"author\":\"\",\"copyright_stat\":100,\"del_flag\":1,\"item_show_type\":0,\"audio_fileid\":0,\"duration\":0,\"play_url\":\"\",\"malicious_title_reason_id\":0,\"malicious_content_type\":0}],\"author\":\"\",\"copyright_stat\":100,\"duration\":0,\"del_flag\":1,\"item_show_type\":0,\"audio_fileid\":0,\"play_url\":\"\",\"malicious_title_reason_id\":0,\"malicious_content_type\":0}},{\"comm_msg_info\":{\"id\":1000001469,\"type\":49,\"datetime\":1592975204,\"fakeid\":\"3073282833\",\"status\":2,\"content\":\"\"},\"app_msg_ext_info\":{\"title\":\"特朗普政府暂停签发H-1B签证，Yann LeCun怒怼：这是在自杀！\",\"digest\":\"美国时间 6 月 22 日，特朗普宣布暂停 H-1B、H-2B、L 和 J 非移民工作签证的发放，白宫认为此举将为美国带来 50 多万工作岗位。然而，此举引发了包括美国科技界的愤怒和抵制。\",\"content\":\"\",\"fileid\":503307016,\"content_url\":\"http:\/\/mp.weixin.qq.com\/s?__biz=MzA3MzI4MjgzMw==&amp;mid=2650790708&amp;idx=1&amp;sn=7dae70d311da3d25a086a1ce75d6dd2f&amp;chksm=871a1f4ab06d965c24dbc8c6bbc133cfe2f132cd695a40cbfd689d57b33cec3aec940de5be99&amp;scene=27#wechat_redirect\",\"source_url\":\"http:\/\/synced2020.mikecrm.com\/b6uUBxK\",\"cover\":\"http:\/\/mmbiz.qpic.cn\/mmbiz_jpg\/KmXPKA19gWiba2CBvNhXQLWfXBAFIxKA9tIdcVJZuSOKnbmicSXIRoOOmPN1Qhq2uYqeH0Naya8X7lZFDMVa3Htg\/0?wx_fmt=jpeg\",\"subtype\":9,\"is_multi\":1,\"multi_app_msg_item_list\":[{\"title\":\"技术赋能机器人、应对气候变化，这是一场开发者的对决\",\"digest\":\"WAIC 2020 倒计时开启，全场唯一的黑客马拉松活动即将正式开幕。这场开发者狂欢活动，你准备好了吗？\",\"content\":\"\",\"fileid\":0,\"content_url\":\"http:\/\/mp.weixin.qq.com\/s?__biz=MzA3MzI4MjgzMw==&amp;mid=2650790708&amp;idx=2&amp;sn=861e735bbfc53b3382853d750a4a7d88&amp;chksm=871a1f4ab06d965c0a7a1b86bf0e1792eab0180598e386ffe21cd4164b1a96e36586ee73652e&amp;scene=27#wechat_redirect\",\"source_url\":\"http:\/\/synced2020.mikecrm.com\/b6uUBxK\",\"cover\":\"http:\/\/mmbiz.qpic.cn\/mmbiz_jpg\/KmXPKA19gWiccdBIRseT7iaUHreeY009iaDPKMibLOjFCr1VapOSWicKm7lGich4C3LbqtEccgcOKnPCvEWpxdX9v8tA\/0?wx_fmt=jpeg\",\"author\":\"\",\"copyright_stat\":100,\"del_flag\":1,\"item_show_type\":0,\"audio_fileid\":0,\"duration\":0,\"play_url\":\"\",\"malicious_title_reason_id\":0,\"malicious_content_type\":0},{\"title\":\"「看面相识别罪犯」论文要上Nature？遭1700名科学家联名反对\",\"digest\":\"有 1700 名研究者签字联名抵制 Nature 出版一篇 AI 研究论文，这可是头一次。\",\"content\":\"\",\"fileid\":0,\"content_url\":\"http:\/\/mp.weixin.qq.com\/s?__biz=MzA3MzI4MjgzMw==&amp;mid=2650790708&amp;idx=3&amp;sn=2a7346c431b25236d5e02793ba459f10&amp;chksm=871a1f4ab06d965ced7c439856786851c805cf5f4088309262cc5145ddab46e0d07d9493ee01&amp;scene=27#wechat_redirect\",\"source_url\":\"http:\/\/synced2020.mikecrm.com\/b6uUBxK\",\"cover\":\"http:\/\/mmbiz.qpic.cn\/mmbiz_jpg\/KmXPKA19gWiccdBIRseT7iaUHreeY009iaDuPKQPbV7erImCzeKNgMet3QjHWl6uF8hKHeQNDnr8UcAmde6AR996w\/0?wx_fmt=jpeg\",\"author\":\"Synced\",\"copyright_stat\":11,\"del_flag\":1,\"item_show_type\":0,\"audio_fileid\":0,\"duration\":0,\"play_url\":\"\",\"malicious_title_reason_id\":0,\"malicious_content_type\":0},{\"title\":\"最新全球TOP 500超算排行榜公布：ARM首次登顶，2\/3超算由英伟达加持\",\"digest\":\"ARM 架构首次登顶超算 TOP 500 榜单。\",\"content\":\"\",\"fileid\":0,\"content_url\":\"http:\/\/mp.weixin.qq.com\/s?__biz=MzA3MzI4MjgzMw==&amp;mid=2650790708&amp;idx=4&amp;sn=63ecb24a78210811f6f95a87273ec9d5&amp;chksm=871a1f4ab06d965c8f26f8b19df590cb5c9380f6156dd4af749f41ef09a264af81e1941bdc34&amp;scene=27#wechat_redirect\",\"source_url\":\"http:\/\/synced2020.mikecrm.com\/b6uUBxK\",\"cover\":\"http:\/\/mmbiz.qpic.cn\/mmbiz_jpg\/KmXPKA19gWiba2CBvNhXQLWfXBAFIxKA9cqU9ExuNJ1jNQsjsab3AjS0ULhkjzXiaMX2KpyhA5vjgtAwUMUfZ6ow\/0?wx_fmt=jpeg\",\"author\":\"\",\"copyright_stat\":100,\"del_flag\":1,\"item_show_type\":0,\"audio_fileid\":0,\"duration\":0,\"play_url\":\"\",\"malicious_title_reason_id\":0,\"malicious_content_type\":0},{\"title\":\"「科技产业实验室」首场线上闭门活动，寻找C位产业方 | 联想创投 X 机器之心\",\"digest\":\"7 月 2 日 - 7 月 3 日，我们将围绕智慧城市、智慧工业等话题，举行线上科技产业分享及对接会。\",\"content\":\"\",\"fileid\":0,\"content_url\":\"http:\/\/mp.weixin.qq.com\/s?__biz=MzA3MzI4MjgzMw==&amp;mid=2650790708&amp;idx=5&amp;sn=543c1072165ea5a5dca7209342289353&amp;chksm=871a1f4ab06d965c246b7cdae79d0ac3e340e35cdf037424b1c9c29a72994f8e91c9f7dec480&amp;scene=27#wechat_redirect\",\"source_url\":\"http:\/\/jiqizhixin.mikecrm.com\/aXvuOME\",\"cover\":\"http:\/\/mmbiz.qpic.cn\/mmbiz_jpg\/KmXPKA19gWiba2CBvNhXQLWfXBAFIxKA9Ryp4ld5kFjM1wjFnePlkoZYGyfEwoXFx1QUlpuNqwMYrO4KKWibYWHw\/0?wx_fmt=jpeg\",\"author\":\"\",\"copyright_stat\":100,\"del_flag\":1,\"item_show_type\":0,\"audio_fileid\":0,\"duration\":0,\"play_url\":\"\",\"malicious_title_reason_id\":0,\"malicious_content_type\":0}],\"author\":\"\",\"copyright_stat\":100,\"duration\":0,\"del_flag\":1,\"item_show_type\":0,\"audio_fileid\":0,\"play_url\":\"\",\"malicious_title_reason_id\":0,\"malicious_content_type\":0}},{\"comm_msg_info\":{\"id\":1000001468,\"type\":49,\"datetime\":1592870215,\"fakeid\":\"3073282833\",\"status\":2,\"content\":\"\"},\"app_msg_ext_info\":{\"title\":\"踢开英特尔，自研Mac芯片高调登场，苹果「大一统」征程正式启航\",\"digest\":\"苹果 WWDC 大会于昨夜线上举行。\",\"content\":\"\",\"fileid\":0,\"content_url\":\"http:\/\/mp.weixin.qq.com\/s?__biz=MzA3MzI4MjgzMw==&amp;mid=2650790636&amp;idx=1&amp;sn=e57dcf49ad539c336c8ef5220054ee1c&amp;chksm=871a1e92b06d97848c849bd4c290301e5f7ab20b887b40fd402d5bbdfb7b428bca46d78cf7df&amp;scene=27#wechat_redirect\",\"source_url\":\"\",\"cover\":\"http:\/\/mmbiz.qpic.cn\/mmbiz_jpg\/KmXPKA19gWibdJkGYhicxdZxOcBJQ48aicMCGLEtPze9p8k282EdA5k9sDZKicE4ZgX7JcXA849ic8JTK4gxPnTj02g\/0?wx_fmt=jpeg\",\"subtype\":9,\"is_multi\":1,\"multi_app_msg_item_list\":[{\"title\":\"一键启动在线推理服务，轻松实现在线部署，这有个「炼丹」利器\",\"digest\":\"Paddle Serving 用起来非常简单，而且部署成功后可实现在线服务。\",\"content\":\"\",\"fileid\":503306944,\"content_url\":\"http:\/\/mp.weixin.qq.com\/s?__biz=MzA3MzI4MjgzMw==&amp;mid=2650790636&amp;idx=2&amp;sn=f4ec446a052fd25cc47146b68f4b6558&amp;chksm=871a1e92b06d9784d90bf74d6e85573e43015c3edc249e59ac4d015d1948b98152d15c194b3e&amp;scene=27#wechat_redirect\",\"source_url\":\"\",\"cover\":\"http:\/\/mmbiz.qpic.cn\/mmbiz_jpg\/KmXPKA19gWibdJkGYhicxdZxOcBJQ48aicMicKftzqklNrpGcskz4T2icLKrUN8VTcnqJOibupmZGlkiazkO8kWZ9mTLg\/0?wx_fmt=jpeg\",\"author\":\"\",\"copyright_stat\":100,\"del_flag\":1,\"item_show_type\":0,\"audio_fileid\":0,\"duration\":0,\"play_url\":\"\",\"malicious_title_reason_id\":0,\"malicious_content_type\":0},{\"title\":\"高性能PyTorch是如何炼成的？过来人吐血整理的10条避坑指南\",\"digest\":\"在阅读这篇文章之前，你需要对 PyTorch 有一定程度的了解。\",\"content\":\"\",\"fileid\":0,\"content_url\":\"http:\/\/mp.weixin.qq.com\/s?__biz=MzA3MzI4MjgzMw==&amp;mid=2650790636&amp;idx=3&amp;sn=721e556ed279239009928359b8b5565d&amp;chksm=871a1e92b06d9784da65064038c2bf97738191580535cc22ac5817363d3c4be348d039a92017&amp;scene=27#wechat_redirect\",\"source_url\":\"http:\/\/synced2020.mikecrm.com\/b6uUBxK\",\"cover\":\"http:\/\/mmbiz.qpic.cn\/mmbiz_jpg\/KmXPKA19gWibdJkGYhicxdZxOcBJQ48aicMa6mqjlV506eZ3m5l6zdiaCibfKp3uib5gNrPXPPbMa0uTmtQ0N0NrLwdQ\/0?wx_fmt=jpeg\",\"author\":\"\",\"copyright_stat\":100,\"del_flag\":1,\"item_show_type\":0,\"audio_fileid\":0,\"duration\":0,\"play_url\":\"\",\"malicious_title_reason_id\":0,\"malicious_content_type\":0},{\"title\":\"ICLR 2020 | 超越SOTA Transformer模型，哈佛、FAIR提出基于残差能量模型的文本生成\",\"digest\":\"来自哈佛大学、Facebook AI 研究院的研究者提出了一种基于残差能量模型的文本生成方法，效果超过 state-of-the-art 的 transformer 语言模型。\",\"content\":\"\",\"fileid\":503306464,\"content_url\":\"http:\/\/mp.weixin.qq.com\/s?__biz=MzA3MzI4MjgzMw==&amp;mid=2650790636&amp;idx=4&amp;sn=5324b62b56f81ff0a763c62187b7d569&amp;chksm=871a1e92b06d97846e095132b76b989b8411fc2a8e453bf4bd115ff8e2f01a641aec6ef601cb&amp;scene=27#wechat_redirect\",\"source_url\":\"http:\/\/synced2020.mikecrm.com\/b6uUBxK\",\"cover\":\"http:\/\/mmbiz.qpic.cn\/mmbiz_jpg\/KmXPKA19gWibfiaqF165MhCiaub12LSt0whXicMVHqXsEppZY21wYSkGfYPicbXfkISXial95pia94t2J0T6NQyDvzpCw\/0?wx_fmt=jpeg\",\"author\":\"\",\"copyright_stat\":100,\"del_flag\":1,\"item_show_type\":0,\"audio_fileid\":0,\"duration\":0,\"play_url\":\"\",\"malicious_title_reason_id\":0,\"malicious_content_type\":0},{\"title\":\"征战 Call For Code 全球挑战赛，冲击20万美金大奖，这场竞赛是你的第一站！\",\"digest\":\"开发者狂欢已正式进入倒计时阶段，你报名了吗？\",\"content\":\"\",\"fileid\":0,\"content_url\":\"http:\/\/mp.weixin.qq.com\/s?__biz=MzA3MzI4MjgzMw==&amp;mid=2650790636&amp;idx=5&amp;sn=c90b8b44a8219bb3f5f1afa15be33700&amp;chksm=871a1e92b06d9784597a600190eb76d9fa026d8aba80ad9feb388d591c29ceacdbbc377eba7b&amp;scene=27#wechat_redirect\",\"source_url\":\"http:\/\/synced2020.mikecrm.com\/b6uUBxK\",\"cover\":\"http:\/\/mmbiz.qpic.cn\/mmbiz_jpg\/KmXPKA19gWibdJkGYhicxdZxOcBJQ48aicMPuOkDKiaIS2JGAIVp5tBpcyLnibWibQ8HkEpz43K5YO1CicWT1lRdfpn7A\/0?wx_fmt=jpeg\",\"author\":\"\",\"copyright_stat\":100,\"del_flag\":1,\"item_show_type\":0,\"audio_fileid\":0,\"duration\":0,\"play_url\":\"\",\"malicious_title_reason_id\":0,\"malicious_content_type\":0}],\"author\":\"四月、微胖、徐丹\",\"copyright_stat\":101,\"duration\":0,\"del_flag\":1,\"item_show_type\":0,\"audio_fileid\":0,\"play_url\":\"\",\"malicious_title_reason_id\":0,\"malicious_content_type\":0}},{\"comm_msg_info\":{\"id\":1000001467,\"type\":49,\"datetime\":1592801787,\"fakeid\":\"3073282833\",\"status\":2,\"content\":\"\"},\"app_msg_ext_info\":{\"title\":\"又双叒来，谷歌网络嵌入函数新专利惹争议，网友：何时申请线性回归？\",\"digest\":\"最近，谷歌又申请了一项深度学习算法专利。\",\"content\":\"\",\"fileid\":503306900,\"content_url\":\"http:\/\/mp.weixin.qq.com\/s?__biz=MzA3MzI4MjgzMw==&amp;mid=2650790580&amp;idx=1&amp;sn=5b68527754e0a8e496ba9f8d777fa0a8&amp;chksm=871a1ecab06d97dc88c800a6e2bea84638c95ef41ecd037ef41ed59730d7d085ff678400f25f&amp;scene=27#wechat_redirect\",\"source_url\":\"\",\"cover\":\"http:\/\/mmbiz.qpic.cn\/mmbiz_jpg\/KmXPKA19gWibdJkGYhicxdZxOcBJQ48aicMEaPWrWvzH7518yV7YDGiaJz4B2hTV16BIUjIpO3LmFpteZQ1BoRarqA\/0?wx_fmt=jpeg\",\"subtype\":9,\"is_multi\":1,\"multi_app_msg_item_list\":[{\"title\":\"​知者见于未萌：百度CTO王海峰与中国 AI 三十年\",\"digest\":\"知者见于未萌。在所有的竞争之中，有远见者都会被厚待。\",\"content\":\"\",\"fileid\":0,\"content_url\":\"http:\/\/mp.weixin.qq.com\/s?__biz=MzA3MzI4MjgzMw==&amp;mid=2650790580&amp;idx=2&amp;sn=60f7b6a1f1c9348ea4c21906cd273bfa&amp;chksm=871a1ecab06d97dcc04032a02476c2b97dabdcbbfc57ed7f1e499e888d62051ba7a3a70a16f7&amp;scene=27#wechat_redirect\",\"source_url\":\"\",\"cover\":\"http:\/\/mmbiz.qpic.cn\/mmbiz_jpg\/KmXPKA19gW8diaoQkniag2mTz72gAJARrN1z8T84DA1J4yN6Bm5C04HAKibFzc9TniccK8AibxPNz2Aibkx0Oibj62icmA\/0?wx_fmt=jpeg\",\"author\":\"\",\"copyright_stat\":100,\"del_flag\":1,\"item_show_type\":0,\"audio_fileid\":0,\"duration\":0,\"play_url\":\"\",\"malicious_title_reason_id\":0,\"malicious_content_type\":0},{\"title\":\"性能优于ReLU，斯坦福用周期激活函数构建隐式神经表示，Hinton点赞\",\"digest\":\"使用非线性周期函数构建的神经架构效果如何？\",\"content\":\"\",\"fileid\":503306928,\"content_url\":\"http:\/\/mp.weixin.qq.com\/s?__biz=MzA3MzI4MjgzMw==&amp;mid=2650790580&amp;idx=3&amp;sn=899c0b69ebd489c2c43c98597ed51578&amp;chksm=871a1ecab06d97dc14eb2f1c6cde02f10f8516180d309501d4e03ab6e69754993412b93e300f&amp;scene=27#wechat_redirect\",\"source_url\":\"http:\/\/synced2020.mikecrm.com\/b6uUBxK\",\"cover\":\"http:\/\/mmbiz.qpic.cn\/mmbiz_jpg\/KmXPKA19gWibdJkGYhicxdZxOcBJQ48aicMKaQFAHibdYxd29WFxMBpITrHbDWoYO2kPKRJQWCNeq263jrPSonNeicQ\/0?wx_fmt=jpeg\",\"author\":\"\",\"copyright_stat\":100,\"del_flag\":1,\"item_show_type\":0,\"audio_fileid\":0,\"duration\":0,\"play_url\":\"\",\"malicious_title_reason_id\":0,\"malicious_content_type\":0},{\"title\":\"10万视频，所有面部图像均获授权，Facebook创建大规模Deepfake数据集\",\"digest\":\"DFDC 数据集是目前最大的公开可用换脸视频数据集。\",\"content\":\"\",\"fileid\":0,\"content_url\":\"http:\/\/mp.weixin.qq.com\/s?__biz=MzA3MzI4MjgzMw==&amp;mid=2650790580&amp;idx=4&amp;sn=ebddaf4d1ebb806fca9a2e64477d8cd1&amp;chksm=871a1ecab06d97dc3d1db31ecd3dac7efff8f6be7b17f10b7f83f54352ecd0cc9523029b294e&amp;scene=27#wechat_redirect\",\"source_url\":\"http:\/\/synced2020.mikecrm.com\/b6uUBxK\",\"cover\":\"http:\/\/mmbiz.qpic.cn\/mmbiz_jpg\/KmXPKA19gW8diaoQkniag2mTz72gAJARrN1Kp77OBquRfwLbmSJxP7HiahqYicicic5OiagjVhbxk2icPYpoBJcIiaaI4pg\/0?wx_fmt=jpeg\",\"author\":\"\",\"copyright_stat\":100,\"del_flag\":1,\"item_show_type\":0,\"audio_fileid\":0,\"duration\":0,\"play_url\":\"\",\"malicious_title_reason_id\":0,\"malicious_content_type\":0},{\"title\":\"2020技术人才薪酬报告：四成人担心半年内遭遇失业危机，黑人平均薪资低于白人\",\"digest\":\"Hired 最近发布了《2020 年技术薪资报告》\",\"content\":\"\",\"fileid\":503306889,\"content_url\":\"http:\/\/mp.weixin.qq.com\/s?__biz=MzA3MzI4MjgzMw==&amp;mid=2650790580&amp;idx=5&amp;sn=c625de6216cb0eb482ba7b62a5d8a838&amp;chksm=871a1ecab06d97dc2c84e3586cd8d90d2498c26bc5eccd1a2a69901c9ed36e36e075ea69850a&amp;scene=27#wechat_redirect\",\"source_url\":\"http:\/\/synced2020.mikecrm.com\/b6uUBxK\",\"cover\":\"http:\/\/mmbiz.qpic.cn\/mmbiz_jpg\/KmXPKA19gWibdJkGYhicxdZxOcBJQ48aicMLyqvPK0QyaicBBibTn2KbFtldssrDP0h8icZpRzUE7CRgicbL9xBQFsxwQ\/0?wx_fmt=jpeg\",\"author\":\"\",\"copyright_stat\":100,\"del_flag\":1,\"item_show_type\":0,\"audio_fileid\":0,\"duration\":0,\"play_url\":\"\",\"malicious_title_reason_id\":0,\"malicious_content_type\":0}],\"author\":\"Synced\",\"copyright_stat\":11,\"duration\":0,\"del_flag\":1,\"item_show_type\":0,\"audio_fileid\":0,\"play_url\":\"\",\"malicious_title_reason_id\":0,\"malicious_content_type\":0}},{\"comm_msg_info\":{\"id\":1000001466,\"type\":49,\"datetime\":1592716320,\"fakeid\":\"3073282833\",\"status\":2,\"content\":\"\"},\"app_msg_ext_info\":{\"title\":\"高糊马赛克秒变高清，「脑补」面部细节，表情帝：这还是我吗？\",\"digest\":\"有了这个工具，我们终于能够看到马赛克下的那张脸了。\",\"content\":\"\",\"fileid\":503306864,\"content_url\":\"http:\/\/mp.weixin.qq.com\/s?__biz=MzA3MzI4MjgzMw==&amp;mid=2650790518&amp;idx=1&amp;sn=9c945d61631f7e42d85c64de03a59f93&amp;chksm=871a1e08b06d971e7fc961d01893e152ae7f8f7f5da99d12f25d5ca049d632fc45f77ea8eb8d&amp;scene=27#wechat_redirect\",\"source_url\":\"https:\/\/2020.baai.ac.cn\/?code=ELGGracI\",\"cover\":\"http:\/\/mmbiz.qpic.cn\/mmbiz_jpg\/KmXPKA19gW8diaoQkniag2mTz72gAJARrNFWm2DfL8Jsjpv8tn7AiaibTFt6NTD1lIsHDx2gtQcbyXI8UlwUr5mPcg\/0?wx_fmt=jpeg\",\"subtype\":9,\"is_multi\":1,\"multi_app_msg_item_list\":[{\"title\":\"对SHA-256感到好奇？这个项目教你如何可视化哈希函数的工作原理\",\"digest\":\"哈希算法到底是什么？它又是如何运行的？Greg Walker 用视频给出了一个可视化的解答，并在 GitHub 上进行了共享，详细介绍了 SHA-256 函数的工作原理。\",\"content\":\"\",\"fileid\":503306497,\"content_url\":\"http:\/\/mp.weixin.qq.com\/s?__biz=MzA3MzI4MjgzMw==&amp;mid=2650790518&amp;idx=2&amp;sn=81bd9e2da238b0cdea7df91b4368d8e3&amp;chksm=871a1e08b06d971e3eed35cd6ec5af4078758d05930186db2bc70de453b9dccfcd66d72548f2&amp;scene=27#wechat_redirect\",\"source_url\":\"http:\/\/synced2020.mikecrm.com\/b6uUBxK\",\"cover\":\"http:\/\/mmbiz.qpic.cn\/mmbiz_jpg\/KmXPKA19gWibfiaqF165MhCiaub12LSt0wh7az3JSQfAicyZ40CBXa2b7JFfUXoaiciclMZA0uEwBzIkllNgMrAdX9HA\/0?wx_fmt=jpeg\",\"author\":\"\",\"copyright_stat\":100,\"del_flag\":1,\"item_show_type\":0,\"audio_fileid\":0,\"duration\":0,\"play_url\":\"\",\"malicious_title_reason_id\":0,\"malicious_content_type\":0},{\"title\":\"7 Papers &amp; Radios | CVPR 2020获奖论文；知识蒸馏综述\",\"digest\":\"本周值得关注的是的论文还有百度研究院等提出的视频文本特征学习模型刷新了 5 项 SOTA。\",\"content\":\"\",\"fileid\":503294868,\"content_url\":\"http:\/\/mp.weixin.qq.com\/s?__biz=MzA3MzI4MjgzMw==&amp;mid=2650790518&amp;idx=3&amp;sn=f1980407e11b33c52644f21421c18f8d&amp;chksm=871a1e08b06d971ef8342f1bcb0096077b4de396f48d76a928ee394d0a83d8b9accbb78c57b9&amp;scene=27#wechat_redirect\",\"source_url\":\"\",\"cover\":\"http:\/\/mmbiz.qpic.cn\/mmbiz_jpg\/KmXPKA19gW8diaoQkniag2mTz72gAJARrN86K8SZ3KfshuRTvrQFCqM0Qiau8NherZnyX1bTxt3yzx98v3VoQ9cHw\/0?wx_fmt=jpeg\",\"author\":\"\",\"copyright_stat\":100,\"del_flag\":1,\"item_show_type\":0,\"audio_fileid\":0,\"duration\":0,\"play_url\":\"\",\"malicious_title_reason_id\":0,\"malicious_content_type\":0},{\"title\":\"WAIC 2020黑客马拉松倒计时：三大赛题落地，这个夏天最火热的开发者狂欢，邀你来战\",\"digest\":\"这场开发者狂欢活动，你准备好了吗？\",\"content\":\"\",\"fileid\":503306636,\"content_url\":\"http:\/\/mp.weixin.qq.com\/s?__biz=MzA3MzI4MjgzMw==&amp;mid=2650790518&amp;idx=4&amp;sn=6c3da95343c9bb1450f938f5c049bae4&amp;chksm=871a1e08b06d971ea5056c004051647f0346a7a7eeef487416fc78478ab4a0566f5edff6f9f3&amp;scene=27#wechat_redirect\",\"source_url\":\"http:\/\/synced2020.mikecrm.com\/b6uUBxK\",\"cover\":\"http:\/\/mmbiz.qpic.cn\/mmbiz_jpg\/KmXPKA19gW8ibU8W3aaMXXBRXKlobYwBaicCds8LwewXDsSicbb5IWkH47UrQHqRzQX4fzUPY6HgLJiaReDswuVb9g\/0?wx_fmt=jpeg\",\"author\":\"\",\"copyright_stat\":100,\"del_flag\":1,\"item_show_type\":0,\"audio_fileid\":0,\"duration\":0,\"play_url\":\"\",\"malicious_title_reason_id\":0,\"malicious_content_type\":0}],\"author\":\"\",\"copyright_stat\":100,\"duration\":0,\"del_flag\":1,\"item_show_type\":0,\"audio_fileid\":0,\"play_url\":\"\",\"malicious_title_reason_id\":0,\"malicious_content_type\":0}},{\"comm_msg_info\":{\"id\":1000001465,\"type\":49,\"datetime\":1592627033,\"fakeid\":\"3073282833\",\"status\":2,\"content\":\"\"},\"app_msg_ext_info\":{\"title\":\"推特知乎宣传一波，论文就能中顶会？时代变了，说不定真的可以\",\"digest\":\"在论文水平差距不大的情况下，大家真正比拼的可能会是 PR 能力。\",\"content\":\"\",\"fileid\":503306769,\"content_url\":\"http:\/\/mp.weixin.qq.com\/s?__biz=MzA3MzI4MjgzMw==&amp;mid=2650790438&amp;idx=1&amp;sn=d40750d654606849467478b126c0bd6e&amp;chksm=871a1e58b06d974e0ea50146abe3f1eba7a4e441a1adbc2f87c063093cbb64463589876c713b&amp;scene=27#wechat_redirect\",\"source_url\":\"https:\/\/2020.baai.ac.cn\/\",\"cover\":\"http:\/\/mmbiz.qpic.cn\/mmbiz_jpg\/KmXPKA19gWicsoiaaAFaBJ3XyvLp62dfibxq6ib78GSSuE9icia9HEAgCNfxcl4XhOprI8WVkicdlWmQicyjEiaYQ7SInRw\/0?wx_fmt=jpeg\",\"subtype\":9,\"is_multi\":1,\"multi_app_msg_item_list\":[{\"title\":\"来自一个插件的疯狂夸赞，VS Code「彩虹屁」插件问世，网友：我想要郭德纲版\",\"digest\":\"夸你代码写得好、陪你骂产品经理。\",\"content\":\"\",\"fileid\":503306788,\"content_url\":\"http:\/\/mp.weixin.qq.com\/s?__biz=MzA3MzI4MjgzMw==&amp;mid=2650790438&amp;idx=2&amp;sn=0cc46df672f159af457a79f1f71630c6&amp;chksm=871a1e58b06d974eebcefb40ab2f2ea0a22c8bc2e3e303ed0fbc0bf3d25cc2f23920ddf535de&amp;scene=27#wechat_redirect\",\"source_url\":\"http:\/\/synced2020.mikecrm.com\/b6uUBxK\",\"cover\":\"http:\/\/mmbiz.qpic.cn\/mmbiz_jpg\/KmXPKA19gWicsoiaaAFaBJ3XyvLp62dfibxjLpiblYiaDicbVRjhjUBJfjowcOZZz8S5x8oZtr96N69Z8evic1ua9cejA\/0?wx_fmt=jpeg\",\"author\":\"Synced\",\"copyright_stat\":11,\"del_flag\":1,\"item_show_type\":0,\"audio_fileid\":0,\"duration\":0,\"play_url\":\"\",\"malicious_title_reason_id\":0,\"malicious_content_type\":0},{\"title\":\"一行代码调用预训练模型，上海交大开源视频理解工具箱AlphaVideo\",\"digest\":\"上海交通大学卢策吾团队在《自然 - 机器智能》上发表视觉序列理解的研究成果，并开源了视频理解工具箱 AlphaVideo。\",\"content\":\"\",\"fileid\":0,\"content_url\":\"http:\/\/mp.weixin.qq.com\/s?__biz=MzA3MzI4MjgzMw==&amp;mid=2650790438&amp;idx=3&amp;sn=a4f1504a1585c61887bc242d38ef6850&amp;chksm=871a1e58b06d974e9278ec402a2f8211f63592f883984c198be0ed9fe6695089bce1000bc38b&amp;scene=27#wechat_redirect\",\"source_url\":\"http:\/\/synced2020.mikecrm.com\/b6uUBxK\",\"cover\":\"http:\/\/mmbiz.qpic.cn\/mmbiz_jpg\/KmXPKA19gW8hvpT1f8ZcVal22z4JibnwpQZibafrS5eoZPQIvRaRlGAd0AGFzHLiaVlpuRPCC0M9nYMpz3545w52A\/0?wx_fmt=jpeg\",\"author\":\"\",\"copyright_stat\":100,\"del_flag\":1,\"item_show_type\":0,\"audio_fileid\":0,\"duration\":0,\"play_url\":\"\",\"malicious_title_reason_id\":0,\"malicious_content_type\":0},{\"title\":\"CVPR 2020夜间行人检测挑战赛两冠一亚：DeepBlueAI团队获胜方案解读\",\"digest\":\"来自深兰科技北京 AI 研发中心的 DeepBlueAI 团队在 CVPR 2020 夜间行人检测挑战赛中斩落了两个冠军、一个亚军。本文将介绍该团队的解决方案。\",\"content\":\"\",\"fileid\":503306740,\"content_url\":\"http:\/\/mp.weixin.qq.com\/s?__biz=MzA3MzI4MjgzMw==&amp;mid=2650790438&amp;idx=4&amp;sn=b949b9b117a8102b8dc867c9cf55fcd7&amp;chksm=871a1e58b06d974ee266ebd573fd2b00cf43f5dc147b0e7d44cc321eac6d5d84564aeb2b4982&amp;scene=27#wechat_redirect\",\"source_url\":\"http:\/\/synced2020.mikecrm.com\/b6uUBxK\",\"cover\":\"http:\/\/mmbiz.qpic.cn\/mmbiz_jpg\/KmXPKA19gW8hvpT1f8ZcVal22z4JibnwpNxoJDPmlyvlXXs7XSYO0xYImkSuEP1PQwXQcqoBXPz2d6ibTrkXR79A\/0?wx_fmt=jpeg\",\"author\":\"\",\"copyright_stat\":100,\"del_flag\":1,\"item_show_type\":0,\"audio_fileid\":0,\"duration\":0,\"play_url\":\"\",\"malicious_title_reason_id\":0,\"malicious_content_type\":0}],\"author\":\"Synced\",\"copyright_stat\":11,\"duration\":0,\"del_flag\":1,\"item_show_type\":0,\"audio_fileid\":0,\"play_url\":\"\",\"malicious_title_reason_id\":0,\"malicious_content_type\":0}},{\"comm_msg_info\":{\"id\":1000001464,\"type\":49,\"datetime\":1592542091,\"fakeid\":\"3073282833\",\"status\":2,\"content\":\"\"},\"app_msg_ext_info\":{\"title\":\"爱因斯坦相对论证明勾股定理，人教版数学教材引围观，网友：我裂开了\",\"digest\":\"英语老师来教你数学？\",\"content\":\"\",\"fileid\":503306687,\"content_url\":\"http:\/\/mp.weixin.qq.com\/s?__biz=MzA3MzI4MjgzMw==&amp;mid=2650790372&amp;idx=1&amp;sn=9629c880ca14aab5039194b2755af468&amp;chksm=871a1d9ab06d948cde506d99b2183afa7ef5f5e5c5086b6d949ee58b8db2c637fdcc65ab25ad&amp;scene=27#wechat_redirect\",\"source_url\":\"https:\/\/2020.baai.ac.cn\/?code=ELGGracI\",\"cover\":\"http:\/\/mmbiz.qpic.cn\/mmbiz_jpg\/KmXPKA19gW8hvpT1f8ZcVal22z4JibnwpfTpE4m3YD3AmTqQJ4uY2T55icLEkfCbwsCT1IzN7vxeArrSc4IfL8fw\/0?wx_fmt=jpeg\",\"subtype\":9,\"is_multi\":1,\"multi_app_msg_item_list\":[{\"title\":\"机器之心「金炼奖」重磅发布，32家最强AI企业，32个最佳赋能解决方案，8家最佳服务机构\",\"digest\":\"刚刚，机器之心「金炼奖」正式发布！\",\"content\":\"\",\"fileid\":0,\"content_url\":\"http:\/\/mp.weixin.qq.com\/s?__biz=MzA3MzI4MjgzMw==&amp;mid=2650790372&amp;idx=2&amp;sn=1724238ab4da979c9a8128e9700af7e3&amp;chksm=871a1d9ab06d948c8b090c60ccb582f79087c5ca2e124522aac5c9816b0df9228544bd0495c8&amp;scene=27#wechat_redirect\",\"source_url\":\"http:\/\/jiqizhixin.mikecrm.com\/X9tYolc\",\"cover\":\"http:\/\/mmbiz.qpic.cn\/mmbiz_jpg\/KmXPKA19gW8hvpT1f8ZcVal22z4JibnwpiatB67XBBns7pia6yTmDIfKlQOqDFUvxL21kibRp9mvz59TIPYGz5yHSA\/0?wx_fmt=jpeg\",\"author\":\"Synced\",\"copyright_stat\":11,\"del_flag\":1,\"item_show_type\":0,\"audio_fileid\":0,\"duration\":0,\"play_url\":\"\",\"malicious_title_reason_id\":0,\"malicious_content_type\":0},{\"title\":\"未使用GPS与盲降系统，深度学习开的空客350你敢坐吗？\",\"digest\":\"深度学习开的A350你敢坐吗？\",\"content\":\"\",\"fileid\":0,\"content_url\":\"http:\/\/mp.weixin.qq.com\/s?__biz=MzA3MzI4MjgzMw==&amp;mid=2650790372&amp;idx=3&amp;sn=1bbad7562d1dd7c6d0b06d3bd5d43480&amp;chksm=871a1d9ab06d948c7ac546f3b128b0139caa7817502ad0bf64a9822054fc513009a7c21480c2&amp;scene=27#wechat_redirect\",\"source_url\":\"https:\/\/2020.baai.ac.cn\/?code=ELGGracI\",\"cover\":\"http:\/\/mmbiz.qpic.cn\/mmbiz_jpg\/KmXPKA19gW8hvpT1f8ZcVal22z4Jibnwpt6HlIE10nl3d2PDIKicd4l4msbxetS9RKPnWxhJjOsvflJAHzdOb0qA\/0?wx_fmt=jpeg\",\"author\":\"\",\"copyright_stat\":100,\"del_flag\":1,\"item_show_type\":0,\"audio_fileid\":0,\"duration\":0,\"play_url\":\"\",\"malicious_title_reason_id\":0,\"malicious_content_type\":0},{\"title\":\"刷新五项SOTA，百度ActBERT：基于动作和局部物体的视频文本特征学习模型\",\"digest\":\"ActBERT 在下游视频和语言任务上明显优于其他技术，展示了视频文本表示方面的学习能力。\",\"content\":\"\",\"fileid\":503306446,\"content_url\":\"http:\/\/mp.weixin.qq.com\/s?__biz=MzA3MzI4MjgzMw==&amp;mid=2650790372&amp;idx=4&amp;sn=4348d7ef117940d0365e2eb69980eb48&amp;chksm=871a1d9ab06d948c5da5eb4ebe6dc9d81ba8f1cddbc2de44290ff066373f42e857a983562e91&amp;scene=27#wechat_redirect\",\"source_url\":\"\",\"cover\":\"http:\/\/mmbiz.qpic.cn\/mmbiz_jpg\/KmXPKA19gWibfiaqF165MhCiaub12LSt0whmJryS4nCE8Sb6dzRqHibgnbmqfQprR7ardlGLXzRk64LgWL4qibfZheA\/0?wx_fmt=jpeg\",\"author\":\"\",\"copyright_stat\":100,\"del_flag\":1,\"item_show_type\":0,\"audio_fileid\":0,\"duration\":0,\"play_url\":\"\",\"malicious_title_reason_id\":0,\"malicious_content_type\":0},{\"title\":\"CVPR 2020最佳学生论文线上分享：一作亲自解读，速来围观\",\"digest\":\"我们邀请到了CVPR 2020最佳学生论文第一作者、西蒙弗雷泽大学 (SFU) 博士一年级学生陈之钦进行论文分享。\",\"content\":\"\",\"fileid\":0,\"content_url\":\"http:\/\/mp.weixin.qq.com\/s?__biz=MzA3MzI4MjgzMw==&amp;mid=2650790372&amp;idx=5&amp;sn=aa1375b804c8662f5f576a15c86c5886&amp;chksm=871a1d9ab06d948c6c1ba7a88d8492b032c29b5246999f357862dfd497769b6f8c34fa2926f1&amp;scene=27#wechat_redirect\",\"source_url\":\"\",\"cover\":\"http:\/\/mmbiz.qpic.cn\/mmbiz_jpg\/KmXPKA19gW8ibU8W3aaMXXBRXKlobYwBazqInEviaRPU9NrCLmvjLwAbytgKPpIJaY2aeibiaicyXetShTA9jhtIxeQ\/0?wx_fmt=jpeg\",\"author\":\"\",\"copyright_stat\":100,\"del_flag\":1,\"item_show_type\":0,\"audio_fileid\":0,\"duration\":0,\"play_url\":\"\",\"malicious_title_reason_id\":0,\"malicious_content_type\":0},{\"title\":\"WAIC 2020黑客马拉松倒计时：三大赛题落地，这个夏天最火热的开发者狂欢，邀你来战\",\"digest\":\"这场开发者狂欢活动，你准备好了吗？\",\"content\":\"\",\"fileid\":503306636,\"content_url\":\"http:\/\/mp.weixin.qq.com\/s?__biz=MzA3MzI4MjgzMw==&amp;mid=2650790372&amp;idx=6&amp;sn=7ed93239caf02649940b59250575b42e&amp;chksm=871a1d9ab06d948c46afd89b6e0b5e4b1f0c90f39d8c63ca33de3cbbcf2a2c3a72a7f387f3b5&amp;scene=27#wechat_redirect\",\"source_url\":\"http:\/\/synced2020.mikecrm.com\/b6uUBxK\",\"cover\":\"http:\/\/mmbiz.qpic.cn\/mmbiz_jpg\/KmXPKA19gW8ibU8W3aaMXXBRXKlobYwBaicCds8LwewXDsSicbb5IWkH47UrQHqRzQX4fzUPY6HgLJiaReDswuVb9g\/0?wx_fmt=jpeg\",\"author\":\"\",\"copyright_stat\":100,\"del_flag\":1,\"item_show_type\":0,\"audio_fileid\":0,\"duration\":0,\"play_url\":\"\",\"malicious_title_reason_id\":0,\"malicious_content_type\":0}],\"author\":\"Synced\",\"copyright_stat\":11,\"duration\":0,\"del_flag\":1,\"item_show_type\":0,\"audio_fileid\":0,\"play_url\":\"\",\"malicious_title_reason_id\":0,\"malicious_content_type\":0}},{\"comm_msg_info\":{\"id\":1000001463,\"type\":49,\"datetime\":1592456310,\"fakeid\":\"3073282833\",\"status\":2,\"content\":\"\"},\"app_msg_ext_info\":{\"title\":\"速度提升、准确率更胜一筹，周志华等人提出可微XGBoost算法sGBM\",\"digest\":\"相比于传统的「硬」GBM，sGBM 在准确度、训练时间和增量学习等多方面都有更优的表现。\",\"content\":\"\",\"fileid\":0,\"content_url\":\"http:\/\/mp.weixin.qq.com\/s?__biz=MzA3MzI4MjgzMw==&amp;mid=2650790275&amp;idx=1&amp;sn=39414f53524e284b0bc5e34012e94b99&amp;chksm=871a1dfdb06d94ebc035c3cee8be4507e14ccc64ea209c3b010c80273447ab6975bacee30156&amp;scene=27#wechat_redirect\",\"source_url\":\"\",\"cover\":\"http:\/\/mmbiz.qpic.cn\/mmbiz_jpg\/KmXPKA19gW8ibU8W3aaMXXBRXKlobYwBak4VqyggFmllRnfE6s7FoM5uHBQ6LWuS9ic5ZKqibancI146DHAUISnCA\/0?wx_fmt=jpeg\",\"subtype\":9,\"is_multi\":1,\"multi_app_msg_item_list\":[{\"title\":\"模型跨界成潮流？OpenAI用GPT-2做图像分类，实现SOTA性能\",\"digest\":\"图像领域的 GPT 模型终于来了！\",\"content\":\"\",\"fileid\":503306619,\"content_url\":\"http:\/\/mp.weixin.qq.com\/s?__biz=MzA3MzI4MjgzMw==&amp;mid=2650790275&amp;idx=2&amp;sn=ed0785e003a1b623cfb27983a2072fa6&amp;chksm=871a1dfdb06d94eb0325ad35812dc106738787d6eb696fc2c622123dbb2af2c8300e7e36d581&amp;scene=27#wechat_redirect\",\"source_url\":\"https:\/\/2020.baai.ac.cn\/?code=ELGGracI\",\"cover\":\"http:\/\/mmbiz.qpic.cn\/mmbiz_jpg\/KmXPKA19gW8ibU8W3aaMXXBRXKlobYwBaXjnHvfu7CsrLaGQI7KtmKdlaVqrrqqNuSy9XbkiaAuDRxEzJd5ibiaibow\/0?wx_fmt=jpeg\",\"author\":\"\",\"copyright_stat\":100,\"del_flag\":1,\"item_show_type\":0,\"audio_fileid\":0,\"duration\":0,\"play_url\":\"\",\"malicious_title_reason_id\":0,\"malicious_content_type\":0},{\"title\":\"ICML 2020最全数据分析：超半数接收论文来自美国，中国大陆、英国仅为其1\/6\",\"digest\":\"一位名叫 Sergei Ivanov 的 Medium 博主对本次大会的论文接收数据进行了详细整理，为我们揭示了顶会背后的更多规律。\",\"content\":\"\",\"fileid\":503306602,\"content_url\":\"http:\/\/mp.weixin.qq.com\/s?__biz=MzA3MzI4MjgzMw==&amp;mid=2650790275&amp;idx=3&amp;sn=aae7a2f731d75d95a4de0a06ed8be86d&amp;chksm=871a1dfdb06d94ebdaa6b16d40cc68c4bf9b3da4a673a6d324fbf0da30707c6a1a34545df365&amp;scene=27#wechat_redirect\",\"source_url\":\"\",\"cover\":\"http:\/\/mmbiz.qpic.cn\/mmbiz_jpg\/KmXPKA19gW8ibU8W3aaMXXBRXKlobYwBaq4sw11ANWuopXvIa224NexeKkFUEYSADmxgwibCVCGuszmkKeB2lIEA\/0?wx_fmt=jpeg\",\"author\":\"\",\"copyright_stat\":100,\"del_flag\":1,\"item_show_type\":0,\"audio_fileid\":0,\"duration\":0,\"play_url\":\"\",\"malicious_title_reason_id\":0,\"malicious_content_type\":0},{\"title\":\"一行命令跑评测，港中文MMLab开源自监督表征学习代码库OpenSelfSup\",\"digest\":\"近日，香港中文大学多媒体实验室（MMLab）和南洋理工大学的研究者开源了一套统一的自监督学习代码库 OpenSelfSup。\",\"content\":\"\",\"fileid\":503306428,\"content_url\":\"http:\/\/mp.weixin.qq.com\/s?__biz=MzA3MzI4MjgzMw==&amp;mid=2650790275&amp;idx=4&amp;sn=76355ddc2252f35b17f1f16adc42bc4d&amp;chksm=871a1dfdb06d94ebfa9b0b58f5d563278aba1e87be08abcde2841c7df9c8646171bf1ddb9a1c&amp;scene=27#wechat_redirect\",\"source_url\":\"\",\"cover\":\"http:\/\/mmbiz.qpic.cn\/mmbiz_jpg\/KmXPKA19gWibfiaqF165MhCiaub12LSt0whXiaiagCdOibIoicxG1RLuaySohPE487cdbBbYyGeLq0X4X6BBj0tib3h2cg\/0?wx_fmt=jpeg\",\"author\":\"\",\"copyright_stat\":100,\"del_flag\":1,\"item_show_type\":0,\"audio_fileid\":0,\"duration\":0,\"play_url\":\"\",\"malicious_title_reason_id\":0,\"malicious_content_type\":0},{\"title\":\"详解何恺明团队最新作品：源于Facebook AI的RegNet\",\"digest\":\"在类似的条件下，何恺明组设计出的网络超越了当前表现最佳的 EfficientNet 模型，在 GPU 上实现了 5 倍的加速。本文是对这一论文的详细解读。\",\"content\":\"\",\"fileid\":503306546,\"content_url\":\"http:\/\/mp.weixin.qq.com\/s?__biz=MzA3MzI4MjgzMw==&amp;mid=2650790275&amp;idx=5&amp;sn=1199eb6e163dc3c9d954dc7ca1b07d14&amp;chksm=871a1dfdb06d94ebe112416342126a5688e9aa48d5dd3a2e510d9164e2372f2db677673bcbeb&amp;scene=27#wechat_redirect\",\"source_url\":\"\",\"cover\":\"http:\/\/mmbiz.qpic.cn\/mmbiz_jpg\/KmXPKA19gW8ibU8W3aaMXXBRXKlobYwBakPJ7KkoHftgKvibuNK9hgvGeucicTp1DiaLXOPLgTQkdricgan6kAdsHMw\/0?wx_fmt=jpeg\",\"author\":\"计算机视觉\",\"copyright_stat\":101,\"del_flag\":1,\"item_show_type\":0,\"audio_fileid\":0,\"duration\":0,\"play_url\":\"\",\"malicious_title_reason_id\":0,\"malicious_content_type\":0}],\"author\":\"\",\"copyright_stat\":100,\"duration\":0,\"del_flag\":1,\"item_show_type\":0,\"audio_fileid\":0,\"play_url\":\"\",\"malicious_title_reason_id\":0,\"malicious_content_type\":0}}]}","next_offset":363,"video_count":1,"use_video_tab":1,"real_type":0,"home_page_list":[]}