{"ret":0,"errmsg":"ok","msg_count":10,"can_msg_continue":1,"general_msg_list":"{\"list\":[{\"comm_msg_info\":{\"id\":1000001805,\"type\":49,\"datetime\":1621743343,\"fakeid\":\"3073282833\",\"status\":2,\"content\":\"\"},\"app_msg_ext_info\":{\"title\":\"MLP给视觉研究带来潜在惊喜？近期MLP图像分类工作概览分析\",\"digest\":\"MLP 未来值得学者们去探索和实现。\",\"content\":\"\",\"fileid\":503332788,\"content_url\":\"http:\/\/mp.weixin.qq.com\/s?__biz=MzA3MzI4MjgzMw==&amp;mid=2650816442&amp;idx=1&amp;sn=51ed15dc53cc7619a065f9c16b5c3b84&amp;chksm=84e5fbc4b39272d2e3112fadd9f189a3fc5c814b153e10d7a054a23d54c674ed834c56ed6c3d&amp;scene=27#wechat_redirect\",\"source_url\":\"https:\/\/jiqizhixin.mikecrm.com\/rg2RY52\",\"cover\":\"http:\/\/mmbiz.qpic.cn\/mmbiz_jpg\/KmXPKA19gWicvyZTJUTib951mdUFiatZJ4JxA7Tsa2GibQlgGXd9XJ4mIFbDn3POrRMftG56ia4l4AdTEt9sicaamrBw\/0?wx_fmt=jpeg\",\"subtype\":9,\"is_multi\":1,\"multi_app_msg_item_list\":[{\"title\":\"人为「刷」论文引用量，米兰理工教授被IEEE惩罚，奖项被撤销\",\"digest\":\"学术研究应保持纯洁性和真实性。\",\"content\":\"\",\"fileid\":503332785,\"content_url\":\"http:\/\/mp.weixin.qq.com\/s?__biz=MzA3MzI4MjgzMw==&amp;mid=2650816442&amp;idx=2&amp;sn=dfbca79f78ea5533ea7c1a44769c0617&amp;chksm=84e5fbc4b39272d2919831f68a444a917573f9831c602da3c95949de8bfce21bdd4a74b414eb&amp;scene=27#wechat_redirect\",\"source_url\":\"https:\/\/jmq.h5.xeknow.com\/s\/4ENAqT\",\"cover\":\"http:\/\/mmbiz.qpic.cn\/mmbiz_jpg\/KmXPKA19gWicvyZTJUTib951mdUFiatZJ4Jnn6QKdwhHGJYibbUqqwib4ibHU2xIXXNMlTDupbalm14SwxU3obo1OVgQ\/0?wx_fmt=jpeg\",\"author\":\"\",\"copyright_stat\":100,\"del_flag\":1,\"item_show_type\":0,\"audio_fileid\":0,\"duration\":0,\"play_url\":\"\",\"malicious_title_reason_id\":0,\"malicious_content_type\":0},{\"title\":\"基于会话推荐系统最新长文综述，163篇参考文献，已被ACM Computing Surveys接收\",\"digest\":\"基于会话的推荐系统方向的一篇较为系统全面的综述文章。\",\"content\":\"\",\"fileid\":0,\"content_url\":\"http:\/\/mp.weixin.qq.com\/s?__biz=MzA3MzI4MjgzMw==&amp;mid=2650816442&amp;idx=3&amp;sn=f24fc14251d363fa55028081f051d2fe&amp;chksm=84e5fbc4b39272d2b743f75c38fa91768a3c5b7c763f438fb71dbe6a9a3515b541456984d8d6&amp;scene=27#wechat_redirect\",\"source_url\":\"https:\/\/jmq.h5.xeknow.com\/s\/4ENAqT\",\"cover\":\"http:\/\/mmbiz.qpic.cn\/mmbiz_jpg\/KmXPKA19gW9CzYQIHIeP9TyhGIibLLM9SvwFVDABbsyxGql0Cvicx6DKcZ3bN3KQLYLbHAjPia2mxDqW6A6ZMI18Q\/0?wx_fmt=jpeg\",\"author\":\"Shoujin Wang\",\"copyright_stat\":101,\"del_flag\":1,\"item_show_type\":0,\"audio_fileid\":0,\"duration\":0,\"play_url\":\"\",\"malicious_title_reason_id\":0,\"malicious_content_type\":0},{\"title\":\"7 Papers &amp; Radios | Transformer助力CAD草图生成；光学神经网络做数字识别\",\"digest\":\"本周论文推荐。\",\"content\":\"\",\"fileid\":503328687,\"content_url\":\"http:\/\/mp.weixin.qq.com\/s?__biz=MzA3MzI4MjgzMw==&amp;mid=2650816442&amp;idx=4&amp;sn=e01555f67bfa9f6b2da1b52ebb8ab3c6&amp;chksm=84e5fbc4b39272d2bc8e30a5805d783b11e9ff87589d10303d957c6a4fce4cfcbeb6fc1427fd&amp;scene=27#wechat_redirect\",\"source_url\":\"\",\"cover\":\"http:\/\/mmbiz.qpic.cn\/mmbiz_jpg\/KmXPKA19gWicvyZTJUTib951mdUFiatZJ4JEUW9zaOs2iavbp8eF73Xox5RMkdibXrDbibQPvvWWicKMicdibY6l4b5JBYQ\/0?wx_fmt=jpeg\",\"author\":\"\",\"copyright_stat\":100,\"del_flag\":1,\"item_show_type\":0,\"audio_fileid\":0,\"duration\":0,\"play_url\":\"\",\"malicious_title_reason_id\":0,\"malicious_content_type\":0},{\"title\":\"卡位农业大数据\",\"digest\":\"农场物联网和大数据技术仍然面临不少挑战。\",\"content\":\"\",\"fileid\":0,\"content_url\":\"http:\/\/mp.weixin.qq.com\/s?__biz=MzA3MzI4MjgzMw==&amp;mid=2650816442&amp;idx=5&amp;sn=77951bf1e6bcde63561e462896a1b5ed&amp;chksm=84e5fbc4b39272d29f1d2eb529982dc1721c47e30ccf9822be96f9c2ac32d7345e1216a7851b&amp;scene=27#wechat_redirect\",\"source_url\":\"\",\"cover\":\"http:\/\/mmbiz.qpic.cn\/sz_mmbiz_jpg\/DT8udUick9sK4v2JdcEdtLicy11ZcIZ8MYNWX9PAIWgPMhKzhV1ltPAPo1KapWeECpgWGdgicnAygVYGpGGZRTTibg\/0?wx_fmt=jpeg\",\"author\":\"微胖\",\"copyright_stat\":201,\"del_flag\":1,\"item_show_type\":0,\"audio_fileid\":0,\"duration\":0,\"play_url\":\"\",\"malicious_title_reason_id\":0,\"malicious_content_type\":0}],\"author\":\"Angulia Chao\",\"copyright_stat\":11,\"duration\":0,\"del_flag\":1,\"item_show_type\":0,\"audio_fileid\":0,\"play_url\":\"\",\"malicious_title_reason_id\":0,\"malicious_content_type\":0}},{\"comm_msg_info\":{\"id\":1000001804,\"type\":49,\"datetime\":1621658930,\"fakeid\":\"3073282833\",\"status\":2,\"content\":\"\"},\"app_msg_ext_info\":{\"title\":\"2021年机器学习什么风向？谷歌大神Quoc Le：把注意力放在MLP上\",\"digest\":\"你说的这个MLP，它和transformer有什么区别？\",\"content\":\"\",\"fileid\":503332729,\"content_url\":\"http:\/\/mp.weixin.qq.com\/s?__biz=MzA3MzI4MjgzMw==&amp;mid=2650816385&amp;idx=1&amp;sn=9374d47f39c972894d7c4f4e3f75e9f9&amp;chksm=84e5fbffb39272e963e834effd639d7239ca5c894fbf2f78781084fe787e4869e6ccd5d089a3&amp;scene=27#wechat_redirect\",\"source_url\":\"https:\/\/jmq.h5.xeknow.com\/s\/4ENAqT\",\"cover\":\"http:\/\/mmbiz.qpic.cn\/mmbiz_jpg\/KmXPKA19gW8xib9JQsonz1EEFjY2hXS9L4dslibuctFj2lEJfyMd8DeYtibaDoKicEhG0KfaykdiciapiabQfWHyhdJww\/0?wx_fmt=jpeg\",\"subtype\":9,\"is_multi\":1,\"multi_app_msg_item_list\":[{\"title\":\"能效比提升超两倍，全球最高效ADC芯片问世\",\"digest\":\"杨百翰大学的一项研究让ADC的效率提升了数倍。\",\"content\":\"\",\"fileid\":503332732,\"content_url\":\"http:\/\/mp.weixin.qq.com\/s?__biz=MzA3MzI4MjgzMw==&amp;mid=2650816385&amp;idx=2&amp;sn=386958f9017664d07bfc4cddda739371&amp;chksm=84e5fbffb39272e9c744d71fc6453f3cdba0d89997aa9cc583667e51dc6cafa41b0d9f73e7a6&amp;scene=27#wechat_redirect\",\"source_url\":\"https:\/\/jmq.h5.xeknow.com\/s\/4ENAqT\",\"cover\":\"http:\/\/mmbiz.qpic.cn\/mmbiz_jpg\/KmXPKA19gW8xib9JQsonz1EEFjY2hXS9LIXt0vJDDGB0cnk34WyQX9lL4qiaHBySzfIq5ORk9icp9xJptGbbyhicBA\/0?wx_fmt=jpeg\",\"author\":\"\",\"copyright_stat\":100,\"del_flag\":1,\"item_show_type\":0,\"audio_fileid\":0,\"duration\":0,\"play_url\":\"\",\"malicious_title_reason_id\":0,\"malicious_content_type\":0},{\"title\":\"我，波士顿动力的机器人工程师，这是我的一天\",\"digest\":\"波士顿动力员工的一天。\",\"content\":\"\",\"fileid\":0,\"content_url\":\"http:\/\/mp.weixin.qq.com\/s?__biz=MzA3MzI4MjgzMw==&amp;mid=2650816385&amp;idx=3&amp;sn=358c9b5de9ee77d82e47e01a44162940&amp;chksm=84e5fbffb39272e9a02d1d8e46d291a240524286bf2fc968d36fed10bd7722a0d55a65bd2d4c&amp;scene=27#wechat_redirect\",\"source_url\":\"https:\/\/jmq.h5.xeknow.com\/s\/4ENAqT\",\"cover\":\"http:\/\/mmbiz.qpic.cn\/mmbiz_jpg\/KmXPKA19gWibIx53RMd5kF9UpknTX8afoMkpUnHwKsdh0J1dxoMib99nZ5jueNNLgykuRT7mvr9guoY9CMsCibggQ\/0?wx_fmt=jpeg\",\"author\":\"\",\"copyright_stat\":100,\"del_flag\":1,\"item_show_type\":0,\"audio_fileid\":0,\"duration\":0,\"play_url\":\"\",\"malicious_title_reason_id\":0,\"malicious_content_type\":0},{\"title\":\"特斯拉死磕「视觉感知」撤下雷达，真的靠谱吗？\",\"digest\":\"唯一一个雷达都不要了，特斯拉能靠纯视觉感知走多远？\",\"content\":\"\",\"fileid\":0,\"content_url\":\"http:\/\/mp.weixin.qq.com\/s?__biz=MzA3MzI4MjgzMw==&amp;mid=2650816385&amp;idx=4&amp;sn=78bf6ce51a50685a9982c8c743ce8fed&amp;chksm=84e5fbffb39272e98f3c6c87bb3f03aa5f937b1ceac4de4000119d773370da8c277ede3e335f&amp;scene=27#wechat_redirect\",\"source_url\":\"https:\/\/jmq.h5.xeknow.com\/s\/4ENAqT\",\"cover\":\"http:\/\/mmbiz.qpic.cn\/mmbiz_jpg\/KmXPKA19gW8xib9JQsonz1EEFjY2hXS9LjPSzM1yjgM9gS0hW5USYpOGf8uuAHeor6KLuksXVqZuEoycsPBxX2g\/0?wx_fmt=jpeg\",\"author\":\"Auto Byte\",\"copyright_stat\":101,\"del_flag\":1,\"item_show_type\":0,\"audio_fileid\":0,\"duration\":0,\"play_url\":\"\",\"malicious_title_reason_id\":0,\"malicious_content_type\":0},{\"title\":\"深度学习近似建模，助力飞越「维数灾难」温度场\",\"digest\":\"来自国防科技创新研究院的IDRL团队构建了一整套用于热布局温度场预测研究的标准数据集、深度神经网络近似建模方法以及代理模型性能评估基准。\",\"content\":\"\",\"fileid\":0,\"content_url\":\"http:\/\/mp.weixin.qq.com\/s?__biz=MzA3MzI4MjgzMw==&amp;mid=2650816385&amp;idx=5&amp;sn=95d7d685d955abd25725f22a51b0d0e5&amp;chksm=84e5fbffb39272e907fc4a66b019cd532b926702ce2805d00210f4f35a61da87c62898810f72&amp;scene=27#wechat_redirect\",\"source_url\":\"https:\/\/jmq.h5.xeknow.com\/s\/4ENAqT\",\"cover\":\"http:\/\/mmbiz.qpic.cn\/mmbiz_jpg\/KmXPKA19gW8xib9JQsonz1EEFjY2hXS9L1v2wLfzviauHHKBeQx0s3tBXdjaUhpv4MPhNrgT8FwqLjMWibialFbdpA\/0?wx_fmt=jpeg\",\"author\":\"\",\"copyright_stat\":100,\"del_flag\":1,\"item_show_type\":0,\"audio_fileid\":0,\"duration\":0,\"play_url\":\"\",\"malicious_title_reason_id\":0,\"malicious_content_type\":0}],\"author\":\"\",\"copyright_stat\":100,\"duration\":0,\"del_flag\":1,\"item_show_type\":0,\"audio_fileid\":0,\"play_url\":\"\",\"malicious_title_reason_id\":0,\"malicious_content_type\":0}},{\"comm_msg_info\":{\"id\":1000001803,\"type\":49,\"datetime\":1621592330,\"fakeid\":\"3073282833\",\"status\":2,\"content\":\"\"},\"app_msg_ext_info\":{\"title\":\"320万开发者在用的飞桨，全新发布推理部署导航图：打通AI应用最后一公里\",\"digest\":\"在飞桨框架的版本号升级到2.1之后，一切都已不一样了。\",\"content\":\"\",\"fileid\":503332540,\"content_url\":\"http:\/\/mp.weixin.qq.com\/s?__biz=MzA3MzI4MjgzMw==&amp;mid=2650816316&amp;idx=1&amp;sn=a8e5f5e06c036ab4fc5d169f9a87911b&amp;chksm=84e5fb42b39272544aa7d1c36e6fad74c4119072b1c7686d47a639c35ba26250d60296de4e82&amp;scene=27#wechat_redirect\",\"source_url\":\"https:\/\/www.paddlepaddle.org.cn\/wholechain\",\"cover\":\"http:\/\/mmbiz.qpic.cn\/mmbiz_jpg\/KmXPKA19gW9CzYQIHIeP9TyhGIibLLM9SojwahjJzWibdUMyMLNkficTxL4tticckbmJ0PXg0q0XbAibuIkMcdsFFnQ\/0?wx_fmt=jpeg\",\"subtype\":9,\"is_multi\":1,\"multi_app_msg_item_list\":[{\"title\":\"CVPR 2021论文分享会Keynote嘉宾揭晓，这场大型线下学术活动等你来\",\"digest\":\"四位来自业界、学术界的计算机视觉大咖将为观众带来精彩的主题演讲\",\"content\":\"\",\"fileid\":0,\"content_url\":\"http:\/\/mp.weixin.qq.com\/s?__biz=MzA3MzI4MjgzMw==&amp;mid=2650816316&amp;idx=2&amp;sn=17331a6d5fe6cb356382fea93c1dc5fe&amp;chksm=84e5fb42b392725413c48522ef29b4a17fa8eded70ca237b97a3c2721ea8eb5039b8989fb62d&amp;scene=27#wechat_redirect\",\"source_url\":\"https:\/\/jiqizhixin.mikecrm.com\/SQARemF\",\"cover\":\"http:\/\/mmbiz.qpic.cn\/mmbiz_jpg\/KmXPKA19gW9CzYQIHIeP9TyhGIibLLM9SCnfiaic4BVIiazR8icJwCy9dwuJx2ia9ML07lqNm5mc7XDZtQV9e6CZSAicg\/0?wx_fmt=jpeg\",\"author\":\"\",\"copyright_stat\":100,\"del_flag\":1,\"item_show_type\":0,\"audio_fileid\":0,\"duration\":0,\"play_url\":\"\",\"malicious_title_reason_id\":0,\"malicious_content_type\":0},{\"title\":\"电动车真的更环保？Science：必须在2030以前解决锂电池污染问题\",\"digest\":\"否则上亿辆电动车的锂电池，都不知道该怎么回收。\",\"content\":\"\",\"fileid\":503332562,\"content_url\":\"http:\/\/mp.weixin.qq.com\/s?__biz=MzA3MzI4MjgzMw==&amp;mid=2650816316&amp;idx=3&amp;sn=a25c154856d0e4706675d45e1e579043&amp;chksm=84e5fb42b392725486505d953255fc9980fe97749d5eb174263eeac4d96b64caa8a6736051e6&amp;scene=27#wechat_redirect\",\"source_url\":\"https:\/\/jmq.h5.xeknow.com\/s\/2Zdyt1\",\"cover\":\"http:\/\/mmbiz.qpic.cn\/mmbiz_jpg\/KmXPKA19gW9CzYQIHIeP9TyhGIibLLM9SkCw200UTz1eZ6BWPCyLNlJcgOrloLYfzdb2AOswItTuRw3IH4hl1XQ\/0?wx_fmt=jpeg\",\"author\":\"\",\"copyright_stat\":100,\"del_flag\":1,\"item_show_type\":0,\"audio_fileid\":0,\"duration\":0,\"play_url\":\"\",\"malicious_title_reason_id\":0,\"malicious_content_type\":0},{\"title\":\"摄像头、雷达、地图都不用，双足机器人走路全靠「我觉得」\",\"digest\":\"可以上下楼梯的双足机器人。\",\"content\":\"\",\"fileid\":503332565,\"content_url\":\"http:\/\/mp.weixin.qq.com\/s?__biz=MzA3MzI4MjgzMw==&amp;mid=2650816316&amp;idx=4&amp;sn=928264494a533b12a47dac7702587cc5&amp;chksm=84e5fb42b392725480a389577f0217df7b16faf0f1e018de3a6b9622280d0350448073ab06d0&amp;scene=27#wechat_redirect\",\"source_url\":\"https:\/\/jmq.h5.xeknow.com\/s\/2Zdyt1\",\"cover\":\"http:\/\/mmbiz.qpic.cn\/mmbiz_jpg\/KmXPKA19gW9CzYQIHIeP9TyhGIibLLM9Smj7lM0D7lJneUiafwcV27RVicrmf0f1505TwukTHibOXryLNDNmS9V8yw\/0?wx_fmt=jpeg\",\"author\":\"\",\"copyright_stat\":100,\"del_flag\":1,\"item_show_type\":0,\"audio_fileid\":0,\"duration\":0,\"play_url\":\"\",\"malicious_title_reason_id\":0,\"malicious_content_type\":0},{\"title\":\"准确率可提升50%以上，Facebook用迁移学习改进代码自动补全\",\"digest\":\"该研究表明迁移学习有可能为不太流行的编程语言提高代码自动补全能力。\",\"content\":\"\",\"fileid\":503332544,\"content_url\":\"http:\/\/mp.weixin.qq.com\/s?__biz=MzA3MzI4MjgzMw==&amp;mid=2650816316&amp;idx=5&amp;sn=f94a2852d25a2c3af814dfa7a6e0a542&amp;chksm=84e5fb42b39272540804e36bbf7cbb7c3b3e4139d52ca41cb6fdfa354b40bf1346e32ef856c7&amp;scene=27#wechat_redirect\",\"source_url\":\"https:\/\/jmq.h5.xeknow.com\/s\/2Zdyt1\",\"cover\":\"http:\/\/mmbiz.qpic.cn\/mmbiz_jpg\/KmXPKA19gW9CzYQIHIeP9TyhGIibLLM9SynjqlNHVesKStyn7ZUIsiccbUhpP7h1ymgL9QcSkfeYfMDKMVqeebwg\/0?wx_fmt=jpeg\",\"author\":\"\",\"copyright_stat\":100,\"del_flag\":1,\"item_show_type\":0,\"audio_fileid\":0,\"duration\":0,\"play_url\":\"\",\"malicious_title_reason_id\":0,\"malicious_content_type\":0}],\"author\":\"Synced\",\"copyright_stat\":11,\"duration\":0,\"del_flag\":1,\"item_show_type\":0,\"audio_fileid\":0,\"play_url\":\"\",\"malicious_title_reason_id\":0,\"malicious_content_type\":0}},{\"comm_msg_info\":{\"id\":1000001802,\"type\":49,\"datetime\":1621481583,\"fakeid\":\"3073282833\",\"status\":2,\"content\":\"\"},\"app_msg_ext_info\":{\"title\":\"刚刚，张一鸣宣布卸任字节跳动CEO，联合创始人梁汝波接任\",\"digest\":\"抓住了 AI 时代的机遇，基于机器学习技术在移动端和视频上进行创新与实践，取得了一些成绩。\",\"content\":\"\",\"fileid\":503332500,\"content_url\":\"http:\/\/mp.weixin.qq.com\/s?__biz=MzA3MzI4MjgzMw==&amp;mid=2650816154&amp;idx=1&amp;sn=302845d35f729fadf708dc75c9095596&amp;chksm=84e5fae4b39273f262e48a45c54e584e59f785346d34dfcf5eb0f92270a0f78475125c988789&amp;scene=27#wechat_redirect\",\"source_url\":\"https:\/\/jmq.h5.xeknow.com\/s\/2Zdyt1\",\"cover\":\"http:\/\/mmbiz.qpic.cn\/mmbiz_jpg\/KmXPKA19gWibBFsLa4DH4WrKbLmiaSFB4g8N09t8NicicFE7fp6w7crc8ShpnCOibq8H22JgsgFojHic0icJmViaYZDEHQ\/0?wx_fmt=jpeg\",\"subtype\":9,\"is_multi\":1,\"multi_app_msg_item_list\":[{\"title\":\"对下答案？​5万人报名2021阿里全球数学竞赛预选赛，第一题仅2000多人选对\",\"digest\":\"考试结束了，来做一遍真题吧。\",\"content\":\"\",\"fileid\":503332451,\"content_url\":\"http:\/\/mp.weixin.qq.com\/s?__biz=MzA3MzI4MjgzMw==&amp;mid=2650816154&amp;idx=2&amp;sn=92572d3d344a14a923ebac50a4b40692&amp;chksm=84e5fae4b39273f21f0db883ac6628f5a00642b330b11947461e2cc24642fb2bcfcafa782110&amp;scene=27#wechat_redirect\",\"source_url\":\"https:\/\/jmq.h5.xeknow.com\/s\/2Zdyt1\",\"cover\":\"http:\/\/mmbiz.qpic.cn\/mmbiz_jpg\/KmXPKA19gWibBFsLa4DH4WrKbLmiaSFB4gvWdt2WPbCAAXYJHbDXPiaCMerHMic6GKZfFG6Ncv10HnOicwkLe2tz4Xw\/0?wx_fmt=jpeg\",\"author\":\"\",\"copyright_stat\":100,\"del_flag\":1,\"item_show_type\":0,\"audio_fileid\":0,\"duration\":0,\"play_url\":\"\",\"malicious_title_reason_id\":0,\"malicious_content_type\":0},{\"title\":\"CMU博士、姚班助理教授张焕晨获SIGMOD Jim Gray博士论文奖，华人首次\",\"digest\":\"2021 年度吉姆 · 格雷（Jim Gray）最佳博士论文奖公布。\",\"content\":\"\",\"fileid\":0,\"content_url\":\"http:\/\/mp.weixin.qq.com\/s?__biz=MzA3MzI4MjgzMw==&amp;mid=2650816154&amp;idx=3&amp;sn=fc239c749605d9ad11f5266396bbfa43&amp;chksm=84e5fae4b39273f2ae38286aa2045127de04f4eeb8bd122f09a8ca15cb0880b1d12cdc73ffd5&amp;scene=27#wechat_redirect\",\"source_url\":\"https:\/\/jmq.h5.xeknow.com\/s\/2mFRlM\",\"cover\":\"http:\/\/mmbiz.qpic.cn\/mmbiz_jpg\/KmXPKA19gWibBFsLa4DH4WrKbLmiaSFB4grMYddAufQVBdoOj0LqykY6NfRoGSoxUEDFmdbVeUK5ibBqLkb27gVeA\/0?wx_fmt=jpeg\",\"author\":\"\",\"copyright_stat\":100,\"del_flag\":1,\"item_show_type\":0,\"audio_fileid\":0,\"duration\":0,\"play_url\":\"\",\"malicious_title_reason_id\":0,\"malicious_content_type\":0},{\"title\":\"当联邦学习保护数据隐私，如何保证其自身的安全性？\",\"digest\":\"联邦学习安全性综述。\",\"content\":\"\",\"fileid\":503332383,\"content_url\":\"http:\/\/mp.weixin.qq.com\/s?__biz=MzA3MzI4MjgzMw==&amp;mid=2650816154&amp;idx=4&amp;sn=9b6e258aed795b71fbcfc1bb84a6d6d8&amp;chksm=84e5fae4b39273f2f3d5eff6c9c4e6439e82bffc64e0937a609b479414975713db7e52fa194c&amp;scene=27#wechat_redirect\",\"source_url\":\"https:\/\/jmq.h5.xeknow.com\/s\/2mFRlM\",\"cover\":\"http:\/\/mmbiz.qpic.cn\/mmbiz_jpg\/KmXPKA19gWibIx53RMd5kF9UpknTX8afop5SoTWu2zTdCooUhOo5iaSSYPOkzWeleibkHeWxnYaNEiaicAib9rSsEXUg\/0?wx_fmt=jpeg\",\"author\":\"Synced\",\"copyright_stat\":11,\"del_flag\":1,\"item_show_type\":0,\"audio_fileid\":0,\"duration\":0,\"play_url\":\"\",\"malicious_title_reason_id\":0,\"malicious_content_type\":0},{\"title\":\"机器之心走近全球顶尖实验室系列：平安科技美国华盛顿特区研究院\",\"digest\":\"整合医疗信息，让算法理解医学影像，改善临床工作流程。\",\"content\":\"\",\"fileid\":0,\"content_url\":\"http:\/\/mp.weixin.qq.com\/s?__biz=MzA3MzI4MjgzMw==&amp;mid=2650816154&amp;idx=5&amp;sn=eb024b0480988f1b04939999697e90fb&amp;chksm=84e5fae4b39273f200bdf12a6c93f95176954260afcb89198d3d6c60d6d6d4e11d920ab4bdf2&amp;scene=27#wechat_redirect\",\"source_url\":\"https:\/\/jmq.h5.xeknow.com\/s\/4ENAqT\",\"cover\":\"http:\/\/mmbiz.qpic.cn\/mmbiz_jpg\/KmXPKA19gWibBFsLa4DH4WrKbLmiaSFB4gWw7VibTHiamNg1ibhj1ccIM8U4IiciceUg9vkJJbCMzgKxEdEJvUZuZ1hOA\/0?wx_fmt=jpeg\",\"author\":\"\",\"copyright_stat\":100,\"del_flag\":1,\"item_show_type\":0,\"audio_fileid\":0,\"duration\":0,\"play_url\":\"\",\"malicious_title_reason_id\":0,\"malicious_content_type\":0}],\"author\":\"\",\"copyright_stat\":100,\"duration\":0,\"del_flag\":1,\"item_show_type\":0,\"audio_fileid\":0,\"play_url\":\"\",\"malicious_title_reason_id\":0,\"malicious_content_type\":0}},{\"comm_msg_info\":{\"id\":1000001801,\"type\":49,\"datetime\":1621387136,\"fakeid\":\"3073282833\",\"status\":2,\"content\":\"\"},\"app_msg_ext_info\":{\"title\":\"3D视频聊天、百万比特量子计算机、十倍性能TPU：谷歌在I\/O大会上让我们看到了未来\",\"digest\":\"今天我们看到的，是谷歌积攒两年的重要技术。\",\"content\":\"\",\"fileid\":0,\"content_url\":\"http:\/\/mp.weixin.qq.com\/s?__biz=MzA3MzI4MjgzMw==&amp;mid=2650816017&amp;idx=1&amp;sn=bfd1261397502fc6215ef8ff58d8abfb&amp;chksm=84e5fa6fb39273797bdf8da1ddfe1faa2a8787d718fb328a0effd4445553cfc5c141d309ab15&amp;scene=27#wechat_redirect\",\"source_url\":\"\",\"cover\":\"http:\/\/mmbiz.qpic.cn\/mmbiz_jpg\/KmXPKA19gWibIx53RMd5kF9UpknTX8afoAgCnyIib3cCa7Z46DR7ppUCNItPpOLDhzAUzicNYf7SvU09vNN0aia9gA\/0?wx_fmt=jpeg\",\"subtype\":9,\"is_multi\":1,\"multi_app_msg_item_list\":[{\"title\":\"独家专访深势科技：「多尺度建模+机器学习」攻克传统分子模拟瓶颈，驱动多行业应用\",\"digest\":\"\",\"content\":\"\",\"fileid\":0,\"content_url\":\"http:\/\/mp.weixin.qq.com\/s?__biz=MzA3MzI4MjgzMw==&amp;mid=2650816017&amp;idx=2&amp;sn=d7e90e650c3b60de8114bea99986cbac&amp;chksm=84e5fa6fb39273799fb1f247d03315ef53522d4dfb11b8c622b7121e310e3bba15896df38096&amp;scene=27#wechat_redirect\",\"source_url\":\"https:\/\/jiqizhixin.mikecrm.com\/SQARemF\",\"cover\":\"http:\/\/mmbiz.qpic.cn\/mmbiz_jpg\/XLCp9HBkwLmSIh1FcnlQps1RiapiazLxBqC6ib8GmPsQLsDicjOA8glFgBKEOHnR7jAVZcJumhONJEtF1tic61xpzrw\/0?wx_fmt=jpeg\",\"author\":\"ScienceAI\",\"copyright_stat\":201,\"del_flag\":1,\"item_show_type\":0,\"audio_fileid\":0,\"duration\":0,\"play_url\":\"\",\"malicious_title_reason_id\":0,\"malicious_content_type\":0},{\"title\":\"Judea Pearl提出的「因果阶梯」到底是什么？哥大、斯坦福研究者60页文章详解该问题\",\"digest\":\"60页文章详解「因果阶梯」问题\",\"content\":\"\",\"fileid\":503332302,\"content_url\":\"http:\/\/mp.weixin.qq.com\/s?__biz=MzA3MzI4MjgzMw==&amp;mid=2650816017&amp;idx=3&amp;sn=822cf4fce217496e2b5c00f1c4da11bd&amp;chksm=84e5fa6fb39273790f7e9298f26bf813310f8e6a3c82ec89da46b4262adbd8e004b80382c2cd&amp;scene=27#wechat_redirect\",\"source_url\":\"https:\/\/jmq.h5.xeknow.com\/s\/2Zdyt1\",\"cover\":\"http:\/\/mmbiz.qpic.cn\/mmbiz_jpg\/KmXPKA19gW9lFWicAGMkFwOSyko13mmYgDJia4zCRwdGBicibVnLnHu54v2AccnhNAkJvX8ayic1LY2I8LuH1GNjzMA\/0?wx_fmt=jpeg\",\"author\":\"\",\"copyright_stat\":100,\"del_flag\":1,\"item_show_type\":0,\"audio_fileid\":0,\"duration\":0,\"play_url\":\"\",\"malicious_title_reason_id\":0,\"malicious_content_type\":0},{\"title\":\"担心脑机接口控制人类思想？神经科学家：想多了\",\"digest\":\"精神控制一个人，对脑机接口来说很难很难\",\"content\":\"\",\"fileid\":503332292,\"content_url\":\"http:\/\/mp.weixin.qq.com\/s?__biz=MzA3MzI4MjgzMw==&amp;mid=2650816017&amp;idx=4&amp;sn=00ff1208a847bb195357af61b00fa641&amp;chksm=84e5fa6fb3927379528251cb8d668e9215211812f8d37606054ba49dd43a5341929455ed03b5&amp;scene=27#wechat_redirect\",\"source_url\":\"https:\/\/jmq.h5.xeknow.com\/s\/2Zdyt1\",\"cover\":\"http:\/\/mmbiz.qpic.cn\/mmbiz_jpg\/KmXPKA19gW9lFWicAGMkFwOSyko13mmYg1ibtibic2hl0oGo4MXQSicRvvkHw7h3210bW518BquOxa7yNibsyCQhmO1A\/0?wx_fmt=jpeg\",\"author\":\"\",\"copyright_stat\":100,\"del_flag\":1,\"item_show_type\":0,\"audio_fileid\":0,\"duration\":0,\"play_url\":\"\",\"malicious_title_reason_id\":0,\"malicious_content_type\":0},{\"title\":\"收录超十年，Kaggle竞赛优胜解决方案、思路大合集！\",\"digest\":\"多学习大佬们的思路，也许未来的竞赛冠军就是你呢？\",\"content\":\"\",\"fileid\":0,\"content_url\":\"http:\/\/mp.weixin.qq.com\/s?__biz=MzA3MzI4MjgzMw==&amp;mid=2650816017&amp;idx=5&amp;sn=be3b3fa27a12987b59106445a71f006b&amp;chksm=84e5fa6fb392737966eb1eb0f7e817729b55c8bd81e1b651facfea47ac170f583805ff38b56a&amp;scene=27#wechat_redirect\",\"source_url\":\"https:\/\/jmq.h5.xeknow.com\/s\/2Zdyt1\",\"cover\":\"http:\/\/mmbiz.qpic.cn\/mmbiz_jpg\/KmXPKA19gW9lFWicAGMkFwOSyko13mmYgkaia2Cfr3rJw8tPvlfNrTPicefHKDPjkWGC3Tv0iaasZhxBiaobpEnMAHw\/0?wx_fmt=jpeg\",\"author\":\"\",\"copyright_stat\":100,\"del_flag\":1,\"item_show_type\":0,\"audio_fileid\":0,\"duration\":0,\"play_url\":\"\",\"malicious_title_reason_id\":0,\"malicious_content_type\":0}],\"author\":\"Synced\",\"copyright_stat\":11,\"duration\":0,\"del_flag\":1,\"item_show_type\":0,\"audio_fileid\":0,\"play_url\":\"\",\"malicious_title_reason_id\":0,\"malicious_content_type\":0}},{\"comm_msg_info\":{\"id\":1000001800,\"type\":49,\"datetime\":1621336280,\"fakeid\":\"3073282833\",\"status\":2,\"content\":\"\"},\"app_msg_ext_info\":{\"title\":\"每次矩阵相乘用不到一个光子，手写数字识别准度超90%，光学神经网络效率提升数个量级\",\"digest\":\"研究者利用自定义的自由空间光学处理器实现这一成果。\",\"content\":\"\",\"fileid\":503332251,\"content_url\":\"http:\/\/mp.weixin.qq.com\/s?__biz=MzA3MzI4MjgzMw==&amp;mid=2650815984&amp;idx=1&amp;sn=83cde9c5f9a2eb5b6f879c81bccb04ab&amp;chksm=84e5f98eb3927098321fe38838233675108c77046d561391150227b72d3be331a24946898318&amp;scene=27#wechat_redirect\",\"source_url\":\"https:\/\/jiqizhixin.mikecrm.com\/SQARemF\",\"cover\":\"http:\/\/mmbiz.qpic.cn\/mmbiz_jpg\/KmXPKA19gW9lFWicAGMkFwOSyko13mmYg8LicE8FwTCSU5Cf0GrBicTkDMkFxqIe8w3IJ8krZJPYicVNofEFWs2TOg\/0?wx_fmt=jpeg\",\"subtype\":9,\"is_multi\":1,\"multi_app_msg_item_list\":[{\"title\":\"透视鹏程.盘古：首个2000亿参数中文大模型是怎样炼成的？\",\"digest\":\"给足算力和数据，就能训练出千亿参数的大模型？事实没有那么简单。\",\"content\":\"\",\"fileid\":503332329,\"content_url\":\"http:\/\/mp.weixin.qq.com\/s?__biz=MzA3MzI4MjgzMw==&amp;mid=2650815984&amp;idx=2&amp;sn=16320e9a8ca9e5f3f1eb05fbc9d2d463&amp;chksm=84e5f98eb3927098c417055edb780c1701af3cc4735201fd24605573cfb6a9ec500e74c139e7&amp;scene=27#wechat_redirect\",\"source_url\":\"\",\"cover\":\"http:\/\/mmbiz.qpic.cn\/mmbiz_jpg\/KmXPKA19gW9lFWicAGMkFwOSyko13mmYgC3w6n9xmOPcRqibOkdGGxCYbRPU8Zh6HlZYN5fZObfZ3uxhBfkoZiczg\/0?wx_fmt=jpeg\",\"author\":\"Synced\",\"copyright_stat\":11,\"del_flag\":1,\"item_show_type\":0,\"audio_fileid\":0,\"duration\":0,\"play_url\":\"\",\"malicious_title_reason_id\":0,\"malicious_content_type\":0},{\"title\":\"IBM开源了5亿行代码数据集，里面最多的编程语言却不是Python\",\"digest\":\"IBM 发布了教 AI 编码的大型数据集：CodeNet\",\"content\":\"\",\"fileid\":0,\"content_url\":\"http:\/\/mp.weixin.qq.com\/s?__biz=MzA3MzI4MjgzMw==&amp;mid=2650815984&amp;idx=3&amp;sn=fde5c6f48e381d1042c44d04917c57fa&amp;chksm=84e5f98eb39270989d41296b5395ec8022c5aca64b84dd9f04537029d0e083efe14471651814&amp;scene=27#wechat_redirect\",\"source_url\":\"https:\/\/jmq.h5.xeknow.com\/s\/2Zdyt1\",\"cover\":\"http:\/\/mmbiz.qpic.cn\/mmbiz_jpg\/KmXPKA19gW9lFWicAGMkFwOSyko13mmYgrr6ibXX7IS94Z8XOXtcpfLSHpfnTn6LRg4ibAiculw03sDAfyE8XDstFg\/0?wx_fmt=jpeg\",\"author\":\"\",\"copyright_stat\":100,\"del_flag\":1,\"item_show_type\":0,\"audio_fileid\":0,\"duration\":0,\"play_url\":\"\",\"malicious_title_reason_id\":0,\"malicious_content_type\":0},{\"title\":\"Judea Pearl推荐，UC伯克利研究者合著机器学习新书，可当研究生教材\",\"digest\":\"新书推荐，贝叶斯之父 Judea Pearl 转推。\",\"content\":\"\",\"fileid\":0,\"content_url\":\"http:\/\/mp.weixin.qq.com\/s?__biz=MzA3MzI4MjgzMw==&amp;mid=2650815984&amp;idx=4&amp;sn=d212ef9c73f5dcdb055517b41f7ebbff&amp;chksm=84e5f98eb39270987014f7f97414230f80de5c424e9f69b93ceb9b54b0bdde3565669aa2f7a2&amp;scene=27#wechat_redirect\",\"source_url\":\"https:\/\/jmq.h5.xeknow.com\/s\/2Zdyt1\",\"cover\":\"http:\/\/mmbiz.qpic.cn\/mmbiz_jpg\/KmXPKA19gW8bD5SOfNdMSybNUQaEsib3S05J9KoQmiblP2jtapCVvUTcQkwgibgMAlvbCLYOXJWcswwbXPVgtMzGQ\/0?wx_fmt=jpeg\",\"author\":\"\",\"copyright_stat\":100,\"del_flag\":1,\"item_show_type\":0,\"audio_fileid\":0,\"duration\":0,\"play_url\":\"\",\"malicious_title_reason_id\":0,\"malicious_content_type\":0},{\"title\":\"从理论到实践，国科大副教授带你实战OpenCV\",\"digest\":\"介绍基础知识、基本图像操作、传统方法OpenCV的SVM原理、深度学习方法OpenCV的DNN原理、实战案例。\",\"content\":\"\",\"fileid\":503332282,\"content_url\":\"http:\/\/mp.weixin.qq.com\/s?__biz=MzA3MzI4MjgzMw==&amp;mid=2650815984&amp;idx=5&amp;sn=57323721be6e5667f54168b1b8fed2a0&amp;chksm=84e5f98eb39270987ac393783f53f51ddc8d03837a8ad0ad24222256369a90add8892a0781fd&amp;scene=27#wechat_redirect\",\"source_url\":\"https:\/\/jmq.h5.xeknow.com\/s\/2mFRlM\",\"cover\":\"http:\/\/mmbiz.qpic.cn\/mmbiz_jpg\/KmXPKA19gW9lFWicAGMkFwOSyko13mmYgcKNiclGTDqxhfTEWgfx4GJS3npWZxvvO8ibK04shwMAB7Sib1TB2fV4EQ\/0?wx_fmt=jpeg\",\"author\":\"\",\"copyright_stat\":100,\"del_flag\":1,\"item_show_type\":0,\"audio_fileid\":0,\"duration\":0,\"play_url\":\"\",\"malicious_title_reason_id\":0,\"malicious_content_type\":0}],\"author\":\"\",\"copyright_stat\":100,\"duration\":0,\"del_flag\":1,\"item_show_type\":0,\"audio_fileid\":0,\"play_url\":\"\",\"malicious_title_reason_id\":0,\"malicious_content_type\":0}},{\"comm_msg_info\":{\"id\":1000001799,\"type\":49,\"datetime\":1621226979,\"fakeid\":\"3073282833\",\"status\":2,\"content\":\"\"},\"app_msg_ext_info\":{\"title\":\"借助Transformer，DeepMind新模型自动生成CAD草图，网友：建筑设计要起飞了\",\"digest\":\"深度学习的灵活性恰好适合于复杂的 CAD 设计，DeepMind 的研究者基于 CAD 草图与自然语言建模的相似性，提出了自动生成 CAD 草图的机器学习模型。\",\"content\":\"\",\"fileid\":503332220,\"content_url\":\"http:\/\/mp.weixin.qq.com\/s?__biz=MzA3MzI4MjgzMw==&amp;mid=2650815878&amp;idx=1&amp;sn=283bfb1b5b538e32cbce4c80d7e6c29d&amp;chksm=84e5f9f8b39270eea3b8a645f8fdbdd69f98db10a4eaab204e2e0072d3bf9803f104bfcab3fe&amp;scene=27#wechat_redirect\",\"source_url\":\"\",\"cover\":\"http:\/\/mmbiz.qpic.cn\/mmbiz_jpg\/KmXPKA19gW8bD5SOfNdMSybNUQaEsib3S8PydPwSibicJvR11CAMzUSGSQCyrNjicbkU7HMXRqnxDyPcOR9MEcuJrQ\/0?wx_fmt=jpeg\",\"subtype\":9,\"is_multi\":1,\"multi_app_msg_item_list\":[{\"title\":\"CVPR 2021 | 不需要标注了？看自监督学习框架如何助力自动驾驶\",\"digest\":\"利用激光雷达和相机的自监督学习进行点云运动估计，实验对比优于 「有监督」甚至「全监督」。\",\"content\":\"\",\"fileid\":0,\"content_url\":\"http:\/\/mp.weixin.qq.com\/s?__biz=MzA3MzI4MjgzMw==&amp;mid=2650815878&amp;idx=2&amp;sn=43fb2055b5328930e43e6346ae876a93&amp;chksm=84e5f9f8b39270eede7de5294dd47c58b0b5ed521c62f030e375a74ff45ceaeb19f4b3e40c14&amp;scene=27#wechat_redirect\",\"source_url\":\"\",\"cover\":\"http:\/\/mmbiz.qpic.cn\/mmbiz_jpg\/KmXPKA19gW8bD5SOfNdMSybNUQaEsib3SzsSolWyckJrfXuibNUJwXGdbusaBIdOC0IaxPBe97ntPuGR7cO5IGZA\/0?wx_fmt=jpeg\",\"author\":\"Synced\",\"copyright_stat\":11,\"del_flag\":1,\"item_show_type\":0,\"audio_fileid\":0,\"duration\":0,\"play_url\":\"\",\"malicious_title_reason_id\":0,\"malicious_content_type\":0},{\"title\":\"2023年中国AI论文影响力超越美国？网友：长期看，数量不等于质量\",\"digest\":\"有研究统计，中国在人工智能研究方面的影响力正在逼近美国。\",\"content\":\"\",\"fileid\":503332210,\"content_url\":\"http:\/\/mp.weixin.qq.com\/s?__biz=MzA3MzI4MjgzMw==&amp;mid=2650815878&amp;idx=3&amp;sn=cb3a91ebaaf31aeba17c691d61f4f39e&amp;chksm=84e5f9f8b39270ee8df20af66ab2b08bd3a2f846ba310d2d6e597442640dae7feff691f75fe6&amp;scene=27#wechat_redirect\",\"source_url\":\"https:\/\/jmq.h5.xeknow.com\/s\/2Zdyt1\",\"cover\":\"http:\/\/mmbiz.qpic.cn\/mmbiz_jpg\/KmXPKA19gW8bD5SOfNdMSybNUQaEsib3SH6FHXyiaiaOatqozlD8Jz6MUTNRcswASX9OCI8oqyPx2BXFM8LK3MwnQ\/0?wx_fmt=jpeg\",\"author\":\"\",\"copyright_stat\":100,\"del_flag\":1,\"item_show_type\":0,\"audio_fileid\":0,\"duration\":0,\"play_url\":\"\",\"malicious_title_reason_id\":0,\"malicious_content_type\":0},{\"title\":\"夸大ML能力、论文纸上谈兵……机器学习社区为何变成这样？\",\"digest\":\"一直以来，对ML 社区的吐槽没有断过。但总是提出的问题多，解决方案却很少。\",\"content\":\"\",\"fileid\":0,\"content_url\":\"http:\/\/mp.weixin.qq.com\/s?__biz=MzA3MzI4MjgzMw==&amp;mid=2650815878&amp;idx=4&amp;sn=278a1b3d1206b8cb9c63d3c445281b41&amp;chksm=84e5f9f8b39270ee848a566730c6bcf0233e05c8e3a08abb5dc95e88fdb84444a2f4cef62954&amp;scene=27#wechat_redirect\",\"source_url\":\"https:\/\/jmq.h5.xeknow.com\/s\/2Zdyt1\",\"cover\":\"http:\/\/mmbiz.qpic.cn\/mmbiz_jpg\/KmXPKA19gWibvafBBDFrY6WWvlxoEribhQsJuoQAYUibicdWGZRSGDg7MlPxiakDcDVeSdmMRY9gdebHz2965BZZEiag\/0?wx_fmt=jpeg\",\"author\":\"\",\"copyright_stat\":100,\"del_flag\":1,\"item_show_type\":0,\"audio_fileid\":0,\"duration\":0,\"play_url\":\"\",\"malicious_title_reason_id\":0,\"malicious_content_type\":0},{\"title\":\"AI研究生的文学情怀，厦大硕士毕业生文言致谢聊三年求学路\",\"digest\":\"厦门大学人工智能方向硕士毕业生李慧霞的一篇文言文式致谢彰显了现当代携科学素养的文艺女青年的风范。\",\"content\":\"\",\"fileid\":0,\"content_url\":\"http:\/\/mp.weixin.qq.com\/s?__biz=MzA3MzI4MjgzMw==&amp;mid=2650815878&amp;idx=5&amp;sn=8821308d5c9503a5a3209395ada82ab1&amp;chksm=84e5f9f8b39270eece516121b583458e1e01450e1a4c2271b4a5d18ad13e15e950362c99a6fe&amp;scene=27#wechat_redirect\",\"source_url\":\"\",\"cover\":\"http:\/\/mmbiz.qpic.cn\/mmbiz_jpg\/KmXPKA19gW8bD5SOfNdMSybNUQaEsib3Sn1242OtRjBgk8PBwqkUicCEm8ibBDyeMMNg8wD19wXOMDUQn5ibTlMMbA\/0?wx_fmt=jpeg\",\"author\":\"\",\"copyright_stat\":100,\"del_flag\":1,\"item_show_type\":0,\"audio_fileid\":0,\"duration\":0,\"play_url\":\"\",\"malicious_title_reason_id\":0,\"malicious_content_type\":0}],\"author\":\"\",\"copyright_stat\":100,\"duration\":0,\"del_flag\":1,\"item_show_type\":0,\"audio_fileid\":0,\"play_url\":\"\",\"malicious_title_reason_id\":0,\"malicious_content_type\":0}},{\"comm_msg_info\":{\"id\":1000001798,\"type\":49,\"datetime\":1621143535,\"fakeid\":\"3073282833\",\"status\":2,\"content\":\"\"},\"app_msg_ext_info\":{\"title\":\"傅里叶变换取代Transformer自注意力层，谷歌这项研究GPU上快7倍、TPU上快2倍\",\"digest\":\"谷歌用傅里叶变换替代 BERT 自注意力：GLUE 基准测试中实现 92% 的准确率，在 GPU 上训练快 7 倍。\",\"content\":\"\",\"fileid\":503332158,\"content_url\":\"http:\/\/mp.weixin.qq.com\/s?__biz=MzA3MzI4MjgzMw==&amp;mid=2650815813&amp;idx=1&amp;sn=88fe7f20fc5b096036fa1ede1f28485d&amp;chksm=84e5f93bb392702d01eff491cf71845f0837acfa05231e028533dbe620157eb23a5570ff466a&amp;scene=27#wechat_redirect\",\"source_url\":\"\",\"cover\":\"http:\/\/mmbiz.qpic.cn\/mmbiz_jpg\/KmXPKA19gW9X3vicO2Lpc0GoSrINVW0ibDIIz3CmbhD52ISqqzJawNfz2BK3e5xWN1cJe27S4bpnks8muRnfa5KA\/0?wx_fmt=jpeg\",\"subtype\":9,\"is_multi\":1,\"multi_app_msg_item_list\":[{\"title\":\"数字化有没有把你的企业变成「传统企业」？\",\"digest\":\"投资数字化势在必行，「跟随者」和「落后者」将很可能被市场淘汰。\",\"content\":\"\",\"fileid\":0,\"content_url\":\"http:\/\/mp.weixin.qq.com\/s?__biz=MzA3MzI4MjgzMw==&amp;mid=2650815813&amp;idx=2&amp;sn=b4fd9d4984cafde81337c3aee3c6cd60&amp;chksm=84e5f93bb392702daa39138e6402e010bbbe84558d7ede706b8ab0c771362eaa5cb559dafa5d&amp;scene=27#wechat_redirect\",\"source_url\":\"\",\"cover\":\"http:\/\/mmbiz.qpic.cn\/sz_mmbiz_jpg\/DT8udUick9sJteiagn2ibuckXia5RLbBM0dyibquD70qS8tF2qkN0lbzaJic7kgj1uFDFBZaibvTceFzUCdmHJibZjjVyw\/0?wx_fmt=jpeg\",\"author\":\"机器之能\",\"copyright_stat\":201,\"del_flag\":1,\"item_show_type\":0,\"audio_fileid\":0,\"duration\":0,\"play_url\":\"\",\"malicious_title_reason_id\":0,\"malicious_content_type\":0},{\"title\":\"IJCAI 2021｜美团提出车道线检测新框架SGNet，精准且快速\",\"digest\":\"美团视觉智能中心在车道线检测领域的最新研究成果。\",\"content\":\"\",\"fileid\":503332038,\"content_url\":\"http:\/\/mp.weixin.qq.com\/s?__biz=MzA3MzI4MjgzMw==&amp;mid=2650815813&amp;idx=3&amp;sn=b7436e92da1d6b46a91ceb237edf0be4&amp;chksm=84e5f93bb392702d40285587b8b20c69de47e56602837e71c32be75d1cfebcb40aa0b81e8048&amp;scene=27#wechat_redirect\",\"source_url\":\"https:\/\/jiqizhixin.mikecrm.com\/SQARemF\",\"cover\":\"http:\/\/mmbiz.qpic.cn\/mmbiz_jpg\/KmXPKA19gW96C0Ofhb81ibXQnKBuX4kziacnnB1yzLnHibAgjbowe6k4fe3kFIpcicria67ic8NnAtRiblmicbUBMJ1kVw\/0?wx_fmt=jpeg\",\"author\":\"Synced\",\"copyright_stat\":11,\"del_flag\":1,\"item_show_type\":0,\"audio_fileid\":0,\"duration\":0,\"play_url\":\"\",\"malicious_title_reason_id\":0,\"malicious_content_type\":0},{\"title\":\"7 Papers &amp; Radios | 纯MLP图像分类架构；基于强注意力的跟踪器网络\",\"digest\":\"本周论文推荐。\",\"content\":\"\",\"fileid\":503328687,\"content_url\":\"http:\/\/mp.weixin.qq.com\/s?__biz=MzA3MzI4MjgzMw==&amp;mid=2650815813&amp;idx=4&amp;sn=fbbde110b73e271fa69c97694243cc5e&amp;chksm=84e5f93bb392702dbb63682d05f4adf4fcf5807907b098ca0cc14e12183240491362f9a4e16c&amp;scene=27#wechat_redirect\",\"source_url\":\"\",\"cover\":\"http:\/\/mmbiz.qpic.cn\/mmbiz_jpg\/KmXPKA19gW96C0Ofhb81ibXQnKBuX4kziaxnC3ee5kA3VI9a4NA3reHSyfP3oHn2IwPia2xf6YOSVK7AZeA5NmKgA\/0?wx_fmt=jpeg\",\"author\":\"\",\"copyright_stat\":100,\"del_flag\":1,\"item_show_type\":0,\"audio_fileid\":0,\"duration\":0,\"play_url\":\"\",\"malicious_title_reason_id\":0,\"malicious_content_type\":0}],\"author\":\"\",\"copyright_stat\":100,\"duration\":0,\"del_flag\":1,\"item_show_type\":0,\"audio_fileid\":0,\"play_url\":\"\",\"malicious_title_reason_id\":0,\"malicious_content_type\":0}},{\"comm_msg_info\":{\"id\":1000001797,\"type\":49,\"datetime\":1621053450,\"fakeid\":\"3073282833\",\"status\":2,\"content\":\"\"},\"app_msg_ext_info\":{\"title\":\"火星，你好！中国探测器首次登陆火星，「祝融号」开启科学探测之旅\",\"digest\":\"一次性实现「绕」、「落」、「巡」三大任务！\",\"content\":\"\",\"fileid\":0,\"content_url\":\"http:\/\/mp.weixin.qq.com\/s?__biz=MzA3MzI4MjgzMw==&amp;mid=2650815787&amp;idx=1&amp;sn=606c582b9713483e1b17770d64137d2d&amp;chksm=84e5f955b39270430112f4bf7a3e09183c4fc7d14df2a7f7188893919b80e57f14ff072ef585&amp;scene=27#wechat_redirect\",\"source_url\":\"\",\"cover\":\"http:\/\/mmbiz.qpic.cn\/mmbiz_jpg\/KmXPKA19gW8LQ0D2ACHWxAHhUqohVjUEAghCm3CsouvJSd5Vkh5MlLrBib1hXM7QjYkBd0BLjIx4dsgt35tpBjQ\/0?wx_fmt=jpeg\",\"subtype\":9,\"is_multi\":1,\"multi_app_msg_item_list\":[{\"title\":\"云智一体全场景视频技术，百度智能视频云怎么玩转视频业务全流程？\",\"digest\":\"智能视频时代来了。\",\"content\":\"\",\"fileid\":503332101,\"content_url\":\"http:\/\/mp.weixin.qq.com\/s?__biz=MzA3MzI4MjgzMw==&amp;mid=2650815787&amp;idx=2&amp;sn=ed2b487389c0ab948dd482d38b5867f5&amp;chksm=84e5f955b3927043218c0d5b0fdbf3f763f1d100c5c82946b872852373a19a56a0b49a281825&amp;scene=27#wechat_redirect\",\"source_url\":\"\",\"cover\":\"http:\/\/mmbiz.qpic.cn\/mmbiz_jpg\/KmXPKA19gW8LQ0D2ACHWxAHhUqohVjUEqzeIOl3qx7Sxv0ic0FR2uibEd1rrv3CSIGGfJAokUlSPWHadWib5utuaA\/0?wx_fmt=jpeg\",\"author\":\"Synced\",\"copyright_stat\":11,\"del_flag\":1,\"item_show_type\":0,\"audio_fileid\":0,\"duration\":0,\"play_url\":\"\",\"malicious_title_reason_id\":0,\"malicious_content_type\":0},{\"title\":\"为什么机器学习算法难以优化？一文详解算法优化内部机制\",\"digest\":\"损失线性组合是正确的选择吗？\",\"content\":\"\",\"fileid\":0,\"content_url\":\"http:\/\/mp.weixin.qq.com\/s?__biz=MzA3MzI4MjgzMw==&amp;mid=2650815787&amp;idx=3&amp;sn=fe7b33827ea7a48bf4d2c0c635c6122e&amp;chksm=84e5f955b392704318403470f7d360458dc73ae3276ccdc03004222ae93a56848cab102d2e86&amp;scene=27#wechat_redirect\",\"source_url\":\"https:\/\/jiqizhixin.mikecrm.com\/SQARemF\",\"cover\":\"http:\/\/mmbiz.qpic.cn\/mmbiz_jpg\/KmXPKA19gWibvafBBDFrY6WWvlxoEribhQaGGWmib5n0LaxlFG1A8QCQiaeqV7K0lnPZfrTrAZYgfBBV9WdrmxUhAQ\/0?wx_fmt=jpeg\",\"author\":\"\",\"copyright_stat\":100,\"del_flag\":1,\"item_show_type\":0,\"audio_fileid\":0,\"duration\":0,\"play_url\":\"\",\"malicious_title_reason_id\":0,\"malicious_content_type\":0},{\"title\":\"无需多个模型也能实现知识整合？港中文MMLab提出「烘焙」算法，全面提升ImageNet性能\",\"digest\":\"来自港中文 MMLab 的研究者提出一种烘焙（BAKE）算法，为知识蒸馏中的知识整合提供了一个全新的思路，打破了固有的多模型整合的样式，创新地提出并尝试了样本间的知识整合。\",\"content\":\"\",\"fileid\":0,\"content_url\":\"http:\/\/mp.weixin.qq.com\/s?__biz=MzA3MzI4MjgzMw==&amp;mid=2650815787&amp;idx=4&amp;sn=46c5a9c3da4eb7fe1fcdcade5d6415ae&amp;chksm=84e5f955b39270439fea36aa15f77816b0ddef281d9916eee82f56c443a08f6ea0494659bd80&amp;scene=27#wechat_redirect\",\"source_url\":\"\",\"cover\":\"http:\/\/mmbiz.qpic.cn\/mmbiz_jpg\/KmXPKA19gW8LQ0D2ACHWxAHhUqohVjUE26Vo3A2tnuRias4ia8V85sP4Ip04Fgw8DmoOVpfyYqB74NMX8ibnRBanA\/0?wx_fmt=jpeg\",\"author\":\"\",\"copyright_stat\":100,\"del_flag\":1,\"item_show_type\":0,\"audio_fileid\":0,\"duration\":0,\"play_url\":\"\",\"malicious_title_reason_id\":0,\"malicious_content_type\":0},{\"title\":\"固态电池时代真的要来了吗？\",\"digest\":\"从实验室神速进入商业化，是变革还是忽悠？\",\"content\":\"\",\"fileid\":0,\"content_url\":\"http:\/\/mp.weixin.qq.com\/s?__biz=MzA3MzI4MjgzMw==&amp;mid=2650815787&amp;idx=5&amp;sn=15f8f264cb2d1535d1d4e9ad11519dca&amp;chksm=84e5f955b3927043fadc174d0da017b763610b6c976783a99019a4e2be886060776dde80c1ac&amp;scene=27#wechat_redirect\",\"source_url\":\"\",\"cover\":\"http:\/\/mmbiz.qpic.cn\/mmbiz_jpg\/KmXPKA19gW96C0Ofhb81ibXQnKBuX4kziaLXCH7b7LK3TlrWaibeV5d4Thw1oMngJ6KcVphziaETYEswyHDzR8NuicA\/0?wx_fmt=jpeg\",\"author\":\"Auto Byte\",\"copyright_stat\":101,\"del_flag\":1,\"item_show_type\":0,\"audio_fileid\":0,\"duration\":0,\"play_url\":\"\",\"malicious_title_reason_id\":0,\"malicious_content_type\":0}],\"author\":\"\",\"copyright_stat\":100,\"duration\":0,\"del_flag\":1,\"item_show_type\":0,\"audio_fileid\":0,\"play_url\":\"\",\"malicious_title_reason_id\":0,\"malicious_content_type\":0}},{\"comm_msg_info\":{\"id\":1000001796,\"type\":49,\"datetime\":1620981815,\"fakeid\":\"3073282833\",\"status\":2,\"content\":\"\"},\"app_msg_ext_info\":{\"title\":\"用户数百万、月下载超1亿，著名开源项目Babel却说自己快没钱维护了\",\"digest\":\"「我们没钱了，需要捐款」\",\"content\":\"\",\"fileid\":503331951,\"content_url\":\"http:\/\/mp.weixin.qq.com\/s?__biz=MzA3MzI4MjgzMw==&amp;mid=2650815720&amp;idx=1&amp;sn=9a54124de708273f411c8129faef3938&amp;chksm=84e5f896b3927180e54b046950161d1da22a0188b6f2cd7855df7b8d0961894e2e75897db92a&amp;scene=27#wechat_redirect\",\"source_url\":\"\",\"cover\":\"http:\/\/mmbiz.qpic.cn\/mmbiz_jpg\/KmXPKA19gW96C0Ofhb81ibXQnKBuX4kziaXZDSfMmvTicqv9CDtSK9XZlGPbPI6Lia1KJxrhzuibWib5ca5QFJPv7MBQ\/0?wx_fmt=jpeg\",\"subtype\":9,\"is_multi\":1,\"multi_app_msg_item_list\":[{\"title\":\"吴恩达那场十万人观看的讲座，如今有了专项课程\",\"digest\":\"近年来，MLOps 成为了 AI 开发领域的热门概念。\",\"content\":\"\",\"fileid\":503331958,\"content_url\":\"http:\/\/mp.weixin.qq.com\/s?__biz=MzA3MzI4MjgzMw==&amp;mid=2650815720&amp;idx=2&amp;sn=c7199a70c2dc3f4fcc27622c01471c37&amp;chksm=84e5f896b39271808c5ad58a647b7ee7edd0f4240d02483dd3807fb2a349446be284ec47cff4&amp;scene=27#wechat_redirect\",\"source_url\":\"https:\/\/app6ca5octe2206.h5.xiaoeknow.com\/v1\/course\/video\/v_605d9de4e4b007b4183aff25?ref_id=r_605d9de4e4b007b4183aff26&amp;type=2\",\"cover\":\"http:\/\/mmbiz.qpic.cn\/mmbiz_jpg\/KmXPKA19gW96C0Ofhb81ibXQnKBuX4kzia2NMqJcQmKuibPo7OsG7QPPAXpzJU8MR6eMPywABR4JiahXYiaDgXI1cZw\/0?wx_fmt=jpeg\",\"author\":\"\",\"copyright_stat\":100,\"del_flag\":1,\"item_show_type\":0,\"audio_fileid\":0,\"duration\":0,\"play_url\":\"\",\"malicious_title_reason_id\":0,\"malicious_content_type\":0},{\"title\":\"被中国资助的科学家，或被断绝联邦经费：美参议院提出新规\",\"digest\":\"美国又一新规将被纳入《无尽边界法案》，参加中国资助人才招聘计划的任何美国科学家都将被禁止获得或使用联邦经费。\",\"content\":\"\",\"fileid\":503331977,\"content_url\":\"http:\/\/mp.weixin.qq.com\/s?__biz=MzA3MzI4MjgzMw==&amp;mid=2650815720&amp;idx=3&amp;sn=8c4157d74e69ba9dbf91b9d3e22925bf&amp;chksm=84e5f896b3927180da7fc3581e76a53fb26d220c45cbb8f1e0d47734e3c353b57fc56dba3992&amp;scene=27#wechat_redirect\",\"source_url\":\"https:\/\/jiqizhixin.mikecrm.com\/SQARemF\",\"cover\":\"http:\/\/mmbiz.qpic.cn\/mmbiz_jpg\/KmXPKA19gW96C0Ofhb81ibXQnKBuX4kzia4Y59nrCOENR6Vc2lysBkwNreicpAuJhDdibAwjcRiatOrEdyMGjOO91wA\/0?wx_fmt=jpeg\",\"author\":\"\",\"copyright_stat\":100,\"del_flag\":1,\"item_show_type\":0,\"audio_fileid\":0,\"duration\":0,\"play_url\":\"\",\"malicious_title_reason_id\":0,\"malicious_content_type\":0},{\"title\":\"多尺度表征10亿像素图像，斯坦福神经场景表征新方法入选SIGGRAPH\",\"digest\":\"在表征 3D 形状时，训练时间可以从几天缩减至几小时，内存需求也至少降低了一个数量级。\",\"content\":\"\",\"fileid\":503332041,\"content_url\":\"http:\/\/mp.weixin.qq.com\/s?__biz=MzA3MzI4MjgzMw==&amp;mid=2650815720&amp;idx=4&amp;sn=8ffa63f90061012c77da3e98bc8aa6a3&amp;chksm=84e5f896b3927180c24c0f6e63773bb67f26c8bd588fb498d4a4a6b4e44d767a4e91b4c35815&amp;scene=27#wechat_redirect\",\"source_url\":\"\",\"cover\":\"http:\/\/mmbiz.qpic.cn\/mmbiz_jpg\/KmXPKA19gW96C0Ofhb81ibXQnKBuX4kziaAgJf5OmCtPxTSsqkppzkDKu8VThP77QfkZdOBFdTChBcfKhOCY3pvA\/0?wx_fmt=jpeg\",\"author\":\"\",\"copyright_stat\":100,\"del_flag\":1,\"item_show_type\":0,\"audio_fileid\":0,\"duration\":0,\"play_url\":\"\",\"malicious_title_reason_id\":0,\"malicious_content_type\":0},{\"title\":\"CopulaNet：深度学习蛋白质结构预测新进展\",\"digest\":\"努力赶超AlphaFold2。\",\"content\":\"\",\"fileid\":503331955,\"content_url\":\"http:\/\/mp.weixin.qq.com\/s?__biz=MzA3MzI4MjgzMw==&amp;mid=2650815720&amp;idx=5&amp;sn=0b09009347d095cc765c2bfda0c3d9f7&amp;chksm=84e5f896b39271803427cc3e9c3fd995749441d003fd7046c4e88ab2f3f302a8b2c363fcc3be&amp;scene=27#wechat_redirect\",\"source_url\":\"https:\/\/jmq.h5.xeknow.com\/s\/1IjIXN\",\"cover\":\"http:\/\/mmbiz.qpic.cn\/mmbiz_jpg\/KmXPKA19gW96C0Ofhb81ibXQnKBuX4kziaTog7YiauFs9hQcCVJgK5HmkWtHmkt0ZibSAIa7qoJNTu4nquh8fSCCxg\/0?wx_fmt=jpeg\",\"author\":\"\",\"copyright_stat\":100,\"del_flag\":1,\"item_show_type\":0,\"audio_fileid\":0,\"duration\":0,\"play_url\":\"\",\"malicious_title_reason_id\":0,\"malicious_content_type\":0}],\"author\":\"\",\"copyright_stat\":100,\"duration\":0,\"del_flag\":1,\"item_show_type\":0,\"audio_fileid\":0,\"play_url\":\"\",\"malicious_title_reason_id\":0,\"malicious_content_type\":0}}]}","next_offset":30,"video_count":1,"use_video_tab":1,"real_type":0,"home_page_list":[]}