{"ret":0,"errmsg":"ok","msg_count":10,"can_msg_continue":1,"general_msg_list":"{\"list\":[{\"comm_msg_info\":{\"id\":1000001684,\"type\":49,\"datetime\":1611375454,\"fakeid\":\"3073282833\",\"status\":2,\"content\":\"\"},\"app_msg_ext_info\":{\"title\":\"删数据，还要删AI模型：美国科技公司遭遇最严厉隐私泄露处罚\",\"digest\":\"「想象一下 Facebook 或 Google 这样的公司被要求删除其类似算法会是什么结果。可能最后删得核心模型都不剩了。」\",\"content\":\"\",\"fileid\":503323859,\"content_url\":\"http:\/\/mp.weixin.qq.com\/s?__biz=MzA3MzI4MjgzMw==&amp;mid=2650807531&amp;idx=1&amp;sn=a340b9a0a7569d7c91f8b753325e54bc&amp;chksm=84e5d895b39251833c4c379682c520d44bddad406a0f6c1b65a9bb0a2ad6a68b15a6804b2fdd&amp;scene=27#wechat_redirect\",\"source_url\":\"\",\"cover\":\"http:\/\/mmbiz.qpic.cn\/mmbiz_jpg\/KmXPKA19gW8Ps9aV5P4UUQKfVV7l6SkSx0fa0icPDhjXias8wkhicxNOnry0lAgwncCJVA7tccRR5hUsKyCakMX0w\/0?wx_fmt=jpeg\",\"subtype\":9,\"is_multi\":1,\"multi_app_msg_item_list\":[{\"title\":\"Objective-C之父Brad J. Cox去世，他推动了今天苹果的软件生态\",\"digest\":\"组过乐队，创建过编程语言，Brad J. Cox 的一生精彩而圆满。\",\"content\":\"\",\"fileid\":0,\"content_url\":\"http:\/\/mp.weixin.qq.com\/s?__biz=MzA3MzI4MjgzMw==&amp;mid=2650807531&amp;idx=2&amp;sn=1da40899666710663672b14f005aa143&amp;chksm=84e5d895b3925183e47798183a8d9e2c41f087d2ff97bd870331eb65abc1782616eae4fb9456&amp;scene=27#wechat_redirect\",\"source_url\":\"\",\"cover\":\"http:\/\/mmbiz.qpic.cn\/mmbiz_jpg\/KmXPKA19gW8Ps9aV5P4UUQKfVV7l6SkSyFzpibLlpB6U9XWKNhObXX5oCIq1WylOeCE2Qq3WGfGOiaRBndOpp8Ng\/0?wx_fmt=jpeg\",\"author\":\"\",\"copyright_stat\":100,\"del_flag\":1,\"item_show_type\":0,\"audio_fileid\":0,\"duration\":0,\"play_url\":\"\",\"malicious_title_reason_id\":0,\"malicious_content_type\":0},{\"title\":\"从零开始，用Python徒手写线性回归\",\"digest\":\"先放下 Scikit-learn，我们来看一看真正的技术。\",\"content\":\"\",\"fileid\":503323786,\"content_url\":\"http:\/\/mp.weixin.qq.com\/s?__biz=MzA3MzI4MjgzMw==&amp;mid=2650807531&amp;idx=3&amp;sn=791ad2d95c1a236f56b7e4c30457cfd9&amp;chksm=84e5d895b392518357a5b3ca36d1060cf9f8edd7fe2d567c78eb74beabe9ba73f2f235daae11&amp;scene=27#wechat_redirect\",\"source_url\":\"\",\"cover\":\"http:\/\/mmbiz.qpic.cn\/mmbiz_jpg\/KmXPKA19gWib53uxEiaqFEvkIIIsibxJMSrnCVYaZzFSD47h2ibG8QGFCYHr90guCeh14AicIu24z6UjFy7WZyjyCYg\/0?wx_fmt=jpeg\",\"author\":\"\",\"copyright_stat\":100,\"del_flag\":1,\"item_show_type\":0,\"audio_fileid\":0,\"duration\":0,\"play_url\":\"\",\"malicious_title_reason_id\":0,\"malicious_content_type\":0},{\"title\":\"内置降维、聚类等算法，时间序列数据分析Python库Deeptime\",\"digest\":\"非常实用的时间序列数据分析 Python 库。\",\"content\":\"\",\"fileid\":503323846,\"content_url\":\"http:\/\/mp.weixin.qq.com\/s?__biz=MzA3MzI4MjgzMw==&amp;mid=2650807531&amp;idx=4&amp;sn=0db15c399fb2ed20865d31bc4e1e9f61&amp;chksm=84e5d895b392518349d619a5bf37155148ef0405a3f5babf2d860228b77b1bb2cf01fd829059&amp;scene=27#wechat_redirect\",\"source_url\":\"\",\"cover\":\"http:\/\/mmbiz.qpic.cn\/mmbiz_jpg\/KmXPKA19gWib53uxEiaqFEvkIIIsibxJMSrQs0H8gk5k2z1SxBibn9ZRiaryBz84RPddLJPuqia0jzA3hjicISYoQTdfQ\/0?wx_fmt=jpeg\",\"author\":\"\",\"copyright_stat\":100,\"del_flag\":1,\"item_show_type\":0,\"audio_fileid\":0,\"duration\":0,\"play_url\":\"\",\"malicious_title_reason_id\":0,\"malicious_content_type\":0},{\"title\":\"AI算法或使我们跟上新冠病毒的变异速度\",\"digest\":\"麻省理工学院的研究者在论文中描述了一种可以预测哪些变异毒株对世界上刚研制出的疫苗构成威胁最大的机器学习算法。\",\"content\":\"\",\"fileid\":0,\"content_url\":\"http:\/\/mp.weixin.qq.com\/s?__biz=MzA3MzI4MjgzMw==&amp;mid=2650807531&amp;idx=5&amp;sn=0efe8e39e10354d65e6736ec6215079d&amp;chksm=84e5d895b3925183dda2a7b6dc9a5d646e0cdf8e6cdb6ebd21c7263e15b23e03d7f85b6d6849&amp;scene=27#wechat_redirect\",\"source_url\":\"\",\"cover\":\"http:\/\/mmbiz.qpic.cn\/mmbiz_jpg\/KmXPKA19gW8Ps9aV5P4UUQKfVV7l6SkSAXicGABtBibL38pwticF8UDguzyDAe5HL64LBBdiaCxs6yibfw9dPoQicMicQ\/0?wx_fmt=jpeg\",\"author\":\"\",\"copyright_stat\":100,\"del_flag\":1,\"item_show_type\":0,\"audio_fileid\":0,\"duration\":0,\"play_url\":\"\",\"malicious_title_reason_id\":0,\"malicious_content_type\":0}],\"author\":\"\",\"copyright_stat\":100,\"duration\":0,\"del_flag\":1,\"item_show_type\":0,\"audio_fileid\":0,\"play_url\":\"\",\"malicious_title_reason_id\":0,\"malicious_content_type\":0}},{\"comm_msg_info\":{\"id\":1000001683,\"type\":49,\"datetime\":1611304964,\"fakeid\":\"3073282833\",\"status\":2,\"content\":\"\"},\"app_msg_ext_info\":{\"title\":\"百万级文献分析，十万字深入解读：机器之心发布《全球AI技术发展趋势报告》\",\"digest\":\"重磅：机器之心发布《2020-2021 全球AI技术发展趋势报告》。\",\"content\":\"\",\"fileid\":503323810,\"content_url\":\"http:\/\/mp.weixin.qq.com\/s?__biz=MzA3MzI4MjgzMw==&amp;mid=2650807486&amp;idx=1&amp;sn=4a37fb36feacc49255a3c425d766280b&amp;chksm=84e5d8c0b39251d613b34e1a88662cdf107dd1d01f708acd7586460970bfda90c6bfc77b5908&amp;scene=27#wechat_redirect\",\"source_url\":\"https:\/\/www.jiqizhixin.com\/short_urls\/6782701b-c6bd-4407-ae3d-8750ed079522\",\"cover\":\"http:\/\/mmbiz.qpic.cn\/mmbiz_jpg\/KmXPKA19gWib53uxEiaqFEvkIIIsibxJMSrqxrnS89cQwcuzxGZgia6Jn7F1omy1pOm1TW66WlMy9hRiaZ5ibyfib21Dg\/0?wx_fmt=jpeg\",\"subtype\":9,\"is_multi\":1,\"multi_app_msg_item_list\":[{\"title\":\"因果推理、正则化上榜：权威专家盘点过去50年最重要的统计学思想\",\"digest\":\"过去50年最重要的8大统计学思想。\",\"content\":\"\",\"fileid\":503323761,\"content_url\":\"http:\/\/mp.weixin.qq.com\/s?__biz=MzA3MzI4MjgzMw==&amp;mid=2650807486&amp;idx=2&amp;sn=09860faf2f83af87d71bb2713a8c0b32&amp;chksm=84e5d8c0b39251d629772ee916174397eccfa4608da5e6b8ab5d35d092b1cafc16f5ff11a65d&amp;scene=27#wechat_redirect\",\"source_url\":\"\",\"cover\":\"http:\/\/mmbiz.qpic.cn\/mmbiz_jpg\/KmXPKA19gWib53uxEiaqFEvkIIIsibxJMSrQnglTqWWfVMJK2g7YT1W9rZFI8FIykQkf2puYJ0aXShAWqGHUt8MmA\/0?wx_fmt=jpeg\",\"author\":\"\",\"copyright_stat\":100,\"del_flag\":1,\"item_show_type\":0,\"audio_fileid\":0,\"duration\":0,\"play_url\":\"\",\"malicious_title_reason_id\":0,\"malicious_content_type\":0},{\"title\":\"一块只要4美元，超廉价版树莓派诞生，还用上了自研芯片\",\"digest\":\"首款自研芯片 RP2040 同时面世了。\",\"content\":\"\",\"fileid\":503323749,\"content_url\":\"http:\/\/mp.weixin.qq.com\/s?__biz=MzA3MzI4MjgzMw==&amp;mid=2650807486&amp;idx=3&amp;sn=c1b6a529a817463d5ea7060eefb25a19&amp;chksm=84e5d8c0b39251d69153050ac5f0cce2fa2506f14a2787ddaffbd226c144b999769a9f55bef9&amp;scene=27#wechat_redirect\",\"source_url\":\"\",\"cover\":\"http:\/\/mmbiz.qpic.cn\/mmbiz_jpg\/KmXPKA19gWib53uxEiaqFEvkIIIsibxJMSr3SLBtCMyET6JpZWEKPOfyhic9VIlkft2TJMJBGicXGP5Y20I71ESPcicQ\/0?wx_fmt=jpeg\",\"author\":\"\",\"copyright_stat\":100,\"del_flag\":1,\"item_show_type\":0,\"audio_fileid\":0,\"duration\":0,\"play_url\":\"\",\"malicious_title_reason_id\":0,\"malicious_content_type\":0},{\"title\":\"英特尔复兴第一步：新CEO未上任，退休大佬先返聘\",\"digest\":\"因此，如何重振士气、重建公司的骨干力量成为摆在新任 CEO 基辛格面前的首要任务。\",\"content\":\"\",\"fileid\":0,\"content_url\":\"http:\/\/mp.weixin.qq.com\/s?__biz=MzA3MzI4MjgzMw==&amp;mid=2650807486&amp;idx=4&amp;sn=94534cad78fa22e5298b3d25464710e1&amp;chksm=84e5d8c0b39251d62c984d3094d145b761de885d63fda9ab813074958d4b03a6564db8d185f1&amp;scene=27#wechat_redirect\",\"source_url\":\"\",\"cover\":\"http:\/\/mmbiz.qpic.cn\/mmbiz_jpg\/KmXPKA19gWib53uxEiaqFEvkIIIsibxJMSrXCKUXrlYVJsU3YgPuxLjG6f8U2qHlj4LibpCsxJxw6prw3h7r1qicbIQ\/0?wx_fmt=jpeg\",\"author\":\"\",\"copyright_stat\":100,\"del_flag\":1,\"item_show_type\":0,\"audio_fileid\":0,\"duration\":0,\"play_url\":\"\",\"malicious_title_reason_id\":0,\"malicious_content_type\":0},{\"title\":\"AAAI 2021线上分享 | BERT模型蒸馏技术，阿里云有新方法\",\"digest\":\"通过一种跨域自动数据增强的技术来为数据稀缺领域进行扩充。\",\"content\":\"\",\"fileid\":0,\"content_url\":\"http:\/\/mp.weixin.qq.com\/s?__biz=MzA3MzI4MjgzMw==&amp;mid=2650807486&amp;idx=5&amp;sn=79f569d2d395e85eb08fb624a8668f66&amp;chksm=84e5d8c0b39251d6f0c5da8ce0d0ca82fe5c3fcc18982a0093cb9d2668e8b2723da73f43a95a&amp;scene=27#wechat_redirect\",\"source_url\":\"\",\"cover\":\"http:\/\/mmbiz.qpic.cn\/mmbiz_jpg\/KmXPKA19gWib53uxEiaqFEvkIIIsibxJMSrTOe88qeE1Uz2JoQB5JapYY8OCriazLDtcyzCX6Pibcu7Nck4WJ7SXPGQ\/0?wx_fmt=jpeg\",\"author\":\"\",\"copyright_stat\":100,\"del_flag\":1,\"item_show_type\":0,\"audio_fileid\":0,\"duration\":0,\"play_url\":\"\",\"malicious_title_reason_id\":0,\"malicious_content_type\":0}],\"author\":\"\",\"copyright_stat\":100,\"duration\":0,\"del_flag\":1,\"item_show_type\":0,\"audio_fileid\":0,\"play_url\":\"\",\"malicious_title_reason_id\":0,\"malicious_content_type\":0}},{\"comm_msg_info\":{\"id\":1000001682,\"type\":49,\"datetime\":1611202716,\"fakeid\":\"3073282833\",\"status\":2,\"content\":\"\"},\"app_msg_ext_info\":{\"title\":\"寒武纪首颗AI训练芯片亮相：7纳米制程，算力提升四倍，已规模化出货\",\"digest\":\"思元 290 智能芯片是寒武纪的首颗训练芯片，采用台积电 7nm 先进制程工艺，集成 460 亿个晶体管，支持 MLUv02 扩展架构，全面支持 AI 训练、推理或混合型人工智能计算加速任务。\",\"content\":\"\",\"fileid\":0,\"content_url\":\"http:\/\/mp.weixin.qq.com\/s?__biz=MzA3MzI4MjgzMw==&amp;mid=2650807348&amp;idx=1&amp;sn=95b4b1c3c593a53b7c0d57c6de514ec3&amp;chksm=84e5d84ab392515c1dc1da94601d405c080c586ed048b1180527c1faba3f2c556f4bd5b86f56&amp;scene=27#wechat_redirect\",\"source_url\":\"\",\"cover\":\"http:\/\/mmbiz.qpic.cn\/mmbiz_jpg\/KmXPKA19gWibOu8VuN4W3pxgH0XtJHicD1iaRqicT3ibymibq9ZLwXpUOUtgJWJ5Jcdic78uBB34ASCprxzbOVLc4D3aA\/0?wx_fmt=jpeg\",\"subtype\":9,\"is_multi\":1,\"multi_app_msg_item_list\":[{\"title\":\"Nature盘点：从Fortran、arXiv到AlexNet，这些代码改变了科学界\",\"digest\":\"从 Fortran 编译器到 arXiv 预印本库、AlexNet，这些计算机代码和平台改变了科学界。\",\"content\":\"\",\"fileid\":503323685,\"content_url\":\"http:\/\/mp.weixin.qq.com\/s?__biz=MzA3MzI4MjgzMw==&amp;mid=2650807348&amp;idx=2&amp;sn=3a7e4f827bd6c8466c12d5c5586c5a49&amp;chksm=84e5d84ab392515c82c9839efbf81f235156a9887240abf62d3752fd07e39c7032be98d95b86&amp;scene=27#wechat_redirect\",\"source_url\":\"\",\"cover\":\"http:\/\/mmbiz.qpic.cn\/mmbiz_jpg\/KmXPKA19gWibOu8VuN4W3pxgH0XtJHicD1kPcrHMxS947qnooXbj5pibOFb3GibB9BVCTZYlIVvgDpKh0ibEhiakChGg\/0?wx_fmt=jpeg\",\"author\":\"\",\"copyright_stat\":100,\"del_flag\":1,\"item_show_type\":0,\"audio_fileid\":0,\"duration\":0,\"play_url\":\"\",\"malicious_title_reason_id\":0,\"malicious_content_type\":0},{\"title\":\"AI模型被「骗」怎么破？《燃烧吧！天才程序员》冠军团队解决方案出炉\",\"digest\":\"在本文中，CLS 战队（大赛头名团队）的优秀选手、奥比中光算法工程师埼玉详细解读了他们在比赛中用到的解决方案。\",\"content\":\"\",\"fileid\":503323652,\"content_url\":\"http:\/\/mp.weixin.qq.com\/s?__biz=MzA3MzI4MjgzMw==&amp;mid=2650807348&amp;idx=3&amp;sn=819089e14a3ce37ff0257502d63eadc8&amp;chksm=84e5d84ab392515ce7fc4045c4427737762b2b74f18a26eba072e09b464c33f2d7db5c5245fd&amp;scene=27#wechat_redirect\",\"source_url\":\"\",\"cover\":\"http:\/\/mmbiz.qpic.cn\/mmbiz_jpg\/KmXPKA19gW8lmN5snbybO53g4NuXoBaFibrDCecpYrVMzvI3yp75L2liacrxJM4kPoq8zyjsSgxl6N0nPAxzTTUw\/0?wx_fmt=jpeg\",\"author\":\"CLS战队辛冠希\",\"copyright_stat\":101,\"del_flag\":1,\"item_show_type\":0,\"audio_fileid\":0,\"duration\":0,\"play_url\":\"\",\"malicious_title_reason_id\":0,\"malicious_content_type\":0},{\"title\":\"那个把谷歌自动驾驶机密泄露给Uber的工程师，被特朗普赦免了\",\"digest\":\"随着特朗普发出的特赦令，莱万多夫斯基现在已经可以摆脱罪责，重新开始。\",\"content\":\"\",\"fileid\":503323687,\"content_url\":\"http:\/\/mp.weixin.qq.com\/s?__biz=MzA3MzI4MjgzMw==&amp;mid=2650807348&amp;idx=4&amp;sn=75f5d8c4fcf9dac411738b43442b38df&amp;chksm=84e5d84ab392515c3e6127fe1771c9cfbdbd82638fc99e633060e4afdfc720ad815da217a5d5&amp;scene=27#wechat_redirect\",\"source_url\":\"\",\"cover\":\"http:\/\/mmbiz.qpic.cn\/mmbiz_jpg\/KmXPKA19gWibOu8VuN4W3pxgH0XtJHicD1YOKadPTbtlpAkNkxlUxgqzsoPtljJu74FmNXGXE8uC4Wuz9Hu7Rfzg\/0?wx_fmt=jpeg\",\"author\":\"\",\"copyright_stat\":100,\"del_flag\":1,\"item_show_type\":0,\"audio_fileid\":0,\"duration\":0,\"play_url\":\"\",\"malicious_title_reason_id\":0,\"malicious_content_type\":0},{\"title\":\"ACL 2021投稿即将截止，请收好这份避坑指南\",\"digest\":\"两段式投稿要注意什么？我需不需要和某论文进行对比？关于ACL 2021投稿的疑惑，这篇文章都整理好了。\",\"content\":\"\",\"fileid\":503323657,\"content_url\":\"http:\/\/mp.weixin.qq.com\/s?__biz=MzA3MzI4MjgzMw==&amp;mid=2650807348&amp;idx=5&amp;sn=47b8acf9f5619788a42329c12b9cf290&amp;chksm=84e5d84ab392515c78ebe82a4dc30404d91c29efcffed478013652a57f9e6d21d40cacad4862&amp;scene=27#wechat_redirect\",\"source_url\":\"\",\"cover\":\"http:\/\/mmbiz.qpic.cn\/mmbiz_jpg\/KmXPKA19gW8lmN5snbybO53g4NuXoBaFJKtibIILycqfk4Ql76q45THSQLzwMFgabFI8rh1pOWr70ajcRHEHibrw\/0?wx_fmt=jpeg\",\"author\":\"哈工大讯飞联合实验室\",\"copyright_stat\":101,\"del_flag\":1,\"item_show_type\":0,\"audio_fileid\":0,\"duration\":0,\"play_url\":\"\",\"malicious_title_reason_id\":0,\"malicious_content_type\":0}],\"author\":\"\",\"copyright_stat\":100,\"duration\":0,\"del_flag\":1,\"item_show_type\":0,\"audio_fileid\":0,\"play_url\":\"\",\"malicious_title_reason_id\":0,\"malicious_content_type\":0}},{\"comm_msg_info\":{\"id\":1000001681,\"type\":49,\"datetime\":1611119205,\"fakeid\":\"3073282833\",\"status\":2,\"content\":\"\"},\"app_msg_ext_info\":{\"title\":\"2020年这10大ML、NLP研究最具影响力：为什么？接下来如何发展？\",\"digest\":\"去年有哪些机器学习重要进展是你必须关注的？听听DeepMind研究科学家怎么说。\",\"content\":\"\",\"fileid\":503323616,\"content_url\":\"http:\/\/mp.weixin.qq.com\/s?__biz=MzA3MzI4MjgzMw==&amp;mid=2650807267&amp;idx=1&amp;sn=3469f4c2d0f6fdc76841bda14ac4e7ac&amp;chksm=84e5df9db392568b8c5debe9fc8444bdbe62738021076850faed23485b95c5f61733aeb02488&amp;scene=27#wechat_redirect\",\"source_url\":\"\",\"cover\":\"http:\/\/mmbiz.qpic.cn\/mmbiz_jpg\/KmXPKA19gW8lmN5snbybO53g4NuXoBaFKPL6KyMibbCkWIqDrdmQ3evxHbTWqAfN3haGM4nrFsdiaL7UoXrdibmpQ\/0?wx_fmt=jpeg\",\"subtype\":9,\"is_multi\":1,\"multi_app_msg_item_list\":[{\"title\":\"用C++和虚幻引擎开发视频游戏，斯坦福CS193u课程资料公开\",\"digest\":\"用 C++ 开发一款视频游戏要掌握哪些知识？\",\"content\":\"\",\"fileid\":0,\"content_url\":\"http:\/\/mp.weixin.qq.com\/s?__biz=MzA3MzI4MjgzMw==&amp;mid=2650807267&amp;idx=2&amp;sn=0c2390d5dd52059cbe7b63b7dbbe4c58&amp;chksm=84e5df9db392568b0cac03d4a0844e1c9dc6ab042497847767ab00492c0161683b6f78f64f3d&amp;scene=27#wechat_redirect\",\"source_url\":\"\",\"cover\":\"http:\/\/mmbiz.qpic.cn\/mmbiz_jpg\/KmXPKA19gW9XzM39AGyzbthv4aCpeHa3SID15NukLukuTLkGFByKGXicEbf2VGjB2YxiaiaC09O1MiaYNxA6bOgVzg\/0?wx_fmt=jpeg\",\"author\":\"\",\"copyright_stat\":100,\"del_flag\":1,\"item_show_type\":0,\"audio_fileid\":0,\"duration\":0,\"play_url\":\"\",\"malicious_title_reason_id\":0,\"malicious_content_type\":0},{\"title\":\"无服务器计算的机器学习，出路在哪里？\",\"digest\":\"基于无服务器计算的机器学习的最新研究进展。\",\"content\":\"\",\"fileid\":503323509,\"content_url\":\"http:\/\/mp.weixin.qq.com\/s?__biz=MzA3MzI4MjgzMw==&amp;mid=2650807267&amp;idx=3&amp;sn=45add562433fb459978d02cb8eadf15f&amp;chksm=84e5df9db392568b10dbabe3014e1dd0304499daa10be82e3e361fee90f2d6f5d7a2ba82ce1a&amp;scene=27#wechat_redirect\",\"source_url\":\"https:\/\/jiqizhixin.mikecrm.com\/rg2RY52\",\"cover\":\"http:\/\/mmbiz.qpic.cn\/mmbiz_jpg\/KmXPKA19gW9XzM39AGyzbthv4aCpeHa3ysa6M3laNKBDsDX9U83X4M1Pft1EslHXyWlbJ4mjIgyXnISpE4XJwA\/0?wx_fmt=jpeg\",\"author\":\"Synced\",\"copyright_stat\":11,\"del_flag\":1,\"item_show_type\":0,\"audio_fileid\":0,\"duration\":0,\"play_url\":\"\",\"malicious_title_reason_id\":0,\"malicious_content_type\":0},{\"title\":\"如何防止我的模型过拟合？这篇文章给出了6大必备方法\",\"digest\":\"如何解决过拟合问题\",\"content\":\"\",\"fileid\":0,\"content_url\":\"http:\/\/mp.weixin.qq.com\/s?__biz=MzA3MzI4MjgzMw==&amp;mid=2650807267&amp;idx=4&amp;sn=f4bb3a5ec9cdf3795e144729fae0a30c&amp;chksm=84e5df9db392568be8e65555be075242f919322422dab474ffad3fc449c2054889ab1339152b&amp;scene=27#wechat_redirect\",\"source_url\":\"\",\"cover\":\"http:\/\/mmbiz.qpic.cn\/mmbiz_jpg\/KmXPKA19gW9XzM39AGyzbthv4aCpeHa3ficscMGxxOsKSzloPUYXlPB45BGGCGLQIOkUEgicYElXt0AB6uTPJSKg\/0?wx_fmt=jpeg\",\"author\":\"\",\"copyright_stat\":100,\"del_flag\":1,\"item_show_type\":0,\"audio_fileid\":0,\"duration\":0,\"play_url\":\"\",\"malicious_title_reason_id\":0,\"malicious_content_type\":0},{\"title\":\"抓取了1400家科技公司的招聘信息，我发现数据工程师比数据科学家更有市场\",\"digest\":\"掌握工程技能可能是更重要的。\",\"content\":\"\",\"fileid\":0,\"content_url\":\"http:\/\/mp.weixin.qq.com\/s?__biz=MzA3MzI4MjgzMw==&amp;mid=2650807267&amp;idx=5&amp;sn=c8b6e468078e023e92bb86745c3eeae5&amp;chksm=84e5df9db392568b52f8af541853bd407c58a7e7b74e5e5dcb23e9c4d7cd31d3fecdfc37dd2e&amp;scene=27#wechat_redirect\",\"source_url\":\"\",\"cover\":\"http:\/\/mmbiz.qpic.cn\/mmbiz_jpg\/KmXPKA19gWibhMApj9QPMRAol6LMGxmuOXhRY1pbQvM6TvB8DwxGg7Q5rUoTuH64SQPMnCNouMCJ7dpo0U7xaCw\/0?wx_fmt=jpeg\",\"author\":\"\",\"copyright_stat\":100,\"del_flag\":1,\"item_show_type\":0,\"audio_fileid\":0,\"duration\":0,\"play_url\":\"\",\"malicious_title_reason_id\":0,\"malicious_content_type\":0}],\"author\":\"\",\"copyright_stat\":100,\"duration\":0,\"del_flag\":1,\"item_show_type\":0,\"audio_fileid\":0,\"play_url\":\"\",\"malicious_title_reason_id\":0,\"malicious_content_type\":0}},{\"comm_msg_info\":{\"id\":1000001680,\"type\":49,\"datetime\":1611029361,\"fakeid\":\"3073282833\",\"status\":2,\"content\":\"\"},\"app_msg_ext_info\":{\"title\":\"ImageNet的top-1终于上了90%，网友质疑：用额外数据集还不公开，让人怎么信服？\",\"digest\":\"新的半监督学习方法将模型在 ImageNet 上的 top-1 准确率提升到了 90.2%。\",\"content\":\"\",\"fileid\":503323568,\"content_url\":\"http:\/\/mp.weixin.qq.com\/s?__biz=MzA3MzI4MjgzMw==&amp;mid=2650807238&amp;idx=1&amp;sn=5c22323a73eba4b0a3a9891bfc8420ce&amp;chksm=84e5dfb8b39256ae1986b91a321a849f33ea9b4c0dbe65d7379115989191ea7cb019822ae2b5&amp;scene=27#wechat_redirect\",\"source_url\":\"\",\"cover\":\"http:\/\/mmbiz.qpic.cn\/mmbiz_jpg\/KmXPKA19gWibhMApj9QPMRAol6LMGxmuOEp9ljq2hsdI5YLJpibbrKMpcoGKXQLJ2xuzT6TibpWFdzSRGJAoutgFg\/0?wx_fmt=jpeg\",\"subtype\":9,\"is_multi\":1,\"multi_app_msg_item_list\":[{\"title\":\"伯克利大神一人投中16篇：ICLR 2021论文接收统计出炉\",\"digest\":\"UC Berkeley 大神 Sergey Levine。\",\"content\":\"\",\"fileid\":503323588,\"content_url\":\"http:\/\/mp.weixin.qq.com\/s?__biz=MzA3MzI4MjgzMw==&amp;mid=2650807238&amp;idx=2&amp;sn=6a874d92b67df9775b86b7aa767066b3&amp;chksm=84e5dfb8b39256aef165c6d469d44bdff2516ead28b2097976e2baa22a35e5b0214fda539257&amp;scene=27#wechat_redirect\",\"source_url\":\"\",\"cover\":\"http:\/\/mmbiz.qpic.cn\/mmbiz_jpg\/KmXPKA19gWibhMApj9QPMRAol6LMGxmuOkCv6aJFEIU2qC3lgvicAV3ceWlhicibJOnS8UOOyXJ8cEtZ2MKibU5DjEQ\/0?wx_fmt=jpeg\",\"author\":\"\",\"copyright_stat\":100,\"del_flag\":1,\"item_show_type\":0,\"audio_fileid\":0,\"duration\":0,\"play_url\":\"\",\"malicious_title_reason_id\":0,\"malicious_content_type\":0},{\"title\":\"他发明了通用数据压缩算法：Jacob Ziv获2021 IEEE荣誉勋章\",\"digest\":\"今年的IEEE荣誉勋章，颁给了一位90岁老人：Jacob Ziv。\",\"content\":\"\",\"fileid\":0,\"content_url\":\"http:\/\/mp.weixin.qq.com\/s?__biz=MzA3MzI4MjgzMw==&amp;mid=2650807238&amp;idx=3&amp;sn=8ae031a18976fa1c32f8284b47eeebf6&amp;chksm=84e5dfb8b39256aed3bd570343609badf8967ce35b36aa9abc5b8fa18337c5c4d3abf92e3d43&amp;scene=27#wechat_redirect\",\"source_url\":\"\",\"cover\":\"http:\/\/mmbiz.qpic.cn\/mmbiz_jpg\/KmXPKA19gWibhMApj9QPMRAol6LMGxmuOOvZzQicmJLUVtAib1iaFGE6Hcic0RGhVDiaElnjgK7hxzYQ0EqY0MxC37VA\/0?wx_fmt=jpeg\",\"author\":\"\",\"copyright_stat\":100,\"del_flag\":1,\"item_show_type\":0,\"audio_fileid\":0,\"duration\":0,\"play_url\":\"\",\"malicious_title_reason_id\":0,\"malicious_content_type\":0},{\"title\":\"最新研究：超级人工智能，从理论上就无法控制\",\"digest\":\"来自 23 世纪的警告：你根本不可能知道一个AI是不是超级人工智能，更别提阻止它了。\",\"content\":\"\",\"fileid\":0,\"content_url\":\"http:\/\/mp.weixin.qq.com\/s?__biz=MzA3MzI4MjgzMw==&amp;mid=2650807238&amp;idx=4&amp;sn=05d318b89d315241d7de45444dfbd850&amp;chksm=84e5dfb8b39256ae67f8801a4bd3ae20dd547be7516d3b1a887e82e53132aa3404b5d15131d4&amp;scene=27#wechat_redirect\",\"source_url\":\"\",\"cover\":\"http:\/\/mmbiz.qpic.cn\/mmbiz_jpg\/KmXPKA19gWibhMApj9QPMRAol6LMGxmuO79eAqAFPXJDYVz5D9FLb3ib3TaBz3leUGJDSINNXgxjosIJrz6nQSuQ\/0?wx_fmt=jpeg\",\"author\":\"\",\"copyright_stat\":100,\"del_flag\":1,\"item_show_type\":0,\"audio_fileid\":0,\"duration\":0,\"play_url\":\"\",\"malicious_title_reason_id\":0,\"malicious_content_type\":0},{\"title\":\"今晚，AAAI 2021线上分享：强化学习与3D视觉结合新突破，国防科大实现高效能无序混合码垛机器人\",\"digest\":\"机器之心最新一期AAAI线上分享邀请到了论文通讯作者、国防科技大学教授瞿晓晔，为大家详细解读前沿研究。\",\"content\":\"\",\"fileid\":0,\"content_url\":\"http:\/\/mp.weixin.qq.com\/s?__biz=MzA3MzI4MjgzMw==&amp;mid=2650807238&amp;idx=5&amp;sn=dc42350a9f6af4e02e2ca66e94bf5d5f&amp;chksm=84e5dfb8b39256ae726440e61680bec2dca49da44bb6547cd8d66089044d7e18af2824abc5b2&amp;scene=27#wechat_redirect\",\"source_url\":\"\",\"cover\":\"http:\/\/mmbiz.qpic.cn\/mmbiz_jpg\/KmXPKA19gWibvpyNraHJgibTovCUO9pUwicJz1Z6ODAZZbcgZLARc8Erz3Fl3uQmQS0kQRtGyQiciaaoJOY1Lecmghg\/0?wx_fmt=jpeg\",\"author\":\"\",\"copyright_stat\":100,\"del_flag\":1,\"item_show_type\":0,\"audio_fileid\":0,\"duration\":0,\"play_url\":\"\",\"malicious_title_reason_id\":0,\"malicious_content_type\":0}],\"author\":\"\",\"copyright_stat\":100,\"duration\":0,\"del_flag\":1,\"item_show_type\":0,\"audio_fileid\":0,\"play_url\":\"\",\"malicious_title_reason_id\":0,\"malicious_content_type\":0}},{\"comm_msg_info\":{\"id\":1000001679,\"type\":49,\"datetime\":1610942870,\"fakeid\":\"3073282833\",\"status\":2,\"content\":\"\"},\"app_msg_ext_info\":{\"title\":\"击败酷睿i9之后，有人又拿苹果M1去挑战英伟达V100了\",\"digest\":\"用M1版Mac Mini训练小架构深度学习模型，结果好像还可以。\",\"content\":\"\",\"fileid\":0,\"content_url\":\"http:\/\/mp.weixin.qq.com\/s?__biz=MzA3MzI4MjgzMw==&amp;mid=2650807109&amp;idx=1&amp;sn=2e3aa23242670a7f92da462e83801ace&amp;chksm=84e5df3bb392562d66daed36d670f1ed41003e170a10d7db9cc4a20fe64eaeebf28552738a49&amp;scene=27#wechat_redirect\",\"source_url\":\"\",\"cover\":\"http:\/\/mmbiz.qpic.cn\/mmbiz_jpg\/KmXPKA19gW9XzM39AGyzbthv4aCpeHa3jKB0EwUxxdzA56icJH4gjh2rw9jKdtnbVdz8Kc7ojfDMA3fJfKItviaw\/0?wx_fmt=jpeg\",\"subtype\":9,\"is_multi\":1,\"multi_app_msg_item_list\":[{\"title\":\"美国突然取消英特尔等向华为供货许可：已吊销八份，新申请全拒\",\"digest\":\"特朗普政府在任期结束前针对中国的又一次行动。\",\"content\":\"\",\"fileid\":503323429,\"content_url\":\"http:\/\/mp.weixin.qq.com\/s?__biz=MzA3MzI4MjgzMw==&amp;mid=2650807109&amp;idx=2&amp;sn=a9ccbf2d66682b2aa3cd5462ca97e652&amp;chksm=84e5df3bb392562dfb0a85744fcf553c5ad9c0e7a23416c9eeeb7b89657698a207eba4e36a15&amp;scene=27#wechat_redirect\",\"source_url\":\"\",\"cover\":\"http:\/\/mmbiz.qpic.cn\/mmbiz_jpg\/KmXPKA19gW9XzM39AGyzbthv4aCpeHa3jOoLGicEicDtFvfCh1uiaPTZO3jrXGgwB3gYibIjytbAbrAeGAEZxDt12g\/0?wx_fmt=jpeg\",\"author\":\"\",\"copyright_stat\":100,\"del_flag\":1,\"item_show_type\":0,\"audio_fileid\":0,\"duration\":0,\"play_url\":\"\",\"malicious_title_reason_id\":0,\"malicious_content_type\":0},{\"title\":\"arXiv论文如何一键链接解读视频，这个浏览器扩展帮你实现\",\"digest\":\"论文读者的「福音」。\",\"content\":\"\",\"fileid\":503323422,\"content_url\":\"http:\/\/mp.weixin.qq.com\/s?__biz=MzA3MzI4MjgzMw==&amp;mid=2650807109&amp;idx=3&amp;sn=660a3de146fc135283c312650dbcbb5a&amp;chksm=84e5df3bb392562de5a59fb2892940e835f9b73ec9652cadc77cff08b119ed46bd5cbd3eeec7&amp;scene=27#wechat_redirect\",\"source_url\":\"\",\"cover\":\"http:\/\/mmbiz.qpic.cn\/mmbiz_jpg\/KmXPKA19gW9XzM39AGyzbthv4aCpeHa323BOIrPIvkuwIpB78Q1N9bP7VoSkGF56hKQibw6Y4IO5kvVkXsllnpg\/0?wx_fmt=jpeg\",\"author\":\"\",\"copyright_stat\":100,\"del_flag\":1,\"item_show_type\":0,\"audio_fileid\":0,\"duration\":0,\"play_url\":\"\",\"malicious_title_reason_id\":0,\"malicious_content_type\":0},{\"title\":\"如何解决联邦学习中的通信开销问题？\",\"digest\":\"联邦学习中的通信开销问题\",\"content\":\"\",\"fileid\":0,\"content_url\":\"http:\/\/mp.weixin.qq.com\/s?__biz=MzA3MzI4MjgzMw==&amp;mid=2650807109&amp;idx=4&amp;sn=830395a3c8626a8ad86119a25c0ec306&amp;chksm=84e5df3bb392562d5cea65adbd0389a2259e6af70935872e1a413cc0631a580bcd43cd1ccf87&amp;scene=27#wechat_redirect\",\"source_url\":\"https:\/\/jiqizhixin.mikecrm.com\/rg2RY52\",\"cover\":\"http:\/\/mmbiz.qpic.cn\/mmbiz_jpg\/KmXPKA19gW9XzM39AGyzbthv4aCpeHa3VJb80iadcQvfiaAzBSf0ScA9Hx6iadYvgs1vT0ZDYYozkXq0NZ1YswaUQ\/0?wx_fmt=jpeg\",\"author\":\"Synced\",\"copyright_stat\":11,\"del_flag\":1,\"item_show_type\":0,\"audio_fileid\":0,\"duration\":0,\"play_url\":\"\",\"malicious_title_reason_id\":0,\"malicious_content_type\":0},{\"title\":\"报名 | 世界最快光子AI卷积加速器登上Nature，论文一作、华人博士线上解读前沿研究\",\"digest\":\"该系统还能处理创纪录大小的超大规模图像——足以实现完整的面部图像识别，这是其他光学处理器一直无法完成的。\",\"content\":\"\",\"fileid\":0,\"content_url\":\"http:\/\/mp.weixin.qq.com\/s?__biz=MzA3MzI4MjgzMw==&amp;mid=2650807109&amp;idx=5&amp;sn=067431870ffb3447d454984b6ea85c2d&amp;chksm=84e5df3bb392562dc5a64630d0f264969f4c8a735ee5cfbdb1b1ae09f9803966ad97e2acf621&amp;scene=27#wechat_redirect\",\"source_url\":\"\",\"cover\":\"http:\/\/mmbiz.qpic.cn\/mmbiz_jpg\/KmXPKA19gW8Ax0iaZibIGW5NE8j62iaj4iaj3UhmoK6vJC4I6VWosRILg6yZaNtbO1kuseibySB5FQOiao3bbUj5nBRw\/0?wx_fmt=jpeg\",\"author\":\"\",\"copyright_stat\":100,\"del_flag\":1,\"item_show_type\":0,\"audio_fileid\":0,\"duration\":0,\"play_url\":\"\",\"malicious_title_reason_id\":0,\"malicious_content_type\":0}],\"author\":\"\",\"copyright_stat\":100,\"duration\":0,\"del_flag\":1,\"item_show_type\":0,\"audio_fileid\":0,\"play_url\":\"\",\"malicious_title_reason_id\":0,\"malicious_content_type\":0}},{\"comm_msg_info\":{\"id\":1000001678,\"type\":49,\"datetime\":1610857011,\"fakeid\":\"3073282833\",\"status\":2,\"content\":\"\"},\"app_msg_ext_info\":{\"title\":\"项目在手，天下我有！这里有820个ML Python库，star量共计260万，持续周更中\",\"digest\":\"还在发愁找不到机器学习开源项目？\",\"content\":\"\",\"fileid\":503323339,\"content_url\":\"http:\/\/mp.weixin.qq.com\/s?__biz=MzA3MzI4MjgzMw==&amp;mid=2650806996&amp;idx=1&amp;sn=c551c1f9f13b7cd27f8b367f6a85c73d&amp;chksm=84e5deaab39257bca09981b0a846e5ca1da87d202e788c6a022157019168448a886f80b3902b&amp;scene=27#wechat_redirect\",\"source_url\":\"\",\"cover\":\"http:\/\/mmbiz.qpic.cn\/mmbiz_jpg\/KmXPKA19gWib2wJ0p7Ul6BbWef0XH6eicicfAhianEeeuvecVgsVFmngtQI2TLTKVeCMKUYicOBjTxnjXTiciceuZDK4Q\/0?wx_fmt=jpeg\",\"subtype\":9,\"is_multi\":1,\"multi_app_msg_item_list\":[{\"title\":\"让PyTorch训练速度更快，你需要掌握这17种方法\",\"digest\":\"怎样加速 PyTorch 的训练呢？\",\"content\":\"\",\"fileid\":503323342,\"content_url\":\"http:\/\/mp.weixin.qq.com\/s?__biz=MzA3MzI4MjgzMw==&amp;mid=2650806996&amp;idx=2&amp;sn=3559859de4bd2e4b9c232cf43acc154a&amp;chksm=84e5deaab39257bcec7687b870043464b7006cf777b6a7964d740a2d4d150c9874e082e19c51&amp;scene=27#wechat_redirect\",\"source_url\":\"\",\"cover\":\"http:\/\/mmbiz.qpic.cn\/mmbiz_jpg\/KmXPKA19gWib2wJ0p7Ul6BbWef0XH6eicicfQz5P55pZmhQUOUPIJ0crMJIxia6PqRhejMbMxWgXbBVAUTPGVJiaXNg\/0?wx_fmt=jpeg\",\"author\":\"\",\"copyright_stat\":100,\"del_flag\":1,\"item_show_type\":0,\"audio_fileid\":0,\"duration\":0,\"play_url\":\"\",\"malicious_title_reason_id\":0,\"malicious_content_type\":0},{\"title\":\"Human vs AI，人类和机器的学习究竟谁更胜一筹？\",\"digest\":\"在各种任务中人类的学习能力和机器的学习能力究竟哪个更胜一筹？\",\"content\":\"\",\"fileid\":503323267,\"content_url\":\"http:\/\/mp.weixin.qq.com\/s?__biz=MzA3MzI4MjgzMw==&amp;mid=2650806996&amp;idx=3&amp;sn=63b48a6bc72c10a64949894d7e1e3f03&amp;chksm=84e5deaab39257bc9f260f13d4a7c989cf5afe93e85c46d55c60bb7073c6b0beaaba80b01581&amp;scene=27#wechat_redirect\",\"source_url\":\"https:\/\/jiqizhixin.mikecrm.com\/rg2RY52\",\"cover\":\"http:\/\/mmbiz.qpic.cn\/mmbiz_jpg\/KmXPKA19gWibvpyNraHJgibTovCUO9pUwicfDHYCvlY0NDVGdMKYqGZEv9PevWLaXIrKbMACxmjVr7Ft3GuuUoQWQ\/0?wx_fmt=jpeg\",\"author\":\"Synced\",\"copyright_stat\":11,\"del_flag\":1,\"item_show_type\":0,\"audio_fileid\":0,\"duration\":0,\"play_url\":\"\",\"malicious_title_reason_id\":0,\"malicious_content_type\":0},{\"title\":\"7 Papers &amp; Radios |1.6万亿参数语言模型；IJCAI 2020奖项公布\",\"digest\":\"本周值得关注的研究还有华为云提出的短文本实体链接 MRC 框架。\",\"content\":\"\",\"fileid\":503294868,\"content_url\":\"http:\/\/mp.weixin.qq.com\/s?__biz=MzA3MzI4MjgzMw==&amp;mid=2650806996&amp;idx=4&amp;sn=98d768547f3c6dd7f2f29a26195be3ea&amp;chksm=84e5deaab39257bc3e6e873a961990a34521147e1ea21d835b8b2da6c4f0e6d69b2c1e6c0de0&amp;scene=27#wechat_redirect\",\"source_url\":\"\",\"cover\":\"http:\/\/mmbiz.qpic.cn\/mmbiz_jpg\/KmXPKA19gWib2wJ0p7Ul6BbWef0XH6eicicNxCV6ozyhCPbdHeAibl6dPmC6ccFKZdicXtY18RIynjrzGhhtYiavUorg\/0?wx_fmt=jpeg\",\"author\":\"\",\"copyright_stat\":100,\"del_flag\":1,\"item_show_type\":0,\"audio_fileid\":0,\"duration\":0,\"play_url\":\"\",\"malicious_title_reason_id\":0,\"malicious_content_type\":0}],\"author\":\"\",\"copyright_stat\":100,\"duration\":0,\"del_flag\":1,\"item_show_type\":0,\"audio_fileid\":0,\"play_url\":\"\",\"malicious_title_reason_id\":0,\"malicious_content_type\":0}},{\"comm_msg_info\":{\"id\":1000001677,\"type\":49,\"datetime\":1610773887,\"fakeid\":\"3073282833\",\"status\":2,\"content\":\"\"},\"app_msg_ext_info\":{\"title\":\"Science出台新政，旗下部分期刊论文立即免费，无需作者付费\",\"digest\":\"好起来了？免费科学文献计划Plan S今年生效，Science昨天又放出「大招」。\",\"content\":\"\",\"fileid\":0,\"content_url\":\"http:\/\/mp.weixin.qq.com\/s?__biz=MzA3MzI4MjgzMw==&amp;mid=2650806947&amp;idx=1&amp;sn=e03eed98151480dbf2e6d720e0659eb6&amp;chksm=84e5deddb39257cb217b94e9251882d29e861393bee2bfeafd89b4536dc2d04b366d2322a929&amp;scene=27#wechat_redirect\",\"source_url\":\"\",\"cover\":\"http:\/\/mmbiz.qpic.cn\/mmbiz_jpg\/KmXPKA19gWicJnOlecuPWXGKeCCWQQfZUoQELdceA0xsh4QzwrXIiaYasiaR6ufJ0tJDIuSDdWGiaeXiaasUZvfMbjw\/0?wx_fmt=jpeg\",\"subtype\":9,\"is_multi\":1,\"multi_app_msg_item_list\":[{\"title\":\"2021斯坦福图机器学习课程CS224W开课了，Jure Leskovec主讲\",\"digest\":\"CS224W 2021冬季课程开课了。\",\"content\":\"\",\"fileid\":503323205,\"content_url\":\"http:\/\/mp.weixin.qq.com\/s?__biz=MzA3MzI4MjgzMw==&amp;mid=2650806947&amp;idx=2&amp;sn=d06a04f6acd47d660c00e432fc7146fa&amp;chksm=84e5deddb39257cbced8f35879a939f54887dee2dd4fca620a824d01ea924fa93f96223940c4&amp;scene=27#wechat_redirect\",\"source_url\":\"\",\"cover\":\"http:\/\/mmbiz.qpic.cn\/mmbiz_jpg\/KmXPKA19gWibvpyNraHJgibTovCUO9pUwic6iaqQuRApb7xfH20Bev0JX9Mjtpwm3Smj8SFSFTPkGQ6pSGPBcGuItg\/0?wx_fmt=jpeg\",\"author\":\"\",\"copyright_stat\":100,\"del_flag\":1,\"item_show_type\":0,\"audio_fileid\":0,\"duration\":0,\"play_url\":\"\",\"malicious_title_reason_id\":0,\"malicious_content_type\":0},{\"title\":\"Transformer有可能替代CNN吗？未来有哪些研究方向？听听大家都怎么说\",\"digest\":\"Transformer 有可能替代 CNN 吗？现在下结论还为时过早。\",\"content\":\"\",\"fileid\":0,\"content_url\":\"http:\/\/mp.weixin.qq.com\/s?__biz=MzA3MzI4MjgzMw==&amp;mid=2650806947&amp;idx=3&amp;sn=40b0cfd16df7198468a861848e6b1c37&amp;chksm=84e5deddb39257cb8c9e0c4a8398ed425579a3ef907165ad9f88813cdf7bf4697d05664464f7&amp;scene=27#wechat_redirect\",\"source_url\":\"\",\"cover\":\"http:\/\/mmbiz.qpic.cn\/mmbiz_jpg\/KmXPKA19gWibvpyNraHJgibTovCUO9pUwicNibMhOyF5SqaiafRBjqJlBy6qSUgPrjO2Bdd0byDZRXAqwTSR6LATQtg\/0?wx_fmt=jpeg\",\"author\":\"\",\"copyright_stat\":100,\"del_flag\":1,\"item_show_type\":0,\"audio_fileid\":0,\"duration\":0,\"play_url\":\"\",\"malicious_title_reason_id\":0,\"malicious_content_type\":0},{\"title\":\"CV技术在医疗领域中有哪些应用？Salesforce、谷歌、斯坦福综述文章登上Nature子刊\",\"digest\":\"计算机视觉在医疗领域得到了广泛应用，如医学影像处理等。\",\"content\":\"\",\"fileid\":503323277,\"content_url\":\"http:\/\/mp.weixin.qq.com\/s?__biz=MzA3MzI4MjgzMw==&amp;mid=2650806947&amp;idx=4&amp;sn=2d9deda496ebe08185ef8abf3eecb218&amp;chksm=84e5deddb39257cbe7eecd432643ea16b8e56a768e65276f8b1cecba2cddbbc8aafb38baa870&amp;scene=27#wechat_redirect\",\"source_url\":\"\",\"cover\":\"http:\/\/mmbiz.qpic.cn\/mmbiz_jpg\/KmXPKA19gWibvpyNraHJgibTovCUO9pUwic7ybp0HobaFXQyfGykqJib4jWPx9iagaXj0pzDbqGdaa3oBPh42BdFtcg\/0?wx_fmt=jpeg\",\"author\":\"\",\"copyright_stat\":100,\"del_flag\":1,\"item_show_type\":0,\"audio_fileid\":0,\"duration\":0,\"play_url\":\"\",\"malicious_title_reason_id\":0,\"malicious_content_type\":0}],\"author\":\"\",\"copyright_stat\":100,\"duration\":0,\"del_flag\":1,\"item_show_type\":0,\"audio_fileid\":0,\"play_url\":\"\",\"malicious_title_reason_id\":0,\"malicious_content_type\":0}},{\"comm_msg_info\":{\"id\":1000001676,\"type\":49,\"datetime\":1610701203,\"fakeid\":\"3073282833\",\"status\":2,\"content\":\"\"},\"app_msg_ext_info\":{\"title\":\"2020-2021「AI中国」机器之心人工智能年度奖项揭榜：大浪淘沙，数智突围\",\"digest\":\"基于 35 位顶级投资人、人工智能技术领袖、数字化转型与智能化升级专家意见，结合一手市场调研及对近 200 个专业指标的定量计算与定性评估，「AI 中国」机器之心人工智能年度奖项正式揭晓。\",\"content\":\"\",\"fileid\":503323217,\"content_url\":\"http:\/\/mp.weixin.qq.com\/s?__biz=MzA3MzI4MjgzMw==&amp;mid=2650806918&amp;idx=1&amp;sn=c1b27dcdd4a4d19b2d6267b8c611e87a&amp;chksm=84e5def8b39257ee798b3cd156e8c902dc1b2a9aa7e1bdf087c6e990c023228782ebcecfe830&amp;scene=27#wechat_redirect\",\"source_url\":\"http:\/\/www.jiqizhixin.com\/awards\",\"cover\":\"http:\/\/mmbiz.qpic.cn\/mmbiz_jpg\/KmXPKA19gWibvpyNraHJgibTovCUO9pUwicxVtibSy8lNtNGGeU0KxWFiaWHsFm0TpSkhKgPuUejUVHkeWM2sXk9PNA\/0?wx_fmt=jpeg\",\"subtype\":9,\"is_multi\":1,\"multi_app_msg_item_list\":[{\"title\":\"多核之后，CPU 的发展方向是什么？中科院计算所包云岗详细解读\",\"digest\":\"后摩尔定律时代，CPU性能提升放缓，算力的增长如何满足越来越大的AI模型需求？\",\"content\":\"\",\"fileid\":503323169,\"content_url\":\"http:\/\/mp.weixin.qq.com\/s?__biz=MzA3MzI4MjgzMw==&amp;mid=2650806918&amp;idx=2&amp;sn=fe3ff26d75f0878a25f8837d76003fa0&amp;chksm=84e5def8b39257eec65a0dda5ca6d8cf4aeefdcf74ca4762be1609445cc783d865727d75f234&amp;scene=27#wechat_redirect\",\"source_url\":\"\",\"cover\":\"http:\/\/mmbiz.qpic.cn\/mmbiz_jpg\/KmXPKA19gWibvpyNraHJgibTovCUO9pUwicx7jko2srZcvMFqhPGM6Cxw8U8tFQNDMC0bicdzF1ycpAmqeUZS5WSiaw\/0?wx_fmt=jpeg\",\"author\":\"\",\"copyright_stat\":100,\"del_flag\":1,\"item_show_type\":0,\"audio_fileid\":0,\"duration\":0,\"play_url\":\"\",\"malicious_title_reason_id\":0,\"malicious_content_type\":0},{\"title\":\"任期只剩6天，特朗普政府将小米等9家中企列入投资黑名单\",\"digest\":\"一旦行政命令生效，小米即将面临美国公司和美国投资者撤资的风险。\",\"content\":\"\",\"fileid\":503323203,\"content_url\":\"http:\/\/mp.weixin.qq.com\/s?__biz=MzA3MzI4MjgzMw==&amp;mid=2650806918&amp;idx=3&amp;sn=d8cae1d73f7fed97cc91e011214be543&amp;chksm=84e5def8b39257eed3c15f1337bd06626de30fc6bef9b1d93c57f65c53420a1db6f739b3991a&amp;scene=27#wechat_redirect\",\"source_url\":\"\",\"cover\":\"http:\/\/mmbiz.qpic.cn\/mmbiz_jpg\/KmXPKA19gWibvpyNraHJgibTovCUO9pUwichQeGtE6vsycQqNUk7icxqANDQtcnw8K9MSPxibhaV1cE7wACcg0dxgtA\/0?wx_fmt=jpeg\",\"author\":\"\",\"copyright_stat\":100,\"del_flag\":1,\"item_show_type\":0,\"audio_fileid\":0,\"duration\":0,\"play_url\":\"\",\"malicious_title_reason_id\":0,\"malicious_content_type\":0},{\"title\":\"归纳+记忆：让机器像人一样从小样本中学习\",\"digest\":\"在对话式 AI 大规模落地应用的过程中，面临众多技术难题，其中一个是低资源小样本的问题。\",\"content\":\"\",\"fileid\":503323115,\"content_url\":\"http:\/\/mp.weixin.qq.com\/s?__biz=MzA3MzI4MjgzMw==&amp;mid=2650806918&amp;idx=4&amp;sn=5ac92d871a194bc856ac4fcbff6e4102&amp;chksm=84e5def8b39257ee056cc41e018d06ab0ed2c2feaef11d55ff789f2f68536ee86366a35b4ac5&amp;scene=27#wechat_redirect\",\"source_url\":\"\",\"cover\":\"http:\/\/mmbiz.qpic.cn\/mmbiz_jpg\/KmXPKA19gW9mkBqdBCp94269UtFWSXwV63e69AGVDfRyvibsy3SLbib3tl7GXIuibibTicnIA1hroQ1enYdWAhAaNKg\/0?wx_fmt=jpeg\",\"author\":\"耿瑞莹、黎槟华等\",\"copyright_stat\":101,\"del_flag\":1,\"item_show_type\":0,\"audio_fileid\":0,\"duration\":0,\"play_url\":\"\",\"malicious_title_reason_id\":0,\"malicious_content_type\":0},{\"title\":\"线上直播丨倒计时一天！一起来CSIG-机器感知与智能论坛与大咖面对面\",\"digest\":\"10余位领域内的知名专家学者将从机器学习、机器感知和认知机理三个方面分享最新进展与发展趋势。\",\"content\":\"\",\"fileid\":0,\"content_url\":\"http:\/\/mp.weixin.qq.com\/s?__biz=MzA3MzI4MjgzMw==&amp;mid=2650806918&amp;idx=5&amp;sn=f5269a12b331197d0efac61d0f3aec69&amp;chksm=84e5def8b39257ee0f3146fdbc451173069377334641790b64415c49c1b3ad278d20703bd093&amp;scene=27#wechat_redirect\",\"source_url\":\"https:\/\/c.eqxiu.com\/s\/d8DsTbD1\",\"cover\":\"http:\/\/mmbiz.qpic.cn\/mmbiz_jpg\/KmXPKA19gW8Ax0iaZibIGW5NE8j62iaj4iajlpk9icAE0xp0VicwCC6rmrW8OOY5DGrlM7vDsgK1woEicY878mET5XAVg\/0?wx_fmt=jpeg\",\"author\":\"\",\"copyright_stat\":100,\"del_flag\":1,\"item_show_type\":0,\"audio_fileid\":0,\"duration\":0,\"play_url\":\"\",\"malicious_title_reason_id\":0,\"malicious_content_type\":0},{\"title\":\"AAAI 2021线上分享 | 强化学习与3D视觉结合新突破，国防科大实现高效能无序混合码垛机器人\",\"digest\":\"机器之心最新一期AAAI线上分享邀请到了论文通讯作者、国防科技大学教授瞿晓晔，为大家详细解读前沿研究。\",\"content\":\"\",\"fileid\":0,\"content_url\":\"http:\/\/mp.weixin.qq.com\/s?__biz=MzA3MzI4MjgzMw==&amp;mid=2650806918&amp;idx=6&amp;sn=723e8cd21a3bc577ce7c7824754606dd&amp;chksm=84e5def8b39257eebc5727e8e880bff3aa88175f9ee79aafc5284e2e2590165302808e884a7b&amp;scene=27#wechat_redirect\",\"source_url\":\"\",\"cover\":\"http:\/\/mmbiz.qpic.cn\/mmbiz_jpg\/KmXPKA19gWibvpyNraHJgibTovCUO9pUwicJz1Z6ODAZZbcgZLARc8Erz3Fl3uQmQS0kQRtGyQiciaaoJOY1Lecmghg\/0?wx_fmt=jpeg\",\"author\":\"\",\"copyright_stat\":100,\"del_flag\":1,\"item_show_type\":0,\"audio_fileid\":0,\"duration\":0,\"play_url\":\"\",\"malicious_title_reason_id\":0,\"malicious_content_type\":0}],\"author\":\"Synced\",\"copyright_stat\":11,\"duration\":0,\"del_flag\":1,\"item_show_type\":0,\"audio_fileid\":0,\"play_url\":\"\",\"malicious_title_reason_id\":0,\"malicious_content_type\":0}},{\"comm_msg_info\":{\"id\":1000001675,\"type\":49,\"datetime\":1610595331,\"fakeid\":\"3073282833\",\"status\":2,\"content\":\"\"},\"app_msg_ext_info\":{\"title\":\"7位图灵奖得主当选，新晋陈怡然、周昆、颜水成等多位华人，2020 ACM Fellow名单公布\",\"digest\":\"2020 年度的 ACM Fellow 名单已正式公布，共 95 人入选。\",\"content\":\"\",\"fileid\":503323123,\"content_url\":\"http:\/\/mp.weixin.qq.com\/s?__biz=MzA3MzI4MjgzMw==&amp;mid=2650806805&amp;idx=1&amp;sn=04c241ecaa95781dd4f1c8bc359e4791&amp;chksm=84e5de6bb392577dd30953cb97d62c4951b5e87866c11e8ce79870c634c64c9a923d6b275d12&amp;scene=27#wechat_redirect\",\"source_url\":\"\",\"cover\":\"http:\/\/mmbiz.qpic.cn\/mmbiz_jpg\/KmXPKA19gW8Ax0iaZibIGW5NE8j62iaj4iajzLAf6h60Cf00cKmBqICPcVPiaBVwvmz65riaONQaicPQicKldCnMelW5SQ\/0?wx_fmt=jpeg\",\"subtype\":9,\"is_multi\":1,\"multi_app_msg_item_list\":[{\"title\":\"规划2021年技术路标，百度研究院做出了这样一份预测\",\"digest\":\"百度研究院发布了 2021 年十大科技趋势预测，内容涵盖人工智能、量子计算、芯片产业及生物等交叉领域，希望用清晰的技术路标，引领我们迎接智能时代的新机遇与新航程。\",\"content\":\"\",\"fileid\":0,\"content_url\":\"http:\/\/mp.weixin.qq.com\/s?__biz=MzA3MzI4MjgzMw==&amp;mid=2650806805&amp;idx=2&amp;sn=fe7ec9569babe84c8ea21f88297b8f32&amp;chksm=84e5de6bb392577d06e8e887fa815c7f5cf51988070a15e672c387df687497a8e8731a636d9d&amp;scene=27#wechat_redirect\",\"source_url\":\"\",\"cover\":\"http:\/\/mmbiz.qpic.cn\/mmbiz_jpg\/KmXPKA19gW9mkBqdBCp94269UtFWSXwV7tX3qQJMHrkNStAeRiciahZ6mgVBQBZC1ibckZeudPjD7PG3DIibSicB5VQ\/0?wx_fmt=jpeg\",\"author\":\"\",\"copyright_stat\":100,\"del_flag\":1,\"item_show_type\":0,\"audio_fileid\":0,\"duration\":0,\"play_url\":\"\",\"malicious_title_reason_id\":0,\"malicious_content_type\":0},{\"title\":\"开始自救？英特尔宣布CEO变更，请回前CTO Pat Gelsinger\",\"digest\":\"换一位技术型 CEO，英特尔能逆天改命吗？\",\"content\":\"\",\"fileid\":0,\"content_url\":\"http:\/\/mp.weixin.qq.com\/s?__biz=MzA3MzI4MjgzMw==&amp;mid=2650806805&amp;idx=3&amp;sn=23d01e2dafd12648a5812dd3a7e2a5ce&amp;chksm=84e5de6bb392577d5bc1e2d7fda7aed25421a11cbf0674d4d6f15c0e8ad6bfc6e1af19af2e6d&amp;scene=27#wechat_redirect\",\"source_url\":\"\",\"cover\":\"http:\/\/mmbiz.qpic.cn\/mmbiz_jpg\/KmXPKA19gW8Ax0iaZibIGW5NE8j62iaj4iajwlcjqBNBYlnsjelpfPkNVialKT0XKMiacMiaEZJJzMerKj6hQjnWNTO3w\/0?wx_fmt=jpeg\",\"author\":\"\",\"copyright_stat\":100,\"del_flag\":1,\"item_show_type\":0,\"audio_fileid\":0,\"duration\":0,\"play_url\":\"\",\"malicious_title_reason_id\":0,\"malicious_content_type\":0},{\"title\":\"EdgeBERT：极限压缩，比ALBERT再轻13倍！树莓派上跑BERT的日子要来了？\",\"digest\":\"树莓派上跑BERT的日子要来了？\",\"content\":\"\",\"fileid\":0,\"content_url\":\"http:\/\/mp.weixin.qq.com\/s?__biz=MzA3MzI4MjgzMw==&amp;mid=2650806805&amp;idx=4&amp;sn=4a356904e931334d3eaa7cbb51f3b69a&amp;chksm=84e5de6bb392577d5a73c726590caabf034900e90e709c80eccc6e53e128a332e1808df58226&amp;scene=27#wechat_redirect\",\"source_url\":\"\",\"cover\":\"http:\/\/mmbiz.qpic.cn\/mmbiz_jpg\/5fknb41ib9qHxQnqO9np13YHENYGvp1rzaic0n1KYxxDZbNRpWtJGF0JPPowjMapJ5t6D9Sq2JFZiccPtoelcFvvQ\/0?wx_fmt=jpeg\",\"author\":\"Sheryc_王苏\",\"copyright_stat\":201,\"del_flag\":1,\"item_show_type\":0,\"audio_fileid\":0,\"duration\":0,\"play_url\":\"\",\"malicious_title_reason_id\":0,\"malicious_content_type\":0},{\"title\":\"报名 | 世界最快光子AI卷积加速器登上Nature，论文一作、华人博士线上解读前沿研究\",\"digest\":\"该系统还能处理创纪录大小的超大规模图像——足以实现完整的面部图像识别，这是其他光学处理器一直无法完成的。\",\"content\":\"\",\"fileid\":0,\"content_url\":\"http:\/\/mp.weixin.qq.com\/s?__biz=MzA3MzI4MjgzMw==&amp;mid=2650806805&amp;idx=5&amp;sn=d79749b48aa88ada8281bca6b276904c&amp;chksm=84e5de6bb392577dc49e80dde4498460e1822da01c73ffb4ac3eeeeb7ba30188456c07d1f851&amp;scene=27#wechat_redirect\",\"source_url\":\"\",\"cover\":\"http:\/\/mmbiz.qpic.cn\/mmbiz_jpg\/KmXPKA19gW8Ax0iaZibIGW5NE8j62iaj4iaj3UhmoK6vJC4I6VWosRILg6yZaNtbO1kuseibySB5FQOiao3bbUj5nBRw\/0?wx_fmt=jpeg\",\"author\":\"\",\"copyright_stat\":100,\"del_flag\":1,\"item_show_type\":0,\"audio_fileid\":0,\"duration\":0,\"play_url\":\"\",\"malicious_title_reason_id\":0,\"malicious_content_type\":0},{\"title\":\"报名 | 如何解决短文本实体链接问题？华为云算法专家今晚为你解答\",\"digest\":\"多轮阅读理解框架解决短文本的实体链接问题。\",\"content\":\"\",\"fileid\":0,\"content_url\":\"http:\/\/mp.weixin.qq.com\/s?__biz=MzA3MzI4MjgzMw==&amp;mid=2650806805&amp;idx=6&amp;sn=934bf64f49e4e3ada9870ec9998da974&amp;chksm=84e5de6bb392577d0baedfb2d356b6989aa76c38b964170cc3227aac70ab15d9ae96706352df&amp;scene=27#wechat_redirect\",\"source_url\":\"\",\"cover\":\"http:\/\/mmbiz.qpic.cn\/mmbiz_jpg\/KmXPKA19gW8P6178iayoozr8FSSKOMXiaj71el04M76mb5lPOJictE8rtN1NdTyghzV6GkCFdmvSPtl1wLj2vO6ZQ\/0?wx_fmt=jpeg\",\"author\":\"\",\"copyright_stat\":100,\"del_flag\":1,\"item_show_type\":0,\"audio_fileid\":0,\"duration\":0,\"play_url\":\"\",\"malicious_title_reason_id\":0,\"malicious_content_type\":0}],\"author\":\"\",\"copyright_stat\":100,\"duration\":0,\"del_flag\":1,\"item_show_type\":0,\"audio_fileid\":0,\"play_url\":\"\",\"malicious_title_reason_id\":0,\"malicious_content_type\":0}}]}","next_offset":151,"video_count":1,"use_video_tab":1,"real_type":0,"home_page_list":[]}