{"ret":0,"errmsg":"ok","msg_count":10,"can_msg_continue":1,"general_msg_list":"{\"list\":[{\"comm_msg_info\":{\"id\":1000001664,\"type\":49,\"datetime\":1609645087,\"fakeid\":\"3073282833\",\"status\":2,\"content\":\"\"},\"app_msg_ext_info\":{\"title\":\"日漫迷有福了！这个系统可以全自动翻译日漫，再也不用啃生肉了\",\"digest\":\"不懂日语没关系，这里有个全自动漫画翻译系统，还能翻译成中文。\",\"content\":\"\",\"fileid\":0,\"content_url\":\"http:\/\/mp.weixin.qq.com\/s?__biz=MzA3MzI4MjgzMw==&amp;mid=2650805891&amp;idx=1&amp;sn=5399cf917e722719d09542738b54cce3&amp;chksm=84e5d2fdb3925beb68781841ce60a0ce920a66a05cd9d3094f603b2fd60c4116c6c726edba38&amp;scene=27#wechat_redirect\",\"source_url\":\"\",\"cover\":\"http:\/\/mmbiz.qpic.cn\/mmbiz_jpg\/KmXPKA19gW989xDaFGepP9ECv1wNYrzRic6y1sRcYr961laXOfQcxiaWuiadnYndcI5xWEr1gVG03AW74gNclMzFQ\/0?wx_fmt=jpeg\",\"subtype\":9,\"is_multi\":1,\"multi_app_msg_item_list\":[{\"title\":\"PyTorch+Kaldi、专注E2E语音识别，腾讯AI Lab开源轻量级语音处理工具包PIKA\",\"digest\":\"基于 PyTorch 和 Kaldi 的轻量级语音处理工具包\",\"content\":\"\",\"fileid\":503322241,\"content_url\":\"http:\/\/mp.weixin.qq.com\/s?__biz=MzA3MzI4MjgzMw==&amp;mid=2650805891&amp;idx=2&amp;sn=c62fe2c413b32d7a47f22d934bef9c4b&amp;chksm=84e5d2fdb3925beb7d3c48d0dd4c1f77894dc4705d90089bbe21ec7fc22f152b533fb734565e&amp;scene=27#wechat_redirect\",\"source_url\":\"\",\"cover\":\"http:\/\/mmbiz.qpic.cn\/mmbiz_jpg\/KmXPKA19gW989xDaFGepP9ECv1wNYrzRRMNkHRJ8ibOWcvEQ9cEraRLP4t6Xmr9a51iacLCOjZ2rukXibU2m9uP2Q\/0?wx_fmt=jpeg\",\"author\":\"\",\"copyright_stat\":100,\"del_flag\":1,\"item_show_type\":0,\"audio_fileid\":0,\"duration\":0,\"play_url\":\"\",\"malicious_title_reason_id\":0,\"malicious_content_type\":0},{\"title\":\"拯救手残党，机器学习画图模板ML Visuals更新了\",\"digest\":\"神经网络画图神器 ML Visuals 正在持续更新。\",\"content\":\"\",\"fileid\":0,\"content_url\":\"http:\/\/mp.weixin.qq.com\/s?__biz=MzA3MzI4MjgzMw==&amp;mid=2650805891&amp;idx=3&amp;sn=429b806bd4320cff607bbec9d683e7e0&amp;chksm=84e5d2fdb3925beb33b64a9118a22e997ef9217f611ce80fcdaebe0abad765f46134651f1f06&amp;scene=27#wechat_redirect\",\"source_url\":\"\",\"cover\":\"http:\/\/mmbiz.qpic.cn\/mmbiz_jpg\/KmXPKA19gW989xDaFGepP9ECv1wNYrzRUvl1ETZxZFNPeY5mASTS4xHO0Ne2qjFkpuq1MDlib90ibKdoWO7JfRrA\/0?wx_fmt=jpeg\",\"author\":\"\",\"copyright_stat\":100,\"del_flag\":1,\"item_show_type\":0,\"audio_fileid\":0,\"duration\":0,\"play_url\":\"\",\"malicious_title_reason_id\":0,\"malicious_content_type\":0},{\"title\":\"硅芯片接近物理极限，人工智能助力发现可替代的磁性新材料\",\"digest\":\"一种关于如何实施AI技术来分析磁性系统特性的新方法\",\"content\":\"\",\"fileid\":0,\"content_url\":\"http:\/\/mp.weixin.qq.com\/s?__biz=MzA3MzI4MjgzMw==&amp;mid=2650805891&amp;idx=4&amp;sn=50e7a3d9ae26ff9536dceaf75ba0bd29&amp;chksm=84e5d2fdb3925bebc549af37a9bde10053a484549af447a2c373b959594a2e14e9a73dfe6539&amp;scene=27#wechat_redirect\",\"source_url\":\"\",\"cover\":\"http:\/\/mmbiz.qpic.cn\/mmbiz_jpg\/XLCp9HBkwLlJFra6Aljzn8zEjnnTIDQJ9hkAjRmeloE2xEFLsGB2D5vubaHvTBLOM3mFdlv1CXh3l9cZtQjXpA\/0?wx_fmt=jpeg\",\"author\":\"大路\",\"copyright_stat\":201,\"del_flag\":1,\"item_show_type\":0,\"audio_fileid\":0,\"duration\":0,\"play_url\":\"\",\"malicious_title_reason_id\":0,\"malicious_content_type\":0},{\"title\":\"“信息论之父”——克劳德·香农是如何创造未来的\",\"digest\":\"克劳德·香农是如何创造未来的\",\"content\":\"\",\"fileid\":0,\"content_url\":\"http:\/\/mp.weixin.qq.com\/s?__biz=MzA3MzI4MjgzMw==&amp;mid=2650805891&amp;idx=5&amp;sn=6172b984977339d4a9ed640ceaa288ed&amp;chksm=84e5d2fdb3925bebccf2c488e975afe55d30da3886a4ce9a53f1b715064487415ec866621d9f&amp;scene=27#wechat_redirect\",\"source_url\":\"\",\"cover\":\"http:\/\/mmbiz.qpic.cn\/mmbiz_jpg\/XLCp9HBkwLl6iaWORQLUzzOfJwRWnQgJcicay5DibibFaVoeuaaic9uqYNZfZjaaNGjmRcRSxomic2N715SoNHrxibF1A\/0?wx_fmt=jpeg\",\"author\":\"别闹了机器\",\"copyright_stat\":201,\"del_flag\":1,\"item_show_type\":0,\"audio_fileid\":0,\"duration\":0,\"play_url\":\"\",\"malicious_title_reason_id\":0,\"malicious_content_type\":0}],\"author\":\"\",\"copyright_stat\":100,\"duration\":0,\"del_flag\":1,\"item_show_type\":0,\"audio_fileid\":0,\"play_url\":\"\",\"malicious_title_reason_id\":0,\"malicious_content_type\":0}},{\"comm_msg_info\":{\"id\":1000001663,\"type\":49,\"datetime\":1609565781,\"fakeid\":\"3073282833\",\"status\":2,\"content\":\"\"},\"app_msg_ext_info\":{\"title\":\"依图CTO颜水成离职，据消息称将加入东南亚电商公司\",\"digest\":\"2021 年一开始，就出现了人工智能著名学者转会的新闻。\",\"content\":\"\",\"fileid\":503322196,\"content_url\":\"http:\/\/mp.weixin.qq.com\/s?__biz=MzA3MzI4MjgzMw==&amp;mid=2650805852&amp;idx=1&amp;sn=c6ca66b3d5ddfee12e91cc2a133538ee&amp;chksm=84e5d222b3925b3487f734bb4704060180c408ab25d606eb2ee7053f3ce87b63f4897a1b1bbe&amp;scene=27#wechat_redirect\",\"source_url\":\"\",\"cover\":\"http:\/\/mmbiz.qpic.cn\/mmbiz_jpg\/KmXPKA19gW87svfAYrSPtZ7odCS1Ot5DC4y3Wfw9jthWaa6eyaCltT9yUwzlvuibW7FtFZUGvg64Fmib7jaTjB8Q\/0?wx_fmt=jpeg\",\"subtype\":9,\"is_multi\":1,\"multi_app_msg_item_list\":[{\"title\":\"谷歌研究科学家Kevin P. Murphy概率机器学习经典教材再版，PDF免费下载\",\"digest\":\"Kevin P. Murphy 的概率机器学习书籍，即将发行第二版了\",\"content\":\"\",\"fileid\":503322187,\"content_url\":\"http:\/\/mp.weixin.qq.com\/s?__biz=MzA3MzI4MjgzMw==&amp;mid=2650805852&amp;idx=2&amp;sn=9cf97326c4a6b8e014067edb67410213&amp;chksm=84e5d222b3925b34231e6c57d828fd4557d8ae623972b98ed1140bc71013255481d0b83607ac&amp;scene=27#wechat_redirect\",\"source_url\":\"\",\"cover\":\"http:\/\/mmbiz.qpic.cn\/mmbiz_jpg\/KmXPKA19gW87svfAYrSPtZ7odCS1Ot5DCrs7JYc9fKSg0aSby9cOuV1UIlLXe0yBDEOpp5MOYyccfCslBQx0vw\/0?wx_fmt=jpeg\",\"author\":\"Synced\",\"copyright_stat\":11,\"del_flag\":1,\"item_show_type\":0,\"audio_fileid\":0,\"duration\":0,\"play_url\":\"\",\"malicious_title_reason_id\":0,\"malicious_content_type\":0},{\"title\":\"MIT开源高性能自动微分框架Enzyme：速度提升4.5倍\",\"digest\":\"麻省理工学院（MIT）提出的自动微分框架Enzyme在NeurIPS 2020大会上引起过不少人的兴趣，现在人们已经可以尝试使用这套工具了。\",\"content\":\"\",\"fileid\":503322193,\"content_url\":\"http:\/\/mp.weixin.qq.com\/s?__biz=MzA3MzI4MjgzMw==&amp;mid=2650805852&amp;idx=3&amp;sn=083d435e3b1a6ef79ddfbee79399c181&amp;chksm=84e5d222b3925b341047e8384a10810b9faf8b125800750ddcc18d7f86f41baa5d4a8d1a37fc&amp;scene=27#wechat_redirect\",\"source_url\":\"\",\"cover\":\"http:\/\/mmbiz.qpic.cn\/mmbiz_jpg\/KmXPKA19gW87svfAYrSPtZ7odCS1Ot5DAOXEHu1kqL8jhNKicx0Mrxw1QasgLYST6GzQDEyTjS4mSxWGCnIsia3A\/0?wx_fmt=jpeg\",\"author\":\"\",\"copyright_stat\":100,\"del_flag\":1,\"item_show_type\":0,\"audio_fileid\":0,\"duration\":0,\"play_url\":\"\",\"malicious_title_reason_id\":0,\"malicious_content_type\":0},{\"title\":\"反之亦然，科学家开始用深度神经网络解释人类大脑\",\"digest\":\"计算机科学家发现，深度学习神经网络可以用于解释生物大脑的功能和组织。\",\"content\":\"\",\"fileid\":0,\"content_url\":\"http:\/\/mp.weixin.qq.com\/s?__biz=MzA3MzI4MjgzMw==&amp;mid=2650805852&amp;idx=4&amp;sn=1b7ddb0da14e92ac18d96f622565518e&amp;chksm=84e5d222b3925b34786cee5f69e2e6eecc64ad6bcbd59d5920ae1a7b492fe284761f60c786c5&amp;scene=27#wechat_redirect\",\"source_url\":\"https:\/\/www.quantamagazine.org\/deep-neural-networks-help-to-explain-living-brains-20201028\/\",\"cover\":\"http:\/\/mmbiz.qpic.cn\/mmbiz_jpg\/XLCp9HBkwLmwtT3wfuibhwpUZU541ticZ4Oc5COAwkaSnKCicLbjabqDz0tmmpGN4ZkuQGfDo7ibtVnALtmkvWbMVg\/0?wx_fmt=jpeg\",\"author\":\"大路\",\"copyright_stat\":201,\"del_flag\":1,\"item_show_type\":0,\"audio_fileid\":0,\"duration\":0,\"play_url\":\"\",\"malicious_title_reason_id\":0,\"malicious_content_type\":0}],\"author\":\"Synced\",\"copyright_stat\":11,\"duration\":0,\"del_flag\":1,\"item_show_type\":0,\"audio_fileid\":0,\"play_url\":\"\",\"malicious_title_reason_id\":0,\"malicious_content_type\":0}},{\"comm_msg_info\":{\"id\":1000001660,\"type\":49,\"datetime\":1609472981,\"fakeid\":\"3073282833\",\"status\":2,\"content\":\"\"},\"app_msg_ext_info\":{\"title\":\"中芯国际董事会改组：梁孟松留任联席CEO，传已获美国成熟工艺许可\",\"digest\":\"中芯国际的高管变动风波，看起来没有延续到 2021 年。\",\"content\":\"\",\"fileid\":503322175,\"content_url\":\"http:\/\/mp.weixin.qq.com\/s?__biz=MzA3MzI4MjgzMw==&amp;mid=2650805826&amp;idx=1&amp;sn=d4a76421246ca972111346ff9286d3ba&amp;chksm=84e5d23cb3925b2ae99c52f9ab474d994bc44519539289675985246ebeb05a1a50c181c048e1&amp;scene=27#wechat_redirect\",\"source_url\":\"\",\"cover\":\"http:\/\/mmbiz.qpic.cn\/mmbiz_jpg\/KmXPKA19gWicUUX0kPQBc3tgGEHT7drhJXX3Xrq94UUfxaf0CN2smSLLBGLu2r1yay0zVHdfpib4zic37fwXnjgkQ\/0?wx_fmt=jpeg\",\"subtype\":9,\"is_multi\":1,\"multi_app_msg_item_list\":[{\"title\":\"堆叠晶体管：英特尔延续摩尔定律的终极计划\",\"digest\":\"机械硬盘可以有叠瓦式的，芯片的晶体管也可以。\",\"content\":\"\",\"fileid\":0,\"content_url\":\"http:\/\/mp.weixin.qq.com\/s?__biz=MzA3MzI4MjgzMw==&amp;mid=2650805826&amp;idx=3&amp;sn=197202bec94ed6fca3b58cf769b097ab&amp;chksm=84e5d23cb3925b2a4a4daaa856087b34a9396e357f5f3357c40368184f4d5f3ff2bfc250e2b8&amp;scene=27#wechat_redirect\",\"source_url\":\"\",\"cover\":\"http:\/\/mmbiz.qpic.cn\/mmbiz_jpg\/KmXPKA19gW8rrnD3z5Nsro9HkWIaLhN9bTuwJPQWb2rI6IT4CRMQ8lpjBEibNyqbKFevmCHuUicmmojYzWbrt4dw\/0?wx_fmt=jpeg\",\"author\":\"\",\"copyright_stat\":100,\"del_flag\":1,\"item_show_type\":0,\"audio_fileid\":0,\"duration\":0,\"play_url\":\"\",\"malicious_title_reason_id\":0,\"malicious_content_type\":0}],\"author\":\"\",\"copyright_stat\":100,\"duration\":0,\"del_flag\":1,\"item_show_type\":0,\"audio_fileid\":0,\"play_url\":\"\",\"malicious_title_reason_id\":0,\"malicious_content_type\":0}},{\"comm_msg_info\":{\"id\":1000001659,\"type\":49,\"datetime\":1609389639,\"fakeid\":\"3073282833\",\"status\":2,\"content\":\"\"},\"app_msg_ext_info\":{\"title\":\"吴恩达、李飞飞、沈向洋：2021年的人工智能会是这个样子\",\"digest\":\"2021新年快乐！\",\"content\":\"\",\"fileid\":503322118,\"content_url\":\"http:\/\/mp.weixin.qq.com\/s?__biz=MzA3MzI4MjgzMw==&amp;mid=2650805792&amp;idx=1&amp;sn=795db8a71ced67fd0f9b09044e93436e&amp;chksm=84e5d25eb3925b48ab1b6e26c821bdc914505f22b6714947a3f76e7cc7a756b0cac87dd1ffef&amp;scene=27#wechat_redirect\",\"source_url\":\"\",\"cover\":\"http:\/\/mmbiz.qpic.cn\/mmbiz_jpg\/KmXPKA19gW8rrnD3z5Nsro9HkWIaLhN9BHJ2BcVibvCUg0oBhNSzKZ5WrV7m1NaRxb8sAGWhvYwAcaCE7ibLh1VA\/0?wx_fmt=jpeg\",\"subtype\":9,\"is_multi\":1,\"multi_app_msg_item_list\":[{\"title\":\"UNIMO：百度提出统一模态学习方法，同时解决单模与多模任务\",\"digest\":\"UNIMO首次实现了仅用一个预训练模型同时处理多模任务和单模任务。\",\"content\":\"\",\"fileid\":503322122,\"content_url\":\"http:\/\/mp.weixin.qq.com\/s?__biz=MzA3MzI4MjgzMw==&amp;mid=2650805792&amp;idx=2&amp;sn=6f05ad3556f63f66de82a3839dc845a8&amp;chksm=84e5d25eb3925b48b32439d15b09691d58e574ce691a8388ee67cd17a4ce37dc28bea9e1aa7f&amp;scene=27#wechat_redirect\",\"source_url\":\"\",\"cover\":\"http:\/\/mmbiz.qpic.cn\/mmbiz_jpg\/KmXPKA19gW8rrnD3z5Nsro9HkWIaLhN9qlGmFwDm6wxm2h69VBmaNk8ficyKJiaRrNF7b1QdXjmwIXRPLibianAZ2w\/0?wx_fmt=jpeg\",\"author\":\"\",\"copyright_stat\":100,\"del_flag\":1,\"item_show_type\":0,\"audio_fileid\":0,\"duration\":0,\"play_url\":\"\",\"malicious_title_reason_id\":0,\"malicious_content_type\":0},{\"title\":\"AI靠什么超越人类修图师？万字长文看懂「美图云修」AI修图解决方案\",\"digest\":\"来自美图影像实验室（MTlab）的美图云修人工智能修图解决方案。\",\"content\":\"\",\"fileid\":503322081,\"content_url\":\"http:\/\/mp.weixin.qq.com\/s?__biz=MzA3MzI4MjgzMw==&amp;mid=2650805792&amp;idx=3&amp;sn=b2b857ec68246610be06cd49622f19d3&amp;chksm=84e5d25eb3925b48b67de6356ace80dd8acd0805b5eafb49d4ae85eef3220583d9621d7e4eca&amp;scene=27#wechat_redirect\",\"source_url\":\"\",\"cover\":\"http:\/\/mmbiz.qpic.cn\/mmbiz_jpg\/KmXPKA19gW8ApzEeAqRUib3zSB6a9d3GfgSrWhBguNO6y7HxZFWOG5ng23pO8q3hnGL6VOOJJJeyvwT3AMSJFDw\/0?wx_fmt=jpeg\",\"author\":\"\",\"copyright_stat\":100,\"del_flag\":1,\"item_show_type\":0,\"audio_fileid\":0,\"duration\":0,\"play_url\":\"\",\"malicious_title_reason_id\":0,\"malicious_content_type\":0},{\"title\":\"AAAI2021 | 在手机上实现19FPS实时的YOLObile目标检测，准确率超高\",\"digest\":\"YOLObile优化框架成功在手机端完成了高准确率实时目标检测任务。\",\"content\":\"\",\"fileid\":503321996,\"content_url\":\"http:\/\/mp.weixin.qq.com\/s?__biz=MzA3MzI4MjgzMw==&amp;mid=2650805792&amp;idx=4&amp;sn=3f9cc9e9a16646b63d5171b7957c2b0b&amp;chksm=84e5d25eb3925b48b881dc73170e04c950d21a13eac86c8a4629a723ed53d3390b5b7877568d&amp;scene=27#wechat_redirect\",\"source_url\":\"\",\"cover\":\"http:\/\/mmbiz.qpic.cn\/mmbiz_jpg\/KmXPKA19gWibQNVMGwDAoS9fQh6OWdpg4ialaKmiaEutia7qzkxbIaMdXiaZSKVXZuzteib9fZ1icLibCmzd3LfLiafNghQ\/0?wx_fmt=jpeg\",\"author\":\"\",\"copyright_stat\":100,\"del_flag\":1,\"item_show_type\":0,\"audio_fileid\":0,\"duration\":0,\"play_url\":\"\",\"malicious_title_reason_id\":0,\"malicious_content_type\":0}],\"author\":\"\",\"copyright_stat\":100,\"duration\":0,\"del_flag\":1,\"item_show_type\":0,\"audio_fileid\":0,\"play_url\":\"\",\"malicious_title_reason_id\":0,\"malicious_content_type\":0}},{\"comm_msg_info\":{\"id\":1000001658,\"type\":49,\"datetime\":1609334496,\"fakeid\":\"3073282833\",\"status\":2,\"content\":\"\"},\"app_msg_ext_info\":{\"title\":\"在这份成绩单上，我们看到了百度AI走向下一个十年的勇气和决心\",\"digest\":\"一个「十年」结束了，在 2020 年度的百度 AI 成绩单上，我们看懂了它走向下一个十年的勇气和决心。\",\"content\":\"\",\"fileid\":503322111,\"content_url\":\"http:\/\/mp.weixin.qq.com\/s?__biz=MzA3MzI4MjgzMw==&amp;mid=2650805765&amp;idx=1&amp;sn=550ee693d6239d9fd98d5edfc221394d&amp;chksm=84e5d27bb3925b6dc819f6b10e54002cca0e91149d6243ae61387907118f1d1e9ee0a4ea70ec&amp;scene=27#wechat_redirect\",\"source_url\":\"\",\"cover\":\"http:\/\/mmbiz.qpic.cn\/mmbiz_jpg\/KmXPKA19gW8ApzEeAqRUib3zSB6a9d3GfpnibfWib4zlicPicicAwuLic4sU8JJTdqA0eIDtGAhqMEu1g3z4WH1ibdfy5w\/0?wx_fmt=jpeg\",\"subtype\":9,\"is_multi\":1,\"multi_app_msg_item_list\":[{\"title\":\"我们都想优雅地老去，但这届AI准备好了吗？\",\"digest\":\"任何生命在任何阶段，都有权利活得「安全」、「体面」。\",\"content\":\"\",\"fileid\":503322017,\"content_url\":\"http:\/\/mp.weixin.qq.com\/s?__biz=MzA3MzI4MjgzMw==&amp;mid=2650805765&amp;idx=2&amp;sn=5e3b3e906836c2e20b49fc353497585a&amp;chksm=84e5d27bb3925b6d68bd6a29e3eb675c02c35ed169ef899eda3e9f59e88da76afa9349f5c512&amp;scene=27#wechat_redirect\",\"source_url\":\"http:\/\/light.mofyi.com\/#raceRule\",\"cover\":\"http:\/\/mmbiz.qpic.cn\/mmbiz_jpg\/KmXPKA19gW8ApzEeAqRUib3zSB6a9d3GfqBoThHvLsZYhnJEhIMKo1mABEwTpKzX8VklY9gIqh4HBCycknqoIPA\/0?wx_fmt=jpeg\",\"author\":\"Synced\",\"copyright_stat\":11,\"del_flag\":1,\"item_show_type\":0,\"audio_fileid\":0,\"duration\":0,\"play_url\":\"\",\"malicious_title_reason_id\":0,\"malicious_content_type\":0},{\"title\":\"波士顿动力机器人齐秀舞姿，这是要成团出道？\",\"digest\":\"波士顿动力果然还是那个波士顿动力。\",\"content\":\"\",\"fileid\":503322026,\"content_url\":\"http:\/\/mp.weixin.qq.com\/s?__biz=MzA3MzI4MjgzMw==&amp;mid=2650805765&amp;idx=3&amp;sn=7e7b566949dcc2667a3878a066888852&amp;chksm=84e5d27bb3925b6d4f028dce7dd898612894c04575b8f47dd0794925a12a575642f0e22eb7c8&amp;scene=27#wechat_redirect\",\"source_url\":\"\",\"cover\":\"http:\/\/mmbiz.qpic.cn\/mmbiz_jpg\/KmXPKA19gW8ApzEeAqRUib3zSB6a9d3GfGsKAnwcEvibKxicSln41jsCIlyicLtDMaAZPm6QZxR5XdC1dMxfzT8zYA\/0?wx_fmt=jpeg\",\"author\":\"\",\"copyright_stat\":100,\"del_flag\":1,\"item_show_type\":0,\"audio_fileid\":0,\"duration\":0,\"play_url\":\"\",\"malicious_title_reason_id\":0,\"malicious_content_type\":0},{\"title\":\"腾讯绝悟AI转行踢足球，还在曼城的Kaggle竞赛中夺冠了\",\"digest\":\"从打王者到踢足球，绝悟AI强化学习框架的通用性展现了实力。\",\"content\":\"\",\"fileid\":503322035,\"content_url\":\"http:\/\/mp.weixin.qq.com\/s?__biz=MzA3MzI4MjgzMw==&amp;mid=2650805765&amp;idx=4&amp;sn=b8ff52819c32cc08e9446be01a9fcd40&amp;chksm=84e5d27bb3925b6df081b4c801cfeb801322028435c994a50b777328c5305bad7f7b39eb0cf8&amp;scene=27#wechat_redirect\",\"source_url\":\"\",\"cover\":\"http:\/\/mmbiz.qpic.cn\/mmbiz_jpg\/KmXPKA19gW8ApzEeAqRUib3zSB6a9d3Gfia3AzHp2HYhIBBuKsibibUNgds6cGTcDm61yF37H8K34Hicicvm5ict73z9g\/0?wx_fmt=jpeg\",\"author\":\"\",\"copyright_stat\":100,\"del_flag\":1,\"item_show_type\":0,\"audio_fileid\":0,\"duration\":0,\"play_url\":\"\",\"malicious_title_reason_id\":0,\"malicious_content_type\":0},{\"title\":\"639 页《深度学习：Deep Learning》硬核课程 PPT 下载\",\"digest\":\"本课程将深入探讨深度学习架构的细节，重点是学习这些任务的端到端模型。\",\"content\":\"\",\"fileid\":0,\"content_url\":\"http:\/\/mp.weixin.qq.com\/s?__biz=MzA3MzI4MjgzMw==&amp;mid=2650805765&amp;idx=5&amp;sn=2e7c08b0f0786205d23d0623434213a3&amp;chksm=84e5d27bb3925b6d8471e45c6a6e4712586816f9555d205acff8022485a751f21cb165c95b55&amp;scene=27#wechat_redirect\",\"source_url\":\"\",\"cover\":\"http:\/\/mmbiz.qpic.cn\/mmbiz_jpg\/KmXPKA19gWibQNVMGwDAoS9fQh6OWdpg4UtBvhKtFGVL5yDq50cf7v7AyCZMOVwyHJnUYWlpsT6ecVBcyxaGsFA\/0?wx_fmt=jpeg\",\"author\":\"\",\"copyright_stat\":100,\"del_flag\":1,\"item_show_type\":0,\"audio_fileid\":0,\"duration\":0,\"play_url\":\"\",\"malicious_title_reason_id\":0,\"malicious_content_type\":0}],\"author\":\"\",\"copyright_stat\":100,\"duration\":0,\"del_flag\":1,\"item_show_type\":0,\"audio_fileid\":0,\"play_url\":\"\",\"malicious_title_reason_id\":0,\"malicious_content_type\":0}},{\"comm_msg_info\":{\"id\":1000001657,\"type\":49,\"datetime\":1609215708,\"fakeid\":\"3073282833\",\"status\":2,\"content\":\"\"},\"app_msg_ext_info\":{\"title\":\"「出圈」工业，亚马逊云凭什么？\",\"digest\":\"重塑工业企业的 IT 经济模式。\",\"content\":\"\",\"fileid\":0,\"content_url\":\"http:\/\/mp.weixin.qq.com\/s?__biz=MzA3MzI4MjgzMw==&amp;mid=2650805618&amp;idx=1&amp;sn=6b986ab9ff12b69062ada3caceab4c82&amp;chksm=84e5d10cb392581a064b12b80a7b367537a79a098f9e1f0ce6d28e49f42625bfcfc948bf0c4e&amp;scene=27#wechat_redirect\",\"source_url\":\"https:\/\/reinvent.awsevents.cn\/home.html?trkCampaign=AWS_reInvent_2020&amp;trk=pmm-kol\",\"cover\":\"http:\/\/mmbiz.qpic.cn\/mmbiz_jpg\/KmXPKA19gW9NChZJC3TqBrWQzw353aibEShibo4NmG5LXAUGSR39o5SYZ0NAW7SAqLw9shVwr4JoRac6EzamCHJQ\/0?wx_fmt=jpeg\",\"subtype\":9,\"is_multi\":1,\"multi_app_msg_item_list\":[{\"title\":\"虽然再次被卖，但「波士顿动力还是波士顿动力」\",\"digest\":\"波士顿动力，还是那个很酷的机器人公司。\",\"content\":\"\",\"fileid\":0,\"content_url\":\"http:\/\/mp.weixin.qq.com\/s?__biz=MzA3MzI4MjgzMw==&amp;mid=2650805618&amp;idx=2&amp;sn=bc9ed41311f19bdf295193f3d2a6fb04&amp;chksm=84e5d10cb392581a757750f40d1f8d376053573d0311e1270e121cb11afeba1ef5c5c526e810&amp;scene=27#wechat_redirect\",\"source_url\":\"\",\"cover\":\"http:\/\/mmbiz.qpic.cn\/mmbiz_jpg\/KmXPKA19gWic072wrMeMEp6XLUZ6lL67f6WZpuUU21WP3tFRUVxA6FvoWmiawHJM5RCaD20QV8gKTD85iaFyqNpug\/0?wx_fmt=jpeg\",\"author\":\"\",\"copyright_stat\":100,\"del_flag\":1,\"item_show_type\":0,\"audio_fileid\":0,\"duration\":0,\"play_url\":\"\",\"malicious_title_reason_id\":0,\"malicious_content_type\":0},{\"title\":\"小米11正式发布：120Hz屏加骁龙888，售价不变，还有雷军签名版\",\"digest\":\"骁龙 888 真首发，全球首发，而且真的有货。\",\"content\":\"\",\"fileid\":503321964,\"content_url\":\"http:\/\/mp.weixin.qq.com\/s?__biz=MzA3MzI4MjgzMw==&amp;mid=2650805618&amp;idx=3&amp;sn=21772dfd82b9780f1b8722e2f53ee04e&amp;chksm=84e5d10cb392581ac58a447f0e32982d74c020e2ba5d3daca1b7f55913ee1311fd4f960f0812&amp;scene=27#wechat_redirect\",\"source_url\":\"\",\"cover\":\"http:\/\/mmbiz.qpic.cn\/mmbiz_jpg\/KmXPKA19gWibQNVMGwDAoS9fQh6OWdpg4XSLaTghkqxzMJeeMNHtbXeL050RsDNCtHbibRNSliciaTWPkH36cfvpGQ\/0?wx_fmt=jpeg\",\"author\":\"Synced\",\"copyright_stat\":11,\"del_flag\":1,\"item_show_type\":0,\"audio_fileid\":0,\"duration\":0,\"play_url\":\"\",\"malicious_title_reason_id\":0,\"malicious_content_type\":0},{\"title\":\"哪些电脑最适合做机器学习、数据科学和深度学习呢？这里有份调研报告\",\"digest\":\"入手哪台笔记本电脑，你选好了吗？\",\"content\":\"\",\"fileid\":503321797,\"content_url\":\"http:\/\/mp.weixin.qq.com\/s?__biz=MzA3MzI4MjgzMw==&amp;mid=2650805618&amp;idx=4&amp;sn=455bd8e72da53f4ce49b34d9832b3883&amp;chksm=84e5d10cb392581ab3d091e048b3639e637f402c99f1f840f1406919c4f61ff248c76a3053ea&amp;scene=27#wechat_redirect\",\"source_url\":\"\",\"cover\":\"http:\/\/mmbiz.qpic.cn\/mmbiz_jpg\/KmXPKA19gWic072wrMeMEp6XLUZ6lL67fibt94oJaicOgzefOINc8g0sVJ4ibXuuiasekf76fQlCCmdIZzu6xwfw1iaQ\/0?wx_fmt=jpeg\",\"author\":\"\",\"copyright_stat\":100,\"del_flag\":1,\"item_show_type\":0,\"audio_fileid\":0,\"duration\":0,\"play_url\":\"\",\"malicious_title_reason_id\":0,\"malicious_content_type\":0},{\"title\":\"聊聊开源 | datawhale年会头脑风暴\",\"digest\":\"畅聊开源\",\"content\":\"\",\"fileid\":0,\"content_url\":\"http:\/\/mp.weixin.qq.com\/s?__biz=MzA3MzI4MjgzMw==&amp;mid=2650805618&amp;idx=5&amp;sn=2f2163f7eaeab80e7343918f1c3f8026&amp;chksm=84e5d10cb392581a9a330d3791c11b34192112e90451525bafdf90f19f2b5a36569f89941063&amp;scene=27#wechat_redirect\",\"source_url\":\"\",\"cover\":\"http:\/\/mmbiz.qpic.cn\/mmbiz_jpg\/KmXPKA19gWibQNVMGwDAoS9fQh6OWdpg4Y37Sp6xX6fMiadBW01fWOtJA6rB4yYpz0bEZ31EnuoRPozQFkM5QRhg\/0?wx_fmt=jpeg\",\"author\":\"天陨\",\"copyright_stat\":101,\"del_flag\":1,\"item_show_type\":0,\"audio_fileid\":0,\"duration\":0,\"play_url\":\"\",\"malicious_title_reason_id\":0,\"malicious_content_type\":0}],\"author\":\"Synced\",\"copyright_stat\":11,\"duration\":0,\"del_flag\":1,\"item_show_type\":0,\"audio_fileid\":0,\"play_url\":\"\",\"malicious_title_reason_id\":0,\"malicious_content_type\":0}},{\"comm_msg_info\":{\"id\":1000001656,\"type\":49,\"datetime\":1609131923,\"fakeid\":\"3073282833\",\"status\":2,\"content\":\"\"},\"app_msg_ext_info\":{\"title\":\"从憧憬中来，到革新里去，记录科技改变世界的魔幻之年 | 趋势预测\",\"digest\":\"一份「后疫情时代」的科技档案。\",\"content\":\"\",\"fileid\":503321922,\"content_url\":\"http:\/\/mp.weixin.qq.com\/s?__biz=MzA3MzI4MjgzMw==&amp;mid=2650805573&amp;idx=1&amp;sn=8bfecfe1a61dce3c7a9a8b8b1ae350fb&amp;chksm=84e5d13bb392582d62179458ad7ffa645a6a7f067134043f4d52b867bc91795b76af18265d5b&amp;scene=27#wechat_redirect\",\"source_url\":\"\",\"cover\":\"http:\/\/mmbiz.qpic.cn\/mmbiz_jpg\/KmXPKA19gW9NChZJC3TqBrWQzw353aibE8K9wktvLibJCPia2icMGPqE6dtyIl8PovzoHfllbkCmoPibjRtg0YO5S6A\/0?wx_fmt=jpeg\",\"subtype\":9,\"is_multi\":1,\"multi_app_msg_item_list\":[{\"title\":\"​进军生物计算！百度发布飞桨螺旋桨PaddleHelix\",\"digest\":\"百度正式发布基于飞桨的生物计算平台 - 螺旋桨 PaddleHelix，进军生物计算领域。\",\"content\":\"\",\"fileid\":0,\"content_url\":\"http:\/\/mp.weixin.qq.com\/s?__biz=MzA3MzI4MjgzMw==&amp;mid=2650805573&amp;idx=2&amp;sn=90fa966ae7a5761a5b9a2f863263705e&amp;chksm=84e5d13bb392582dbadd57c298ee796a5780fc182416907c1c86022f6b9a1bc246e44f1b180c&amp;scene=27#wechat_redirect\",\"source_url\":\"\",\"cover\":\"http:\/\/mmbiz.qpic.cn\/mmbiz_jpg\/KmXPKA19gW8h9ArdbbgoTKeXU20CUBO3fmXawBXQ1rjPQZIvMduG6YYPk6zaJpEYjDwYRDicqJTvKS3O7oJ2g9Q\/0?wx_fmt=jpeg\",\"author\":\"\",\"copyright_stat\":100,\"del_flag\":1,\"item_show_type\":0,\"audio_fileid\":0,\"duration\":0,\"play_url\":\"\",\"malicious_title_reason_id\":0,\"malicious_content_type\":0},{\"title\":\"科普好文 | 自然界也有源代码：一位程序员「逆向工程」了辉瑞新冠疫苗\",\"digest\":\"计算机科学与生物学之间的有趣联系\",\"content\":\"\",\"fileid\":503321899,\"content_url\":\"http:\/\/mp.weixin.qq.com\/s?__biz=MzA3MzI4MjgzMw==&amp;mid=2650805573&amp;idx=3&amp;sn=46b65eed7e857e4fa19cc721202413fb&amp;chksm=84e5d13bb392582d60fefc8ae36c8e8a0982c984c29f326b4a5720fe2d4ea5ec5779492500d5&amp;scene=27#wechat_redirect\",\"source_url\":\"\",\"cover\":\"http:\/\/mmbiz.qpic.cn\/mmbiz_jpg\/KmXPKA19gW9NChZJC3TqBrWQzw353aibEl0w9UicxwMQTSBpz2WNeiaa7Cjia1LSo3fmoZ3kdz3FPia74gKkwxczKMg\/0?wx_fmt=jpeg\",\"author\":\"\",\"copyright_stat\":100,\"del_flag\":1,\"item_show_type\":0,\"audio_fileid\":0,\"duration\":0,\"play_url\":\"\",\"malicious_title_reason_id\":0,\"malicious_content_type\":0},{\"title\":\"韩松、王威廉、杨迪一、方飞、张含望入选，2020 IEEE智能系统十大AI青年科学家出炉\",\"digest\":\"来认识一下未来的 AI 领军人物。\",\"content\":\"\",\"fileid\":503321886,\"content_url\":\"http:\/\/mp.weixin.qq.com\/s?__biz=MzA3MzI4MjgzMw==&amp;mid=2650805573&amp;idx=4&amp;sn=9bbe028a53b8b5980f39ce40adb51576&amp;chksm=84e5d13bb392582d75d2f5f24e056bbf1d1a41a9f6cc555de121547cefebc5f821c3ec3f6655&amp;scene=27#wechat_redirect\",\"source_url\":\"\",\"cover\":\"http:\/\/mmbiz.qpic.cn\/mmbiz_jpg\/KmXPKA19gW9NChZJC3TqBrWQzw353aibEsmB0ia4bOeMZ0yVctAxickATQYVK9MRWfr5tHic7ebkTOdXSVqK4cWRicA\/0?wx_fmt=jpeg\",\"author\":\"\",\"copyright_stat\":100,\"del_flag\":1,\"item_show_type\":0,\"audio_fileid\":0,\"duration\":0,\"play_url\":\"\",\"malicious_title_reason_id\":0,\"malicious_content_type\":0},{\"title\":\"研发高工实战演示调参技巧！模型精度平均提升10%\",\"digest\":\"大厂高工是如何进行模型调参与算法优化？有哪些独门秘笈？\",\"content\":\"\",\"fileid\":0,\"content_url\":\"http:\/\/mp.weixin.qq.com\/s?__biz=MzA3MzI4MjgzMw==&amp;mid=2650805573&amp;idx=5&amp;sn=ac6c2f4953ca305cabd796981c8fc757&amp;chksm=84e5d13bb392582de18c2652a125f4afa6c5a8ad659f84a2d9ede20c87837dffc91dc246e585&amp;scene=27#wechat_redirect\",\"source_url\":\"https:\/\/ai.baidu.com\/bml\/\",\"cover\":\"http:\/\/mmbiz.qpic.cn\/mmbiz_jpg\/KmXPKA19gW9NChZJC3TqBrWQzw353aibEwyk068Sibt1nhA9wMxay24QHhe4c80ZiaJWuu4SDiaFVVHu3MGdkRtyVQ\/0?wx_fmt=jpeg\",\"author\":\"\",\"copyright_stat\":100,\"del_flag\":1,\"item_show_type\":0,\"audio_fileid\":0,\"duration\":0,\"play_url\":\"\",\"malicious_title_reason_id\":0,\"malicious_content_type\":0}],\"author\":\"Synced\",\"copyright_stat\":11,\"duration\":0,\"del_flag\":1,\"item_show_type\":0,\"audio_fileid\":0,\"play_url\":\"\",\"malicious_title_reason_id\":0,\"malicious_content_type\":0}},{\"comm_msg_info\":{\"id\":1000001655,\"type\":49,\"datetime\":1609042364,\"fakeid\":\"3073282833\",\"status\":2,\"content\":\"\"},\"app_msg_ext_info\":{\"title\":\"王者荣耀AI绝悟如何选英雄？腾讯AI Lab新研究揭秘\",\"digest\":\"玩 MOBA 游戏时，不仅要会打，选英雄也很关键。\",\"content\":\"\",\"fileid\":503321845,\"content_url\":\"http:\/\/mp.weixin.qq.com\/s?__biz=MzA3MzI4MjgzMw==&amp;mid=2650805507&amp;idx=1&amp;sn=311c5c96fe5d3f0319eea830224d0b05&amp;chksm=84e5d17db392586bc958646b34d8820ed38f81778b574c0acbf1c3ee1384d516206fa3f2df87&amp;scene=27#wechat_redirect\",\"source_url\":\"\",\"cover\":\"http:\/\/mmbiz.qpic.cn\/mmbiz_jpg\/KmXPKA19gW8h9ArdbbgoTKeXU20CUBO3VYvibSueb6BicpVcVNichqvJibPIZ6dfyzPP7jOdrvAIsWP8D3XuCmf0uw\/0?wx_fmt=jpeg\",\"subtype\":9,\"is_multi\":1,\"multi_app_msg_item_list\":[{\"title\":\"用哪种语言写的应用漏洞最严重？六大主流语言代码漏洞分析报告出炉\",\"digest\":\"编程语言安全性：主流语言的这些漏洞最糟糕\",\"content\":\"\",\"fileid\":503321825,\"content_url\":\"http:\/\/mp.weixin.qq.com\/s?__biz=MzA3MzI4MjgzMw==&amp;mid=2650805507&amp;idx=2&amp;sn=efc5b5b8f3b7ec9f4cd8bf4d8b423314&amp;chksm=84e5d17db392586b7edefe54bea47275b4afee186170d65d04eb1f0e70ec0f62630aea9bc1f7&amp;scene=27#wechat_redirect\",\"source_url\":\"\",\"cover\":\"http:\/\/mmbiz.qpic.cn\/mmbiz_jpg\/KmXPKA19gW8h9ArdbbgoTKeXU20CUBO35aJCBflmLr9wzFCWeOKQzAYQRic2P1RtjBtkCaQggo0abDExHx6MrgA\/0?wx_fmt=jpeg\",\"author\":\"\",\"copyright_stat\":100,\"del_flag\":1,\"item_show_type\":0,\"audio_fileid\":0,\"duration\":0,\"play_url\":\"\",\"malicious_title_reason_id\":0,\"malicious_content_type\":0},{\"title\":\"7 Papers &amp; Radios | AI求解薛定谔方程；陶大程等深度学习理论进展综述\",\"digest\":\"本周值得关注的其他研究有太原理工大学图神经网络综述。\",\"content\":\"\",\"fileid\":503294868,\"content_url\":\"http:\/\/mp.weixin.qq.com\/s?__biz=MzA3MzI4MjgzMw==&amp;mid=2650805507&amp;idx=3&amp;sn=622f3be8ed18ace78b21a62d0620f5ee&amp;chksm=84e5d17db392586b8e1abb7e75c33e8ccc3324b09f399cfcd16d5d14a15ccb25c0404aaa044f&amp;scene=27#wechat_redirect\",\"source_url\":\"\",\"cover\":\"http:\/\/mmbiz.qpic.cn\/mmbiz_jpg\/KmXPKA19gW8h9ArdbbgoTKeXU20CUBO3ErILicJDe3ibAyRZcemFicfJqIcib9gNxq98D8BEqBQVc2BQWkFcoptGGA\/0?wx_fmt=jpeg\",\"author\":\"\",\"copyright_stat\":100,\"del_flag\":1,\"item_show_type\":0,\"audio_fileid\":0,\"duration\":0,\"play_url\":\"\",\"malicious_title_reason_id\":0,\"malicious_content_type\":0}],\"author\":\"\",\"copyright_stat\":100,\"duration\":0,\"del_flag\":1,\"item_show_type\":0,\"audio_fileid\":0,\"play_url\":\"\",\"malicious_title_reason_id\":0,\"malicious_content_type\":0}},{\"comm_msg_info\":{\"id\":1000001654,\"type\":49,\"datetime\":1608956701,\"fakeid\":\"3073282833\",\"status\":2,\"content\":\"\"},\"app_msg_ext_info\":{\"title\":\"模型花费几十万美元，五年之间指导无数项目，才发现负样本用的是null？\",\"digest\":\"「不是针对谁，只是在座……」\",\"content\":\"\",\"fileid\":503321816,\"content_url\":\"http:\/\/mp.weixin.qq.com\/s?__biz=MzA3MzI4MjgzMw==&amp;mid=2650805468&amp;idx=1&amp;sn=db9a5782c91853d90139f3687ddf9400&amp;chksm=84e5d0a2b39259b4c44193c7dd0e648594c1941259d6649e6acde88a6d28f5749f463a03ade9&amp;scene=27#wechat_redirect\",\"source_url\":\"\",\"cover\":\"http:\/\/mmbiz.qpic.cn\/mmbiz_jpg\/KmXPKA19gWicDDq0EBiccf3b53zTwgrx0GUKAFFDaCaUXXb4o7z5YwXqulDia8x1YC7XOEyZy2n2FfTiaLaJPQbZMA\/0?wx_fmt=jpeg\",\"subtype\":9,\"is_multi\":1,\"multi_app_msg_item_list\":[{\"title\":\"神经符号系统、因果推理、跨学科交互，李飞飞、Judea Pearl等16名学者共同探讨AI未来\",\"digest\":\"李飞飞、Judea Pearl等16名学者共同探讨AI未来\",\"content\":\"\",\"fileid\":0,\"content_url\":\"http:\/\/mp.weixin.qq.com\/s?__biz=MzA3MzI4MjgzMw==&amp;mid=2650805468&amp;idx=2&amp;sn=66a9ca77763be09ee1d429be2b22e7a8&amp;chksm=84e5d0a2b39259b4daeb740ac570e2279820c817742abb2141732320847be14a995205bf8a4f&amp;scene=27#wechat_redirect\",\"source_url\":\"\",\"cover\":\"http:\/\/mmbiz.qpic.cn\/mmbiz_jpg\/KmXPKA19gWic072wrMeMEp6XLUZ6lL67fkWXFECuaUw7hfcibvfCllUI0McuOeFlLPf9HkPMc9dCuDHbABSWFn8A\/0?wx_fmt=jpeg\",\"author\":\"\",\"copyright_stat\":100,\"del_flag\":1,\"item_show_type\":0,\"audio_fileid\":0,\"duration\":0,\"play_url\":\"\",\"malicious_title_reason_id\":0,\"malicious_content_type\":0},{\"title\":\"什么是近似算法？它适用于哪些问题？这篇文章给你答案\",\"digest\":\"本文介绍了近似算法及其对某些标准问题的适用性。\",\"content\":\"\",\"fileid\":503321758,\"content_url\":\"http:\/\/mp.weixin.qq.com\/s?__biz=MzA3MzI4MjgzMw==&amp;mid=2650805468&amp;idx=3&amp;sn=3f6904662faea32b2f78736b1e795690&amp;chksm=84e5d0a2b39259b4a3d9af0987eb912ac0948063f5d475c0df336f1f4ad1cc86aa8f99e12c8c&amp;scene=27#wechat_redirect\",\"source_url\":\"\",\"cover\":\"http:\/\/mmbiz.qpic.cn\/mmbiz_jpg\/KmXPKA19gWic072wrMeMEp6XLUZ6lL67fePoaVHhZzoc8BTglyotBGNCBAso8U1xyylkia1zAyl5HI2hs65ocl2A\/0?wx_fmt=jpeg\",\"author\":\"\",\"copyright_stat\":100,\"del_flag\":1,\"item_show_type\":0,\"audio_fileid\":0,\"duration\":0,\"play_url\":\"\",\"malicious_title_reason_id\":0,\"malicious_content_type\":0}],\"author\":\"\",\"copyright_stat\":100,\"duration\":0,\"del_flag\":1,\"item_show_type\":0,\"audio_fileid\":0,\"play_url\":\"\",\"malicious_title_reason_id\":0,\"malicious_content_type\":0}},{\"comm_msg_info\":{\"id\":1000001653,\"type\":49,\"datetime\":1608894668,\"fakeid\":\"3073282833\",\"status\":2,\"content\":\"\"},\"app_msg_ext_info\":{\"title\":\"TensorFlow 2.X，会是它走下神坛的开始吗？\",\"digest\":\"马上2021年了，机器学习还选择用TensorFlow吗？\",\"content\":\"\",\"fileid\":503321715,\"content_url\":\"http:\/\/mp.weixin.qq.com\/s?__biz=MzA3MzI4MjgzMw==&amp;mid=2650805447&amp;idx=1&amp;sn=5cf92c107d6f45be819940b4dfeca2cf&amp;chksm=84e5d0b9b39259af8a44da81c8b8f0e0fa855c6a2e5fa7b72e593a419ce6c75debc7788abb0d&amp;scene=27#wechat_redirect\",\"source_url\":\"\",\"cover\":\"http:\/\/mmbiz.qpic.cn\/mmbiz_jpg\/KmXPKA19gWic072wrMeMEp6XLUZ6lL67fiaCOLibOMEjzoAGkvZcooIibqMFzjpMTla3Ev4JmZXWGALkWInAsdr5gA\/0?wx_fmt=jpeg\",\"subtype\":9,\"is_multi\":1,\"multi_app_msg_item_list\":[{\"title\":\"登上NIST竞赛榜单，获得BCTC增强级活体认证：小视再攀高峰！\",\"digest\":\"国内的计算机视觉创业公司中，有一家因为先进的活体检测技术正在迅速引起人们的关注。\",\"content\":\"\",\"fileid\":503321698,\"content_url\":\"http:\/\/mp.weixin.qq.com\/s?__biz=MzA3MzI4MjgzMw==&amp;mid=2650805447&amp;idx=2&amp;sn=0ed5b370c5e385525111ad37c7a615d9&amp;chksm=84e5d0b9b39259afdeb3e937ea59c0d3a4a21acbe4d223ce24b6a6edad357abec24c1fb92219&amp;scene=27#wechat_redirect\",\"source_url\":\"\",\"cover\":\"http:\/\/mmbiz.qpic.cn\/mmbiz_jpg\/KmXPKA19gWic072wrMeMEp6XLUZ6lL67fHBIickLttVM6mX7Y5JrxRK5dq8D29oicSThz9PaADkVkCIT6vIhGLAmg\/0?wx_fmt=jpeg\",\"author\":\"Synced\",\"copyright_stat\":11,\"del_flag\":1,\"item_show_type\":0,\"audio_fileid\":0,\"duration\":0,\"play_url\":\"\",\"malicious_title_reason_id\":0,\"malicious_content_type\":0},{\"title\":\"速度、准确率与泛化性能媲美SOTA CNN，Facebook开源高效图像Transformer\",\"digest\":\"Facebook提出数据高效图像Transformer (DeiT)，高效处理图像分类任务。\",\"content\":\"\",\"fileid\":503321720,\"content_url\":\"http:\/\/mp.weixin.qq.com\/s?__biz=MzA3MzI4MjgzMw==&amp;mid=2650805447&amp;idx=3&amp;sn=c5969bafa66f039e5069e2a723f81af9&amp;chksm=84e5d0b9b39259af006cee2335f251a742ceb13d06b928086227059824da08ca4d1733c20938&amp;scene=27#wechat_redirect\",\"source_url\":\"https:\/\/www.huodongxing.com\/event\/8576500379200\",\"cover\":\"http:\/\/mmbiz.qpic.cn\/mmbiz_jpg\/KmXPKA19gWic072wrMeMEp6XLUZ6lL67fcfXTicHhOGhA26iactdnP7SiaAziaZic6vInIoW8gcAcJwzNoJUjib8cibXSg\/0?wx_fmt=jpeg\",\"author\":\"\",\"copyright_stat\":100,\"del_flag\":1,\"item_show_type\":0,\"audio_fileid\":0,\"duration\":0,\"play_url\":\"\",\"malicious_title_reason_id\":0,\"malicious_content_type\":0},{\"title\":\"从知识图谱到药物发现，AIWIN获奖星斗云智能文献平台助力新冠研究\",\"digest\":\"星斗云生物医学文献全息智能管理平台。\",\"content\":\"\",\"fileid\":503321696,\"content_url\":\"http:\/\/mp.weixin.qq.com\/s?__biz=MzA3MzI4MjgzMw==&amp;mid=2650805447&amp;idx=4&amp;sn=5e331de34160fde92d4127f09acf432e&amp;chksm=84e5d0b9b39259afc2972f53f22345ae811d7db3139a38f1387a0eb57ce295108e5e379170d2&amp;scene=27#wechat_redirect\",\"source_url\":\"\",\"cover\":\"http:\/\/mmbiz.qpic.cn\/mmbiz_jpg\/KmXPKA19gWic072wrMeMEp6XLUZ6lL67fNrw5SoOLfuQXeKwXzCtDeNaJCVwMXq5MBsyueEsDbKmLnj2iaOndSLQ\/0?wx_fmt=jpeg\",\"author\":\"\",\"copyright_stat\":100,\"del_flag\":1,\"item_show_type\":0,\"audio_fileid\":0,\"duration\":0,\"play_url\":\"\",\"malicious_title_reason_id\":0,\"malicious_content_type\":0},{\"title\":\"只有170字节，最小的64位Hello World程序这样写成\",\"digest\":\"如何编写出最小的 64 位 Hello World 程序？\",\"content\":\"\",\"fileid\":503321527,\"content_url\":\"http:\/\/mp.weixin.qq.com\/s?__biz=MzA3MzI4MjgzMw==&amp;mid=2650805447&amp;idx=5&amp;sn=1b6d0b97c85dcdc4bcdc8f2a200e3b44&amp;chksm=84e5d0b9b39259af640b49e10d6fb2975fa0f503313871ae0722f6b71c57d6f1bb28e44c8819&amp;scene=27#wechat_redirect\",\"source_url\":\"https:\/\/www.huodongxing.com\/event\/8576500379200\",\"cover\":\"http:\/\/mmbiz.qpic.cn\/mmbiz_jpg\/KmXPKA19gWicgaHCJF5l3vmGHvflaltQFicBtG6GibnaZTVFENn3dJ30d8mibVwEdqwtUh8MLsnuGnkxsiccLgxz7jg\/0?wx_fmt=jpeg\",\"author\":\"\",\"copyright_stat\":100,\"del_flag\":1,\"item_show_type\":0,\"audio_fileid\":0,\"duration\":0,\"play_url\":\"\",\"malicious_title_reason_id\":0,\"malicious_content_type\":0}],\"author\":\"Synced\",\"copyright_stat\":11,\"duration\":0,\"del_flag\":1,\"item_show_type\":0,\"audio_fileid\":0,\"play_url\":\"\",\"malicious_title_reason_id\":0,\"malicious_content_type\":0}}]}","next_offset":173,"video_count":1,"use_video_tab":1,"real_type":0,"home_page_list":[]}