{"ret":0,"errmsg":"ok","msg_count":10,"can_msg_continue":1,"general_msg_list":"{\"list\":[{\"comm_msg_info\":{\"id\":1000001652,\"type\":49,\"datetime\":1608786296,\"fakeid\":\"3073282833\",\"status\":2,\"content\":\"\"},\"app_msg_ext_info\":{\"title\":\"2007图灵奖得主离开了：模型检测先驱Edmund Clarke因新冠逝世\",\"digest\":\"2020 还能更糟糕吗？\",\"content\":\"\",\"fileid\":503321669,\"content_url\":\"http:\/\/mp.weixin.qq.com\/s?__biz=MzA3MzI4MjgzMw==&amp;mid=2650805320&amp;idx=1&amp;sn=0bf1c245a784c06385041982380750f8&amp;chksm=84e5d036b392592076f6a03ff95bd3a7102b4b3f823251424ac0fe158335279c3be2eb52c5ae&amp;scene=27#wechat_redirect\",\"source_url\":\"https:\/\/www.huodongxing.com\/event\/8576500379200\",\"cover\":\"http:\/\/mmbiz.qpic.cn\/mmbiz_jpg\/KmXPKA19gWicLUJ53DYrRCBR2rtOicZVd8qt7y6ibOsYhA8zNGGq33sgVYchwDNiaQE2NJLhYQaoOJSEslhQbF17ibg\/0?wx_fmt=jpeg\",\"subtype\":9,\"is_multi\":1,\"multi_app_msg_item_list\":[{\"title\":\"技术盛宴来袭，黑客马拉松开赛，这场专注算法与创新的技术盛宴邀你来看！\",\"digest\":\"技术盛宴与实战狂欢共进，前沿理论与落地实践并行。\",\"content\":\"\",\"fileid\":0,\"content_url\":\"http:\/\/mp.weixin.qq.com\/s?__biz=MzA3MzI4MjgzMw==&amp;mid=2650805320&amp;idx=2&amp;sn=228545a3361b1960911111a15a00a7f9&amp;chksm=84e5d036b3925920fbc450b411963622e55c10cd48af92435b3826cf5c312af5f9b219967577&amp;scene=27#wechat_redirect\",\"source_url\":\"https:\/\/www.huodongxing.com\/event\/8576500379200\",\"cover\":\"http:\/\/mmbiz.qpic.cn\/mmbiz_jpg\/KmXPKA19gWicLUJ53DYrRCBR2rtOicZVd8QbNr6w3M6sWSLicgG8tr0wNgRiazme3vmvLjfwT2cruBTfaqZrzYiacWg\/0?wx_fmt=jpeg\",\"author\":\"\",\"copyright_stat\":100,\"del_flag\":1,\"item_show_type\":0,\"audio_fileid\":0,\"duration\":0,\"play_url\":\"\",\"malicious_title_reason_id\":0,\"malicious_content_type\":0},{\"title\":\"GitHub率先消灭了cookies：与烦人的用户条款说再见\",\"digest\":\"终于好起来了？GitHub 的「大动作」会引领一种新风向吗？\",\"content\":\"\",\"fileid\":0,\"content_url\":\"http:\/\/mp.weixin.qq.com\/s?__biz=MzA3MzI4MjgzMw==&amp;mid=2650805320&amp;idx=3&amp;sn=1bc1dc422eb2bc6ac128910890f3b0ad&amp;chksm=84e5d036b39259203e521f7a0f9dd8c034a0f517fd136360843515d251dd5565163e25ddb0d1&amp;scene=27#wechat_redirect\",\"source_url\":\"https:\/\/www.huodongxing.com\/event\/8576500379200\",\"cover\":\"http:\/\/mmbiz.qpic.cn\/mmbiz_jpg\/KmXPKA19gWicqZeh3Hz4VJ5gpPVdZSZ5Swn5lOmALx1Ey2B2ia8ibT33S6szyQPKB9rcgAicC8ufaAKSY722S3PpMQ\/0?wx_fmt=jpeg\",\"author\":\"\",\"copyright_stat\":100,\"del_flag\":1,\"item_show_type\":0,\"audio_fileid\":0,\"duration\":0,\"play_url\":\"\",\"malicious_title_reason_id\":0,\"malicious_content_type\":0},{\"title\":\"光学预处理与计算机视觉结合，UCR学者用漩涡实现混合计算机视觉系统\",\"digest\":\"这种新方法能够克服深度学习的缺点，并利用光学和电子学的优势。\",\"content\":\"\",\"fileid\":503321636,\"content_url\":\"http:\/\/mp.weixin.qq.com\/s?__biz=MzA3MzI4MjgzMw==&amp;mid=2650805320&amp;idx=4&amp;sn=e7df41f998981f63472dcf016c0aa69f&amp;chksm=84e5d036b39259201ecb9a527c9c7c737e62ce6053e5ffc74f2129c9ef642707b5080c2de187&amp;scene=27#wechat_redirect\",\"source_url\":\"https:\/\/www.huodongxing.com\/event\/8576500379200\",\"cover\":\"http:\/\/mmbiz.qpic.cn\/mmbiz_jpg\/KmXPKA19gWibiabJHrhYYTw3uPhhHGgI5nETH61IUpnNheTAicAJBwO8B7LUE3Z22faZ83DK48NyBdqgy087IqqvA\/0?wx_fmt=jpeg\",\"author\":\"\",\"copyright_stat\":100,\"del_flag\":1,\"item_show_type\":0,\"audio_fileid\":0,\"duration\":0,\"play_url\":\"\",\"malicious_title_reason_id\":0,\"malicious_content_type\":0},{\"title\":\"模型调参与算法优化技巧实战，AI工程师必备一课\",\"digest\":\"大厂高工是如何进行模型调参与算法优化？有哪些独门秘笈？\",\"content\":\"\",\"fileid\":0,\"content_url\":\"http:\/\/mp.weixin.qq.com\/s?__biz=MzA3MzI4MjgzMw==&amp;mid=2650805320&amp;idx=5&amp;sn=4fc26c67141d48ce6a35f4a9aed39b38&amp;chksm=84e5d036b39259205bb2ae7ec59be3b86a8c62ab7ab6387c86f2a9e741c6ba340c098f005886&amp;scene=27#wechat_redirect\",\"source_url\":\"https:\/\/ai.baidu.com\/bml\/\",\"cover\":\"http:\/\/mmbiz.qpic.cn\/mmbiz_jpg\/KmXPKA19gWicLUJ53DYrRCBR2rtOicZVd8HcZnCvUs12IaOoiaYsZuqc9Odvtx1kcDURI1qE0Ixic1Xzuqiao0Mgxzg\/0?wx_fmt=jpeg\",\"author\":\"\",\"copyright_stat\":100,\"del_flag\":1,\"item_show_type\":0,\"audio_fileid\":0,\"duration\":0,\"play_url\":\"\",\"malicious_title_reason_id\":0,\"malicious_content_type\":0}],\"author\":\"\",\"copyright_stat\":100,\"duration\":0,\"del_flag\":1,\"item_show_type\":0,\"audio_fileid\":0,\"play_url\":\"\",\"malicious_title_reason_id\":0,\"malicious_content_type\":0}},{\"comm_msg_info\":{\"id\":1000001651,\"type\":49,\"datetime\":1608698360,\"fakeid\":\"3073282833\",\"status\":2,\"content\":\"\"},\"app_msg_ext_info\":{\"title\":\"AI求解薛定谔方程，兼具准确度和计算效率，登上《自然-化学》\",\"digest\":\"柏林自由大学的几位科学家提出了一种新的深度学习波函数拟设方法，它可以获得电子薛定谔方程的近乎精确解。\",\"content\":\"\",\"fileid\":0,\"content_url\":\"http:\/\/mp.weixin.qq.com\/s?__biz=MzA3MzI4MjgzMw==&amp;mid=2650805276&amp;idx=1&amp;sn=a211079552ee016e854a8c3c33925c93&amp;chksm=84e5d062b3925974c9aee6130e56224459f72d1451e5468845b54042268ae02bf9d4aad233f8&amp;scene=27#wechat_redirect\",\"source_url\":\"https:\/\/www.huodongxing.com\/event\/8576500379200\",\"cover\":\"http:\/\/mmbiz.qpic.cn\/mmbiz_jpg\/KmXPKA19gWibiabJHrhYYTw3uPhhHGgI5njBhDCjXlqmsZLEEEg9zdfLrxk7iafpIKkbbKTTUPuTgibibbzEnXnKQ0g\/0?wx_fmt=jpeg\",\"subtype\":9,\"is_multi\":1,\"multi_app_msg_item_list\":[{\"title\":\"国内的智能客服发展到哪一步了？这里有份追踪报告\",\"digest\":\"智能客服市场有多大？有哪些优秀玩家？这些玩家提供了哪些解决方案？解决了什么痛点？在这份报告中，我们进行了详细解读。\",\"content\":\"\",\"fileid\":0,\"content_url\":\"http:\/\/mp.weixin.qq.com\/s?__biz=MzA3MzI4MjgzMw==&amp;mid=2650805276&amp;idx=2&amp;sn=97ca0da32eccc9cf6cc4b943c74e6570&amp;chksm=84e5d062b39259741c956705488b2bf501cbf2ffe0f8f916e66daa9ed10ebb94aac6d8f77f5f&amp;scene=27#wechat_redirect\",\"source_url\":\"https:\/\/pro.jiqizhixin.com\/research\/SMART_CUSTOMER_SERVICE_REPORT\",\"cover\":\"http:\/\/mmbiz.qpic.cn\/mmbiz_jpg\/KmXPKA19gWibiabJHrhYYTw3uPhhHGgI5nkiaFarnwUY63zdlPN1ic8Sa2p5B9ka9KIvoDFeQhWV5Y3ias4ssHDOukg\/0?wx_fmt=jpeg\",\"author\":\"Synced\",\"copyright_stat\":11,\"del_flag\":1,\"item_show_type\":0,\"audio_fileid\":0,\"duration\":0,\"play_url\":\"\",\"malicious_title_reason_id\":0,\"malicious_content_type\":0},{\"title\":\"马斯克：我曾准备1\/10价格把特斯拉卖给苹果，库克甚至都不见我\",\"digest\":\"未曾设想的道路。\",\"content\":\"\",\"fileid\":503321605,\"content_url\":\"http:\/\/mp.weixin.qq.com\/s?__biz=MzA3MzI4MjgzMw==&amp;mid=2650805276&amp;idx=3&amp;sn=4218e799b960d2f284ec91cba03c8d5f&amp;chksm=84e5d062b3925974af2ce6b0b96eaa16dd75f6dfd40a5f3dab2e326f61c5f751b2310550849a&amp;scene=27#wechat_redirect\",\"source_url\":\"https:\/\/www.huodongxing.com\/event\/8576500379200\",\"cover\":\"http:\/\/mmbiz.qpic.cn\/mmbiz_jpg\/KmXPKA19gWibiabJHrhYYTw3uPhhHGgI5nCR8BsOVGZQHjY9DPAbo0bEfGRzfhw8hrjMyUWeRw5nq2v3cBxgiatRQ\/0?wx_fmt=jpeg\",\"author\":\"\",\"copyright_stat\":100,\"del_flag\":1,\"item_show_type\":0,\"audio_fileid\":0,\"duration\":0,\"play_url\":\"\",\"malicious_title_reason_id\":0,\"malicious_content_type\":0},{\"title\":\"威斯康辛大学《机器学习导论》2020秋季课程完结，课件、视频资源已开放\",\"digest\":\"对于机器学习领域的初学者来说，这会是很好的入门课程。目前，课程的笔记、PPT 和视频正在陆续发布中。\",\"content\":\"\",\"fileid\":0,\"content_url\":\"http:\/\/mp.weixin.qq.com\/s?__biz=MzA3MzI4MjgzMw==&amp;mid=2650805276&amp;idx=4&amp;sn=0372abde1283ff5e1b5212a76db965e6&amp;chksm=84e5d062b39259746ab66aa0dc03251f95b0a249614ba86a79021313210d972773ea2adb38b2&amp;scene=27#wechat_redirect\",\"source_url\":\"https:\/\/www.huodongxing.com\/event\/8576500379200\",\"cover\":\"http:\/\/mmbiz.qpic.cn\/mmbiz_jpg\/KmXPKA19gWicqZeh3Hz4VJ5gpPVdZSZ5SQgPDfThM1wGvLFbSicxBNKfSibajEbiaMMYuP4O3wggpVsHMXqJjA5hbg\/0?wx_fmt=jpeg\",\"author\":\"\",\"copyright_stat\":100,\"del_flag\":1,\"item_show_type\":0,\"audio_fileid\":0,\"duration\":0,\"play_url\":\"\",\"malicious_title_reason_id\":0,\"malicious_content_type\":0},{\"title\":\"技术盛宴来袭，黑客马拉松开赛，这场专注算法与创新的技术盛宴邀你来看！\",\"digest\":\"技术盛宴与实战狂欢共进，前沿理论与落地实践并行。\",\"content\":\"\",\"fileid\":0,\"content_url\":\"http:\/\/mp.weixin.qq.com\/s?__biz=MzA3MzI4MjgzMw==&amp;mid=2650805276&amp;idx=5&amp;sn=fff40874349a13674eaea13723e34af8&amp;chksm=84e5d062b39259743964abf49e5444a76867ddf3e475f96179850532bc5c4759727d27078c4d&amp;scene=27#wechat_redirect\",\"source_url\":\"https:\/\/www.huodongxing.com\/event\/8576500379200\",\"cover\":\"http:\/\/mmbiz.qpic.cn\/mmbiz_jpg\/KmXPKA19gWibiabJHrhYYTw3uPhhHGgI5nbA8VYFjicps9NnzzudmrZcc7nicAa9IvG60stlYAPZFMksGjsakypdKw\/0?wx_fmt=jpeg\",\"author\":\"\",\"copyright_stat\":100,\"del_flag\":1,\"item_show_type\":0,\"audio_fileid\":0,\"duration\":0,\"play_url\":\"\",\"malicious_title_reason_id\":0,\"malicious_content_type\":0}],\"author\":\"\",\"copyright_stat\":100,\"duration\":0,\"del_flag\":1,\"item_show_type\":0,\"audio_fileid\":0,\"play_url\":\"\",\"malicious_title_reason_id\":0,\"malicious_content_type\":0}},{\"comm_msg_info\":{\"id\":1000001650,\"type\":49,\"datetime\":1608611240,\"fakeid\":\"3073282833\",\"status\":2,\"content\":\"\"},\"app_msg_ext_info\":{\"title\":\"「苹果牌」电动车要来了：最早明年见，还带着突破性电池技术\",\"digest\":\"真正的 One more thing 要来了。\",\"content\":\"\",\"fileid\":503321546,\"content_url\":\"http:\/\/mp.weixin.qq.com\/s?__biz=MzA3MzI4MjgzMw==&amp;mid=2650805207&amp;idx=1&amp;sn=b417b6dd46c5defbf4172479964c275c&amp;chksm=84e5d7a9b3925ebf09fc49a41ce8f13582dfd820a495aed9c0592aacca35d6860b9b0acf08b8&amp;scene=27#wechat_redirect\",\"source_url\":\"\",\"cover\":\"http:\/\/mmbiz.qpic.cn\/mmbiz_jpg\/KmXPKA19gWicqZeh3Hz4VJ5gpPVdZSZ5SMya4OeaTkQAwSykRpIhM17Pm3LW6PkiamqWZ68KvTUQrQDsqMZ7TFaw\/0?wx_fmt=jpeg\",\"subtype\":9,\"is_multi\":1,\"multi_app_msg_item_list\":[{\"title\":\"​多家国内机器人公司成全球关注创新力量，背后红杉中国投资脉络曝光\",\"digest\":\"多家国内机器人公司背后的力量。\",\"content\":\"\",\"fileid\":503321536,\"content_url\":\"http:\/\/mp.weixin.qq.com\/s?__biz=MzA3MzI4MjgzMw==&amp;mid=2650805207&amp;idx=2&amp;sn=c7fff2dc4c80466f8d967376ce8ad200&amp;chksm=84e5d7a9b3925ebfb6185547dc131414a1d259b8f015fbb46f4f2862aca7bae6c78169235324&amp;scene=27#wechat_redirect\",\"source_url\":\"\",\"cover\":\"http:\/\/mmbiz.qpic.cn\/mmbiz_jpg\/KmXPKA19gWicgaHCJF5l3vmGHvflaltQF0dzdG6WozviafHhLmAEnjwDdZZsQvVevMRXSYyVabXQ3niaNokkCMBXg\/0?wx_fmt=jpeg\",\"author\":\"\",\"copyright_stat\":100,\"del_flag\":1,\"item_show_type\":0,\"audio_fileid\":0,\"duration\":0,\"play_url\":\"\",\"malicious_title_reason_id\":0,\"malicious_content_type\":0},{\"title\":\"四年创业受阻：Bengio合创的公司被曝以2.3亿美元出售，低于总融资额\",\"digest\":\"Element AI被曝窘境。\",\"content\":\"\",\"fileid\":0,\"content_url\":\"http:\/\/mp.weixin.qq.com\/s?__biz=MzA3MzI4MjgzMw==&amp;mid=2650805207&amp;idx=3&amp;sn=eb136207a01217381daac53ff35dcf17&amp;chksm=84e5d7a9b3925ebf0af60d75b9b1fc5e18e0858bf36b3814f88dd7558f743ffe9ad41dd08d62&amp;scene=27#wechat_redirect\",\"source_url\":\"\",\"cover\":\"http:\/\/mmbiz.qpic.cn\/mmbiz_jpg\/KmXPKA19gWicqZeh3Hz4VJ5gpPVdZSZ5Sef4iaYe6AYSwnic30AF7Qiaw08OhKaTBw6tQAo8SRx6JHnebiagRYf1nWQ\/0?wx_fmt=jpeg\",\"author\":\"\",\"copyright_stat\":100,\"del_flag\":1,\"item_show_type\":0,\"audio_fileid\":0,\"duration\":0,\"play_url\":\"\",\"malicious_title_reason_id\":0,\"malicious_content_type\":0},{\"title\":\"创建新理论解释运行原因，MIT研究者探索深度网络的基础理论问题\",\"digest\":\"MIT 对深度网络的理论解释。\",\"content\":\"\",\"fileid\":0,\"content_url\":\"http:\/\/mp.weixin.qq.com\/s?__biz=MzA3MzI4MjgzMw==&amp;mid=2650805207&amp;idx=4&amp;sn=8786994d6d89cf7e7fc3b0229accde76&amp;chksm=84e5d7a9b3925ebf92f02e4135a5a05e946129ccbfe25eb84440bfd61914633c657c426a019e&amp;scene=27#wechat_redirect\",\"source_url\":\"\",\"cover\":\"http:\/\/mmbiz.qpic.cn\/mmbiz_jpg\/KmXPKA19gWicgaHCJF5l3vmGHvflaltQFIqE1EOjNvN9Z1n9zC1uictmHPp5ZKPnr0U2eicUMAWzmq2EAr80XmDtA\/0?wx_fmt=jpeg\",\"author\":\"\",\"copyright_stat\":100,\"del_flag\":1,\"item_show_type\":0,\"audio_fileid\":0,\"duration\":0,\"play_url\":\"\",\"malicious_title_reason_id\":0,\"malicious_content_type\":0},{\"title\":\"不氪金玩转中文超大规模预训练，这里有一份详细攻略\",\"digest\":\"NLP开发利器解析：中文超大规模预训练模型精讲。\",\"content\":\"\",\"fileid\":0,\"content_url\":\"http:\/\/mp.weixin.qq.com\/s?__biz=MzA3MzI4MjgzMw==&amp;mid=2650805207&amp;idx=5&amp;sn=73bf330d650d0601afb98aa01f17e995&amp;chksm=84e5d7a9b3925ebf3afc38b931f4acbe078382c3cd0f2b89fdac37c531bc56adec8f68e6d53e&amp;scene=27#wechat_redirect\",\"source_url\":\"http:\/\/wenxin.baidu.com\",\"cover\":\"http:\/\/mmbiz.qpic.cn\/mmbiz_jpg\/KmXPKA19gWib5KV5FRELWSnuoOyZHNUILLFmEAg16gNXyiaswdlNAEzgNFGBOic7w4icQ7VfwK5Jic0qIYib6tGa1Gzw\/0?wx_fmt=jpeg\",\"author\":\"\",\"copyright_stat\":100,\"del_flag\":1,\"item_show_type\":0,\"audio_fileid\":0,\"duration\":0,\"play_url\":\"\",\"malicious_title_reason_id\":0,\"malicious_content_type\":0}],\"author\":\"\",\"copyright_stat\":100,\"duration\":0,\"del_flag\":1,\"item_show_type\":0,\"audio_fileid\":0,\"play_url\":\"\",\"malicious_title_reason_id\":0,\"malicious_content_type\":0}},{\"comm_msg_info\":{\"id\":1000001649,\"type\":49,\"datetime\":1608525601,\"fakeid\":\"3073282833\",\"status\":2,\"content\":\"\"},\"app_msg_ext_info\":{\"title\":\"清华大学发布首个自动图机器学习工具包AutoGL，开源易用可扩展，支持自定义模型\",\"digest\":\"清华大学发布全球首个开源自动图学习工具包 AutoGL。\",\"content\":\"\",\"fileid\":503321508,\"content_url\":\"http:\/\/mp.weixin.qq.com\/s?__biz=MzA3MzI4MjgzMw==&amp;mid=2650805172&amp;idx=1&amp;sn=df9c9e707367e948122163300442ffef&amp;chksm=84e5d7cab3925edc29eaf0fc95faa48fb9762ce47b2f3331e2f92db2a7b9e62db2446ff01065&amp;scene=27#wechat_redirect\",\"source_url\":\"\",\"cover\":\"http:\/\/mmbiz.qpic.cn\/mmbiz_jpg\/KmXPKA19gWicgaHCJF5l3vmGHvflaltQFLM1pg7J0Z5qvTE5ic0u0f0F6WiaSbcicHPK8wXXpBMe6Z7JbPmmtfCGiaA\/0?wx_fmt=jpeg\",\"subtype\":9,\"is_multi\":1,\"multi_app_msg_item_list\":[{\"title\":\"AI种草莓，比最强人类多两倍：首次农业人机大战结束了\",\"digest\":\"云南昆明开启的「多多农研科技大赛」在12月16日落下了帷幕。\",\"content\":\"\",\"fileid\":0,\"content_url\":\"http:\/\/mp.weixin.qq.com\/s?__biz=MzA3MzI4MjgzMw==&amp;mid=2650805172&amp;idx=2&amp;sn=237cd79eb80eaa944f05e1a96a24dacb&amp;chksm=84e5d7cab3925edc166ab7f5dc21bd21e966ed7383bb392dfadbd2ebfbaa8871aa0a1bd0fa4d&amp;scene=27#wechat_redirect\",\"source_url\":\"\",\"cover\":\"http:\/\/mmbiz.qpic.cn\/mmbiz_jpg\/KmXPKA19gWibr9RaDbdbEAFts4icygic2sZScg36JuFuiboAc3KocOSQSlia0ws7lnjZic2Z0mBVlwhl2tycKTMibficmw\/0?wx_fmt=jpeg\",\"author\":\"Synced\",\"copyright_stat\":11,\"del_flag\":1,\"item_show_type\":0,\"audio_fileid\":0,\"duration\":0,\"play_url\":\"\",\"malicious_title_reason_id\":0,\"malicious_content_type\":0},{\"title\":\"速度数百倍之差，有人断言KNN面临淘汰，更快更强的ANN将取而代之\",\"digest\":\"这也许是真的。\",\"content\":\"\",\"fileid\":0,\"content_url\":\"http:\/\/mp.weixin.qq.com\/s?__biz=MzA3MzI4MjgzMw==&amp;mid=2650805172&amp;idx=3&amp;sn=b40266f3638b88c9ea32bb7ada97f05b&amp;chksm=84e5d7cab3925edcb11dbbb9536e4fe8816d3987ac71c356c7ce2f6a4a92cdcaa0ca1f86994e&amp;scene=27#wechat_redirect\",\"source_url\":\"\",\"cover\":\"http:\/\/mmbiz.qpic.cn\/mmbiz_jpg\/KmXPKA19gWicgaHCJF5l3vmGHvflaltQFQI53KysgDsgcN9fZ6lGg8lyYRibhT2YEv5mIfHUtKRNiaJGuIs3ia1Ruw\/0?wx_fmt=jpeg\",\"author\":\"\",\"copyright_stat\":100,\"del_flag\":1,\"item_show_type\":0,\"audio_fileid\":0,\"duration\":0,\"play_url\":\"\",\"malicious_title_reason_id\":0,\"malicious_content_type\":0},{\"title\":\"人工智能让遥感数据释放巨大潜能：人口普查中的「人工」或将被取代\",\"digest\":\"该研究证实了卷积神经网络（CNN）针对卫星图像数据深入分析的潜能。\",\"content\":\"\",\"fileid\":0,\"content_url\":\"http:\/\/mp.weixin.qq.com\/s?__biz=MzA3MzI4MjgzMw==&amp;mid=2650805172&amp;idx=4&amp;sn=3f3408f59fa9e5f94f62070f7a3ac2c7&amp;chksm=84e5d7cab3925edc08b419d05cf69a8a1a489d0afdd46ab184a6b5b2b2a81e7b0ef68e7efd40&amp;scene=27#wechat_redirect\",\"source_url\":\"\",\"cover\":\"http:\/\/mmbiz.qpic.cn\/mmbiz_jpg\/KmXPKA19gWicgaHCJF5l3vmGHvflaltQF9EiblsEj8vOKGqib23TopUdrNLroBmSmCA8OrhhibHawH3x6XWjDMMtJA\/0?wx_fmt=jpeg\",\"author\":\"\",\"copyright_stat\":100,\"del_flag\":1,\"item_show_type\":0,\"audio_fileid\":0,\"duration\":0,\"play_url\":\"\",\"malicious_title_reason_id\":0,\"malicious_content_type\":0},{\"title\":\"技术干货分享配合黑客松实战，这应该是AI开发者最中意的活动形式了\",\"digest\":\"12月26日，上海临港见。\",\"content\":\"\",\"fileid\":0,\"content_url\":\"http:\/\/mp.weixin.qq.com\/s?__biz=MzA3MzI4MjgzMw==&amp;mid=2650805172&amp;idx=5&amp;sn=cbcf808849ef6c7395c7051652775582&amp;chksm=84e5d7cab3925edc9fa2eca333e866af5ced0d93c0930e0f5427c0ff16f22637a745192cd074&amp;scene=27#wechat_redirect\",\"source_url\":\"https:\/\/www.huodongxing.com\/event\/8576500379200\",\"cover\":\"http:\/\/mmbiz.qpic.cn\/mmbiz_jpg\/KmXPKA19gWibr9RaDbdbEAFts4icygic2sZFDMqhCVcTwTLcaRPJTibD8fYwtr8CUT7SRwPFcKsrKkbTXViaa1DSdnw\/0?wx_fmt=jpeg\",\"author\":\"\",\"copyright_stat\":100,\"del_flag\":1,\"item_show_type\":0,\"audio_fileid\":0,\"duration\":0,\"play_url\":\"\",\"malicious_title_reason_id\":0,\"malicious_content_type\":0}],\"author\":\"\",\"copyright_stat\":100,\"duration\":0,\"del_flag\":1,\"item_show_type\":0,\"audio_fileid\":0,\"play_url\":\"\",\"malicious_title_reason_id\":0,\"malicious_content_type\":0}},{\"comm_msg_info\":{\"id\":1000001648,\"type\":49,\"datetime\":1608472635,\"fakeid\":\"3073282833\",\"status\":2,\"content\":\"\"},\"app_msg_ext_info\":{\"title\":\"重磅发布开源框架2.0RC版 、生物计算平台「螺旋桨」，百度飞桨交了份年终成绩单\",\"digest\":\"百度飞桨又一次迎来了多项全新发布和重要升级。\",\"content\":\"\",\"fileid\":0,\"content_url\":\"http:\/\/mp.weixin.qq.com\/s?__biz=MzA3MzI4MjgzMw==&amp;mid=2650805148&amp;idx=1&amp;sn=4501a39cda808b6cb6b15c335e881df3&amp;chksm=84e5d7e2b3925ef45ce8d18b471de008b9de7c1f4607e895936f92377227411b0f642d20b91c&amp;scene=27#wechat_redirect\",\"source_url\":\"\",\"cover\":\"http:\/\/mmbiz.qpic.cn\/mmbiz_jpg\/KmXPKA19gW9lyiavKy6OpU2OQlic4icPgPb9icBNiaNvwB7KNZfhZ3rBFeYEuibfVh5NLVZ0nZrkiaUxjtoVg7F19cdgw\/0?wx_fmt=jpeg\",\"subtype\":9,\"is_multi\":1,\"multi_app_msg_item_list\":[{\"title\":\"不用GAN，照片生成简笔画，效果惊艳\",\"digest\":\"不用 GAN 把照片生成简笔画\",\"content\":\"\",\"fileid\":0,\"content_url\":\"http:\/\/mp.weixin.qq.com\/s?__biz=MzA3MzI4MjgzMw==&amp;mid=2650805148&amp;idx=2&amp;sn=8686385b83194812d55ceeff5ee16072&amp;chksm=84e5d7e2b3925ef4348153cc31ccc9b304e8f7440a3707c7c86fe3ef15f47b52dc9bba2184b1&amp;scene=27#wechat_redirect\",\"source_url\":\"\",\"cover\":\"http:\/\/mmbiz.qpic.cn\/mmbiz_jpg\/KmXPKA19gW9lyiavKy6OpU2OQlic4icPgPbHoibDcgGTNsDNOIL8icxQnTUKGZjCUuXOmglE5bQKNHVEMYH2EVXNLsw\/0?wx_fmt=jpeg\",\"author\":\"\",\"copyright_stat\":100,\"del_flag\":1,\"item_show_type\":0,\"audio_fileid\":0,\"duration\":0,\"play_url\":\"\",\"malicious_title_reason_id\":0,\"malicious_content_type\":0},{\"title\":\"图像风格迁移也有框架了：使用Python编写，与PyTorch完美兼容，外行也能用\",\"digest\":\"易于使用的神经风格迁移框架 pystiche。\",\"content\":\"\",\"fileid\":0,\"content_url\":\"http:\/\/mp.weixin.qq.com\/s?__biz=MzA3MzI4MjgzMw==&amp;mid=2650805148&amp;idx=3&amp;sn=1b02b7ee2421b3eda059a9144c0a659b&amp;chksm=84e5d7e2b3925ef49f25a79eddafa592a1958dd123713ff99276665070126406e4a7aaeea66b&amp;scene=27#wechat_redirect\",\"source_url\":\"\",\"cover\":\"http:\/\/mmbiz.qpic.cn\/mmbiz_jpg\/KmXPKA19gWib5KV5FRELWSnuoOyZHNUILTeEGV3uJNtd4RRnTU2gdOso7MmaVjCAW1kMxmMUJPfndrBPrTILjnQ\/0?wx_fmt=jpeg\",\"author\":\"\",\"copyright_stat\":100,\"del_flag\":1,\"item_show_type\":0,\"audio_fileid\":0,\"duration\":0,\"play_url\":\"\",\"malicious_title_reason_id\":0,\"malicious_content_type\":0},{\"title\":\"7 Papers &amp; Radios | 甩笔机器人获IROS 2020最佳论文奖；UW实时高分辨率背景抠图\",\"digest\":\"本周布朗大学的一篇博士论文探讨了强化学习中的抽象理论。\",\"content\":\"\",\"fileid\":503294868,\"content_url\":\"http:\/\/mp.weixin.qq.com\/s?__biz=MzA3MzI4MjgzMw==&amp;mid=2650805148&amp;idx=4&amp;sn=e4d519d2d2f0c84e455bb9690d78fc54&amp;chksm=84e5d7e2b3925ef46b423c149f4f6a80dca571f796cfce5169b8967fced9b2385b2aa387882c&amp;scene=27#wechat_redirect\",\"source_url\":\"\",\"cover\":\"http:\/\/mmbiz.qpic.cn\/mmbiz_jpg\/KmXPKA19gW9lyiavKy6OpU2OQlic4icPgPbemRh5vmmgTtPiaxro5e7QIFUc21Wk10RTcia7u9YLZXgvJGJFYFylQWQ\/0?wx_fmt=jpeg\",\"author\":\"\",\"copyright_stat\":100,\"del_flag\":1,\"item_show_type\":0,\"audio_fileid\":0,\"duration\":0,\"play_url\":\"\",\"malicious_title_reason_id\":0,\"malicious_content_type\":0}],\"author\":\"Synced\",\"copyright_stat\":11,\"duration\":0,\"del_flag\":1,\"item_show_type\":0,\"audio_fileid\":0,\"play_url\":\"\",\"malicious_title_reason_id\":0,\"malicious_content_type\":0}},{\"comm_msg_info\":{\"id\":1000001647,\"type\":49,\"datetime\":1608350902,\"fakeid\":\"3073282833\",\"status\":2,\"content\":\"\"},\"app_msg_ext_info\":{\"title\":\"本周日，王海峰、黄铁军、朱军、李宏毅等大咖邀你加入这场AI开发者盛宴！\",\"digest\":\"12 月 20 日，在北京 798 艺术园区 751 罐，将要举行一场「别开生面」的 AI 开发者活动。\",\"content\":\"\",\"fileid\":503321423,\"content_url\":\"http:\/\/mp.weixin.qq.com\/s?__biz=MzA3MzI4MjgzMw==&amp;mid=2650805081&amp;idx=1&amp;sn=a5fff8f187f9e629b912a6890da904bd&amp;chksm=84e5d727b3925e3124b59bf091092eee48ca239ba473a0b82ec1f61613cfc82147dc8793336d&amp;scene=27#wechat_redirect\",\"source_url\":\"http:\/\/gl.51data.com.cn\/future\/summit\/devel_media_login.html\",\"cover\":\"http:\/\/mmbiz.qpic.cn\/mmbiz_jpg\/KmXPKA19gWibWZef3WQHYd0ymzp2zc1XZpl9rFZ6uWhS1waTSSVIu4ibFiclaV21yqjY2q4b0DJxdl7deq2BfOHibQ\/0?wx_fmt=jpeg\",\"subtype\":9,\"is_multi\":1,\"multi_app_msg_item_list\":[{\"title\":\"134个预训练模型、精度高达85.1%，百度视觉算法最强基石PaddleClas全新升级\",\"digest\":\"升级后更强大的 PaddleClas！\",\"content\":\"\",\"fileid\":503321397,\"content_url\":\"http:\/\/mp.weixin.qq.com\/s?__biz=MzA3MzI4MjgzMw==&amp;mid=2650805081&amp;idx=2&amp;sn=0174ac619dc13f70710637e340a6c344&amp;chksm=84e5d727b3925e316a19d5d0830533c502eeac49b8f14a71439dc861df2f31d83921e4d37795&amp;scene=27#wechat_redirect\",\"source_url\":\"\",\"cover\":\"http:\/\/mmbiz.qpic.cn\/mmbiz_jpg\/KmXPKA19gWibr9RaDbdbEAFts4icygic2sZNiczZjMMKP2WEsiahHA39jia3xvyeeiatMsRxI6zuDZXLKIaq7uLvD3iczg\/0?wx_fmt=jpeg\",\"author\":\"\",\"copyright_stat\":100,\"del_flag\":1,\"item_show_type\":0,\"audio_fileid\":0,\"duration\":0,\"play_url\":\"\",\"malicious_title_reason_id\":0,\"malicious_content_type\":0},{\"title\":\"中芯国际、大疆等60家中国公司被列入美实体清单\",\"digest\":\"美商务部将中芯国际列入实体清单\",\"content\":\"\",\"fileid\":503321429,\"content_url\":\"http:\/\/mp.weixin.qq.com\/s?__biz=MzA3MzI4MjgzMw==&amp;mid=2650805081&amp;idx=3&amp;sn=1ebb09a28fa343ba38fb12ce9a8505de&amp;chksm=84e5d727b3925e316e517b3ceab8fd64a66cf28d6cd6d64b143970d4f0b30544da5cbd05d911&amp;scene=27#wechat_redirect\",\"source_url\":\"http:\/\/gl.51data.com.cn\/future\/summit\/devel_media_login.html\",\"cover\":\"http:\/\/mmbiz.qpic.cn\/mmbiz_jpg\/KmXPKA19gWibWZef3WQHYd0ymzp2zc1XZ1SoDFiaYOvgI6KZze37tfhibNqU28ay9uKMKl48iaDNNibQAhHDlLH2UzA\/0?wx_fmt=jpeg\",\"author\":\"\",\"copyright_stat\":100,\"del_flag\":1,\"item_show_type\":0,\"audio_fileid\":0,\"duration\":0,\"play_url\":\"\",\"malicious_title_reason_id\":0,\"malicious_content_type\":0},{\"title\":\"有监督解耦与信息压缩相结合，上交新型信息瓶颈算法实现良好的泛化、鲁棒性能\",\"digest\":\"本文已被 AAAI 2021 会议接收。\",\"content\":\"\",\"fileid\":503321383,\"content_url\":\"http:\/\/mp.weixin.qq.com\/s?__biz=MzA3MzI4MjgzMw==&amp;mid=2650805081&amp;idx=4&amp;sn=3162040754d0add51599690664bd8ced&amp;chksm=84e5d727b3925e3165192f4e374941e1a53d1ab7078c762cc2ad8757d508f84fa2c8da16410f&amp;scene=27#wechat_redirect\",\"source_url\":\"http:\/\/gl.51data.com.cn\/future\/summit\/devel_media_login.html\",\"cover\":\"http:\/\/mmbiz.qpic.cn\/mmbiz_jpg\/KmXPKA19gWibr9RaDbdbEAFts4icygic2sZbia1HV4pcKXAmY9Ha4yLwj5FeFfBpxKpkhr5prh24UP5quTcwWtpDQg\/0?wx_fmt=jpeg\",\"author\":\"\",\"copyright_stat\":100,\"del_flag\":1,\"item_show_type\":0,\"audio_fileid\":0,\"duration\":0,\"play_url\":\"\",\"malicious_title_reason_id\":0,\"malicious_content_type\":0},{\"title\":\"技术干货分享配合黑客松实战，这应该是AI开发者最中意的活动形式了\",\"digest\":\"12月26日，上海临港见。\",\"content\":\"\",\"fileid\":0,\"content_url\":\"http:\/\/mp.weixin.qq.com\/s?__biz=MzA3MzI4MjgzMw==&amp;mid=2650805081&amp;idx=5&amp;sn=fb0a92b1be621fbebefce7ef160812fc&amp;chksm=84e5d727b3925e319c4cb8f4f91e940e63587f40f356a52cffa60cd8cf14ad2e145aba0c2010&amp;scene=27#wechat_redirect\",\"source_url\":\"https:\/\/www.huodongxing.com\/event\/8576500379200\",\"cover\":\"http:\/\/mmbiz.qpic.cn\/mmbiz_jpg\/KmXPKA19gWibr9RaDbdbEAFts4icygic2sZFDMqhCVcTwTLcaRPJTibD8fYwtr8CUT7SRwPFcKsrKkbTXViaa1DSdnw\/0?wx_fmt=jpeg\",\"author\":\"\",\"copyright_stat\":100,\"del_flag\":1,\"item_show_type\":0,\"audio_fileid\":0,\"duration\":0,\"play_url\":\"\",\"malicious_title_reason_id\":0,\"malicious_content_type\":0}],\"author\":\"\",\"copyright_stat\":100,\"duration\":0,\"del_flag\":1,\"item_show_type\":0,\"audio_fileid\":0,\"play_url\":\"\",\"malicious_title_reason_id\":0,\"malicious_content_type\":0}},{\"comm_msg_info\":{\"id\":1000001646,\"type\":49,\"datetime\":1608268032,\"fakeid\":\"3073282833\",\"status\":2,\"content\":\"\"},\"app_msg_ext_info\":{\"title\":\"2020年要过去了，这些新技术带来的问题还在\",\"digest\":\"新技术带来的新问题，要用新技术去解决。\",\"content\":\"\",\"fileid\":503321371,\"content_url\":\"http:\/\/mp.weixin.qq.com\/s?__biz=MzA3MzI4MjgzMw==&amp;mid=2650805029&amp;idx=1&amp;sn=90e02c3f786a10cb0e2abf5159b74fb6&amp;chksm=84e5d75bb3925e4dd8910404444da8cf2d22b15a1126fd98c03fbce74e45974d3343ad7d0e5f&amp;scene=27#wechat_redirect\",\"source_url\":\"\",\"cover\":\"http:\/\/mmbiz.qpic.cn\/mmbiz_jpg\/KmXPKA19gWibr9RaDbdbEAFts4icygic2sZDDOj0Zib0tiaLlv26aDTCN6jewGms7fuFAZCFf73yKHdBJrIrwmvMib4w\/0?wx_fmt=jpeg\",\"subtype\":9,\"is_multi\":1,\"multi_app_msg_item_list\":[{\"title\":\"再创新高：DeepMind一年烧掉6.5亿美元，谷歌却挥手免除15亿债务\",\"digest\":\"波士顿动力：那我呢？\",\"content\":\"\",\"fileid\":503321357,\"content_url\":\"http:\/\/mp.weixin.qq.com\/s?__biz=MzA3MzI4MjgzMw==&amp;mid=2650805029&amp;idx=2&amp;sn=b00ab46a9895065c4a078175728baa3b&amp;chksm=84e5d75bb3925e4d1e413f5accae957633b612efd1fc0d74d3b155bf4780d060bbceae3338a3&amp;scene=27#wechat_redirect\",\"source_url\":\"http:\/\/gl.51data.com.cn\/future\/summit\/devel_media_login.html\",\"cover\":\"http:\/\/mmbiz.qpic.cn\/mmbiz_jpg\/KmXPKA19gWibr9RaDbdbEAFts4icygic2sZjA8Qd0Tq4CpcAn4cU2lYpAwNKoBn2wrSgeGjL7KsOwhwoxibXiaoyN1w\/0?wx_fmt=jpeg\",\"author\":\"\",\"copyright_stat\":100,\"del_flag\":1,\"item_show_type\":0,\"audio_fileid\":0,\"duration\":0,\"play_url\":\"\",\"malicious_title_reason_id\":0,\"malicious_content_type\":0},{\"title\":\"你对象怎么找的？日本网友：国家用AI给分配的\",\"digest\":\"基于信息流的对象推荐算法。\",\"content\":\"\",\"fileid\":503321366,\"content_url\":\"http:\/\/mp.weixin.qq.com\/s?__biz=MzA3MzI4MjgzMw==&amp;mid=2650805029&amp;idx=3&amp;sn=aa22eede2960d79cb2d7859be0b70c72&amp;chksm=84e5d75bb3925e4d86982e3052674ae2a10d50af2c5adb5859a2a1b25f43b3804936fa30d20e&amp;scene=27#wechat_redirect\",\"source_url\":\"http:\/\/gl.51data.com.cn\/future\/summit\/devel_media_login.html\",\"cover\":\"http:\/\/mmbiz.qpic.cn\/mmbiz_jpg\/KmXPKA19gWibr9RaDbdbEAFts4icygic2sZ1QyRBWyWOe9lF78L0gEU8hBmykz6wC6riaXK9yjpXibsylLHplBg7vqA\/0?wx_fmt=jpeg\",\"author\":\"\",\"copyright_stat\":100,\"del_flag\":1,\"item_show_type\":0,\"audio_fileid\":0,\"duration\":0,\"play_url\":\"\",\"malicious_title_reason_id\":0,\"malicious_content_type\":0},{\"title\":\"明略科技完成2亿美元E+轮融资：产品化战略发力\",\"digest\":\"明略在最近的 E 轮与 E + 轮中共完成 5 亿美元融资。\",\"content\":\"\",\"fileid\":503321352,\"content_url\":\"http:\/\/mp.weixin.qq.com\/s?__biz=MzA3MzI4MjgzMw==&amp;mid=2650805029&amp;idx=4&amp;sn=caf5ce0a99968ed4a867bb7064c7f3f6&amp;chksm=84e5d75bb3925e4dcbe7553e721c18d47eac526c07d55bd790b8650bc21bdd89ad7dd488dce1&amp;scene=27#wechat_redirect\",\"source_url\":\"\",\"cover\":\"http:\/\/mmbiz.qpic.cn\/mmbiz_jpg\/KmXPKA19gWibr9RaDbdbEAFts4icygic2sZYNb5dYiawrp50Y6PQytrZN4etwxPPkS5m646xTciatZKs8VjXlYuREtA\/0?wx_fmt=jpeg\",\"author\":\"\",\"copyright_stat\":100,\"del_flag\":1,\"item_show_type\":0,\"audio_fileid\":0,\"duration\":0,\"play_url\":\"\",\"malicious_title_reason_id\":0,\"malicious_content_type\":0},{\"title\":\"不氪金玩转中文超大规模预训练，这里有一份详细攻略\",\"digest\":\"NLP开发利器解析：中文超大规模预训练模型精讲。\",\"content\":\"\",\"fileid\":0,\"content_url\":\"http:\/\/mp.weixin.qq.com\/s?__biz=MzA3MzI4MjgzMw==&amp;mid=2650805029&amp;idx=5&amp;sn=219b82e73ab37ac974071545fad7a625&amp;chksm=84e5d75bb3925e4d5a55a28b1a99c7d49be5ae1915f6b5366ef375ca60e5659ce8545344e357&amp;scene=27#wechat_redirect\",\"source_url\":\"http:\/\/wenxin.baidu.com\",\"cover\":\"http:\/\/mmbiz.qpic.cn\/mmbiz_jpg\/KmXPKA19gWib5KV5FRELWSnuoOyZHNUILLFmEAg16gNXyiaswdlNAEzgNFGBOic7w4icQ7VfwK5Jic0qIYib6tGa1Gzw\/0?wx_fmt=jpeg\",\"author\":\"\",\"copyright_stat\":100,\"del_flag\":1,\"item_show_type\":0,\"audio_fileid\":0,\"duration\":0,\"play_url\":\"\",\"malicious_title_reason_id\":0,\"malicious_content_type\":0}],\"author\":\"Synced\",\"copyright_stat\":11,\"duration\":0,\"del_flag\":1,\"item_show_type\":0,\"audio_fileid\":0,\"play_url\":\"\",\"malicious_title_reason_id\":0,\"malicious_content_type\":0}},{\"comm_msg_info\":{\"id\":1000001645,\"type\":49,\"datetime\":1608182001,\"fakeid\":\"3073282833\",\"status\":2,\"content\":\"\"},\"app_msg_ext_info\":{\"title\":\"手机秒变投篮机，还能模拟投篮真实手感，腾讯微视技术「家底」到底有多厚？\",\"digest\":\"微视光流实验室 AR 技术让 AR 游戏覆盖 90% 安卓机\",\"content\":\"\",\"fileid\":503321219,\"content_url\":\"http:\/\/mp.weixin.qq.com\/s?__biz=MzA3MzI4MjgzMw==&amp;mid=2650804979&amp;idx=1&amp;sn=0dec67bc4d3544a05355d52abfe949a4&amp;chksm=84e5d68db3925f9b4cd709f044b618cfe4db814b09d47ccae7676cd4e9cf5c01ca9744844a33&amp;scene=27#wechat_redirect\",\"source_url\":\"\",\"cover\":\"http:\/\/mmbiz.qpic.cn\/mmbiz_jpg\/KmXPKA19gW8XiavwemZV1xiaBE6ictdFu7usPfsp4TxvBrWDzrpYQfHaR4SPPa7In7iajI33lhO7kf7mlUmbVRicqGw\/0?wx_fmt=jpeg\",\"subtype\":9,\"is_multi\":1,\"multi_app_msg_item_list\":[{\"title\":\"当AI客服遇上「图文混排」提问，京东给电商AI来了场摸底考试\",\"digest\":\"当买家非要「看图说话」，AI 客服要怎么破？\",\"content\":\"\",\"fileid\":0,\"content_url\":\"http:\/\/mp.weixin.qq.com\/s?__biz=MzA3MzI4MjgzMw==&amp;mid=2650804979&amp;idx=2&amp;sn=0ea5cc3990ef48ca3087c61b778bf8a4&amp;chksm=84e5d68db3925f9b79395d2776de88a39145b1e4b3b9d62933aef64feae882ecbe7ad888629f&amp;scene=27#wechat_redirect\",\"source_url\":\"\",\"cover\":\"http:\/\/mmbiz.qpic.cn\/mmbiz_jpg\/KmXPKA19gW8XiavwemZV1xiaBE6ictdFu7uSjF1sEnBIOsVOPnTibfz62D28TjYJfOyDnph9RyUKmerDOsbRT5O5Xg\/0?wx_fmt=jpeg\",\"author\":\"Synced\",\"copyright_stat\":11,\"del_flag\":1,\"item_show_type\":0,\"audio_fileid\":0,\"duration\":0,\"play_url\":\"\",\"malicious_title_reason_id\":0,\"malicious_content_type\":0},{\"title\":\"ACM 2020杰出会员公布，叶杰平、崔鹏上榜，华人学者占四成\",\"digest\":\"叶杰平、崔鹏上榜，华人学者占四成\",\"content\":\"\",\"fileid\":503321327,\"content_url\":\"http:\/\/mp.weixin.qq.com\/s?__biz=MzA3MzI4MjgzMw==&amp;mid=2650804979&amp;idx=3&amp;sn=644b5e69bff29e0a2ef20c5e6b11d92c&amp;chksm=84e5d68db3925f9b9b3c4fe766dd42bcb9e6560f82ce9553cd4caa5f3c788d6b5e33ffdaa37d&amp;scene=27#wechat_redirect\",\"source_url\":\"\",\"cover\":\"http:\/\/mmbiz.qpic.cn\/mmbiz_jpg\/KmXPKA19gWib5KV5FRELWSnuoOyZHNUILv8OZBDINbMy6y4FOunzn5JBunVj4eqsWyKicoh7b4KESsssW6aicvW1g\/0?wx_fmt=jpeg\",\"author\":\"\",\"copyright_stat\":100,\"del_flag\":1,\"item_show_type\":0,\"audio_fileid\":0,\"duration\":0,\"play_url\":\"\",\"malicious_title_reason_id\":0,\"malicious_content_type\":0},{\"title\":\"微软亚研副院长周明离职，将出任创新工场AI工程院首席科学家\",\"digest\":\"下一站，周明将出任创新工场AI工程院首席科学家。\",\"content\":\"\",\"fileid\":503321288,\"content_url\":\"http:\/\/mp.weixin.qq.com\/s?__biz=MzA3MzI4MjgzMw==&amp;mid=2650804979&amp;idx=4&amp;sn=c40be52c30479e476999fcffed2edc1c&amp;chksm=84e5d68db3925f9b4305c0e2cbf785303731ad47e8c09bf2c6dbe4cf78bda80bbffe97c340eb&amp;scene=27#wechat_redirect\",\"source_url\":\"\",\"cover\":\"http:\/\/mmbiz.qpic.cn\/mmbiz_jpg\/KmXPKA19gWib5KV5FRELWSnuoOyZHNUILeEv2atkQorQyPE0X7T2aWCtJU5ttqIvnw0lG6wicZeA5sQ3Be8dumRw\/0?wx_fmt=jpeg\",\"author\":\"\",\"copyright_stat\":100,\"del_flag\":1,\"item_show_type\":0,\"audio_fileid\":0,\"duration\":0,\"play_url\":\"\",\"malicious_title_reason_id\":0,\"malicious_content_type\":0},{\"title\":\"WAIC开发者·2020上海临港人工智能开发者大会正式启动，精彩抢先看！\",\"digest\":\"12月26日，AI开发者的技术狂欢，等你开启！\",\"content\":\"\",\"fileid\":0,\"content_url\":\"http:\/\/mp.weixin.qq.com\/s?__biz=MzA3MzI4MjgzMw==&amp;mid=2650804979&amp;idx=5&amp;sn=bfcd9d01344c1136da1bc74ddd5704c9&amp;chksm=84e5d68db3925f9be95978f09f49f0a44035d164f2e3beee772ff609ce2c2200578fb1d29f74&amp;scene=27#wechat_redirect\",\"source_url\":\"http:\/\/hdxu.cn\/mTLcs\",\"cover\":\"http:\/\/mmbiz.qpic.cn\/mmbiz_jpg\/KmXPKA19gWib5KV5FRELWSnuoOyZHNUILu9sQicL3OBVvwLQSxIPhEpHBjxHokD3YTsdUhjUJxsAn58vOk5xPR1A\/0?wx_fmt=jpeg\",\"author\":\"\",\"copyright_stat\":100,\"del_flag\":1,\"item_show_type\":0,\"audio_fileid\":0,\"duration\":0,\"play_url\":\"\",\"malicious_title_reason_id\":0,\"malicious_content_type\":0}],\"author\":\"Synced\",\"copyright_stat\":11,\"duration\":0,\"del_flag\":1,\"item_show_type\":0,\"audio_fileid\":0,\"play_url\":\"\",\"malicious_title_reason_id\":0,\"malicious_content_type\":0}},{\"comm_msg_info\":{\"id\":1000001644,\"type\":49,\"datetime\":1608095975,\"fakeid\":\"3073282833\",\"status\":2,\"content\":\"\"},\"app_msg_ext_info\":{\"title\":\"单块GPU实现4K分辨率每秒30帧，华盛顿大学实时视频抠图再升级，毛发细节到位\",\"digest\":\"那个「让整个世界都变成你的绿幕」的抠图方法 Background Matting 发布了 2.0 版本。\",\"content\":\"\",\"fileid\":0,\"content_url\":\"http:\/\/mp.weixin.qq.com\/s?__biz=MzA3MzI4MjgzMw==&amp;mid=2650804897&amp;idx=1&amp;sn=0a24a5577fdff3697e3867351d231068&amp;chksm=84e5d6dfb3925fc999597bfbd13d2d47637acd3fca49598b99c18ea1b1d71e25dc6eaa860724&amp;scene=27#wechat_redirect\",\"source_url\":\"http:\/\/gl.51data.com.cn\/future\/summit\/devel_media_login.html\",\"cover\":\"http:\/\/mmbiz.qpic.cn\/mmbiz_jpg\/KmXPKA19gW8XiavwemZV1xiaBE6ictdFu7uU9iaO7AOBNOzZ9kMhD4MmXGhicrM4nFfhVX58o4sia6qyG1Lpz8b0pqjg\/0?wx_fmt=jpeg\",\"subtype\":9,\"is_multi\":1,\"multi_app_msg_item_list\":[{\"title\":\"Github Star 7.2K，超级好用的OCR数据合成与半自动标注工具，强烈推荐！\",\"digest\":\"OCR 方向的工程师，一定需要知道这个 OCR 开源项目。\",\"content\":\"\",\"fileid\":503321196,\"content_url\":\"http:\/\/mp.weixin.qq.com\/s?__biz=MzA3MzI4MjgzMw==&amp;mid=2650804897&amp;idx=2&amp;sn=def0e6275a29d131d49cc5b03ccb4945&amp;chksm=84e5d6dfb3925fc972f33ebc59120ff1ffb99566d35cff82f6420f0e5613da9b2212f018f699&amp;scene=27#wechat_redirect\",\"source_url\":\"\",\"cover\":\"http:\/\/mmbiz.qpic.cn\/mmbiz_jpg\/KmXPKA19gW8XiavwemZV1xiaBE6ictdFu7u7p93xia0aQ615KUicOC86s5yadW0dcrguWfc6LxZcY1TkhDsicFFXqnicw\/0?wx_fmt=jpeg\",\"author\":\"\",\"copyright_stat\":100,\"del_flag\":1,\"item_show_type\":0,\"audio_fileid\":0,\"duration\":0,\"play_url\":\"\",\"malicious_title_reason_id\":0,\"malicious_content_type\":0},{\"title\":\"2020 Kaggle年度报告发布：美国公司最容易「人均百万」，90%数据科学家坚持终生学习\",\"digest\":\"近日，Kaggle 正式发布了 2020 年度报告。\",\"content\":\"\",\"fileid\":0,\"content_url\":\"http:\/\/mp.weixin.qq.com\/s?__biz=MzA3MzI4MjgzMw==&amp;mid=2650804897&amp;idx=3&amp;sn=0962d4b86860fe3b8f96034a0c3944c2&amp;chksm=84e5d6dfb3925fc97958937ae650d133a5c87689aef35edf03fe42b6d7955293f1605dd85c6c&amp;scene=27#wechat_redirect\",\"source_url\":\"\",\"cover\":\"http:\/\/mmbiz.qpic.cn\/mmbiz_jpg\/KmXPKA19gWicEM8VZxlkYbvl8Ft5asVz0WiaicDiaxouiaJ0qlicNK1KKVwM1O5b2RzibJddEG4I2MbWfILKspHnICiaDQ\/0?wx_fmt=jpeg\",\"author\":\"\",\"copyright_stat\":100,\"del_flag\":1,\"item_show_type\":0,\"audio_fileid\":0,\"duration\":0,\"play_url\":\"\",\"malicious_title_reason_id\":0,\"malicious_content_type\":0},{\"title\":\"多任务上实现SOTA，UBC、谷歌联合Hinton等提出3D点云的无监督胶囊网络\",\"digest\":\"这是一种为3D点云提出的无监督胶囊架构。\",\"content\":\"\",\"fileid\":503321176,\"content_url\":\"http:\/\/mp.weixin.qq.com\/s?__biz=MzA3MzI4MjgzMw==&amp;mid=2650804897&amp;idx=4&amp;sn=7579be75e88695de5c593701a53b00ec&amp;chksm=84e5d6dfb3925fc99c59c4abd07f59e682fcc8c55273e792c61e591d69a92dc30fb6bb0c22cf&amp;scene=27#wechat_redirect\",\"source_url\":\"\",\"cover\":\"http:\/\/mmbiz.qpic.cn\/mmbiz_jpg\/KmXPKA19gWicEM8VZxlkYbvl8Ft5asVz0PibsM04Qq6LJdZZqhMnIGq49a07uIUqicPgRJMYAsiaibR1tKJlI5G0yWQ\/0?wx_fmt=jpeg\",\"author\":\"\",\"copyright_stat\":100,\"del_flag\":1,\"item_show_type\":0,\"audio_fileid\":0,\"duration\":0,\"play_url\":\"\",\"malicious_title_reason_id\":0,\"malicious_content_type\":0},{\"title\":\"你是优秀开发者吗？WAIC邀你前来认证\",\"digest\":\"在人工智能时代，开发者扮演着重要的角色。\",\"content\":\"\",\"fileid\":0,\"content_url\":\"http:\/\/mp.weixin.qq.com\/s?__biz=MzA3MzI4MjgzMw==&amp;mid=2650804897&amp;idx=5&amp;sn=f612c956ad8a40a5c7ddc83c2d93b10b&amp;chksm=84e5d6dfb3925fc95b536f471d57fd33fa75e8e1698d3d65716c5afb36284a9dc13c714a4752&amp;scene=27#wechat_redirect\",\"source_url\":\"https:\/\/jiqizhixin.mikecrm.com\/oCIT3D8\",\"cover\":\"http:\/\/mmbiz.qpic.cn\/mmbiz_jpg\/KmXPKA19gW8XiavwemZV1xiaBE6ictdFu7uEfXzfQWJF9oSSXDhiackQEk6VdPHAj3MjGRibqgVEwPptgicjOBhLPvHA\/0?wx_fmt=jpeg\",\"author\":\"\",\"copyright_stat\":100,\"del_flag\":1,\"item_show_type\":0,\"audio_fileid\":0,\"duration\":0,\"play_url\":\"\",\"malicious_title_reason_id\":0,\"malicious_content_type\":0}],\"author\":\"\",\"copyright_stat\":100,\"duration\":0,\"del_flag\":1,\"item_show_type\":0,\"audio_fileid\":0,\"play_url\":\"\",\"malicious_title_reason_id\":0,\"malicious_content_type\":0}},{\"comm_msg_info\":{\"id\":1000001643,\"type\":49,\"datetime\":1608008652,\"fakeid\":\"3073282833\",\"status\":2,\"content\":\"\"},\"app_msg_ext_info\":{\"title\":\"机器人也能「甩笔」，拥有触觉分析能力，上交&amp;MIT获IROS 2020最佳论文奖\",\"digest\":\"GelSight 的制作总成本只有 100 美金（700 元），远低于市面上的其他触觉传感器。\",\"content\":\"\",\"fileid\":503321102,\"content_url\":\"http:\/\/mp.weixin.qq.com\/s?__biz=MzA3MzI4MjgzMw==&amp;mid=2650804794&amp;idx=1&amp;sn=d1424af1037abce1b19c1100ac254011&amp;chksm=84e5d644b3925f52f75a2ba16d30f4fc56628755bdf72243d748e759df836601d28de6fdaa94&amp;scene=27#wechat_redirect\",\"source_url\":\"http:\/\/gl.51data.com.cn\/future\/summit\/devel_media_login.html\",\"cover\":\"http:\/\/mmbiz.qpic.cn\/mmbiz_jpg\/KmXPKA19gWicEM8VZxlkYbvl8Ft5asVz0GEMpldet33zFnBStshpFnLib5gIgM53d6Lpj2V6b2LiaXibBNVVluobyA\/0?wx_fmt=jpeg\",\"subtype\":9,\"is_multi\":1,\"multi_app_msg_item_list\":[{\"title\":\"带宽成本降低可达50%，字节跳动BVC2.0编码器在MSU 2020拿了四个「第一」\",\"digest\":\"四个「第一」！\",\"content\":\"\",\"fileid\":0,\"content_url\":\"http:\/\/mp.weixin.qq.com\/s?__biz=MzA3MzI4MjgzMw==&amp;mid=2650804794&amp;idx=2&amp;sn=598e2b39f994f5fbd0d8d17992688c7c&amp;chksm=84e5d644b3925f52f3d2ecf1782af4ff7fa2ddc6f512bef321fe27eaa20c136a615537d17fe1&amp;scene=27#wechat_redirect\",\"source_url\":\"\",\"cover\":\"http:\/\/mmbiz.qpic.cn\/mmbiz_jpg\/KmXPKA19gWicEM8VZxlkYbvl8Ft5asVz0UmdMJ2A3icic2abK24aK2FriaiculHnacpBc4qkNbcibfIVPpVStV9593icQ\/0?wx_fmt=jpeg\",\"author\":\"\",\"copyright_stat\":100,\"del_flag\":1,\"item_show_type\":0,\"audio_fileid\":0,\"duration\":0,\"play_url\":\"\",\"malicious_title_reason_id\":0,\"malicious_content_type\":0},{\"title\":\"来一场冬日技术狂欢！结识AI大咖与深度学习进阶，还有DJ、乐队和脱口秀\",\"digest\":\"12 月 20 日，在北京 798 艺术园区 751 罐，将要举行一场「别开生面」的 AI 开发者活动。\",\"content\":\"\",\"fileid\":0,\"content_url\":\"http:\/\/mp.weixin.qq.com\/s?__biz=MzA3MzI4MjgzMw==&amp;mid=2650804794&amp;idx=3&amp;sn=ee5e3a442e6c09535e81aa34daa84edb&amp;chksm=84e5d644b3925f52543c543d8fe6da39ec0f1fb92300790b402c0fac72ee89db1b9f42c13718&amp;scene=27#wechat_redirect\",\"source_url\":\"http:\/\/gl.51data.com.cn\/future\/summit\/devel_media_login.html\",\"cover\":\"http:\/\/mmbiz.qpic.cn\/mmbiz_jpg\/KmXPKA19gWicEM8VZxlkYbvl8Ft5asVz0NfRlZtXrWdqh5xaUsMG4ELTiciaLhWlP88VnO9cY4bYH6Cf1rjzp5iakg\/0?wx_fmt=jpeg\",\"author\":\"\",\"copyright_stat\":100,\"del_flag\":1,\"item_show_type\":0,\"audio_fileid\":0,\"duration\":0,\"play_url\":\"\",\"malicious_title_reason_id\":0,\"malicious_content_type\":0},{\"title\":\"TensorFlow 2.4来了：上线对分布式训练和混合精度的新功能支持\",\"digest\":\"TensorFlow 2.4 带来了多项新特性和功能改进。\",\"content\":\"\",\"fileid\":503321121,\"content_url\":\"http:\/\/mp.weixin.qq.com\/s?__biz=MzA3MzI4MjgzMw==&amp;mid=2650804794&amp;idx=4&amp;sn=a6202492cf637eefef4e28ee2c5800ea&amp;chksm=84e5d644b3925f52e7d6b9b57c067c9854677e74f9e3348645f6edaea4ea78541745afc2cc2e&amp;scene=27#wechat_redirect\",\"source_url\":\"\",\"cover\":\"http:\/\/mmbiz.qpic.cn\/mmbiz_jpg\/KmXPKA19gWicEM8VZxlkYbvl8Ft5asVz0xoIG8QF1AHTdaqmG7W5ibHb6GQBpRVb1yGbJVkhAnvrJThTqibhPNgWQ\/0?wx_fmt=jpeg\",\"author\":\"\",\"copyright_stat\":100,\"del_flag\":1,\"item_show_type\":0,\"audio_fileid\":0,\"duration\":0,\"play_url\":\"\",\"malicious_title_reason_id\":0,\"malicious_content_type\":0},{\"title\":\"深度学习框架简史：TF和PyTorch双头垄断，未来十年迎来黄金时期\",\"digest\":\"本文作者将深度学习框架的发展历程划分为了石器、青铜、铁器、罗马和工业化时代。\",\"content\":\"\",\"fileid\":503321095,\"content_url\":\"http:\/\/mp.weixin.qq.com\/s?__biz=MzA3MzI4MjgzMw==&amp;mid=2650804794&amp;idx=5&amp;sn=8624a80a7c862589e749d67c23b418b6&amp;chksm=84e5d644b3925f520c12d6f5c18c82c020d008167111aad616aafaf98c5cb8d264f39a807b12&amp;scene=27#wechat_redirect\",\"source_url\":\"\",\"cover\":\"http:\/\/mmbiz.qpic.cn\/mmbiz_jpg\/KmXPKA19gWicEM8VZxlkYbvl8Ft5asVz0v25Ibx4tOGNuGkicnfkTHCcIiauXRqiaZpFwQbFKhZKXljxaZ2x5uMvGw\/0?wx_fmt=jpeg\",\"author\":\"\",\"copyright_stat\":100,\"del_flag\":1,\"item_show_type\":0,\"audio_fileid\":0,\"duration\":0,\"play_url\":\"\",\"malicious_title_reason_id\":0,\"malicious_content_type\":0}],\"author\":\"\",\"copyright_stat\":100,\"duration\":0,\"del_flag\":1,\"item_show_type\":0,\"audio_fileid\":0,\"play_url\":\"\",\"malicious_title_reason_id\":0,\"malicious_content_type\":0}}]}","next_offset":183,"video_count":1,"use_video_tab":1,"real_type":0,"home_page_list":[]}