{"ret":0,"errmsg":"ok","msg_count":10,"can_msg_continue":1,"general_msg_list":"{\"list\":[{\"comm_msg_info\":{\"id\":1000001533,\"type\":49,\"datetime\":1616560470,\"fakeid\":\"3236757533\",\"status\":2,\"content\":\"\"},\"app_msg_ext_info\":{\"title\":\"没想到我提前56年感受了赛博朋克\",\"digest\":\"这可能是国内最硬核的极客大会\",\"content\":\"\",\"fileid\":100088120,\"content_url\":\"http:\/\/mp.weixin.qq.com\/s?__biz=MzIzNjc1NzUzMw==&amp;mid=2247571802&amp;idx=1&amp;sn=a41e8aceccae9a6fbf25e7a52e897fb2&amp;chksm=e8d16e28dfa6e73ee2ca69d97ae14f776b58d8d4e06b369fa64fa81cac2442e4df4f846a33ea&amp;scene=27#wechat_redirect\",\"source_url\":\"\",\"cover\":\"http:\/\/mmbiz.qpic.cn\/mmbiz_jpg\/YicUhk5aAGtDh3dFrUaoJl23PPCPrJhrbjrushyj2hBUJRMCjUx0mF8pNXtDzZpADueYib4EV9yF1zN79u7piaVuw\/0?wx_fmt=jpeg\",\"subtype\":9,\"is_multi\":1,\"multi_app_msg_item_list\":[{\"title\":\"推荐几个出论文的好方向！\",\"digest\":\"资深AI工程师和科学家培养计划\",\"content\":\"\",\"fileid\":100088145,\"content_url\":\"http:\/\/mp.weixin.qq.com\/s?__biz=MzIzNjc1NzUzMw==&amp;mid=2247571802&amp;idx=2&amp;sn=691f3ca0805bc135175e04a919a43aa4&amp;chksm=e8d16e28dfa6e73eaa5f26a8a5942616622e413074f9458bd4a8edf5b510f625e1afea04e9cc&amp;scene=27#wechat_redirect\",\"source_url\":\"https:\/\/uai.greedyai.com\/fwhLoginOP?adPlanId=10&amp;productId=11&amp;source=20210324liangziwei\",\"cover\":\"http:\/\/mmbiz.qpic.cn\/mmbiz_jpg\/YicUhk5aAGtDh3dFrUaoJl23PPCPrJhrbYndKxbtfFmxo4aUbLc4EKWnbODnTviajLCPcZ3K4dU9OEdNia6uY8U4w\/0?wx_fmt=jpeg\",\"author\":\"关注前沿科技\",\"copyright_stat\":100,\"del_flag\":1,\"item_show_type\":0,\"audio_fileid\":0,\"duration\":0,\"play_url\":\"\",\"malicious_title_reason_id\":0,\"malicious_content_type\":0},{\"title\":\"“C语言之父”40年前搞的操作系统复活！Linux、Windows都借鉴过它\",\"digest\":\"贝尔实验室出品\",\"content\":\"\",\"fileid\":0,\"content_url\":\"http:\/\/mp.weixin.qq.com\/s?__biz=MzIzNjc1NzUzMw==&amp;mid=2247571802&amp;idx=3&amp;sn=11893ab245c88aa658d47ac45a70bde3&amp;chksm=e8d16e28dfa6e73e53115c5431525e3bfe9fdd8e90a307d8270ccb5f680b427e63682ecd2f2a&amp;scene=27#wechat_redirect\",\"source_url\":\"\",\"cover\":\"http:\/\/mmbiz.qpic.cn\/mmbiz_jpg\/YicUhk5aAGtDh3dFrUaoJl23PPCPrJhrbum0JAtxDSx7m8zJxPgfuZcju6KEOWZicVq7kabm4t6962O2977wuxmw\/0?wx_fmt=jpeg\",\"author\":\"关注前沿科技\",\"copyright_stat\":100,\"del_flag\":1,\"item_show_type\":0,\"audio_fileid\":0,\"duration\":0,\"play_url\":\"\",\"malicious_title_reason_id\":0,\"malicious_content_type\":0},{\"title\":\"老师吴恩达，身家又增20亿\",\"digest\":\"在线教育平台Coursera准备IPO\",\"content\":\"\",\"fileid\":0,\"content_url\":\"http:\/\/mp.weixin.qq.com\/s?__biz=MzIzNjc1NzUzMw==&amp;mid=2247571802&amp;idx=4&amp;sn=db9c737b6e4ad4b2072131b229802701&amp;chksm=e8d16e28dfa6e73efcd902fbdb0e6366db196c0effcaca98a18565fe792a7c7a85aa9ddcb82b&amp;scene=27#wechat_redirect\",\"source_url\":\"\",\"cover\":\"http:\/\/mmbiz.qpic.cn\/mmbiz_jpg\/YicUhk5aAGtC70em1NppZbNxo6CYvCPPM07cQ6Duq0SSdr5R6zMYZiaCB03akiaAffajxjkvfjeZFUfNXSibq0qCbg\/0?wx_fmt=jpeg\",\"author\":\"关注前沿科技\",\"copyright_stat\":100,\"del_flag\":1,\"item_show_type\":0,\"audio_fileid\":0,\"duration\":0,\"play_url\":\"\",\"malicious_title_reason_id\":0,\"malicious_content_type\":0},{\"title\":\"报名丨图神经网络前沿学术研讨会：清北高校vs企业，9位学者联袂分享\",\"digest\":\"图神经网络前沿学术研讨会暨清华“计算未来”博硕论坛\",\"content\":\"\",\"fileid\":0,\"content_url\":\"http:\/\/mp.weixin.qq.com\/s?__biz=MzIzNjc1NzUzMw==&amp;mid=2247571802&amp;idx=5&amp;sn=fd24d742f26b9277081a6723aab000ac&amp;chksm=e8d16e28dfa6e73eb659096015a5f7113cc3357cb7e620e3ce7360b3794c7dad0216fbf3eb4b&amp;scene=27#wechat_redirect\",\"source_url\":\"https:\/\/hub.baai.ac.cn\/activity\/details\/145\",\"cover\":\"http:\/\/mmbiz.qpic.cn\/mmbiz_jpg\/YicUhk5aAGtC70em1NppZbNxo6CYvCPPMYCtibg8ZBKmHJAZ2tIMZuzOTGKX8QELLK9ydPquGiccG1WOd00xf9sYQ\/0?wx_fmt=jpeg\",\"author\":\"\",\"copyright_stat\":100,\"del_flag\":1,\"item_show_type\":0,\"audio_fileid\":0,\"duration\":0,\"play_url\":\"\",\"malicious_title_reason_id\":0,\"malicious_content_type\":0}],\"author\":\"关注前沿科技\",\"copyright_stat\":100,\"duration\":0,\"del_flag\":1,\"item_show_type\":0,\"audio_fileid\":0,\"play_url\":\"\",\"malicious_title_reason_id\":0,\"malicious_content_type\":0}},{\"comm_msg_info\":{\"id\":1000001532,\"type\":49,\"datetime\":1616499906,\"fakeid\":\"3236757533\",\"status\":2,\"content\":\"\"},\"app_msg_ext_info\":{\"title\":\"显卡暴涨，等等党输了，这我万万没想到啊\",\"digest\":\"N卡A卡，统统都是“空气卡”\",\"content\":\"\",\"fileid\":100087938,\"content_url\":\"http:\/\/mp.weixin.qq.com\/s?__biz=MzIzNjc1NzUzMw==&amp;mid=2247571735&amp;idx=1&amp;sn=892a8d9448c81cbbc29bfc3977747e76&amp;chksm=e8d16e65dfa6e773f2614668311999c55715b4e3b02e457ab6dc0162697635694f5205b3a33f&amp;scene=27#wechat_redirect\",\"source_url\":\"\",\"cover\":\"http:\/\/mmbiz.qpic.cn\/mmbiz_jpg\/YicUhk5aAGtDYib8rPgHSQBvibjZxWVXVicoP5oaefRTScaw1j8XtFIgK1dU1IaWicHll2zwQ7Gn3oC9DaeC16p6dTw\/0?wx_fmt=jpeg\",\"subtype\":9,\"is_multi\":1,\"multi_app_msg_item_list\":[{\"title\":\"11年架构AI技术江湖，李彦宏：1块钱还是100亿，都会投进技术里\",\"digest\":\"AI江湖，powered by Baidu\",\"content\":\"\",\"fileid\":0,\"content_url\":\"http:\/\/mp.weixin.qq.com\/s?__biz=MzIzNjc1NzUzMw==&amp;mid=2247571735&amp;idx=2&amp;sn=e0e5c4f8c89550422f64c6306200485e&amp;chksm=e8d16e65dfa6e773194dc41836f167a24a98cb214aed06c2ec00571a14d076566dd729e214be&amp;scene=27#wechat_redirect\",\"source_url\":\"\",\"cover\":\"http:\/\/mmbiz.qpic.cn\/mmbiz_jpg\/YicUhk5aAGtC70em1NppZbNxo6CYvCPPMRGibNlFuWibLJ8Gt0nAQ07sicby1yLAc6rhGfWebGU7RO9yhnjGbeHK7Q\/0?wx_fmt=jpeg\",\"author\":\"关注前沿科技\",\"copyright_stat\":11,\"del_flag\":1,\"item_show_type\":0,\"audio_fileid\":0,\"duration\":0,\"play_url\":\"\",\"malicious_title_reason_id\":0,\"malicious_content_type\":0},{\"title\":\"冲上热搜的这款国产“阿法狗”，究竟是什么来头？\",\"digest\":\"公司尚未进行过融资\",\"content\":\"\",\"fileid\":100088026,\"content_url\":\"http:\/\/mp.weixin.qq.com\/s?__biz=MzIzNjc1NzUzMw==&amp;mid=2247571735&amp;idx=3&amp;sn=f57d5a3975f981d8f52f0d8d856662a8&amp;chksm=e8d16e65dfa6e7731011da285e222140b8328db1b190dfc1829891d37c0086ef5cc545e3eb47&amp;scene=27#wechat_redirect\",\"source_url\":\"\",\"cover\":\"http:\/\/mmbiz.qpic.cn\/mmbiz_jpg\/YicUhk5aAGtC70em1NppZbNxo6CYvCPPMxqFG1NpfX2zibQRhMiaghAPIeU9w4CvJH79nVkORAWy9WFFslqY1asdA\/0?wx_fmt=jpeg\",\"author\":\"关注前沿科技\",\"copyright_stat\":100,\"del_flag\":1,\"item_show_type\":0,\"audio_fileid\":0,\"duration\":0,\"play_url\":\"\",\"malicious_title_reason_id\":0,\"malicious_content_type\":0},{\"title\":\"提前“剧透”能提高自监督学习性能吗？华为诺亚实验室说：不一定！\",\"digest\":\"当下游数据较少时，效果反而不佳\",\"content\":\"\",\"fileid\":0,\"content_url\":\"http:\/\/mp.weixin.qq.com\/s?__biz=MzIzNjc1NzUzMw==&amp;mid=2247571735&amp;idx=4&amp;sn=50d00e8e7edb755d9ff1eaf36ac46602&amp;chksm=e8d16e65dfa6e773e7381d439cc07d6bcad27643ca9671ec5f780d9db169350553ef18d0e867&amp;scene=27#wechat_redirect\",\"source_url\":\"https:\/\/arxiv.org\/abs\/2103.03568\",\"cover\":\"http:\/\/mmbiz.qpic.cn\/mmbiz_jpg\/YicUhk5aAGtC70em1NppZbNxo6CYvCPPMx8ZToQOjWq2S05Amh9KeOMSdlL6UUpHANgMMYRHqIiaEIicW9CDkVcmQ\/0?wx_fmt=jpeg\",\"author\":\"诺亚方舟实验室\",\"copyright_stat\":101,\"del_flag\":1,\"item_show_type\":0,\"audio_fileid\":0,\"duration\":0,\"play_url\":\"\",\"malicious_title_reason_id\":0,\"malicious_content_type\":0},{\"title\":\"法国电力“Pulse能创未来”大赛邀你参赛，快来赢取丰富奖金和资源支持！\",\"digest\":\"法国电力邀你一起搞创新！一“赛”连中法，“零碳”有通途\",\"content\":\"\",\"fileid\":0,\"content_url\":\"http:\/\/mp.weixin.qq.com\/s?__biz=MzIzNjc1NzUzMw==&amp;mid=2247571735&amp;idx=5&amp;sn=2aff8ed7b7efc76df28bd47c59a29f86&amp;chksm=e8d16e65dfa6e773431211186db3e21e51a6686cf39b6311bdbe627eba6a161887a39573db8a&amp;scene=27#wechat_redirect\",\"source_url\":\"https:\/\/www.huodongxing.com\/event\/3586181368800\",\"cover\":\"http:\/\/mmbiz.qpic.cn\/mmbiz_jpg\/YicUhk5aAGtAR4Rz2PRcavuomlBpu9zWB1a2vEwDCHfOwxPdMtLapwJtjibuNNT6xW8KA9YI3MInbVNZ9aZ9YVZA\/0?wx_fmt=jpeg\",\"author\":\"关注前沿科技\",\"copyright_stat\":100,\"del_flag\":1,\"item_show_type\":0,\"audio_fileid\":0,\"duration\":0,\"play_url\":\"\",\"malicious_title_reason_id\":0,\"malicious_content_type\":0}],\"author\":\"关注前沿科技\",\"copyright_stat\":100,\"duration\":0,\"del_flag\":1,\"item_show_type\":0,\"audio_fileid\":0,\"play_url\":\"\",\"malicious_title_reason_id\":0,\"malicious_content_type\":0}},{\"comm_msg_info\":{\"id\":1000001531,\"type\":49,\"datetime\":1616387499,\"fakeid\":\"3236757533\",\"status\":2,\"content\":\"\"},\"app_msg_ext_info\":{\"title\":\"阿里云盘凭什么敢不限速\",\"digest\":\"“现在不限速，未来也不会限速。”\",\"content\":\"\",\"fileid\":0,\"content_url\":\"http:\/\/mp.weixin.qq.com\/s?__biz=MzIzNjc1NzUzMw==&amp;mid=2247571523&amp;idx=1&amp;sn=4f25a6eadce6d3f5ecbf9c75b937b4cf&amp;chksm=e8d16f31dfa6e62777acd2fa23652c720ac294990caaa4435d304031ef79f424ec330da43bee&amp;scene=27#wechat_redirect\",\"source_url\":\"\",\"cover\":\"http:\/\/mmbiz.qpic.cn\/mmbiz_jpg\/YicUhk5aAGtDYib8rPgHSQBvibjZxWVXVico1esic0AvTgHXCah7H0ic91BCGm8qKmkAv5TJwuXk2J5XABcEqC2TxVHg\/0?wx_fmt=jpeg\",\"subtype\":9,\"is_multi\":1,\"multi_app_msg_item_list\":[{\"title\":\"英特尔找杨笠代言，遭全网吐槽后秒下架，网友：男性女性全都得罪了\",\"digest\":\"英特尔：多元、包容是英特尔文化的重要部分\",\"content\":\"\",\"fileid\":0,\"content_url\":\"http:\/\/mp.weixin.qq.com\/s?__biz=MzIzNjc1NzUzMw==&amp;mid=2247571523&amp;idx=2&amp;sn=5ca9c9684bb995e0c09be76057ee7a7c&amp;chksm=e8d16f31dfa6e62742cd8f446b266e8d73a3e63c85a18f00ad89cdbcaba423509edf34e2ae3a&amp;scene=27#wechat_redirect\",\"source_url\":\"\",\"cover\":\"http:\/\/mmbiz.qpic.cn\/mmbiz_jpg\/YicUhk5aAGtDYib8rPgHSQBvibjZxWVXVicolmDgSPaDqJffhsAFPvEmCkI0lzDY2tDjBfoYQ0ImjWY0EDVRialhYrg\/0?wx_fmt=jpeg\",\"author\":\"关注前沿科技\",\"copyright_stat\":100,\"del_flag\":1,\"item_show_type\":0,\"audio_fileid\":0,\"duration\":0,\"play_url\":\"\",\"malicious_title_reason_id\":0,\"malicious_content_type\":0},{\"title\":\"实时把你的脸变成名画，手机摄像头新玩法\",\"digest\":\"还可以让雕像动起来\",\"content\":\"\",\"fileid\":0,\"content_url\":\"http:\/\/mp.weixin.qq.com\/s?__biz=MzIzNjc1NzUzMw==&amp;mid=2247571523&amp;idx=3&amp;sn=3486e6733aaa957b387c976fa77aa349&amp;chksm=e8d16f31dfa6e627dc3cfac88f40b35a110864d9ed3f5e07937ee66903775dfcc1614802a5d3&amp;scene=27#wechat_redirect\",\"source_url\":\"\",\"cover\":\"http:\/\/mmbiz.qpic.cn\/mmbiz_jpg\/YicUhk5aAGtDYib8rPgHSQBvibjZxWVXVicosxbmy1DKMDX8omlHlhm7wvIJoU4J1gAz5ibPUQLJLHKvbgXxtczTCTQ\/0?wx_fmt=jpeg\",\"author\":\"关注前沿科技\",\"copyright_stat\":100,\"del_flag\":1,\"item_show_type\":0,\"audio_fileid\":0,\"duration\":0,\"play_url\":\"\",\"malicious_title_reason_id\":0,\"malicious_content_type\":0},{\"title\":\"AI前沿：数据智能产品与技术漫谈\",\"digest\":\"数据智能领域的产品与技术实践规律及前沿趋势\",\"content\":\"\",\"fileid\":0,\"content_url\":\"http:\/\/mp.weixin.qq.com\/s?__biz=MzIzNjc1NzUzMw==&amp;mid=2247571523&amp;idx=4&amp;sn=b59d8c2aca9ff0c67f070f30cf81ae9f&amp;chksm=e8d16f31dfa6e62788adf93e46bf7573de25b62a6b16ad5c6bcca815cfaa5fb7b9a745b76f68&amp;scene=27#wechat_redirect\",\"source_url\":\"\",\"cover\":\"http:\/\/mmbiz.qpic.cn\/mmbiz_jpg\/YicUhk5aAGtDYib8rPgHSQBvibjZxWVXVicosugwZHDTSjVsHVVE2k60oPZj4aMjSjKcRXe4fM0HdmGqM16FtOJZvQ\/0?wx_fmt=jpeg\",\"author\":\"关注前沿科技\",\"copyright_stat\":100,\"del_flag\":1,\"item_show_type\":0,\"audio_fileid\":0,\"duration\":0,\"play_url\":\"\",\"malicious_title_reason_id\":0,\"malicious_content_type\":0},{\"title\":\"马斯克首次承认，偷偷用摄像头监控车主\",\"digest\":\"就在最近，马斯克宣布收回了一些车主的FSD beta版的试用权限。原因是在使用该系统时，没有对道路情况给予足够的关注。但同时马斯克也承认，“偷偷”用座舱摄像头监控车主状态。\",\"content\":\"\",\"fileid\":0,\"content_url\":\"http:\/\/mp.weixin.qq.com\/s?__biz=MzIzNjc1NzUzMw==&amp;mid=2247571523&amp;idx=5&amp;sn=96820bb5223d3ac95059e8f0aa18b766&amp;chksm=e8d16f31dfa6e627d2b3d73fb3130a1077a9b95ec72f116a91c5869ea4d33fec1877af94a7ef&amp;scene=27#wechat_redirect\",\"source_url\":\"\",\"cover\":\"http:\/\/mmbiz.qpic.cn\/mmbiz_jpg\/7fokiaaibkadKia3NPtFYn2KyM9xOaHKN7YwVO52gK7qFhMmGPiagES5ApAW3zKuUDwfbQDBmlDZ7VljpYHOYSvs5w\/0?wx_fmt=jpeg\",\"author\":\"\",\"copyright_stat\":101,\"del_flag\":1,\"item_show_type\":0,\"audio_fileid\":0,\"duration\":0,\"play_url\":\"\",\"malicious_title_reason_id\":0,\"malicious_content_type\":0}],\"author\":\"关注前沿科技\",\"copyright_stat\":100,\"duration\":0,\"del_flag\":1,\"item_show_type\":0,\"audio_fileid\":0,\"play_url\":\"\",\"malicious_title_reason_id\":0,\"malicious_content_type\":0}},{\"comm_msg_info\":{\"id\":1000001530,\"type\":49,\"datetime\":1616302231,\"fakeid\":\"3236757533\",\"status\":2,\"content\":\"\"},\"app_msg_ext_info\":{\"title\":\"世界上最难的“沙雕”游戏被AI攻破了\",\"digest\":\"这个魔性跑步游戏，也是“掘地求升”作者成名之作\",\"content\":\"\",\"fileid\":100087324,\"content_url\":\"http:\/\/mp.weixin.qq.com\/s?__biz=MzIzNjc1NzUzMw==&amp;mid=2247571412&amp;idx=1&amp;sn=248cf187e166a82a62c4ce27ffbf664d&amp;chksm=e8d160a6dfa6e9b041b34ef8253a12334ca8071a1fb7679b518df0915bd11b0722aaf700f7bd&amp;scene=27#wechat_redirect\",\"source_url\":\"\",\"cover\":\"http:\/\/mmbiz.qpic.cn\/mmbiz_jpg\/YicUhk5aAGtDZ3Ce5o6MwicdUwlhVDcOnmZZCx8IqvDkxtDkYwfiaQrB6iazPlFgicD9zAK43K6HjCSEjuyKP3SnLFA\/0?wx_fmt=jpeg\",\"subtype\":9,\"is_multi\":1,\"multi_app_msg_item_list\":[{\"title\":\"图片可隐藏zip和mp3文件，只需修改后缀名，这个GitHub项目火了\",\"digest\":\"十几年前的互联网老把戏又火了\",\"content\":\"\",\"fileid\":0,\"content_url\":\"http:\/\/mp.weixin.qq.com\/s?__biz=MzIzNjc1NzUzMw==&amp;mid=2247571412&amp;idx=2&amp;sn=62aae1eab1b09496c685eb89ddf3a72a&amp;chksm=e8d160a6dfa6e9b0cae61ea9b7f0dafd9904801331d111f0febf2200ed3c7c14df981331d151&amp;scene=27#wechat_redirect\",\"source_url\":\"\",\"cover\":\"http:\/\/mmbiz.qpic.cn\/mmbiz_jpg\/YicUhk5aAGtA2DNfGfFUToRfkHfvpnV19fCpJUp5PIibH20S8m6W0nfbngia7E59UOVWJeZrH3SBqQQE3GJzffibcA\/0?wx_fmt=jpeg\",\"author\":\"关注前沿科技\",\"copyright_stat\":100,\"del_flag\":1,\"item_show_type\":0,\"audio_fileid\":0,\"duration\":0,\"play_url\":\"\",\"malicious_title_reason_id\":0,\"malicious_content_type\":0},{\"title\":\"袖口里的“超能力”：Facebook腕带式AR传感器，可隔空打字、操控界面，LeCun点赞\",\"digest\":\"通过神经信号传递信息\",\"content\":\"\",\"fileid\":0,\"content_url\":\"http:\/\/mp.weixin.qq.com\/s?__biz=MzIzNjc1NzUzMw==&amp;mid=2247571412&amp;idx=3&amp;sn=aeeaf2c7d72c3cb26443a3fa69488e04&amp;chksm=e8d160a6dfa6e9b04fce9b24859584ac13b3f5c9e62ab363f0fdd98779240d752eda630f41d2&amp;scene=27#wechat_redirect\",\"source_url\":\"\",\"cover\":\"http:\/\/mmbiz.qpic.cn\/mmbiz_jpg\/YicUhk5aAGtA2DNfGfFUToRfkHfvpnV19e11QV899YhedM3f0gFAf6Kw7RYPQiaUbIWDbOraiauPYPfdeBGY7V0ZQ\/0?wx_fmt=jpeg\",\"author\":\"关注前沿科技\",\"copyright_stat\":100,\"del_flag\":1,\"item_show_type\":0,\"audio_fileid\":0,\"duration\":0,\"play_url\":\"\",\"malicious_title_reason_id\":0,\"malicious_content_type\":0},{\"title\":\"大众还是没被特斯拉打醒\",\"digest\":\"大众首个电池日，大谈特谈电气化转型，以及新平台和统一化电池标准。外界反馈都不错，媒体都用上了“雄心勃勃”这样的形容和评价。但如果围观了发布会全程，依然会有强烈的观感——这家德国传统车企巨头，似乎还没被特斯拉打醒。\",\"content\":\"\",\"fileid\":0,\"content_url\":\"http:\/\/mp.weixin.qq.com\/s?__biz=MzIzNjc1NzUzMw==&amp;mid=2247571412&amp;idx=4&amp;sn=5c6dc1aed6e9701c0e5a8291c4b99e9d&amp;chksm=e8d160a6dfa6e9b046f7335d7e3f55ead585e5603f244efe4e8fbd30b78ec24912eccebce9a6&amp;scene=27#wechat_redirect\",\"source_url\":\"\",\"cover\":\"http:\/\/mmbiz.qpic.cn\/mmbiz_jpg\/7fokiaaibkadLo0ym6QzxFQavNwSZlnynG8Sd8a1YDL1IteqA8m2XiatLJLWeTpwPo7A1WbWT6VUCibazdSXHBVozg\/0?wx_fmt=jpeg\",\"author\":\"\",\"copyright_stat\":101,\"del_flag\":1,\"item_show_type\":0,\"audio_fileid\":0,\"duration\":0,\"play_url\":\"\",\"malicious_title_reason_id\":0,\"malicious_content_type\":0}],\"author\":\"关注前沿科技\",\"copyright_stat\":100,\"duration\":0,\"del_flag\":1,\"item_show_type\":0,\"audio_fileid\":0,\"play_url\":\"\",\"malicious_title_reason_id\":0,\"malicious_content_type\":0}},{\"comm_msg_info\":{\"id\":1000001529,\"type\":49,\"datetime\":1616218946,\"fakeid\":\"3236757533\",\"status\":2,\"content\":\"\"},\"app_msg_ext_info\":{\"title\":\"腾讯副总裁姚星离职创业！一手筹建AI Lab，张潼张正友都曾向他汇报\",\"digest\":\"曾为腾讯招来一箩筐AI大牛\",\"content\":\"\",\"fileid\":100087719,\"content_url\":\"http:\/\/mp.weixin.qq.com\/s?__biz=MzIzNjc1NzUzMw==&amp;mid=2247571372&amp;idx=1&amp;sn=ac678d642277c53a5eca00f7ad664a6d&amp;chksm=e8d160dedfa6e9c89c46837fe10c4f2dc13b8ae5f750ed85f02ec700c2543529cb1a926a16bc&amp;scene=27#wechat_redirect\",\"source_url\":\"\",\"cover\":\"http:\/\/mmbiz.qpic.cn\/mmbiz_jpg\/YicUhk5aAGtCTJDeHf7SibDcEHUudobicrZibH5OjsOgVnOEGgGuqGwibnicqTGfm8Lu6JGxibeM20Oh15O7iaUVBgWXBA\/0?wx_fmt=jpeg\",\"subtype\":9,\"is_multi\":1,\"multi_app_msg_item_list\":[{\"title\":\"马斯克：特斯拉想要在中国发展，不会用车当“间谍”\",\"digest\":\"刚刚，马斯克专们熬夜在大洋彼岸为中国观众做了一场直播！国务院主办的中国发展高层论坛上，马斯克说，考虑办“特斯拉”大学，还强调特斯拉在中国绝不会用车做“间谍”...他还有哪些精彩言论？马斯克全部发言整理在此&gt;&gt;&gt;&gt;\",\"content\":\"\",\"fileid\":0,\"content_url\":\"http:\/\/mp.weixin.qq.com\/s?__biz=MzIzNjc1NzUzMw==&amp;mid=2247571372&amp;idx=2&amp;sn=a0b2b0b52da2d464a1fa514e32e37129&amp;chksm=e8d160dedfa6e9c85e4a7ed28ba9e713e7ebc823c0994705be762f970162b9413870c5618634&amp;scene=27#wechat_redirect\",\"source_url\":\"\",\"cover\":\"http:\/\/mmbiz.qpic.cn\/mmbiz_jpg\/7fokiaaibkadL460IBhmhhiay9QticE2pY4oWib93OB5cnCr5VPGCIqic6HXIOic6ogNvQGvL5ZibiaLSSugJAT8ibJMYOAQ\/0?wx_fmt=jpeg\",\"author\":\"\",\"copyright_stat\":101,\"del_flag\":1,\"item_show_type\":0,\"audio_fileid\":0,\"duration\":0,\"play_url\":\"\",\"malicious_title_reason_id\":0,\"malicious_content_type\":0},{\"title\":\"打开iPhone自拍，就能用虚幻引擎开发3A游戏大作！新应用无门槛创造超逼真游戏角色\",\"digest\":\"直接消灭3D建模师职业\",\"content\":\"\",\"fileid\":100085642,\"content_url\":\"http:\/\/mp.weixin.qq.com\/s?__biz=MzIzNjc1NzUzMw==&amp;mid=2247571372&amp;idx=3&amp;sn=8c927bf22de4017c4efb96cd6fcf0639&amp;chksm=e8d160dedfa6e9c8c26c1dfc7458f962640ceced008debdc5cede366a504cb7d098a4d021141&amp;scene=27#wechat_redirect\",\"source_url\":\"\",\"cover\":\"http:\/\/mmbiz.qpic.cn\/mmbiz_jpg\/YicUhk5aAGtB0fejQa6We4ziaiafebmdI7GwzHn1YU7KYAunia67icuFLHIPF5RT2R8VDCryFnf9sBwDDL994Dv4c5Q\/0?wx_fmt=jpeg\",\"author\":\"关注前沿科技\",\"copyright_stat\":100,\"del_flag\":1,\"item_show_type\":0,\"audio_fileid\":0,\"duration\":0,\"play_url\":\"\",\"malicious_title_reason_id\":0,\"malicious_content_type\":0},{\"title\":\"一键生成各种姿势的火柴人gif：在线录制真人视频即可转换 | 代码开源\",\"digest\":\"单人、多人都能hold住\",\"content\":\"\",\"fileid\":100087663,\"content_url\":\"http:\/\/mp.weixin.qq.com\/s?__biz=MzIzNjc1NzUzMw==&amp;mid=2247571372&amp;idx=4&amp;sn=22e47f8a9f5778d2a209297b90b9412c&amp;chksm=e8d160dedfa6e9c84f3f7e81b843af3ed026cc3d9e4acf10ecf4999612873644a3d1602e7b3f&amp;scene=27#wechat_redirect\",\"source_url\":\"\",\"cover\":\"http:\/\/mmbiz.qpic.cn\/mmbiz_jpg\/YicUhk5aAGtAR4Rz2PRcavuomlBpu9zWBoEDShjm1bSusib6dNcbHmic0vjPZmsHlsxYQFDZ4MRxmZexVVaaPnEsw\/0?wx_fmt=jpeg\",\"author\":\"关注前沿科技\",\"copyright_stat\":100,\"del_flag\":1,\"item_show_type\":0,\"audio_fileid\":0,\"duration\":0,\"play_url\":\"\",\"malicious_title_reason_id\":0,\"malicious_content_type\":0}],\"author\":\"关注前沿科技\",\"copyright_stat\":100,\"duration\":0,\"del_flag\":1,\"item_show_type\":0,\"audio_fileid\":0,\"play_url\":\"\",\"malicious_title_reason_id\":0,\"malicious_content_type\":0}},{\"comm_msg_info\":{\"id\":1000001528,\"type\":49,\"datetime\":1616127177,\"fakeid\":\"3236757533\",\"status\":2,\"content\":\"\"},\"app_msg_ext_info\":{\"title\":\"5亿美金砸向Momenta：上汽丰田博世奔驰齐入股，只因提供智能汽车加速度\",\"digest\":\"腾讯和云锋基金都是股东\",\"content\":\"\",\"fileid\":100087689,\"content_url\":\"http:\/\/mp.weixin.qq.com\/s?__biz=MzIzNjc1NzUzMw==&amp;mid=2247571352&amp;idx=1&amp;sn=61afc2e6ac772b877b706eb62caa248f&amp;chksm=e8d160eadfa6e9fc7588c66dafeb4692d77b055a54e6486315f781e7341e4ff3dc2f14c67e75&amp;scene=27#wechat_redirect\",\"source_url\":\"\",\"cover\":\"http:\/\/mmbiz.qpic.cn\/mmbiz_jpg\/YicUhk5aAGtAyy640ZfcyLjialibMmuoHfVdg5AsZKsZP2NLsF94oky3B6O5FovsFYCGGX19EuvzCHmMmPa7AFRiaQ\/0?wx_fmt=jpeg\",\"subtype\":9,\"is_multi\":1,\"multi_app_msg_item_list\":[{\"title\":\"科学家首次用机械子宫，让哺乳动物胚胎在体外存活6天丨Nature\",\"digest\":\"下一步就是人类\",\"content\":\"\",\"fileid\":0,\"content_url\":\"http:\/\/mp.weixin.qq.com\/s?__biz=MzIzNjc1NzUzMw==&amp;mid=2247571352&amp;idx=2&amp;sn=d38c5d08b11299b2a2f8abf0f264c573&amp;chksm=e8d160eadfa6e9fc6d9958432fb17d9f61b9854c1a95f34493819ff107700ad710fffc659371&amp;scene=27#wechat_redirect\",\"source_url\":\"\",\"cover\":\"http:\/\/mmbiz.qpic.cn\/mmbiz_jpg\/YicUhk5aAGtAR4Rz2PRcavuomlBpu9zWBwnJBKLHnvamU58LYEooZ9cmw1fvABr3g4pt7kCclEKxrMMy0Iibsq8A\/0?wx_fmt=jpeg\",\"author\":\"关注前沿科技\",\"copyright_stat\":100,\"del_flag\":1,\"item_show_type\":0,\"audio_fileid\":0,\"duration\":0,\"play_url\":\"\",\"malicious_title_reason_id\":0,\"malicious_content_type\":0},{\"title\":\"无需向量监督的矢量图生成算法，入选CVPR 2021 | 代码开源\",\"digest\":\"用栅格图像训练模型，重建保真度更高\",\"content\":\"\",\"fileid\":0,\"content_url\":\"http:\/\/mp.weixin.qq.com\/s?__biz=MzIzNjc1NzUzMw==&amp;mid=2247571352&amp;idx=3&amp;sn=2c94af37d93c99c373ad939c95d0840c&amp;chksm=e8d160eadfa6e9fcbf2d201ffd451cf54121027ac4dcfa81dc4e977b7758635dbce56c006762&amp;scene=27#wechat_redirect\",\"source_url\":\"\",\"cover\":\"http:\/\/mmbiz.qpic.cn\/mmbiz_jpg\/YicUhk5aAGtBpQx6XVKJx2o3IO0Oqp39rxZG9g8IbRZN3ZyqmUKsPZc1Q8VDDCOChHHJcibxib6PVPWUGK4b0hv5g\/0?wx_fmt=jpeg\",\"author\":\"关注前沿科技\",\"copyright_stat\":100,\"del_flag\":1,\"item_show_type\":0,\"audio_fileid\":0,\"duration\":0,\"play_url\":\"\",\"malicious_title_reason_id\":0,\"malicious_content_type\":0},{\"title\":\"GitLab成立中国合资公司极狐，强调“独立运营”\",\"digest\":\"目标3-5年国内上市\",\"content\":\"\",\"fileid\":0,\"content_url\":\"http:\/\/mp.weixin.qq.com\/s?__biz=MzIzNjc1NzUzMw==&amp;mid=2247571352&amp;idx=4&amp;sn=cbecbc67d6bf98e5ca9ef58beb7172f2&amp;chksm=e8d160eadfa6e9fcea483d31a2b1650fccf590598d908ef5051fbf98089a518d87219d9f31db&amp;scene=27#wechat_redirect\",\"source_url\":\"\",\"cover\":\"http:\/\/mmbiz.qpic.cn\/mmbiz_jpg\/YicUhk5aAGtAyy640ZfcyLjialibMmuoHfVxKj7m7MpIfvicdXibheC81tplz580q0vvR0B1DGe0M40uOZQP4NYJu3w\/0?wx_fmt=jpeg\",\"author\":\"关注前沿科技\",\"copyright_stat\":100,\"del_flag\":1,\"item_show_type\":0,\"audio_fileid\":0,\"duration\":0,\"play_url\":\"\",\"malicious_title_reason_id\":0,\"malicious_content_type\":0},{\"title\":\"简单点，让论文写作简单点，老牌名校助理教授给出8个建议\",\"digest\":\"告别论文0输出！\",\"content\":\"\",\"fileid\":100087584,\"content_url\":\"http:\/\/mp.weixin.qq.com\/s?__biz=MzIzNjc1NzUzMw==&amp;mid=2247571352&amp;idx=5&amp;sn=81dcbd31ed661f59bda83608fdf765c6&amp;chksm=e8d160eadfa6e9fccbeed81f121fa33c21aea91a1bab052ee453d1df4a5bb6ef9f6538ccffc5&amp;scene=27#wechat_redirect\",\"source_url\":\"\",\"cover\":\"http:\/\/mmbiz.qpic.cn\/mmbiz_jpg\/YicUhk5aAGtAR4Rz2PRcavuomlBpu9zWBFYBeIfHDYhEOgLcPbC4Ny1jBbiaWymeZQicvbgTIKgqbXrMKIuQDImew\/0?wx_fmt=jpeg\",\"author\":\"关注前沿科技\",\"copyright_stat\":100,\"del_flag\":1,\"item_show_type\":0,\"audio_fileid\":0,\"duration\":0,\"play_url\":\"\",\"malicious_title_reason_id\":0,\"malicious_content_type\":0}],\"author\":\"关注前沿科技\",\"copyright_stat\":11,\"duration\":0,\"del_flag\":1,\"item_show_type\":0,\"audio_fileid\":0,\"play_url\":\"\",\"malicious_title_reason_id\":0,\"malicious_content_type\":0}},{\"comm_msg_info\":{\"id\":1000001527,\"type\":49,\"datetime\":1616061764,\"fakeid\":\"3236757533\",\"status\":2,\"content\":\"\"},\"app_msg_ext_info\":{\"title\":\"今年，就没有一款能打的5G旗舰机吗？\",\"digest\":\"新型芯机组合，竟然今年放话5G旗舰不缺货\",\"content\":\"\",\"fileid\":100087636,\"content_url\":\"http:\/\/mp.weixin.qq.com\/s?__biz=MzIzNjc1NzUzMw==&amp;mid=2247571313&amp;idx=1&amp;sn=58d7f946f02455a13ccf27318d575dd8&amp;chksm=e8d16003dfa6e9159819252e2e50c96015a2f929171e5d2e93a376f5fc7ff377bcea44233b34&amp;scene=27#wechat_redirect\",\"source_url\":\"\",\"cover\":\"http:\/\/mmbiz.qpic.cn\/mmbiz_jpg\/YicUhk5aAGtAR4Rz2PRcavuomlBpu9zWBBePwMQRiboo4qDcWzslI6NH1lrFOQpXcY231TDj6V3eyM5qGH2ia2CUA\/0?wx_fmt=jpeg\",\"subtype\":9,\"is_multi\":1,\"multi_app_msg_item_list\":[{\"title\":\"ONNX开发者大会即将召开，百度飞桨与LF AI &amp; Data共同承办\",\"digest\":\"3月25日线上等你~\",\"content\":\"\",\"fileid\":0,\"content_url\":\"http:\/\/mp.weixin.qq.com\/s?__biz=MzIzNjc1NzUzMw==&amp;mid=2247571313&amp;idx=2&amp;sn=97cbcbd9d274a25965bc2823b37897c4&amp;chksm=e8d16003dfa6e915e94b816e0069151d04349625ebe2e9c8cefe144a9fc9c113ee21f2c2950e&amp;scene=27#wechat_redirect\",\"source_url\":\"https:\/\/tinyurl.com\/onnx-march2021-register-here\",\"cover\":\"http:\/\/mmbiz.qpic.cn\/mmbiz_jpg\/YicUhk5aAGtAR4Rz2PRcavuomlBpu9zWB6asGq5l88LJNdQPGicBIaicMtoib49CIc3CvIYibNebOzgYic3pA9cD6DTQ\/0?wx_fmt=jpeg\",\"author\":\"\",\"copyright_stat\":100,\"del_flag\":1,\"item_show_type\":0,\"audio_fileid\":0,\"duration\":0,\"play_url\":\"\",\"malicious_title_reason_id\":0,\"malicious_content_type\":0},{\"title\":\"数学界“诺奖”阿贝尔奖揭晓，颁给数学与计算机交叉学科，奖金约合575万元\",\"digest\":\"表彰他们在理论计算机科学和离散数学方面的贡献\",\"content\":\"\",\"fileid\":0,\"content_url\":\"http:\/\/mp.weixin.qq.com\/s?__biz=MzIzNjc1NzUzMw==&amp;mid=2247571313&amp;idx=3&amp;sn=8645aa6dd4a6845a725188395b0dfdd2&amp;chksm=e8d16003dfa6e915facb8231c6f11f291f59bfdac45c358e0b6b148f07c34461363cd1f04b34&amp;scene=27#wechat_redirect\",\"source_url\":\"\",\"cover\":\"http:\/\/mmbiz.qpic.cn\/mmbiz_jpg\/YicUhk5aAGtAR4Rz2PRcavuomlBpu9zWBteEDkJtCOxic5y4cLET4kwDUYECGAEpExFafY3NaLibhMcZ64wloW8RQ\/0?wx_fmt=jpeg\",\"author\":\"关注前沿科技\",\"copyright_stat\":100,\"del_flag\":1,\"item_show_type\":0,\"audio_fileid\":0,\"duration\":0,\"play_url\":\"\",\"malicious_title_reason_id\":0,\"malicious_content_type\":0},{\"title\":\"与大疆并称双雄、估值近百亿的极飞科技，现在是一家什么公司？\",\"digest\":\"半年刷新农业科技最大笔融资记录\",\"content\":\"\",\"fileid\":100087561,\"content_url\":\"http:\/\/mp.weixin.qq.com\/s?__biz=MzIzNjc1NzUzMw==&amp;mid=2247571313&amp;idx=4&amp;sn=f317bfaa7351747cd4bbc3cf5498ce71&amp;chksm=e8d16003dfa6e915b95c14b193944b1a58696797c9f91c292e79ed4b878abbf724226c155a1b&amp;scene=27#wechat_redirect\",\"source_url\":\"\",\"cover\":\"http:\/\/mmbiz.qpic.cn\/mmbiz_jpg\/YicUhk5aAGtAR4Rz2PRcavuomlBpu9zWBxACqUYiabHnfBa5URxvQI6ibcDNGZ1n2ia0KzuZpLP6MicZNy4pibA5MqEw\/0?wx_fmt=jpeg\",\"author\":\"关注前沿科技\",\"copyright_stat\":100,\"del_flag\":1,\"item_show_type\":0,\"audio_fileid\":0,\"duration\":0,\"play_url\":\"\",\"malicious_title_reason_id\":0,\"malicious_content_type\":0},{\"title\":\"中国初代IOI大魔王成拼多多新任掌门人，追随黄峥创业14年，与王小川并肩改写历史\",\"digest\":\"黄峥：辞任后将聚焦食品科学和生命科学领域\",\"content\":\"\",\"fileid\":0,\"content_url\":\"http:\/\/mp.weixin.qq.com\/s?__biz=MzIzNjc1NzUzMw==&amp;mid=2247571313&amp;idx=5&amp;sn=94e42084d37d53fbe9aa521e8a868f46&amp;chksm=e8d16003dfa6e915a51875fb9275a94c7e84def840dd4f9d05a1a156e317a08caa9aa0ee3422&amp;scene=27#wechat_redirect\",\"source_url\":\"\",\"cover\":\"http:\/\/mmbiz.qpic.cn\/mmbiz_jpg\/YicUhk5aAGtBpQx6XVKJx2o3IO0Oqp39rtNRfTgZVpf2fialHV8Ou1UR4THicYzDOhoiaz7sIxMicqDicja5xOJ8yrkA\/0?wx_fmt=jpeg\",\"author\":\"关注前沿科技\",\"copyright_stat\":100,\"del_flag\":1,\"item_show_type\":0,\"audio_fileid\":0,\"duration\":0,\"play_url\":\"\",\"malicious_title_reason_id\":0,\"malicious_content_type\":0}],\"author\":\"关注前沿科技\",\"copyright_stat\":11,\"duration\":0,\"del_flag\":1,\"item_show_type\":0,\"audio_fileid\":0,\"play_url\":\"\",\"malicious_title_reason_id\":0,\"malicious_content_type\":0}},{\"comm_msg_info\":{\"id\":1000001526,\"type\":49,\"datetime\":1615990108,\"fakeid\":\"3236757533\",\"status\":2,\"content\":\"\"},\"app_msg_ext_info\":{\"title\":\"百度二次上市，三重价值\",\"digest\":\"百度二次上市，将为自己和港股市场带来什么？\",\"content\":\"\",\"fileid\":100087529,\"content_url\":\"http:\/\/mp.weixin.qq.com\/s?__biz=MzIzNjc1NzUzMw==&amp;mid=2247571180&amp;idx=1&amp;sn=22c1ddd665f17ded974f88996b199eae&amp;chksm=e8d1619edfa6e888d46d7eac213e1a5fd8f58febe608a4bc00fe276ce0ca3fc2fbd27b0d7fab&amp;scene=27#wechat_redirect\",\"source_url\":\"\",\"cover\":\"http:\/\/mmbiz.qpic.cn\/mmbiz_jpg\/YicUhk5aAGtBpQx6XVKJx2o3IO0Oqp39rDmMuAJKXRtednGgRH8HgNOdogFrqcHo1wVgft1ALzGmzfCKx2icrZ1A\/0?wx_fmt=jpeg\",\"subtype\":9,\"is_multi\":1,\"multi_app_msg_item_list\":[{\"title\":\"AI能写出靠谱医学报告了，CVPR2021收录 | 腾讯医典出品\",\"digest\":\"结合先验和后验知识生成报告，提高医学报告质量。\",\"content\":\"\",\"fileid\":0,\"content_url\":\"http:\/\/mp.weixin.qq.com\/s?__biz=MzIzNjc1NzUzMw==&amp;mid=2247571180&amp;idx=2&amp;sn=1e588466ff14ce4d1f0fefe68f750038&amp;chksm=e8d1619edfa6e888e45e4f152ed465532b5b433349fd03f465f1c6c74e1046922653bc7c07e3&amp;scene=27#wechat_redirect\",\"source_url\":\"\",\"cover\":\"http:\/\/mmbiz.qpic.cn\/mmbiz_jpg\/YicUhk5aAGtBpQx6XVKJx2o3IO0Oqp39ruibzLibck2ZMLm0soiaia37ZRpjec2EukdyyoiaCUdUZ4Mj2CDEmbx768ibg\/0?wx_fmt=jpeg\",\"author\":\"\",\"copyright_stat\":100,\"del_flag\":1,\"item_show_type\":0,\"audio_fileid\":0,\"duration\":0,\"play_url\":\"\",\"malicious_title_reason_id\":0,\"malicious_content_type\":0},{\"title\":\"拼多多高速冲刺8亿用户新时代 黄峥卸任董事长 探索行业未来十年发展\",\"digest\":\"用户数成为中国电商第一\",\"content\":\"\",\"fileid\":100087508,\"content_url\":\"http:\/\/mp.weixin.qq.com\/s?__biz=MzIzNjc1NzUzMw==&amp;mid=2247571180&amp;idx=3&amp;sn=d51f531924d82f759bd9496e3fc29e14&amp;chksm=e8d1619edfa6e88895e6c76a4945f13b49009b065aeb5eb94553160a434a9f65ad892017b5ab&amp;scene=27#wechat_redirect\",\"source_url\":\"\",\"cover\":\"http:\/\/mmbiz.qpic.cn\/mmbiz_jpg\/YicUhk5aAGtBpQx6XVKJx2o3IO0Oqp39romzFEVgEFAsFGdl0IYw1AgRiczTtLicOg3BcKqT23Z2a8iaHryIqvvXcA\/0?wx_fmt=jpeg\",\"author\":\"关注前沿科技\",\"copyright_stat\":100,\"del_flag\":1,\"item_show_type\":0,\"audio_fileid\":0,\"duration\":0,\"play_url\":\"\",\"malicious_title_reason_id\":0,\"malicious_content_type\":0},{\"title\":\"ImageNet决定给人脸打码，却让哈士奇图片识别率猛增\",\"digest\":\"微软斯坦福均已删除人脸数据集\",\"content\":\"\",\"fileid\":0,\"content_url\":\"http:\/\/mp.weixin.qq.com\/s?__biz=MzIzNjc1NzUzMw==&amp;mid=2247571180&amp;idx=4&amp;sn=409dd579f9d461681ef82e7ad689a7a2&amp;chksm=e8d1619edfa6e888425d543a246bcb62492c896b0e6198e1183b977563b95ccec4abaa6e304a&amp;scene=27#wechat_redirect\",\"source_url\":\"\",\"cover\":\"http:\/\/mmbiz.qpic.cn\/mmbiz_jpg\/YicUhk5aAGtBpQx6XVKJx2o3IO0Oqp39rSXOqcFa0wrAhU5jk551YiawRFVQyRW7vbrQucKq6w5FGZ4SBh5DhX7w\/0?wx_fmt=jpeg\",\"author\":\"关注前沿科技\",\"copyright_stat\":100,\"del_flag\":1,\"item_show_type\":0,\"audio_fileid\":0,\"duration\":0,\"play_url\":\"\",\"malicious_title_reason_id\":0,\"malicious_content_type\":0},{\"title\":\"3060挖矿效率封印解除，竟是老黄自己干的\",\"digest\":\"等等党又输麻了\",\"content\":\"\",\"fileid\":100087373,\"content_url\":\"http:\/\/mp.weixin.qq.com\/s?__biz=MzIzNjc1NzUzMw==&amp;mid=2247571180&amp;idx=5&amp;sn=731b9a1b5ed59c9d57cb3fe1e2fc3258&amp;chksm=e8d1619edfa6e8887201e92be0b756669f05e2b53e5dbbedbb19a1d69d268c4d05355acec982&amp;scene=27#wechat_redirect\",\"source_url\":\"\",\"cover\":\"http:\/\/mmbiz.qpic.cn\/mmbiz_jpg\/YicUhk5aAGtBpQx6XVKJx2o3IO0Oqp39rDwnzU0gySblWQOJ3t0lOA3QbqO0LZ1A8S2XliaeW3sibemCcWUiagNibDQ\/0?wx_fmt=jpeg\",\"author\":\"关注前沿科技\",\"copyright_stat\":100,\"del_flag\":1,\"item_show_type\":0,\"audio_fileid\":0,\"duration\":0,\"play_url\":\"\",\"malicious_title_reason_id\":0,\"malicious_content_type\":0},{\"title\":\"CCF C³活动第二期主题“智能家居”，与CTO聚首小米科技园！\",\"digest\":\"CCF CTO Club 第二期来啦\",\"content\":\"\",\"fileid\":100087362,\"content_url\":\"http:\/\/mp.weixin.qq.com\/s?__biz=MzIzNjc1NzUzMw==&amp;mid=2247571180&amp;idx=6&amp;sn=b4c49db8096d22dc07bc0caec401b742&amp;chksm=e8d1619edfa6e8882a23717977bf55fdad107b0f26f43c78025b003b60f89ab1480e4cf7f730&amp;scene=27#wechat_redirect\",\"source_url\":\"https:\/\/conf.ccf.org.cn\/web\/html4\/index.html?globalId=m8173843686821765121614921219761&amp;type=1\",\"cover\":\"http:\/\/mmbiz.qpic.cn\/mmbiz_jpg\/YicUhk5aAGtBpQx6XVKJx2o3IO0Oqp39r1m4jgcTiafLhnEXoIEQt1Y5UgVTgtnOic3GsMSB2eI8hlFuhyuZOXKqg\/0?wx_fmt=jpeg\",\"author\":\"\",\"copyright_stat\":100,\"del_flag\":1,\"item_show_type\":0,\"audio_fileid\":0,\"duration\":0,\"play_url\":\"\",\"malicious_title_reason_id\":0,\"malicious_content_type\":0}],\"author\":\"关注前沿科技\",\"copyright_stat\":11,\"duration\":0,\"del_flag\":1,\"item_show_type\":0,\"audio_fileid\":0,\"play_url\":\"\",\"malicious_title_reason_id\":0,\"malicious_content_type\":0}},{\"comm_msg_info\":{\"id\":1000001525,\"type\":49,\"datetime\":1615869108,\"fakeid\":\"3236757533\",\"status\":2,\"content\":\"\"},\"app_msg_ext_info\":{\"title\":\"全球最大的公开人脸数据集 | 清华大学&amp;芯翌科技联合发布\",\"digest\":\"400万人脸ID、2.6亿张图片，相关研究入选CVPR 2021\",\"content\":\"\",\"fileid\":100087237,\"content_url\":\"http:\/\/mp.weixin.qq.com\/s?__biz=MzIzNjc1NzUzMw==&amp;mid=2247570949&amp;idx=1&amp;sn=c38ab702b863dddbcca7e5ec3b99e9b8&amp;chksm=e8d16177dfa6e861851f9ff9e3d5296f73056501e6eedb76cdc34250e2c60dffc07e623cf2ca&amp;scene=27#wechat_redirect\",\"source_url\":\"\",\"cover\":\"http:\/\/mmbiz.qpic.cn\/mmbiz_jpg\/YicUhk5aAGtC8cHDKxdbIwPKD1hVryhKQGXiaPN9icNuy2ggbWF86CZKAX3XlIFjdvsIebkHIrabTfWUUXIIrJZpw\/0?wx_fmt=jpeg\",\"subtype\":9,\"is_multi\":1,\"multi_app_msg_item_list\":[{\"title\":\"GTA 5祖传「屎山」代码终于修复！R星认可黑客方案，还给他发了1万美元奖金\",\"digest\":\"拉脱维亚神秘黑客出手~\",\"content\":\"\",\"fileid\":100087297,\"content_url\":\"http:\/\/mp.weixin.qq.com\/s?__biz=MzIzNjc1NzUzMw==&amp;mid=2247570949&amp;idx=2&amp;sn=047e6354fa04d852519309eb732e6a38&amp;chksm=e8d16177dfa6e861a772a4af25e941764305f90d569f2f156be8255c0763c662cffeac34f728&amp;scene=27#wechat_redirect\",\"source_url\":\"\",\"cover\":\"http:\/\/mmbiz.qpic.cn\/mmbiz_jpg\/YicUhk5aAGtDZ3Ce5o6MwicdUwlhVDcOnm4YR374yicIosdcz1vMBCRdQ6Oew8B2aF6ic3VicSfrPp3Op4GzoOn40mg\/0?wx_fmt=jpeg\",\"author\":\"关注前沿科技\",\"copyright_stat\":100,\"del_flag\":1,\"item_show_type\":0,\"audio_fileid\":0,\"duration\":0,\"play_url\":\"\",\"malicious_title_reason_id\":0,\"malicious_content_type\":0},{\"title\":\"只用静态图像，就能实时渲染出丝滑3D效果 | CVPR 2021 Oral\",\"digest\":\"渲染速度提升3个数量级\",\"content\":\"\",\"fileid\":0,\"content_url\":\"http:\/\/mp.weixin.qq.com\/s?__biz=MzIzNjc1NzUzMw==&amp;mid=2247570949&amp;idx=3&amp;sn=942688a7956b0b8c9c842e2cdaf2a53d&amp;chksm=e8d16177dfa6e8613ee165538d46c3562d7707b8ea202553e9cee3b450ac1edf75522b5de595&amp;scene=27#wechat_redirect\",\"source_url\":\"\",\"cover\":\"http:\/\/mmbiz.qpic.cn\/mmbiz_jpg\/YicUhk5aAGtDJ8Xqiam8qgLUpZCf2DvcQgLytVibWmdqKE5gwNFIvJvgJARf9iaFBnenib8D3bRfNicCfzE1AhEHlreg\/0?wx_fmt=jpeg\",\"author\":\"关注前沿科技\",\"copyright_stat\":100,\"del_flag\":1,\"item_show_type\":0,\"audio_fileid\":0,\"duration\":0,\"play_url\":\"\",\"malicious_title_reason_id\":0,\"malicious_content_type\":0},{\"title\":\"废旧笔记本屏幕不要扔，不到200元就能DIY成便携显示器\",\"digest\":\"手残也能学会\",\"content\":\"\",\"fileid\":0,\"content_url\":\"http:\/\/mp.weixin.qq.com\/s?__biz=MzIzNjc1NzUzMw==&amp;mid=2247570949&amp;idx=4&amp;sn=271ce6852dc8926f6ffde8ee76976697&amp;chksm=e8d16177dfa6e86148c151b28c4ac6b59169197871e0a9ced1cc19e0f6009ac275395e06d81e&amp;scene=27#wechat_redirect\",\"source_url\":\"\",\"cover\":\"http:\/\/mmbiz.qpic.cn\/mmbiz_jpg\/YicUhk5aAGtC8cHDKxdbIwPKD1hVryhKQD9O8pAnVHZh5CrsBZelKVEO8oOLc7rDA4LnYGBY8zny2QSjv253icPw\/0?wx_fmt=jpeg\",\"author\":\"关注前沿科技\",\"copyright_stat\":100,\"del_flag\":1,\"item_show_type\":0,\"audio_fileid\":0,\"duration\":0,\"play_url\":\"\",\"malicious_title_reason_id\":0,\"malicious_content_type\":0},{\"title\":\"让GAN随音乐律动的Python工具，网友：这是我见过的GAN的最佳用法 | reddit高赞\",\"digest\":\"几行代码就能实现，还支持自定义效果\",\"content\":\"\",\"fileid\":0,\"content_url\":\"http:\/\/mp.weixin.qq.com\/s?__biz=MzIzNjc1NzUzMw==&amp;mid=2247570949&amp;idx=5&amp;sn=40a27549669bb6ee70acc3d44cc0c160&amp;chksm=e8d16177dfa6e861d913d81ab7c94032822adf8286adab04db376f38af313dc008c9f430823f&amp;scene=27#wechat_redirect\",\"source_url\":\"\",\"cover\":\"http:\/\/mmbiz.qpic.cn\/mmbiz_jpg\/YicUhk5aAGtC8cHDKxdbIwPKD1hVryhKQDXIpnsmr98Spg979Rc7Oib0a0BfqFibGgZtJibNsOic75vYSRaOBBN4Libg\/0?wx_fmt=jpeg\",\"author\":\"关注前沿科技\",\"copyright_stat\":100,\"del_flag\":1,\"item_show_type\":0,\"audio_fileid\":0,\"duration\":0,\"play_url\":\"\",\"malicious_title_reason_id\":0,\"malicious_content_type\":0}],\"author\":\"关注前沿科技\",\"copyright_stat\":11,\"duration\":0,\"del_flag\":1,\"item_show_type\":0,\"audio_fileid\":0,\"play_url\":\"\",\"malicious_title_reason_id\":0,\"malicious_content_type\":0}},{\"comm_msg_info\":{\"id\":1000001524,\"type\":49,\"datetime\":1615783899,\"fakeid\":\"3236757533\",\"status\":2,\"content\":\"\"},\"app_msg_ext_info\":{\"title\":\"让猛男害羞的AI特效，女友们纷纷笑成了开水壶；李逵、关羽：这是我？？？\",\"digest\":\"“这辈子别想刮胡子了”\",\"content\":\"\",\"fileid\":100087215,\"content_url\":\"http:\/\/mp.weixin.qq.com\/s?__biz=MzIzNjc1NzUzMw==&amp;mid=2247570866&amp;idx=1&amp;sn=6cfbfdc167d5a3d1f4b44366aa422c9e&amp;chksm=e8d162c0dfa6ebd6003528ce5649ae44b3d61c1863af508fc2ad03bdb6a33ef3c08cb03ae52d&amp;scene=27#wechat_redirect\",\"source_url\":\"\",\"cover\":\"http:\/\/mmbiz.qpic.cn\/mmbiz_jpg\/YicUhk5aAGtC8cHDKxdbIwPKD1hVryhKQZlmdCiawq4GhVX9eGlqyEdeTfOvZ1ZrxuLIZvQicKusHMFTKojr3icAXA\/0?wx_fmt=jpeg\",\"subtype\":9,\"is_multi\":1,\"multi_app_msg_item_list\":[{\"title\":\"15万摄像头遭入侵，特斯拉上海仓库也中枪，只因管理员密码就发在网上\",\"digest\":\"还是4K高清的\",\"content\":\"\",\"fileid\":0,\"content_url\":\"http:\/\/mp.weixin.qq.com\/s?__biz=MzIzNjc1NzUzMw==&amp;mid=2247570866&amp;idx=2&amp;sn=0f01304a5ec6c38c7d87a2a1ce4b25f8&amp;chksm=e8d162c0dfa6ebd6a534c7b1503b4c5873893b75da60d7e78da6c997866d094e873e931711e2&amp;scene=27#wechat_redirect\",\"source_url\":\"\",\"cover\":\"http:\/\/mmbiz.qpic.cn\/mmbiz_jpg\/YicUhk5aAGtBq3tU4niboEr48Mjmdecb1zLKVWzqz39DJUcmVm7oRiaZumNVkY0eblXicHu1ZpmPHcfxjgcxHgAEhw\/0?wx_fmt=jpeg\",\"author\":\"关注前沿科技\",\"copyright_stat\":100,\"del_flag\":1,\"item_show_type\":0,\"audio_fileid\":0,\"duration\":0,\"play_url\":\"\",\"malicious_title_reason_id\":0,\"malicious_content_type\":0},{\"title\":\"涂鸦智能冲刺IPO，不卖硬件的AIoT公司，团队阿里云出身，腾讯是大股东\",\"digest\":\"3月19日在纽交所挂牌\",\"content\":\"\",\"fileid\":100087169,\"content_url\":\"http:\/\/mp.weixin.qq.com\/s?__biz=MzIzNjc1NzUzMw==&amp;mid=2247570866&amp;idx=3&amp;sn=812b088683cacf7ab4042d2ff955927d&amp;chksm=e8d162c0dfa6ebd6f7fdfe65e17689bc7795e78db45a28c99944b390672de07d2b3e5f73a3e3&amp;scene=27#wechat_redirect\",\"source_url\":\"\",\"cover\":\"http:\/\/mmbiz.qpic.cn\/mmbiz_jpg\/YicUhk5aAGtC8cHDKxdbIwPKD1hVryhKQicmGaS89LJLCvdicWbP3FMTM18l6ERd26qjBlrGAx66pzrjGWP8FmPLQ\/0?wx_fmt=jpeg\",\"author\":\"关注前沿科技\",\"copyright_stat\":100,\"del_flag\":1,\"item_show_type\":0,\"audio_fileid\":0,\"duration\":0,\"play_url\":\"\",\"malicious_title_reason_id\":0,\"malicious_content_type\":0},{\"title\":\"这款库克寄予厚望的苹果产品，只活了2年\",\"digest\":\"苹果智能音箱「不配拥有姓名」\",\"content\":\"\",\"fileid\":100087182,\"content_url\":\"http:\/\/mp.weixin.qq.com\/s?__biz=MzIzNjc1NzUzMw==&amp;mid=2247570866&amp;idx=4&amp;sn=a0e7e2723943df4d3134370c8979194a&amp;chksm=e8d162c0dfa6ebd68ccc78c950f164cab0dfbd100b65a0d199c0546e8620317dccd4c6c3e44b&amp;scene=27#wechat_redirect\",\"source_url\":\"\",\"cover\":\"http:\/\/mmbiz.qpic.cn\/mmbiz_jpg\/YicUhk5aAGtC8cHDKxdbIwPKD1hVryhKQcXicPAfO9iawDbGPhxibK98rF0tKCBCQFouXralSzPYOdNhjgNC1nhwjA\/0?wx_fmt=jpeg\",\"author\":\"关注前沿科技\",\"copyright_stat\":100,\"del_flag\":1,\"item_show_type\":0,\"audio_fileid\":0,\"duration\":0,\"play_url\":\"\",\"malicious_title_reason_id\":0,\"malicious_content_type\":0},{\"title\":\"谷歌翻译大型翻车现场：请服用“反坦克导弹”来缓解疼痛，UCLA：医生们要注意了\",\"digest\":\"谷歌翻译仍不足以用于医疗指导\",\"content\":\"\",\"fileid\":100086747,\"content_url\":\"http:\/\/mp.weixin.qq.com\/s?__biz=MzIzNjc1NzUzMw==&amp;mid=2247570866&amp;idx=5&amp;sn=94c51f9e787d080b09302222a4fac6f3&amp;chksm=e8d162c0dfa6ebd6643aa221a88d3b7b7a3d88e74556f3a7cd081b9721033c8b9dfd8b2fe58f&amp;scene=27#wechat_redirect\",\"source_url\":\"\",\"cover\":\"http:\/\/mmbiz.qpic.cn\/mmbiz_jpg\/YicUhk5aAGtBq3tU4niboEr48Mjmdecb1zUaibBjGx20ibr5JqP5l7e9T5uHpDlVFFk3L9kqKQibFF6ZctibJ5gaianiaA\/0?wx_fmt=jpeg\",\"author\":\"关注前沿科技\",\"copyright_stat\":100,\"del_flag\":1,\"item_show_type\":0,\"audio_fileid\":0,\"duration\":0,\"play_url\":\"\",\"malicious_title_reason_id\":0,\"malicious_content_type\":0}],\"author\":\"关注前沿科技\",\"copyright_stat\":11,\"duration\":0,\"del_flag\":1,\"item_show_type\":0,\"audio_fileid\":0,\"play_url\":\"\",\"malicious_title_reason_id\":0,\"malicious_content_type\":0}}]}","next_offset":90,"video_count":1,"use_video_tab":1,"real_type":0,"home_page_list":[]}