{"ret":0,"errmsg":"ok","msg_count":10,"can_msg_continue":1,"general_msg_list":"{\"list\":[{\"comm_msg_info\":{\"id\":1000001513,\"type\":49,\"datetime\":1614832824,\"fakeid\":\"3236757533\",\"status\":2,\"content\":\"\"},\"app_msg_ext_info\":{\"title\":\"马斯克只高兴了8分钟：星舰10号历史性成功着陆，却突然原地爆炸\",\"digest\":\"一个好消息，一个坏消息\",\"content\":\"\",\"fileid\":100086239,\"content_url\":\"http:\/\/mp.weixin.qq.com\/s?__biz=MzIzNjc1NzUzMw==&amp;mid=2247569892&amp;idx=1&amp;sn=c9caa1a0d9760d1d723fccfa26fa989e&amp;chksm=e8d16696dfa6ef80d98527b86e4a909d11070c671091c728fe94685e6a0b6018c730f4f362e7&amp;scene=27#wechat_redirect\",\"source_url\":\"\",\"cover\":\"http:\/\/mmbiz.qpic.cn\/mmbiz_jpg\/YicUhk5aAGtBqQwJfBckssr0UPPV3Ha62IwUxnicnBaaV3zLWk7KFmUJP7UDGzX2iaxWlolWnfhXNMX4WaX8oI9kQ\/0?wx_fmt=jpeg\",\"subtype\":9,\"is_multi\":1,\"multi_app_msg_item_list\":[{\"title\":\"浙大机器鱼登Nature封面！22cm身段，探索地球最深海沟\",\"digest\":\"相当于指尖承压1吨重量\",\"content\":\"\",\"fileid\":0,\"content_url\":\"http:\/\/mp.weixin.qq.com\/s?__biz=MzIzNjc1NzUzMw==&amp;mid=2247569892&amp;idx=2&amp;sn=abfe2b6d0cf7ec77e74146feb516f20e&amp;chksm=e8d16696dfa6ef804367c9d7cb30349096e875259d093ab60a7937abf208c74f67ff3d52cd25&amp;scene=27#wechat_redirect\",\"source_url\":\"\",\"cover\":\"http:\/\/mmbiz.qpic.cn\/mmbiz_jpg\/YicUhk5aAGtBqQwJfBckssr0UPPV3Ha626X28No5wictiaHLs0tmfub0yTo5nbbKxrteoLMSfDPfN2Y0df9YM6Djg\/0?wx_fmt=jpeg\",\"author\":\"关注前沿科技\",\"copyright_stat\":100,\"del_flag\":1,\"item_show_type\":0,\"audio_fileid\":0,\"duration\":0,\"play_url\":\"\",\"malicious_title_reason_id\":0,\"malicious_content_type\":0},{\"title\":\"鹅厂机器狗，站起来了！\",\"digest\":\"后空翻、旋转、跳跃，也通通不在话下~\",\"content\":\"\",\"fileid\":100086180,\"content_url\":\"http:\/\/mp.weixin.qq.com\/s?__biz=MzIzNjc1NzUzMw==&amp;mid=2247569892&amp;idx=3&amp;sn=f50acbd23a5af73218e7c40d313dbb5c&amp;chksm=e8d16696dfa6ef8035763b71ee5427233d3de520b9eda33b18def0b04aef157fdd25e03faef1&amp;scene=27#wechat_redirect\",\"source_url\":\"\",\"cover\":\"http:\/\/mmbiz.qpic.cn\/mmbiz_jpg\/YicUhk5aAGtBluIPovayhSuCYerlYvHyWQslF1iaGK1EM0E5IgaonN7660oicwPu5j7wO02AEyV9QaWJ3sw7LJSeg\/0?wx_fmt=jpeg\",\"author\":\"关注前沿科技\",\"copyright_stat\":100,\"del_flag\":1,\"item_show_type\":0,\"audio_fileid\":0,\"duration\":0,\"play_url\":\"\",\"malicious_title_reason_id\":0,\"malicious_content_type\":0},{\"title\":\"输入文本直接生成流程图，这个极简工具火了，在线可玩\",\"digest\":\"够快够简单\",\"content\":\"\",\"fileid\":100086004,\"content_url\":\"http:\/\/mp.weixin.qq.com\/s?__biz=MzIzNjc1NzUzMw==&amp;mid=2247569892&amp;idx=4&amp;sn=002c724064ea2cda1a9f82a903b500ee&amp;chksm=e8d16696dfa6ef80520e08831ee667a14c983abc9c904b73070eb3fc67b722812440f3ce58a2&amp;scene=27#wechat_redirect\",\"source_url\":\"\",\"cover\":\"http:\/\/mmbiz.qpic.cn\/mmbiz_jpg\/YicUhk5aAGtBluIPovayhSuCYerlYvHyWbaUDH97qRrbgRxzCjqqlCz952pzm8iaaJLCttTR0E0wTHcjyPQr6J3w\/0?wx_fmt=jpeg\",\"author\":\"关注前沿科技\",\"copyright_stat\":100,\"del_flag\":1,\"item_show_type\":0,\"audio_fileid\":0,\"duration\":0,\"play_url\":\"\",\"malicious_title_reason_id\":0,\"malicious_content_type\":0},{\"title\":\"Python实现“鸟脸识别”系统，看看什么鸟最贪吃～ 初学者也能学会\",\"digest\":\"已开源\",\"content\":\"\",\"fileid\":0,\"content_url\":\"http:\/\/mp.weixin.qq.com\/s?__biz=MzIzNjc1NzUzMw==&amp;mid=2247569892&amp;idx=5&amp;sn=24e8499f82bb70d911ac990aebf3bce2&amp;chksm=e8d16696dfa6ef80b95386eb53f3956e0c06d1eb8c430927f78ab74c7d09e4b0943eea75ffcb&amp;scene=27#wechat_redirect\",\"source_url\":\"\",\"cover\":\"http:\/\/mmbiz.qpic.cn\/mmbiz_jpg\/YicUhk5aAGtA4hBDQAgE94FA29YYM0nXXdZA6zx7BEWicfpoP7YcGRDoEuVJqicL8najoU3Dj38ZibcNkaAYNLJ6AA\/0?wx_fmt=jpeg\",\"author\":\"关注前沿科技\",\"copyright_stat\":100,\"del_flag\":1,\"item_show_type\":0,\"audio_fileid\":0,\"duration\":0,\"play_url\":\"\",\"malicious_title_reason_id\":0,\"malicious_content_type\":0}],\"author\":\"关注前沿科技\",\"copyright_stat\":100,\"duration\":0,\"del_flag\":1,\"item_show_type\":0,\"audio_fileid\":0,\"play_url\":\"\",\"malicious_title_reason_id\":0,\"malicious_content_type\":0}},{\"comm_msg_info\":{\"id\":1000001512,\"type\":49,\"datetime\":1614748575,\"fakeid\":\"3236757533\",\"status\":2,\"content\":\"\"},\"app_msg_ext_info\":{\"title\":\"他入狱10年自学数学，如今凭借手稿发了篇论文，被同行评价“足以开辟数论新领域”\",\"digest\":\"出狱后他想要考研\",\"content\":\"\",\"fileid\":0,\"content_url\":\"http:\/\/mp.weixin.qq.com\/s?__biz=MzIzNjc1NzUzMw==&amp;mid=2247569796&amp;idx=1&amp;sn=46c6b83b63ad698a17131e0de96e127b&amp;chksm=e8d166f6dfa6efe0427c9add3f0a509f68be1be65dec576cfc8e1f01fc519d7f75a57a5832b7&amp;scene=27#wechat_redirect\",\"source_url\":\"\",\"cover\":\"http:\/\/mmbiz.qpic.cn\/mmbiz_jpg\/YicUhk5aAGtBluIPovayhSuCYerlYvHyWmTtozmFNPJmJJibLTicSAFHh4jS3bHSr9UECbAvj3CB4ZlGwAm2ibuHzg\/0?wx_fmt=jpeg\",\"subtype\":9,\"is_multi\":1,\"multi_app_msg_item_list\":[{\"title\":\"专利实力论互联网巨头造车：中美格局初定，百度苹果跨洋辉映\",\"digest\":\"“综合实力的冰山一角”\",\"content\":\"\",\"fileid\":0,\"content_url\":\"http:\/\/mp.weixin.qq.com\/s?__biz=MzIzNjc1NzUzMw==&amp;mid=2247569796&amp;idx=2&amp;sn=db3ba5d44d8f108c5e5856b095d299f1&amp;chksm=e8d166f6dfa6efe0e6d3fa28d2993311339b9d807e57cc4221bfd982e802c149bb1fb0b5b115&amp;scene=27#wechat_redirect\",\"source_url\":\"\",\"cover\":\"http:\/\/mmbiz.qpic.cn\/mmbiz_jpg\/YicUhk5aAGtA4hBDQAgE94FA29YYM0nXXNT2YY25QpmnmQx6aMdVqdDYiaicGZHMKNfGlcK44I1CDOLOGyaXkzlyg\/0?wx_fmt=jpeg\",\"author\":\"关注前沿科技\",\"copyright_stat\":100,\"del_flag\":1,\"item_show_type\":0,\"audio_fileid\":0,\"duration\":0,\"play_url\":\"\",\"malicious_title_reason_id\":0,\"malicious_content_type\":0},{\"title\":\"文远知行核武器曝光：无人车量产都靠它\",\"digest\":\"WeRide Master Platform\",\"content\":\"\",\"fileid\":100086074,\"content_url\":\"http:\/\/mp.weixin.qq.com\/s?__biz=MzIzNjc1NzUzMw==&amp;mid=2247569796&amp;idx=3&amp;sn=2071050b94a64a61c3d953779efc8591&amp;chksm=e8d166f6dfa6efe0a8607ecc793cebf3a01ccacc102adf0c0bd80c1c43419b148f16f398b19b&amp;scene=27#wechat_redirect\",\"source_url\":\"\",\"cover\":\"http:\/\/mmbiz.qpic.cn\/mmbiz_jpg\/YicUhk5aAGtBluIPovayhSuCYerlYvHyWBAwa3teWVicp3bETNAtpEgrK3T8TD75ia5aDsBDOBVOYpOqoSmoWgmAw\/0?wx_fmt=jpeg\",\"author\":\"关注前沿科技\",\"copyright_stat\":100,\"del_flag\":1,\"item_show_type\":0,\"audio_fileid\":0,\"duration\":0,\"play_url\":\"\",\"malicious_title_reason_id\":0,\"malicious_content_type\":0},{\"title\":\"7999元大疆最新无人机，支持第一人称视角极速拍摄，网友：不是航拍，是直接起飞\",\"digest\":\"单手就能操控\",\"content\":\"\",\"fileid\":100086140,\"content_url\":\"http:\/\/mp.weixin.qq.com\/s?__biz=MzIzNjc1NzUzMw==&amp;mid=2247569796&amp;idx=4&amp;sn=103d5532c2be2a0f610f09788ebc36c7&amp;chksm=e8d166f6dfa6efe0b4791cd683aedb631fd35cd7a4a4c9fb7f9a7a038cc4b91d21ad54563b2d&amp;scene=27#wechat_redirect\",\"source_url\":\"\",\"cover\":\"http:\/\/mmbiz.qpic.cn\/mmbiz_jpg\/YicUhk5aAGtBluIPovayhSuCYerlYvHyWrZqZt3YMBg92HB3Ik71icOic1CuMYP1pgCYCID0dgt3crya4iajmA8exg\/0?wx_fmt=jpeg\",\"author\":\"关注前沿科技\",\"copyright_stat\":100,\"del_flag\":1,\"item_show_type\":0,\"audio_fileid\":0,\"duration\":0,\"play_url\":\"\",\"malicious_title_reason_id\":0,\"malicious_content_type\":0},{\"title\":\"英特尔芯片专利官司败诉，判罚140亿，半个季度白干了...\",\"digest\":\"英特尔律师直言，这次碰上“专利碰瓷”\",\"content\":\"\",\"fileid\":0,\"content_url\":\"http:\/\/mp.weixin.qq.com\/s?__biz=MzIzNjc1NzUzMw==&amp;mid=2247569796&amp;idx=5&amp;sn=87f39d0b496d71f3b591d77eae86f023&amp;chksm=e8d166f6dfa6efe08b3230a6abfa0d9e4bf0d926c39d09e21fe391e41bc5494da7a28c44bff1&amp;scene=27#wechat_redirect\",\"source_url\":\"\",\"cover\":\"http:\/\/mmbiz.qpic.cn\/mmbiz_jpg\/YicUhk5aAGtBluIPovayhSuCYerlYvHyWibXxW9ic2NYLqTUEryqyEsIFt5hvlFFc9ZRb4rX6c1icEPJlxiaCtxmcrQ\/0?wx_fmt=jpeg\",\"author\":\"关注前沿科技\",\"copyright_stat\":11,\"del_flag\":1,\"item_show_type\":0,\"audio_fileid\":0,\"duration\":0,\"play_url\":\"\",\"malicious_title_reason_id\":0,\"malicious_content_type\":0},{\"title\":\"全球首次！AI研制新药物仅需18个月，李开复梁颕宇：AI医疗已突破，但只打1分\",\"digest\":\"比AlphaFold更加完整\",\"content\":\"\",\"fileid\":0,\"content_url\":\"http:\/\/mp.weixin.qq.com\/s?__biz=MzIzNjc1NzUzMw==&amp;mid=2247569796&amp;idx=6&amp;sn=3294e68389556049ad6be2a3cfe62530&amp;chksm=e8d166f6dfa6efe02040925e92d6dd2f44abfe7975e2517514ff2e88bf6b120b8661f17b1cdb&amp;scene=27#wechat_redirect\",\"source_url\":\"\",\"cover\":\"http:\/\/mmbiz.qpic.cn\/mmbiz_jpg\/YicUhk5aAGtBluIPovayhSuCYerlYvHyWniaR3K4cOrmkFoPhuVlNEyOjib9075xXCIIRxNwACiaUsZ7AqBCSbXETQ\/0?wx_fmt=jpeg\",\"author\":\"关注前沿科技\",\"copyright_stat\":100,\"del_flag\":1,\"item_show_type\":0,\"audio_fileid\":0,\"duration\":0,\"play_url\":\"\",\"malicious_title_reason_id\":0,\"malicious_content_type\":0}],\"author\":\"关注前沿科技\",\"copyright_stat\":100,\"duration\":0,\"del_flag\":1,\"item_show_type\":0,\"audio_fileid\":0,\"play_url\":\"\",\"malicious_title_reason_id\":0,\"malicious_content_type\":0}},{\"comm_msg_info\":{\"id\":1000001511,\"type\":49,\"datetime\":1614664106,\"fakeid\":\"3236757533\",\"status\":2,\"content\":\"\"},\"app_msg_ext_info\":{\"title\":\"困扰数学家25年的“切苹果”难题，被一位华人统计学博士解决了\",\"digest\":\"顺带解决了计算机的随机采样问题\",\"content\":\"\",\"fileid\":100085911,\"content_url\":\"http:\/\/mp.weixin.qq.com\/s?__biz=MzIzNjc1NzUzMw==&amp;mid=2247569579&amp;idx=1&amp;sn=741d0edf966ae34836e81074e63fbc45&amp;chksm=e8d167d9dfa6eecfb9471f75d9c8a6ebcc6d8c64e144dd67729bc59eae96750fbed2dea9f025&amp;scene=27#wechat_redirect\",\"source_url\":\"\",\"cover\":\"http:\/\/mmbiz.qpic.cn\/mmbiz_jpg\/YicUhk5aAGtA4hBDQAgE94FA29YYM0nXX1vEic0h1Mk4Tciazhsb2RP9g3SKT90VhGUMo0STcJrSRxwXKL9qia97WQ\/0?wx_fmt=jpeg\",\"subtype\":9,\"is_multi\":1,\"multi_app_msg_item_list\":[{\"title\":\"西湖大学能招本科生了！首次确定5大本科专业\",\"digest\":\"新一批本科专业名单公布\",\"content\":\"\",\"fileid\":0,\"content_url\":\"http:\/\/mp.weixin.qq.com\/s?__biz=MzIzNjc1NzUzMw==&amp;mid=2247569579&amp;idx=2&amp;sn=ac48776bc7beb13cc0c12f2ffc3932b2&amp;chksm=e8d167d9dfa6eecf9318cb4741f9d2ed35d79e3b7a43a9460c726a04b1f908da8bf69f856131&amp;scene=27#wechat_redirect\",\"source_url\":\"\",\"cover\":\"http:\/\/mmbiz.qpic.cn\/mmbiz_jpg\/YicUhk5aAGtA4hBDQAgE94FA29YYM0nXXXGe1DyVut7S9uNBQE4WrGsohFxVaaYm2kxM9ARRiadJyzx9a0p9Vc4w\/0?wx_fmt=jpeg\",\"author\":\"关注前沿科技\",\"copyright_stat\":100,\"del_flag\":1,\"item_show_type\":0,\"audio_fileid\":0,\"duration\":0,\"play_url\":\"\",\"malicious_title_reason_id\":0,\"malicious_content_type\":0},{\"title\":\"打开GTA 5竟要跑19.8亿次if语句！黑客嘲讽R星代码烂，修改后直接省70%加载时间\",\"digest\":\"一支烟的功夫，GTA 5联机版终于打开了...\",\"content\":\"\",\"fileid\":0,\"content_url\":\"http:\/\/mp.weixin.qq.com\/s?__biz=MzIzNjc1NzUzMw==&amp;mid=2247569579&amp;idx=3&amp;sn=da6537335bde4848d4adfba9a99212e4&amp;chksm=e8d167d9dfa6eecfba3bb3e33bd0ff9f9f6fb483c1767691016e8342f3c67da1af89eedcb8f7&amp;scene=27#wechat_redirect\",\"source_url\":\"\",\"cover\":\"http:\/\/mmbiz.qpic.cn\/mmbiz_jpg\/YicUhk5aAGtA4hBDQAgE94FA29YYM0nXXBHh35EIXKX2GLe6qBYpSwGvuzR8hY2Jqib4OTT6WhV820TicyXicp45cg\/0?wx_fmt=jpeg\",\"author\":\"关注前沿科技\",\"copyright_stat\":100,\"del_flag\":1,\"item_show_type\":0,\"audio_fileid\":0,\"duration\":0,\"play_url\":\"\",\"malicious_title_reason_id\":0,\"malicious_content_type\":0},{\"title\":\"如何DIY一台墨水屏笔记本电脑？\",\"digest\":\"用ThinkPad+墨水屏\",\"content\":\"\",\"fileid\":0,\"content_url\":\"http:\/\/mp.weixin.qq.com\/s?__biz=MzIzNjc1NzUzMw==&amp;mid=2247569579&amp;idx=4&amp;sn=08ff4e36a4096cab13541060371c4511&amp;chksm=e8d167d9dfa6eecf3ee4fdfc1ce001b635cabda6af0d9ded6af7df50e24ff7b55a7c0a51674e&amp;scene=27#wechat_redirect\",\"source_url\":\"\",\"cover\":\"http:\/\/mmbiz.qpic.cn\/mmbiz_jpg\/YicUhk5aAGtDicFG36uf97KaoibpcYUcOibvUMxXJX6k5opS0vb5JkjoVGuZmu2VaPLFnmN1bZL2GbweQxOuYaEJVw\/0?wx_fmt=jpeg\",\"author\":\"关注前沿科技\",\"copyright_stat\":100,\"del_flag\":1,\"item_show_type\":0,\"audio_fileid\":0,\"duration\":0,\"play_url\":\"\",\"malicious_title_reason_id\":0,\"malicious_content_type\":0},{\"title\":\"博士后小姐姐把“二次元老婆生成器”升级了：这一次可以指定画风\",\"digest\":\"画风不同怎么在一起？\",\"content\":\"\",\"fileid\":0,\"content_url\":\"http:\/\/mp.weixin.qq.com\/s?__biz=MzIzNjc1NzUzMw==&amp;mid=2247569579&amp;idx=5&amp;sn=737bde87d54ed997f13d25a22f21a601&amp;chksm=e8d167d9dfa6eecfb51ff23b90187e924c2028a885a76fed20a165d878046009dd2b404601ed&amp;scene=27#wechat_redirect\",\"source_url\":\"\",\"cover\":\"http:\/\/mmbiz.qpic.cn\/mmbiz_jpg\/YicUhk5aAGtDicFG36uf97KaoibpcYUcOibv6HwVBlxMQzibLtYwGibib2u7JPKGbCdmQC9A0t4e24HtetBawSCNM3AlA\/0?wx_fmt=jpeg\",\"author\":\"关注前沿科技\",\"copyright_stat\":100,\"del_flag\":1,\"item_show_type\":0,\"audio_fileid\":0,\"duration\":0,\"play_url\":\"\",\"malicious_title_reason_id\":0,\"malicious_content_type\":0}],\"author\":\"关注前沿科技\",\"copyright_stat\":11,\"duration\":0,\"del_flag\":1,\"item_show_type\":0,\"audio_fileid\":0,\"play_url\":\"\",\"malicious_title_reason_id\":0,\"malicious_content_type\":0}},{\"comm_msg_info\":{\"id\":1000001510,\"type\":49,\"datetime\":1614576659,\"fakeid\":\"3236757533\",\"status\":2,\"content\":\"\"},\"app_msg_ext_info\":{\"title\":\"现在最好玩的AI竟然来自一个家谱公司？？？\",\"digest\":\"图灵活现！\",\"content\":\"\",\"fileid\":0,\"content_url\":\"http:\/\/mp.weixin.qq.com\/s?__biz=MzIzNjc1NzUzMw==&amp;mid=2247569484&amp;idx=1&amp;sn=b92e6d432f26762cb58f873936d37b05&amp;chksm=e8d1673edfa6ee28c3436d84793f40872786a1cf8ac520eb4efeda2dc54bc0335a33066eb3ca&amp;scene=27#wechat_redirect\",\"source_url\":\"\",\"cover\":\"http:\/\/mmbiz.qpic.cn\/mmbiz_jpg\/YicUhk5aAGtDicFG36uf97KaoibpcYUcOibvR45vVicMPYjXrDic0CibswHGIWoyTrzRJZKP3o41dEjppvddKb40COWLw\/0?wx_fmt=jpeg\",\"subtype\":9,\"is_multi\":1,\"multi_app_msg_item_list\":[{\"title\":\"Deepfake版阿汤哥，在海外版抖音上收获了32万粉丝\",\"digest\":\"“返老还童”\",\"content\":\"\",\"fileid\":0,\"content_url\":\"http:\/\/mp.weixin.qq.com\/s?__biz=MzIzNjc1NzUzMw==&amp;mid=2247569484&amp;idx=3&amp;sn=43ae2ccc4e32b64c4a351c9d53e693c7&amp;chksm=e8d1673edfa6ee28094c7d5ff092f68cdeedb1ef6c6f897f8e9b0ca6868ddec1b3d4bff11ba1&amp;scene=27#wechat_redirect\",\"source_url\":\"\",\"cover\":\"http:\/\/mmbiz.qpic.cn\/mmbiz_jpg\/YicUhk5aAGtDicFG36uf97KaoibpcYUcOibvRQJ67piaIlcF4JoLPJgI7eF3ic3QUgBbBTLlwEq4BMsb3G1ZoP3rz6vQ\/0?wx_fmt=jpeg\",\"author\":\"关注前沿科技\",\"copyright_stat\":100,\"del_flag\":1,\"item_show_type\":0,\"audio_fileid\":0,\"duration\":0,\"play_url\":\"\",\"malicious_title_reason_id\":0,\"malicious_content_type\":0},{\"title\":\"Hinton再挖新坑：改进胶囊网络，融合Transformer神经场等研究\",\"digest\":\"目前还处于idea阶段，胶囊网络的坑更深了\",\"content\":\"\",\"fileid\":0,\"content_url\":\"http:\/\/mp.weixin.qq.com\/s?__biz=MzIzNjc1NzUzMw==&amp;mid=2247569484&amp;idx=4&amp;sn=cff928bf19abda099c9a842d3540c8e0&amp;chksm=e8d1673edfa6ee288b3b13637e8ee16735820f386a76d365c5add9c97b0207849aa926b15024&amp;scene=27#wechat_redirect\",\"source_url\":\"\",\"cover\":\"http:\/\/mmbiz.qpic.cn\/mmbiz_jpg\/YicUhk5aAGtDicFG36uf97KaoibpcYUcOibvIGWaDcx9DebO7sDibicY3rWO6OT84OMkRrdBY41TVJXkZbjDxvpCUiadA\/0?wx_fmt=jpeg\",\"author\":\"关注前沿科技\",\"copyright_stat\":100,\"del_flag\":1,\"item_show_type\":0,\"audio_fileid\":0,\"duration\":0,\"play_url\":\"\",\"malicious_title_reason_id\":0,\"malicious_content_type\":0},{\"title\":\"Go语言竟成恶意软件的最爱！4年来Go编写的恶意软件飙增2000%，网友：这也能怪Go？\",\"digest\":\"预计将成恶意软件编码的首选编程语言\",\"content\":\"\",\"fileid\":100085755,\"content_url\":\"http:\/\/mp.weixin.qq.com\/s?__biz=MzIzNjc1NzUzMw==&amp;mid=2247569484&amp;idx=5&amp;sn=efc9ca2cb684508965e99347fd8d9fd0&amp;chksm=e8d1673edfa6ee2833f8343f8d86f364b3b5f8bd9ea41256a4d22138deabc0218438ed4c42c0&amp;scene=27#wechat_redirect\",\"source_url\":\"\",\"cover\":\"http:\/\/mmbiz.qpic.cn\/mmbiz_jpg\/YicUhk5aAGtDicFG36uf97KaoibpcYUcOibvmVTXtP0J04MQsxCTz9Q8mRib9uozM0jbP9GaDVpgfCycvarA5gkVsnw\/0?wx_fmt=jpeg\",\"author\":\"关注前沿科技\",\"copyright_stat\":100,\"del_flag\":1,\"item_show_type\":0,\"audio_fileid\":0,\"duration\":0,\"play_url\":\"\",\"malicious_title_reason_id\":0,\"malicious_content_type\":0}],\"author\":\"关注前沿科技\",\"copyright_stat\":100,\"duration\":0,\"del_flag\":1,\"item_show_type\":0,\"audio_fileid\":0,\"play_url\":\"\",\"malicious_title_reason_id\":0,\"malicious_content_type\":0}},{\"comm_msg_info\":{\"id\":1000001509,\"type\":49,\"datetime\":1614489320,\"fakeid\":\"3236757533\",\"status\":2,\"content\":\"\"},\"app_msg_ext_info\":{\"title\":\"26岁数学天才回国任教，刚以中科大教授之名攻破世界级难题\",\"digest\":\"08级中科大少年班学生\",\"content\":\"\",\"fileid\":100085711,\"content_url\":\"http:\/\/mp.weixin.qq.com\/s?__biz=MzIzNjc1NzUzMw==&amp;mid=2247569365&amp;idx=1&amp;sn=3f26a5b28f31ba1db987c939628f0c93&amp;chksm=e8d178a7dfa6f1b1f015cd641e544c051751e92d44a666faf61c0776a671ff4460d7f527ed96&amp;scene=27#wechat_redirect\",\"source_url\":\"\",\"cover\":\"http:\/\/mmbiz.qpic.cn\/mmbiz_jpg\/YicUhk5aAGtC6NJiaCtVlzxYH9bFSeJBjgiacXUHtcCUibibKAj1GSrmIribh1VKTDtC5cYWknQO0eBBjB4VVlmiaMBOg\/0?wx_fmt=jpeg\",\"subtype\":9,\"is_multi\":1,\"multi_app_msg_item_list\":[{\"title\":\"厦大诚招青年AI科学家：待遇不一般，连配偶和子女教育都考虑到了\",\"digest\":\"年薪50万，购房补贴250万，100-300万科研经费\",\"content\":\"\",\"fileid\":100085693,\"content_url\":\"http:\/\/mp.weixin.qq.com\/s?__biz=MzIzNjc1NzUzMw==&amp;mid=2247569365&amp;idx=2&amp;sn=c690a39453c93e8859746fe6354d5280&amp;chksm=e8d178a7dfa6f1b1f28b40c72bb8978bfec25c13dcc5dc0f9da46843171cf74ab729cdcd93c7&amp;scene=27#wechat_redirect\",\"source_url\":\"\",\"cover\":\"http:\/\/mmbiz.qpic.cn\/mmbiz_jpg\/YicUhk5aAGtC6NJiaCtVlzxYH9bFSeJBjgcZnJsibvmuOvf53bPHhibMaXRnHWmy8Wuiarpu96icMrbWibMuE5LTSyGKw\/0?wx_fmt=jpeg\",\"author\":\"关注前沿科技\",\"copyright_stat\":100,\"del_flag\":1,\"item_show_type\":0,\"audio_fileid\":0,\"duration\":0,\"play_url\":\"\",\"malicious_title_reason_id\":0,\"malicious_content_type\":0},{\"title\":\"12人激光雷达项目卖出上亿美元身价！图灵奖得主的华人高徒创办\",\"digest\":\"全球无人车创业头雁Aurora，刚收购了这家清华校友创办的激光雷达公司，12个人，值上亿美元……Why？智能车参考搞到了这些一手新信息：&gt;&gt;&gt;\",\"content\":\"\",\"fileid\":0,\"content_url\":\"http:\/\/mp.weixin.qq.com\/s?__biz=MzIzNjc1NzUzMw==&amp;mid=2247569365&amp;idx=3&amp;sn=b7d729fed483913bb8e138489b7b390c&amp;chksm=e8d178a7dfa6f1b18a29b9096932f1ab0cfc005a751d3c73ad89923759950e04edca719684d1&amp;scene=27#wechat_redirect\",\"source_url\":\"\",\"cover\":\"http:\/\/mmbiz.qpic.cn\/mmbiz_jpg\/7fokiaaibkadKOvw2gbFA6oscoMntwoeibbkyy5SCOsSdkkEiaYqMIDMcnwruiaVEpHXODXUsgYicxLcNjJH9mfeKzVw\/0?wx_fmt=jpeg\",\"author\":\"\",\"copyright_stat\":101,\"del_flag\":1,\"item_show_type\":0,\"audio_fileid\":0,\"duration\":0,\"play_url\":\"\",\"malicious_title_reason_id\":0,\"malicious_content_type\":0}],\"author\":\"关注前沿科技\",\"copyright_stat\":100,\"duration\":0,\"del_flag\":1,\"item_show_type\":0,\"audio_fileid\":0,\"play_url\":\"\",\"malicious_title_reason_id\":0,\"malicious_content_type\":0}},{\"comm_msg_info\":{\"id\":1000001508,\"type\":49,\"datetime\":1614402464,\"fakeid\":\"3236757533\",\"status\":2,\"content\":\"\"},\"app_msg_ext_info\":{\"title\":\"从此，清华不再「唯论文数」！校长邱勇：大学不能把学术权力，交给期刊编辑和审稿人\",\"digest\":\"但并非放松毕业要求\",\"content\":\"\",\"fileid\":100085688,\"content_url\":\"http:\/\/mp.weixin.qq.com\/s?__biz=MzIzNjc1NzUzMw==&amp;mid=2247569339&amp;idx=1&amp;sn=ee735a0b91d47fdf053c1d2ae85d954a&amp;chksm=e8d178c9dfa6f1dfce3e6111fc829cb3ede87dc2620a497330513ea7f77c0edfda4cf59c6c3a&amp;scene=27#wechat_redirect\",\"source_url\":\"\",\"cover\":\"http:\/\/mmbiz.qpic.cn\/mmbiz_jpg\/YicUhk5aAGtA3icia1eyib84yu0ic3OQe3O0CicK3xj2rcFrWQhgj3ciag226xI4H0gBtzib1mDzAbiam5qNuq3F1bGV2Zg\/0?wx_fmt=jpeg\",\"subtype\":9,\"is_multi\":1,\"multi_app_msg_item_list\":[{\"title\":\"隐私计算，企业数字化转型的BUFF之争\",\"digest\":\"实现数据安全互联互通的唯一技术\",\"content\":\"\",\"fileid\":0,\"content_url\":\"http:\/\/mp.weixin.qq.com\/s?__biz=MzIzNjc1NzUzMw==&amp;mid=2247569339&amp;idx=2&amp;sn=46cd382bf5c62d89f0bf13054f0cad5f&amp;chksm=e8d178c9dfa6f1dff64f31aa999d862a3f42a2e50fb5b7b12218d4180b7ffe97ca10ecbce61b&amp;scene=27#wechat_redirect\",\"source_url\":\"\",\"cover\":\"http:\/\/mmbiz.qpic.cn\/mmbiz_jpg\/YicUhk5aAGtA3icia1eyib84yu0ic3OQe3O0CjhuJRbfhwMAwjtyEN50HhWbeeygeC1EnnRWVG8lAetWsBh9x5PLoiaA\/0?wx_fmt=jpeg\",\"author\":\"关注前沿科技\",\"copyright_stat\":100,\"del_flag\":1,\"item_show_type\":0,\"audio_fileid\":0,\"duration\":0,\"play_url\":\"\",\"malicious_title_reason_id\":0,\"malicious_content_type\":0},{\"title\":\"日本人真会玩！3天众筹60万元来造“机器猫”，会说话摇尾巴的那种\",\"digest\":\"2200元一只\",\"content\":\"\",\"fileid\":100085009,\"content_url\":\"http:\/\/mp.weixin.qq.com\/s?__biz=MzIzNjc1NzUzMw==&amp;mid=2247569339&amp;idx=3&amp;sn=921e8acf295abb7a07b19a06fd028222&amp;chksm=e8d178c9dfa6f1df95e2ba3b6ed5e73bbfa45b54ca1fff31ebcb0cf85efbf6f4cb52aea451d4&amp;scene=27#wechat_redirect\",\"source_url\":\"\",\"cover\":\"http:\/\/mmbiz.qpic.cn\/mmbiz_jpg\/YicUhk5aAGtAU7pXrelY8sPkDicZDiaLL3O5hv4ecf7ho3Cy5iboWEiaGk1bBzIwLf7Z9shQEuJU2mthDxZib08ibc5jA\/0?wx_fmt=jpeg\",\"author\":\"关注前沿科技\",\"copyright_stat\":11,\"del_flag\":1,\"item_show_type\":0,\"audio_fileid\":0,\"duration\":0,\"play_url\":\"\",\"malicious_title_reason_id\":0,\"malicious_content_type\":0}],\"author\":\"关注前沿科技\",\"copyright_stat\":100,\"duration\":0,\"del_flag\":1,\"item_show_type\":0,\"audio_fileid\":0,\"play_url\":\"\",\"malicious_title_reason_id\":0,\"malicious_content_type\":0}},{\"comm_msg_info\":{\"id\":1000001507,\"type\":49,\"datetime\":1614318028,\"fakeid\":\"3236757533\",\"status\":2,\"content\":\"\"},\"app_msg_ext_info\":{\"title\":\"新特效火爆抖音！各路神仙齐唱《蚂蚁呀嘿》，网友：短短几秒需一生来治愈\",\"digest\":\"马云马化腾马斯克梦幻联动\",\"content\":\"\",\"fileid\":100085637,\"content_url\":\"http:\/\/mp.weixin.qq.com\/s?__biz=MzIzNjc1NzUzMw==&amp;mid=2247569298&amp;idx=1&amp;sn=3cc8f461fad1358f2f491bfa62bc2140&amp;chksm=e8d178e0dfa6f1f68ac1e2186ff40416f40f1b7b24464507886ea1bde47fa7f94092a5279074&amp;scene=27#wechat_redirect\",\"source_url\":\"\",\"cover\":\"http:\/\/mmbiz.qpic.cn\/mmbiz_jpg\/YicUhk5aAGtB0fejQa6We4ziaiafebmdI7GBxZXQNSPCicBtXxzufhiadLLuiccgHOJWx8FNZyVEU1u7tjo1NXIrXTIA\/0?wx_fmt=jpeg\",\"subtype\":9,\"is_multi\":1,\"multi_app_msg_item_list\":[{\"title\":\"这老哥把GPU当暖气用，省钱了\",\"digest\":\"老黄提刀赶来，一看是AMD\",\"content\":\"\",\"fileid\":0,\"content_url\":\"http:\/\/mp.weixin.qq.com\/s?__biz=MzIzNjc1NzUzMw==&amp;mid=2247569298&amp;idx=2&amp;sn=6d767e7096d544641613f0f420e5cc9a&amp;chksm=e8d178e0dfa6f1f6b182e75254fee498ecb3fef56e6c912732375ea3383468ccdf0c759ca859&amp;scene=27#wechat_redirect\",\"source_url\":\"\",\"cover\":\"http:\/\/mmbiz.qpic.cn\/mmbiz_jpg\/YicUhk5aAGtBPibRzMWQQyLlRa73dqDyzKBGA1xiatiam9n2WGBjVrialTrwQN1sP28aibwsVMoB39AdDUZVAaXBE8Fw\/0?wx_fmt=jpeg\",\"author\":\"关注前沿科技\",\"copyright_stat\":100,\"del_flag\":1,\"item_show_type\":0,\"audio_fileid\":0,\"duration\":0,\"play_url\":\"\",\"malicious_title_reason_id\":0,\"malicious_content_type\":0},{\"title\":\"机器人用上AI后，拥有了堪比人类皮肤的触觉：轻松引线穿针、夹取鸡蛋丨Science子刊\",\"digest\":\"城大&amp;港大出品\",\"content\":\"\",\"fileid\":0,\"content_url\":\"http:\/\/mp.weixin.qq.com\/s?__biz=MzIzNjc1NzUzMw==&amp;mid=2247569298&amp;idx=3&amp;sn=72992b56474712bfdf220877defc57e7&amp;chksm=e8d178e0dfa6f1f6297e2b400ea4a5959ed6295a9ffcda49f861944939b7d59b028c2cde3228&amp;scene=27#wechat_redirect\",\"source_url\":\"\",\"cover\":\"http:\/\/mmbiz.qpic.cn\/mmbiz_jpg\/YicUhk5aAGtB0fejQa6We4ziaiafebmdI7GyRfTzTSpaC3ZOVaz9ticWr8icODeYSC8rujm85ficv8YnCpkZicoPMyV2A\/0?wx_fmt=jpeg\",\"author\":\"关注前沿科技\",\"copyright_stat\":100,\"del_flag\":1,\"item_show_type\":0,\"audio_fileid\":0,\"duration\":0,\"play_url\":\"\",\"malicious_title_reason_id\":0,\"malicious_content_type\":0},{\"title\":\"reddit高赞资源：20h系统性深度学习&amp;强化学习课程，视频、PPT、代码全都有 | 免费\",\"digest\":\"无需强大背景知识，初学者福音～\",\"content\":\"\",\"fileid\":0,\"content_url\":\"http:\/\/mp.weixin.qq.com\/s?__biz=MzIzNjc1NzUzMw==&amp;mid=2247569298&amp;idx=4&amp;sn=960024ba1311a691b95d5757a477102c&amp;chksm=e8d178e0dfa6f1f6055bed136b7e65089a47a56cc5764c0784f6c6f58462a7a2af4752e539ad&amp;scene=27#wechat_redirect\",\"source_url\":\"\",\"cover\":\"http:\/\/mmbiz.qpic.cn\/mmbiz_jpg\/YicUhk5aAGtB0fejQa6We4ziaiafebmdI7GnFeNc1cStw5SiahUQ3BeqUwjBxqH5tLB1WhZSOMicN4oaHiawnS9vxqHw\/0?wx_fmt=jpeg\",\"author\":\"关注前沿科技\",\"copyright_stat\":100,\"del_flag\":1,\"item_show_type\":0,\"audio_fileid\":0,\"duration\":0,\"play_url\":\"\",\"malicious_title_reason_id\":0,\"malicious_content_type\":0},{\"title\":\"激光雷达头雁曝出狗血宫斗：董事长和CMO搞py交易被双双免职，之前已从中国败退\",\"digest\":\"这家技术创新型公司，开创整条赛道，又恰逢自动驾驶淘金热浪，激光雷达产品供不应求，客户买货还要千方百计搞好关系……如今在自己作死的道路上，又前进了一步。而且狗血宫斗剧情，只是被曝的问题冰山一角，一位无人车创业者提起过往合作时评价：F*** V\",\"content\":\"\",\"fileid\":0,\"content_url\":\"http:\/\/mp.weixin.qq.com\/s?__biz=MzIzNjc1NzUzMw==&amp;mid=2247569298&amp;idx=5&amp;sn=91ba52733962266dcef4db5b6fd167aa&amp;chksm=e8d178e0dfa6f1f69ffa34e089aeca23f3722519329df932be71250aac8aadc3d3b04bfb19c4&amp;scene=27#wechat_redirect\",\"source_url\":\"\",\"cover\":\"http:\/\/mmbiz.qpic.cn\/mmbiz_jpg\/7fokiaaibkadLo4Bic7mjWantLAPicKUVXLJjMf5sVotBO7NSLxy6ObLorI2gg4Nic4RDibxqrSsF85JBY6ZmABQj5iaQ\/0?wx_fmt=jpeg\",\"author\":\"\",\"copyright_stat\":101,\"del_flag\":1,\"item_show_type\":0,\"audio_fileid\":0,\"duration\":0,\"play_url\":\"\",\"malicious_title_reason_id\":0,\"malicious_content_type\":0}],\"author\":\"关注前沿科技\",\"copyright_stat\":100,\"duration\":0,\"del_flag\":1,\"item_show_type\":0,\"audio_fileid\":0,\"play_url\":\"\",\"malicious_title_reason_id\":0,\"malicious_content_type\":0}},{\"comm_msg_info\":{\"id\":1000001506,\"type\":49,\"datetime\":1614229985,\"fakeid\":\"3236757533\",\"status\":2,\"content\":\"\"},\"app_msg_ext_info\":{\"title\":\"英伟达中国区一把手离职创业，主打GPU，100天成独角兽\",\"digest\":\"什么样的AI芯片公司创办100天就能估值10亿美元？数十亿融资除了红杉、GGV、五源等知名VC，还罕见有字节跳动和小马智行等AI独角兽？答案是黄仁勋副手张建中的国产GPU公司。独家详情，智能车参考挖到了：&gt;&gt;&gt;\",\"content\":\"\",\"fileid\":0,\"content_url\":\"http:\/\/mp.weixin.qq.com\/s?__biz=MzIzNjc1NzUzMw==&amp;mid=2247569148&amp;idx=1&amp;sn=07eb373ae94c2424447f50a3b810fbce&amp;chksm=e8d1798edfa6f098fff3adb528b3f77f2073eaa2a8001ee6411c3eb7b3792318bbc57362bbe8&amp;scene=27#wechat_redirect\",\"source_url\":\"\",\"cover\":\"http:\/\/mmbiz.qpic.cn\/mmbiz_jpg\/7fokiaaibkadKg6VQS4x0bn1Xns3pD5JNddH6Laau0jNsylzaQRkp2AzFGyWwW4WwQ1JSrMQv8azPbBngmruxMww\/0?wx_fmt=jpeg\",\"subtype\":9,\"is_multi\":1,\"multi_app_msg_item_list\":[{\"title\":\"马斯克很着急：加速打造“月球电梯”，他要从NASA手中抢到这一单\",\"digest\":\"答案将在4月揭晓\",\"content\":\"\",\"fileid\":0,\"content_url\":\"http:\/\/mp.weixin.qq.com\/s?__biz=MzIzNjc1NzUzMw==&amp;mid=2247569148&amp;idx=2&amp;sn=6534ff356886d46a820be41ab82fdeb9&amp;chksm=e8d1798edfa6f0988d6137d592bc60e17283a966bd9a8499c3f6360f94cf1a376fdbc7ec9646&amp;scene=27#wechat_redirect\",\"source_url\":\"\",\"cover\":\"http:\/\/mmbiz.qpic.cn\/mmbiz_jpg\/YicUhk5aAGtCQKCa7rbSHQKkxOnNA3lDCQPfTcpzC1nYTTxMiax26WGPOPWLYIeAvojy2KNBczZt7ZTQnmu7apRQ\/0?wx_fmt=jpeg\",\"author\":\"关注前沿科技\",\"copyright_stat\":100,\"del_flag\":1,\"item_show_type\":0,\"audio_fileid\":0,\"duration\":0,\"play_url\":\"\",\"malicious_title_reason_id\":0,\"malicious_content_type\":0},{\"title\":\"为什么多运动更健康？这篇Nature论文找到了答案丨华人一作\",\"digest\":\"能预防疾病&amp;骨质疏松\",\"content\":\"\",\"fileid\":100085495,\"content_url\":\"http:\/\/mp.weixin.qq.com\/s?__biz=MzIzNjc1NzUzMw==&amp;mid=2247569148&amp;idx=3&amp;sn=3854f3b4ad04ba993f8b5aade148cec2&amp;chksm=e8d1798edfa6f098f449419bdb6be9c0388dc866b22c47fd4397f9a1e2d1aac373fcd4de3c80&amp;scene=27#wechat_redirect\",\"source_url\":\"\",\"cover\":\"http:\/\/mmbiz.qpic.cn\/mmbiz_jpg\/YicUhk5aAGtCQKCa7rbSHQKkxOnNA3lDCdp05SXMIlpPQ8erxYgts8pSUN1VAIocYzD9W1V2jKCoUL1aPJ3pdiaw\/0?wx_fmt=jpeg\",\"author\":\"关注前沿科技\",\"copyright_stat\":100,\"del_flag\":1,\"item_show_type\":0,\"audio_fileid\":0,\"duration\":0,\"play_url\":\"\",\"malicious_title_reason_id\":0,\"malicious_content_type\":0},{\"title\":\"挖矿让英伟达多赚了近3亿美元，老黄：又创纪录了\",\"digest\":\"第四季度总营收50亿美元\",\"content\":\"\",\"fileid\":100085497,\"content_url\":\"http:\/\/mp.weixin.qq.com\/s?__biz=MzIzNjc1NzUzMw==&amp;mid=2247569148&amp;idx=4&amp;sn=e265a39fe3df134cf8ebba6619bc17c8&amp;chksm=e8d1798edfa6f0988c23107bfe5643543ecd66a2db751657a181159aba30289363645335a2ea&amp;scene=27#wechat_redirect\",\"source_url\":\"\",\"cover\":\"http:\/\/mmbiz.qpic.cn\/mmbiz_jpg\/YicUhk5aAGtCQKCa7rbSHQKkxOnNA3lDCCia7Y1QlfqZk17zBLpEg9zdVY6wcO1PiaWvEgkId9Ko0MTqbwPfsdWog\/0?wx_fmt=jpeg\",\"author\":\"关注前沿科技\",\"copyright_stat\":100,\"del_flag\":1,\"item_show_type\":0,\"audio_fileid\":0,\"duration\":0,\"play_url\":\"\",\"malicious_title_reason_id\":0,\"malicious_content_type\":0},{\"title\":\"这个图聚类Python工具火了：可对社群结构进行可视化、检测 | 开源\",\"digest\":\"reddit机器学习榜首\",\"content\":\"\",\"fileid\":100085356,\"content_url\":\"http:\/\/mp.weixin.qq.com\/s?__biz=MzIzNjc1NzUzMw==&amp;mid=2247569148&amp;idx=5&amp;sn=02d0f85c927169e5b7666646f91b9144&amp;chksm=e8d1798edfa6f0987a055bae45982da1888b93975c2778c1f0b0add39a4ffcc0d7cf87b82867&amp;scene=27#wechat_redirect\",\"source_url\":\"\",\"cover\":\"http:\/\/mmbiz.qpic.cn\/mmbiz_jpg\/YicUhk5aAGtBwfubzA1rrANt9WlJNRP4HNsHABHTAHiay1XltfELp88uuS30wXRRsJcU7j6O8Eiaz5EadytO1Dzwg\/0?wx_fmt=jpeg\",\"author\":\"关注前沿科技\",\"copyright_stat\":100,\"del_flag\":1,\"item_show_type\":0,\"audio_fileid\":0,\"duration\":0,\"play_url\":\"\",\"malicious_title_reason_id\":0,\"malicious_content_type\":0}],\"author\":\"\",\"copyright_stat\":101,\"duration\":0,\"del_flag\":1,\"item_show_type\":0,\"audio_fileid\":0,\"play_url\":\"\",\"malicious_title_reason_id\":0,\"malicious_content_type\":0}},{\"comm_msg_info\":{\"id\":1000001505,\"type\":49,\"datetime\":1614143354,\"fakeid\":\"3236757533\",\"status\":2,\"content\":\"\"},\"app_msg_ext_info\":{\"title\":\"ACM宣布封杀这批学者15年！之前被博士生以死控告学术不端\",\"digest\":\"不得在相关期刊发表任何学术成果\",\"content\":\"\",\"fileid\":100085441,\"content_url\":\"http:\/\/mp.weixin.qq.com\/s?__biz=MzIzNjc1NzUzMw==&amp;mid=2247569098&amp;idx=1&amp;sn=40c43e058cca9981e37877587d08a538&amp;chksm=e8d179b8dfa6f0aeb82599a240618f2ba95dfe955d77d61d7feadbe0d4256359dc37ea6351bb&amp;scene=27#wechat_redirect\",\"source_url\":\"\",\"cover\":\"http:\/\/mmbiz.qpic.cn\/mmbiz_jpg\/YicUhk5aAGtBPibRzMWQQyLlRa73dqDyzKQknOeRvIP5VYxhjyvXUeWDuokEDEs3vveyahDLBAicibl0lmFibveRRFw\/0?wx_fmt=jpeg\",\"subtype\":9,\"is_multi\":1,\"multi_app_msg_item_list\":[{\"title\":\"【限时】推荐算法工程师培养计划\",\"digest\":\"一线的推荐系统负责人全程讲解，从理论到实践全栈解决。\",\"content\":\"\",\"fileid\":100085375,\"content_url\":\"http:\/\/mp.weixin.qq.com\/s?__biz=MzIzNjc1NzUzMw==&amp;mid=2247569098&amp;idx=2&amp;sn=afe18821dd6c2f7ca119ec8108a610ef&amp;chksm=e8d179b8dfa6f0ae647118f559dc5b56743c72eea2f9074468250585a3243b162fbee25e40c8&amp;scene=27#wechat_redirect\",\"source_url\":\"https:\/\/uai.greedyai.com\/assignSeller\/11?source=2021024liangziwei\",\"cover\":\"http:\/\/mmbiz.qpic.cn\/mmbiz_jpg\/YicUhk5aAGtBPibRzMWQQyLlRa73dqDyzKoY5L7qlD0vyXaVeMIe9HOj1pBQyh0DhGWUcZUFicdyEia9xPqdH4Y3jA\/0?wx_fmt=jpeg\",\"author\":\"\",\"copyright_stat\":100,\"del_flag\":1,\"item_show_type\":0,\"audio_fileid\":0,\"duration\":0,\"play_url\":\"\",\"malicious_title_reason_id\":0,\"malicious_content_type\":0},{\"title\":\"面向企业CTO的CCF CTO论坛，5日将在京东开坛论道\",\"digest\":\"线下限额30人，不收取注册费，线上直播CCF会员免费观看。\",\"content\":\"\",\"fileid\":0,\"content_url\":\"http:\/\/mp.weixin.qq.com\/s?__biz=MzIzNjc1NzUzMw==&amp;mid=2247569098&amp;idx=3&amp;sn=cc4dcf4fcf18249bd5d8ebe62e4e16c0&amp;chksm=e8d179b8dfa6f0ae376e8d2cb580dbc0cff06dcf3dcd2d5a3bcdfc96a5896fa419ad92a3c02d&amp;scene=27#wechat_redirect\",\"source_url\":\"https:\/\/conf.ccf.org.cn\/web\/html4\/index.html?globalId=m8137216548396113921614047960731&amp;type=1\",\"cover\":\"http:\/\/mmbiz.qpic.cn\/mmbiz_jpg\/YicUhk5aAGtBwfubzA1rrANt9WlJNRP4H4tbF1Tmoyg2uzlpTsA2wcfmPyK5icRIjrf4cweicnXAlKCIEiahfOK3nQ\/0?wx_fmt=jpeg\",\"author\":\"\",\"copyright_stat\":100,\"del_flag\":1,\"item_show_type\":0,\"audio_fileid\":0,\"duration\":0,\"play_url\":\"\",\"malicious_title_reason_id\":0,\"malicious_content_type\":0},{\"title\":\"1%学者拥有21%引用量，全球学术圈两极分化扩大\",\"digest\":\"科学界的“富人”和“穷人”之间的差距越来越大。\",\"content\":\"\",\"fileid\":0,\"content_url\":\"http:\/\/mp.weixin.qq.com\/s?__biz=MzIzNjc1NzUzMw==&amp;mid=2247569098&amp;idx=4&amp;sn=377c6fb76211f342ec08665f130109d0&amp;chksm=e8d179b8dfa6f0ae66a6766a3a5d4cba48a7098b894cbcaddab4d5b0f5ecd000bd1776a1733c&amp;scene=27#wechat_redirect\",\"source_url\":\"\",\"cover\":\"http:\/\/mmbiz.qpic.cn\/mmbiz_jpg\/YicUhk5aAGtBPibRzMWQQyLlRa73dqDyzKmibdq4bVl0744FGlUfkCGcib1ByALwRYHiayyZd1bF8dDpQndIIib8mX7w\/0?wx_fmt=jpeg\",\"author\":\"关注前沿科技\",\"copyright_stat\":100,\"del_flag\":1,\"item_show_type\":0,\"audio_fileid\":0,\"duration\":0,\"play_url\":\"\",\"malicious_title_reason_id\":0,\"malicious_content_type\":0},{\"title\":\"安卓能帮你检查密码泄露了！还有Messages定时发送等多项功能优化\",\"digest\":\"都在谷歌的最新发布中\",\"content\":\"\",\"fileid\":100085448,\"content_url\":\"http:\/\/mp.weixin.qq.com\/s?__biz=MzIzNjc1NzUzMw==&amp;mid=2247569098&amp;idx=5&amp;sn=189685350d5466bf59fe0aff8b695fca&amp;chksm=e8d179b8dfa6f0ae1319ae2a5d38df8b7451ddca0df126c2a2756a1e2956aab59019c582be01&amp;scene=27#wechat_redirect\",\"source_url\":\"\",\"cover\":\"http:\/\/mmbiz.qpic.cn\/mmbiz_jpg\/YicUhk5aAGtBPibRzMWQQyLlRa73dqDyzKsgvnkoPMX4iatSH4q1gjxdyMupXc0XeeuD5MquK3UoDEiaNiaJ2E3pZNg\/0?wx_fmt=jpeg\",\"author\":\"关注前沿科技\",\"copyright_stat\":100,\"del_flag\":1,\"item_show_type\":0,\"audio_fileid\":0,\"duration\":0,\"play_url\":\"\",\"malicious_title_reason_id\":0,\"malicious_content_type\":0}],\"author\":\"关注前沿科技\",\"copyright_stat\":11,\"duration\":0,\"del_flag\":1,\"item_show_type\":0,\"audio_fileid\":0,\"play_url\":\"\",\"malicious_title_reason_id\":0,\"malicious_content_type\":0}},{\"comm_msg_info\":{\"id\":1000001504,\"type\":49,\"datetime\":1614055617,\"fakeid\":\"3236757533\",\"status\":2,\"content\":\"\"},\"app_msg_ext_info\":{\"title\":\"MIT一招霸气颠覆传统：勇敢换导师，成本我买单，学生沸腾了\",\"digest\":\"马上要学术自由了\",\"content\":\"\",\"fileid\":100085337,\"content_url\":\"http:\/\/mp.weixin.qq.com\/s?__biz=MzIzNjc1NzUzMw==&amp;mid=2247568994&amp;idx=1&amp;sn=d46a8b1a80131ff5d1c68be2da3d8b65&amp;chksm=e8d17910dfa6f0063e994009ca38575b3faf22cb518eb29d0c5b1b68fa66a5d5fc4a7ac4a172&amp;scene=27#wechat_redirect\",\"source_url\":\"\",\"cover\":\"http:\/\/mmbiz.qpic.cn\/mmbiz_jpg\/YicUhk5aAGtBwfubzA1rrANt9WlJNRP4HztDEWibIZ1IFmSANfiawbRRzgMCdxZaDUib2lPjrzibavgklOiaK9JklfDw\/0?wx_fmt=jpeg\",\"subtype\":9,\"is_multi\":1,\"multi_app_msg_item_list\":[{\"title\":\"293万人预约华为万元新机！余承东：我们活过来了\",\"digest\":\"搭载麒麟9000，率先升级鸿蒙系统\",\"content\":\"\",\"fileid\":100085329,\"content_url\":\"http:\/\/mp.weixin.qq.com\/s?__biz=MzIzNjc1NzUzMw==&amp;mid=2247568994&amp;idx=2&amp;sn=6e2026916b01a925c6900986ae7b8bb1&amp;chksm=e8d17910dfa6f00619fe1b4a088838e34bc96e03e4b5f2c0e0e7287a55f3b5ddc6b2e19fd5f5&amp;scene=27#wechat_redirect\",\"source_url\":\"\",\"cover\":\"http:\/\/mmbiz.qpic.cn\/mmbiz_jpg\/YicUhk5aAGtBwfubzA1rrANt9WlJNRP4HSHa6iar3eVnZibtEbxFILVZWTPtjoulWAaOlOhFzEN7jhFW92GOzfqXA\/0?wx_fmt=jpeg\",\"author\":\"关注前沿科技\",\"copyright_stat\":100,\"del_flag\":1,\"item_show_type\":0,\"audio_fileid\":0,\"duration\":0,\"play_url\":\"\",\"malicious_title_reason_id\":0,\"malicious_content_type\":0},{\"title\":\"美国火星车失联的7分钟，高清视频传回来了\",\"digest\":\"着陆降落伞「暗藏玄机」\",\"content\":\"\",\"fileid\":0,\"content_url\":\"http:\/\/mp.weixin.qq.com\/s?__biz=MzIzNjc1NzUzMw==&amp;mid=2247568994&amp;idx=3&amp;sn=db92e4292a8057ebfca40abaa0bf3cd0&amp;chksm=e8d17910dfa6f006166afa4a836af043ae4b8124b226c688dcae3ba0af5513a83b3033a13782&amp;scene=27#wechat_redirect\",\"source_url\":\"\",\"cover\":\"http:\/\/mmbiz.qpic.cn\/mmbiz_jpg\/YicUhk5aAGtBwfubzA1rrANt9WlJNRP4Ho1nNic5d5xrsuoicl9CQHoFMXwq3Lianwk9tsIGa9vjOk7RiaLYHrBamvQ\/0?wx_fmt=jpeg\",\"author\":\"关注前沿科技\",\"copyright_stat\":100,\"del_flag\":1,\"item_show_type\":0,\"audio_fileid\":0,\"duration\":0,\"play_url\":\"\",\"malicious_title_reason_id\":0,\"malicious_content_type\":0},{\"title\":\"C\/C++难题的高赞回答「中文版」，帮你整理好了\",\"digest\":\"Stack Overflow最热100+帖子\",\"content\":\"\",\"fileid\":100085077,\"content_url\":\"http:\/\/mp.weixin.qq.com\/s?__biz=MzIzNjc1NzUzMw==&amp;mid=2247568994&amp;idx=4&amp;sn=eb6e483be2262a30441047a97d038d9c&amp;chksm=e8d17910dfa6f0067e0fc5dc1ef0ecf07f34e80c7ef7ebc1ed9889e01a6859092242a891892d&amp;scene=27#wechat_redirect\",\"source_url\":\"\",\"cover\":\"http:\/\/mmbiz.qpic.cn\/mmbiz_jpg\/YicUhk5aAGtAU7pXrelY8sPkDicZDiaLL3OemJbpGe14ZNXzYXLkmtpM2UhcxX8Ama6R5tCaEEUXkUTbOhGibk6Jcg\/0?wx_fmt=jpeg\",\"author\":\"关注前沿科技\",\"copyright_stat\":100,\"del_flag\":1,\"item_show_type\":0,\"audio_fileid\":0,\"duration\":0,\"play_url\":\"\",\"malicious_title_reason_id\":0,\"malicious_content_type\":0},{\"title\":\"清华大学软件定义芯片团队的高能效量化卷积神经网络加速芯片入选固态电路顶级会议ISSCC 2021\",\"digest\":\"显著减少冗余权值造成冗余乘操作，降低硬件功耗。\",\"content\":\"\",\"fileid\":0,\"content_url\":\"http:\/\/mp.weixin.qq.com\/s?__biz=MzIzNjc1NzUzMw==&amp;mid=2247568994&amp;idx=5&amp;sn=4ef0d36dd8f559e24dd762a4a9117bc7&amp;chksm=e8d17910dfa6f006df488718a75fe0b61e6049f03effef3fc72bf91c87fb3994774e7289739d&amp;scene=27#wechat_redirect\",\"source_url\":\"\",\"cover\":\"http:\/\/mmbiz.qpic.cn\/mmbiz_jpg\/YicUhk5aAGtBjmzazY9I0LhJoeRjbpNv1WiaFhnwsLibKr1lQUlF8fEBbhWTEYgzOHrsPBsVClnHKspd9cFibZSjCQ\/0?wx_fmt=jpeg\",\"author\":\"\",\"copyright_stat\":100,\"del_flag\":1,\"item_show_type\":0,\"audio_fileid\":0,\"duration\":0,\"play_url\":\"\",\"malicious_title_reason_id\":0,\"malicious_content_type\":0}],\"author\":\"关注前沿科技\",\"copyright_stat\":11,\"duration\":0,\"del_flag\":1,\"item_show_type\":0,\"audio_fileid\":0,\"play_url\":\"\",\"malicious_title_reason_id\":0,\"malicious_content_type\":0}}]}","next_offset":110,"video_count":1,"use_video_tab":1,"real_type":0,"home_page_list":[]}