{"ret":0,"errmsg":"ok","msg_count":10,"can_msg_continue":1,"general_msg_list":"{\"list\":[{\"comm_msg_info\":{\"id\":1000001819,\"type\":49,\"datetime\":1620030513,\"fakeid\":\"3293144535\",\"status\":2,\"content\":\"\"},\"app_msg_ext_info\":{\"title\":\"全地形、全自主、免测绘，极目机器人的农业无人驾驶解决方案来了！\",\"digest\":\"双目视觉+AI实现多地形自主无人驾驶？这家企业到底怎么做到的？\",\"content\":\"\",\"fileid\":0,\"content_url\":\"http:\/\/mp.weixin.qq.com\/s?__biz=MzI5MzE0NDUzNQ==&amp;mid=2650243582&amp;idx=1&amp;sn=7a86d86f103150cb3e35f2f853466346&amp;chksm=f475b346c3023a50f00830872cff9f6a20442ef21aca9e8a1849d6bdf829f2d1ffa8f7282e28&amp;scene=27#wechat_redirect\",\"source_url\":\"\",\"cover\":\"http:\/\/mmbiz.qpic.cn\/mmbiz_jpg\/LJiau2qPWAcVIRGEDEyBHOBtiaNbcf0wJldfO5E9F3niceaFpicHCT3E6ZicVfn94dUpDKDuscZia5eMGTcbuyFHO6xg\/0?wx_fmt=jpeg\",\"subtype\":9,\"is_multi\":1,\"multi_app_msg_item_list\":[{\"title\":\"快讯|“机智号”无人机任务延长30天；百度“共享无人车”开放夜路模式；2021年Q1工业机器人进口量同比增长高达72.18%等\",\"digest\":\"“机智号”无人机任务延长30天；百度“共享无人车”开放夜路模式；2021年Q1工业机器人进口量同比增长高达72.18%等\",\"content\":\"\",\"fileid\":0,\"content_url\":\"http:\/\/mp.weixin.qq.com\/s?__biz=MzI5MzE0NDUzNQ==&amp;mid=2650243582&amp;idx=2&amp;sn=8c59f22fb362b7bc0f6c9b3a74f8f542&amp;chksm=f475b346c3023a503dab7e3403f750aa4ac230d1a068993cd1df19ac68a950ca2506959313f1&amp;scene=27#wechat_redirect\",\"source_url\":\"\",\"cover\":\"http:\/\/mmbiz.qpic.cn\/mmbiz_jpg\/LJiau2qPWAcVIRGEDEyBHOBtiaNbcf0wJl112T1pAgKRXSZbhSpapTVLkQDpqgViaRzIsyShiaIhl9TibFBNicSDn5LA\/0?wx_fmt=jpeg\",\"author\":\"\",\"copyright_stat\":100,\"del_flag\":1,\"item_show_type\":0,\"audio_fileid\":0,\"duration\":0,\"play_url\":\"\",\"malicious_title_reason_id\":0,\"malicious_content_type\":0},{\"title\":\"机器人技术人才线上招聘专场−宇树科技有限公司\",\"digest\":\"杭州宇树科技有限公司是一家专注于消费级、行业级高性能四足机器人研发、生产及销售的世界机器人圈内知名初创公司。\",\"content\":\"\",\"fileid\":0,\"content_url\":\"http:\/\/mp.weixin.qq.com\/s?__biz=MzI5MzE0NDUzNQ==&amp;mid=2650243582&amp;idx=3&amp;sn=fe91e0ebde26b868849fab046a227d90&amp;chksm=f475b346c3023a50b35251971d571d874e69872033cb5a8882af656fecd3a25fff1bd94d1626&amp;scene=27#wechat_redirect\",\"source_url\":\"https:\/\/jinshuju.net\/f\/WuSjS6\",\"cover\":\"http:\/\/mmbiz.qpic.cn\/mmbiz_jpg\/LJiau2qPWAcVIRGEDEyBHOBtiaNbcf0wJljnEUEScgDCTW6VcMicyrWofznvxtv4LUQOkB7VT9ic4AoZvBun4O1Svw\/0?wx_fmt=jpeg\",\"author\":\"\",\"copyright_stat\":100,\"del_flag\":1,\"item_show_type\":0,\"audio_fileid\":0,\"duration\":0,\"play_url\":\"\",\"malicious_title_reason_id\":0,\"malicious_content_type\":0},{\"title\":\"前沿|哈佛95后科研情侣提出“化学魔法”：1滴液体10秒实现微结构拓扑变换，有望用于飞机涂层和机器人制备等\",\"digest\":\"中国 95 后哈佛留学生情侣李姝聪和邓博磊，以共同一作身份，在Nature 正刊发表人生首篇 “合体” 论文。\",\"content\":\"\",\"fileid\":0,\"content_url\":\"http:\/\/mp.weixin.qq.com\/s?__biz=MzI5MzE0NDUzNQ==&amp;mid=2650243582&amp;idx=4&amp;sn=79693e8702dae7ad173654cdef19b449&amp;chksm=f475b346c3023a50619dd18df7d6c15c0eccaa490cc6a49fbdfd782e4c686cdffb409f10d7ae&amp;scene=27#wechat_redirect\",\"source_url\":\"\",\"cover\":\"http:\/\/mmbiz.qpic.cn\/mmbiz_jpg\/LJiau2qPWAcVIRGEDEyBHOBtiaNbcf0wJldH9GCVIExr1Ekv84I1UUpp6xibzQmrGrDiabP40n0IZwiaWG4tDJ76jPA\/0?wx_fmt=jpeg\",\"author\":\"多加\",\"copyright_stat\":101,\"del_flag\":1,\"item_show_type\":0,\"audio_fileid\":0,\"duration\":0,\"play_url\":\"\",\"malicious_title_reason_id\":0,\"malicious_content_type\":0},{\"title\":\"热点|借助世界超级IP的顶流，一大波机器人产品早已走在路上\",\"digest\":\"借助超级IP的顶流效应，中国机器人公司也做出了很多探索。我们来看看。\",\"content\":\"\",\"fileid\":0,\"content_url\":\"http:\/\/mp.weixin.qq.com\/s?__biz=MzI5MzE0NDUzNQ==&amp;mid=2650243582&amp;idx=5&amp;sn=f20d66d35965035315abb2be71b9eda2&amp;chksm=f475b346c3023a50c83327681901ee8b2ed40c3f650578f59f46395c256b009e90b9bd2dc907&amp;scene=27#wechat_redirect\",\"source_url\":\"\",\"cover\":\"http:\/\/mmbiz.qpic.cn\/mmbiz_jpg\/LJiau2qPWAcVIRGEDEyBHOBtiaNbcf0wJl86hQibWnshbD8VKRng81Ycbqic5oZSWgUSaibYCibOtm6uQNLtPJSnwtkA\/0?wx_fmt=jpeg\",\"author\":\"唐德权\",\"copyright_stat\":101,\"del_flag\":1,\"item_show_type\":0,\"audio_fileid\":0,\"duration\":0,\"play_url\":\"\",\"malicious_title_reason_id\":0,\"malicious_content_type\":0}],\"author\":\"Jack\",\"copyright_stat\":11,\"duration\":0,\"del_flag\":1,\"item_show_type\":0,\"audio_fileid\":0,\"play_url\":\"\",\"malicious_title_reason_id\":0,\"malicious_content_type\":0}},{\"comm_msg_info\":{\"id\":1000001818,\"type\":49,\"datetime\":1619939456,\"fakeid\":\"3293144535\",\"status\":2,\"content\":\"\"},\"app_msg_ext_info\":{\"title\":\"Science Robotics封面：轻便低成本、无电子设备驱动的四足软体机器人\",\"digest\":\"代表着向完全自主、无电子行走机器人迈出了重要的一步。\",\"content\":\"\",\"fileid\":502759836,\"content_url\":\"http:\/\/mp.weixin.qq.com\/s?__biz=MzI5MzE0NDUzNQ==&amp;mid=2650243526&amp;idx=1&amp;sn=6e226b930f989eb8eb57c9cd391a1b37&amp;chksm=f475b37ec3023a6853ef5987886f4cca5f2e0713fde5ca6af51ee6b7aa82cd52b557e1c60ed6&amp;scene=27#wechat_redirect\",\"source_url\":\"\",\"cover\":\"http:\/\/mmbiz.qpic.cn\/mmbiz_jpg\/LJiau2qPWAcXaoKFSNb2nOt1TxXnZPSJnwy4z7DVJPIxWRLbsHX8nuM5O1AxesYrflIwLXUDoWqzmfpphjoibw9g\/0?wx_fmt=jpeg\",\"subtype\":9,\"is_multi\":1,\"multi_app_msg_item_list\":[{\"title\":\"快讯|AI玩填字游戏赢全国锦标赛冠军；基辛格：中美应避免因为人工智能而爆发冲突；启玄科技融资千万将推出焊接机器人等\",\"digest\":\"AI玩填字游戏赢全国锦标赛冠军；基辛格：中美应避免因为人工智能而爆发冲突；启玄科技融资千万将推出焊接机器人等\",\"content\":\"\",\"fileid\":0,\"content_url\":\"http:\/\/mp.weixin.qq.com\/s?__biz=MzI5MzE0NDUzNQ==&amp;mid=2650243526&amp;idx=2&amp;sn=2dfdaab3a4fbe362d24617dee88b8d32&amp;chksm=f475b37ec3023a6870b386a5de433ba69c0b043de311a593ee116090b3fab8746baa2b9bb2e0&amp;scene=27#wechat_redirect\",\"source_url\":\"\",\"cover\":\"http:\/\/mmbiz.qpic.cn\/mmbiz_jpg\/LJiau2qPWAcXaoKFSNb2nOt1TxXnZPSJnQZOtA0ICLL9Hw49aAumjia269qf6tCpVhB24EzSic6SpeXVAVBIedw2A\/0?wx_fmt=jpeg\",\"author\":\"\",\"copyright_stat\":100,\"del_flag\":1,\"item_show_type\":0,\"audio_fileid\":0,\"duration\":0,\"play_url\":\"\",\"malicious_title_reason_id\":0,\"malicious_content_type\":0},{\"title\":\"机器人技术人才线上招聘专场−瑞谷机器人\",\"digest\":\"瑞谷机器人（宁波）有限公司由被誉为“北欧机器人硅谷”的瑞典机器人谷Robotdalen 、清华启迪系旗下浙江机器人产业集团及余姚市政府共同发起设立。\",\"content\":\"\",\"fileid\":0,\"content_url\":\"http:\/\/mp.weixin.qq.com\/s?__biz=MzI5MzE0NDUzNQ==&amp;mid=2650243526&amp;idx=3&amp;sn=f76fef2211d6a542793f118837a3c259&amp;chksm=f475b37ec3023a680139348635b5b947a50c4c551d1b6e87708eca86511618d1c414f4ec67ca&amp;scene=27#wechat_redirect\",\"source_url\":\"https:\/\/jinshuju.net\/f\/WuSjS6\",\"cover\":\"http:\/\/mmbiz.qpic.cn\/mmbiz_jpg\/LJiau2qPWAcXaoKFSNb2nOt1TxXnZPSJn8ssFBjibyicMiaX5ZIPUOt8KeUq3ofGvXoezfsMicibibdKVoaggM1FAhuVw\/0?wx_fmt=jpeg\",\"author\":\"\",\"copyright_stat\":100,\"del_flag\":1,\"item_show_type\":0,\"audio_fileid\":0,\"duration\":0,\"play_url\":\"\",\"malicious_title_reason_id\":0,\"malicious_content_type\":0},{\"title\":\"热点|扛鼎之作！Twitter 图机器学习大牛发表160页论文：以几何学视角统一深度学习\",\"digest\":\"本文是Michael Bronstein对论文的精华介绍。\",\"content\":\"\",\"fileid\":0,\"content_url\":\"http:\/\/mp.weixin.qq.com\/s?__biz=MzI5MzE0NDUzNQ==&amp;mid=2650243526&amp;idx=4&amp;sn=d5f76513a735c463961e202d715cfbe0&amp;chksm=f475b37ec3023a68cee146da0dbf8e0b5a2ad417f7c6c1ec62b04779c48c5d6f36713acf4490&amp;scene=27#wechat_redirect\",\"source_url\":\"\",\"cover\":\"http:\/\/mmbiz.qpic.cn\/mmbiz_jpg\/LJiau2qPWAcXaoKFSNb2nOt1TxXnZPSJncib0I6fD4DsYEA7BuH2ibic8bL9J8tQGUquibyjVkoQN5ElxSicpkVCVSmw\/0?wx_fmt=jpeg\",\"author\":\"\",\"copyright_stat\":100,\"del_flag\":1,\"item_show_type\":0,\"audio_fileid\":0,\"duration\":0,\"play_url\":\"\",\"malicious_title_reason_id\":0,\"malicious_content_type\":0},{\"title\":\"前沿|27岁辽宁女孩研发可拉伸分布式光纤传感器，一作身份在Science发表全新DFOS系统研究，师从康奈尔机器人权威\",\"digest\":\"相关研究以《可拉伸的分布式光纤传感器》为题发表在 Science 上\",\"content\":\"\",\"fileid\":0,\"content_url\":\"http:\/\/mp.weixin.qq.com\/s?__biz=MzI5MzE0NDUzNQ==&amp;mid=2650243526&amp;idx=5&amp;sn=d477693dbd3e5872402c25dea9ee096d&amp;chksm=f475b37ec3023a6897c69b6b6bf43899ccd7ec873aefe0a86004bbb397722dd354d0b863adbe&amp;scene=27#wechat_redirect\",\"source_url\":\"\",\"cover\":\"http:\/\/mmbiz.qpic.cn\/mmbiz_jpg\/LJiau2qPWAcXaoKFSNb2nOt1TxXnZPSJnPu9IRhAXLkU1Wxiav1rYGT3FPXibuJKiadC7iavzpne43goCY8ibzgl3ZuA\/0?wx_fmt=jpeg\",\"author\":\"Ruth\",\"copyright_stat\":101,\"del_flag\":1,\"item_show_type\":0,\"audio_fileid\":0,\"duration\":0,\"play_url\":\"\",\"malicious_title_reason_id\":0,\"malicious_content_type\":0}],\"author\":\"\",\"copyright_stat\":100,\"duration\":0,\"del_flag\":1,\"item_show_type\":0,\"audio_fileid\":0,\"play_url\":\"\",\"malicious_title_reason_id\":0,\"malicious_content_type\":0}},{\"comm_msg_info\":{\"id\":1000001817,\"type\":49,\"datetime\":1619854706,\"fakeid\":\"3293144535\",\"status\":2,\"content\":\"\"},\"app_msg_ext_info\":{\"title\":\"致敬，从工人到机器人，时代与劳动者的变迁\",\"digest\":\"机器换人对于就业、收入的影响究竟有多大？\",\"content\":\"\",\"fileid\":0,\"content_url\":\"http:\/\/mp.weixin.qq.com\/s?__biz=MzI5MzE0NDUzNQ==&amp;mid=2650243468&amp;idx=1&amp;sn=8546555346261632e1ea106de99cda2d&amp;chksm=f475b334c3023a22d8b733d9294c46dca5cad258cfc6be83474a97ee7fc567a2a1141c208d99&amp;scene=27#wechat_redirect\",\"source_url\":\"\",\"cover\":\"http:\/\/mmbiz.qpic.cn\/mmbiz_jpg\/LJiau2qPWAcXhuU2qRKoKV2Hxx96gD4icJibPhBVdvpKH6kwt0jXXx3ibOMSOZkIhspAF1etXap33U3KHj90Tduqdw\/0?wx_fmt=jpeg\",\"subtype\":9,\"is_multi\":1,\"multi_app_msg_item_list\":[{\"title\":\"快讯|自动化所研发仿豹鲂鮄机器鱼；2021年我国机器人密度预计将突破130台\/万人等\",\"digest\":\"自动化所研发仿豹鲂鮄机器鱼；2021年我国机器人密度预计将突破130台\/万人等\",\"content\":\"\",\"fileid\":0,\"content_url\":\"http:\/\/mp.weixin.qq.com\/s?__biz=MzI5MzE0NDUzNQ==&amp;mid=2650243468&amp;idx=2&amp;sn=c997ad37ca2973b8f643ca092f62c35f&amp;chksm=f475b334c3023a22303736d8cd6feeb024eb6e6f54e35cffa4892655064dadd3693900f129e5&amp;scene=27#wechat_redirect\",\"source_url\":\"\",\"cover\":\"http:\/\/mmbiz.qpic.cn\/mmbiz_jpg\/LJiau2qPWAcXhuU2qRKoKV2Hxx96gD4icJSC0kbMia1cicpORiaOj7PTC6ugn1FIK0j9GnUzfkaNf2RnR53wpc0r7jw\/0?wx_fmt=jpeg\",\"author\":\"\",\"copyright_stat\":100,\"del_flag\":1,\"item_show_type\":0,\"audio_fileid\":0,\"duration\":0,\"play_url\":\"\",\"malicious_title_reason_id\":0,\"malicious_content_type\":0},{\"title\":\"机器人大讲堂专场招聘——杭州程天科技\",\"digest\":\"杭州程天科技发展有限公司于2017年1月成立，是一家集研发、生产和销售为一体的科技型企业。\",\"content\":\"\",\"fileid\":502759816,\"content_url\":\"http:\/\/mp.weixin.qq.com\/s?__biz=MzI5MzE0NDUzNQ==&amp;mid=2650243468&amp;idx=3&amp;sn=a9d63d6b6f678195c5a0ac817f38af41&amp;chksm=f475b334c3023a2254bca02354b824422718bd665c28ca5b9bc2946e1e86ce8fc6a643238c1d&amp;scene=27#wechat_redirect\",\"source_url\":\"https:\/\/jinshuju.net\/f\/WuSjS6\",\"cover\":\"http:\/\/mmbiz.qpic.cn\/mmbiz_jpg\/LJiau2qPWAcXhuU2qRKoKV2Hxx96gD4icJ23uyppCv5avIyhBnVlqKeNP3F2B4tD9Ql715micacdWfIiaANO88IPhg\/0?wx_fmt=jpeg\",\"author\":\"\",\"copyright_stat\":100,\"del_flag\":1,\"item_show_type\":0,\"audio_fileid\":0,\"duration\":0,\"play_url\":\"\",\"malicious_title_reason_id\":0,\"malicious_content_type\":0},{\"title\":\"前沿|哈工大团队发明 “体温发电机”，可实时为LED灯供电，未来穿戴设备不再需要电池？\",\"digest\":\"你有没有想过，利用人体体温也能发电呢？\",\"content\":\"\",\"fileid\":0,\"content_url\":\"http:\/\/mp.weixin.qq.com\/s?__biz=MzI5MzE0NDUzNQ==&amp;mid=2650243468&amp;idx=4&amp;sn=cc19e1f9aa19c4ed1f943393f9d05f79&amp;chksm=f475b334c3023a225a4422415f588f11d921ad68eccf1a07f4a42c0a876be71301316458571f&amp;scene=27#wechat_redirect\",\"source_url\":\"\",\"cover\":\"http:\/\/mmbiz.qpic.cn\/mmbiz_jpg\/LJiau2qPWAcXhuU2qRKoKV2Hxx96gD4icJVQjChF563icZQmX4hZUT6POeBhYT1uGFsVLU1hicwJiaAAeT21AL0Xk7w\/0?wx_fmt=jpeg\",\"author\":\"学术头条\",\"copyright_stat\":101,\"del_flag\":1,\"item_show_type\":0,\"audio_fileid\":0,\"duration\":0,\"play_url\":\"\",\"malicious_title_reason_id\":0,\"malicious_content_type\":0},{\"title\":\"产业|确实先进，走进梅赛德斯奔驰56号未来工厂\",\"digest\":\"今天咱们就来看看这座工厂到底是什么样子\",\"content\":\"\",\"fileid\":0,\"content_url\":\"http:\/\/mp.weixin.qq.com\/s?__biz=MzI5MzE0NDUzNQ==&amp;mid=2650243468&amp;idx=5&amp;sn=6db19b492c411dfe384fd451f0c7c297&amp;chksm=f475b334c3023a229ec4d3ad17274757c8f2b07ec840e1c9ca1d6583ef850cdc340c14561e05&amp;scene=27#wechat_redirect\",\"source_url\":\"\",\"cover\":\"http:\/\/mmbiz.qpic.cn\/mmbiz_jpg\/LJiau2qPWAcXhuU2qRKoKV2Hxx96gD4icJruueIicibccKRiagfdZZUV8iavGTBuS8KRCzoTEX1siaRYL6xzSnR5IL5YQ\/0?wx_fmt=jpeg\",\"author\":\"\",\"copyright_stat\":100,\"del_flag\":1,\"item_show_type\":0,\"audio_fileid\":0,\"duration\":0,\"play_url\":\"\",\"malicious_title_reason_id\":0,\"malicious_content_type\":0}],\"author\":\"Jack\",\"copyright_stat\":11,\"duration\":0,\"del_flag\":1,\"item_show_type\":0,\"audio_fileid\":0,\"play_url\":\"\",\"malicious_title_reason_id\":0,\"malicious_content_type\":0}},{\"comm_msg_info\":{\"id\":1000001816,\"type\":49,\"datetime\":1619760696,\"fakeid\":\"3293144535\",\"status\":2,\"content\":\"\"},\"app_msg_ext_info\":{\"title\":\"重磅|人造肌肉登顶刊！模拟DNA超螺旋，微型机器人机械驱动更高效\",\"digest\":\"可用于无创手术。\",\"content\":\"\",\"fileid\":502759753,\"content_url\":\"http:\/\/mp.weixin.qq.com\/s?__biz=MzI5MzE0NDUzNQ==&amp;mid=2650243413&amp;idx=1&amp;sn=6e698fa2c8edcfd41c3bd4d560a3ff25&amp;chksm=f475b3edc3023afb9a45f0ecb0fd10cbbfe5a2eafaaab249b9c335d16e01cfe8fe716b1ce72c&amp;scene=27#wechat_redirect\",\"source_url\":\"\",\"cover\":\"http:\/\/mmbiz.qpic.cn\/mmbiz_jpg\/LJiau2qPWAcV7aOyNFfgfN2y00lHPWKA7qk6PWd9L1Spl6aafdsftliaJPo9xHHHMPAR1tf29iaKYsTvffD6W5GIQ\/0?wx_fmt=jpeg\",\"subtype\":9,\"is_multi\":1,\"multi_app_msg_item_list\":[{\"title\":\"快讯|纽约警方退回波士顿动力机器狗；华为公布车用智能机器人专利，或成司机“语音秘书”等\",\"digest\":\"纽约警方退回波士顿动力机器狗；华为公布车用智能机器人专利，或成司机“语音秘书”等\",\"content\":\"\",\"fileid\":0,\"content_url\":\"http:\/\/mp.weixin.qq.com\/s?__biz=MzI5MzE0NDUzNQ==&amp;mid=2650243413&amp;idx=2&amp;sn=01bbfcfa8642794854257b8d3389d2ba&amp;chksm=f475b3edc3023afb22bf9714f34ae6440dbbff9a9de2ea334f0965e51b14d8c056d264a6969a&amp;scene=27#wechat_redirect\",\"source_url\":\"\",\"cover\":\"http:\/\/mmbiz.qpic.cn\/mmbiz_jpg\/LJiau2qPWAcV7aOyNFfgfN2y00lHPWKA7UWcl8axI85H6argf5nvAiat6MJe92M6ezAGzX7DQYSRqwbhmWRnReeA\/0?wx_fmt=jpeg\",\"author\":\"\",\"copyright_stat\":100,\"del_flag\":1,\"item_show_type\":0,\"audio_fileid\":0,\"duration\":0,\"play_url\":\"\",\"malicious_title_reason_id\":0,\"malicious_content_type\":0},{\"title\":\"2021“上海科技青年35人引领计划”昨晚举行颁奖典礼BITO CEO龚超慧荣耀入选，张文宏等大咖前来交流分享\",\"digest\":\"2021年4月28日晚2021“上海科技青年35人引领计划”颁奖典礼在上海音乐厅隆重举行\",\"content\":\"\",\"fileid\":0,\"content_url\":\"http:\/\/mp.weixin.qq.com\/s?__biz=MzI5MzE0NDUzNQ==&amp;mid=2650243413&amp;idx=3&amp;sn=b41c711b2020c2b6ff4bffdf43135582&amp;chksm=f475b3edc3023afbfc378946524d27602a9f3e9b6b63ab4b29604b83d786c16fd029dbaadbf1&amp;scene=27#wechat_redirect\",\"source_url\":\"\",\"cover\":\"http:\/\/mmbiz.qpic.cn\/mmbiz_jpg\/LJiau2qPWAcV7aOyNFfgfN2y00lHPWKA7D4j8EBdpyIk06nq4QejKCjp1kzZhwMFZbAEc3FZCCd58zYGcgDulHg\/0?wx_fmt=jpeg\",\"author\":\"BITO\",\"copyright_stat\":101,\"del_flag\":1,\"item_show_type\":0,\"audio_fileid\":0,\"duration\":0,\"play_url\":\"\",\"malicious_title_reason_id\":0,\"malicious_content_type\":0},{\"title\":\"产业|车企纷纷入局无人机，小鹏、东风汽车、吉利科技推飞行器\",\"digest\":\"在互联网企业纷纷进军造车领域的同时，汽车制造企业则向更广阔的天空伸出了试探的手。\",\"content\":\"\",\"fileid\":0,\"content_url\":\"http:\/\/mp.weixin.qq.com\/s?__biz=MzI5MzE0NDUzNQ==&amp;mid=2650243413&amp;idx=4&amp;sn=ff8d345263b21ba77f84863d2a3d0d6d&amp;chksm=f475b3edc3023afb0ffc0ac3757eee1f0d33fdfa6159f701db1dbe948a01b655c395f12ba5f6&amp;scene=27#wechat_redirect\",\"source_url\":\"\",\"cover\":\"http:\/\/mmbiz.qpic.cn\/mmbiz_jpg\/LJiau2qPWAcV7aOyNFfgfN2y00lHPWKA7wf9GOmtfWETb9CNLwxXuL5yeAicfZR6yZ5wKD9Gicc8FguG4JNYfia69A\/0?wx_fmt=jpeg\",\"author\":\"\",\"copyright_stat\":100,\"del_flag\":1,\"item_show_type\":0,\"audio_fileid\":0,\"duration\":0,\"play_url\":\"\",\"malicious_title_reason_id\":0,\"malicious_content_type\":0},{\"title\":\"华数大负载系列机器人，搬运码垛领域的顶尖好手\",\"digest\":\"国产之光|华数机器人助力企业实现生产自动化和智能化\",\"content\":\"\",\"fileid\":0,\"content_url\":\"http:\/\/mp.weixin.qq.com\/s?__biz=MzI5MzE0NDUzNQ==&amp;mid=2650243413&amp;idx=5&amp;sn=5b89f142d8b604ccadb181c3fc317741&amp;chksm=f475b3edc3023afb64616dc33ef78feb81a5faa8fa612a9da9fb8e36553b56e7a866872b1ea8&amp;scene=27#wechat_redirect\",\"source_url\":\"\",\"cover\":\"http:\/\/mmbiz.qpic.cn\/mmbiz_jpg\/LJiau2qPWAcV7aOyNFfgfN2y00lHPWKA7ticukE57G8ww2sbeT7iaz8R1z0skLVMrt23aCUCCHeZheT4canuVbmEQ\/0?wx_fmt=jpeg\",\"author\":\"\",\"copyright_stat\":100,\"del_flag\":1,\"item_show_type\":0,\"audio_fileid\":0,\"duration\":0,\"play_url\":\"\",\"malicious_title_reason_id\":0,\"malicious_content_type\":0}],\"author\":\"\",\"copyright_stat\":100,\"duration\":0,\"del_flag\":1,\"item_show_type\":0,\"audio_fileid\":0,\"play_url\":\"\",\"malicious_title_reason_id\":0,\"malicious_content_type\":0}},{\"comm_msg_info\":{\"id\":1000001815,\"type\":49,\"datetime\":1619684281,\"fakeid\":\"3293144535\",\"status\":2,\"content\":\"\"},\"app_msg_ext_info\":{\"title\":\"藤成精？斯坦福大学“钻洞”机器人像植物一样自由生长，利用障碍物规划方向\",\"digest\":\"时隔四年，卷土重来，它给大家带来了什么惊喜？\",\"content\":\"\",\"fileid\":502759652,\"content_url\":\"http:\/\/mp.weixin.qq.com\/s?__biz=MzI5MzE0NDUzNQ==&amp;mid=2650243350&amp;idx=1&amp;sn=259b2d6c5db8eb64b5432ce0cd8c65b3&amp;chksm=f475b3aec3023ab89df6ce560c3ad234265e56e806140e6cebc978791a55ba729434f99dcc98&amp;scene=27#wechat_redirect\",\"source_url\":\"\",\"cover\":\"http:\/\/mmbiz.qpic.cn\/mmbiz_jpg\/LJiau2qPWAcUURQyj09eB36jqGgHx20Za8taIS3ibG7t3KheQfRLC8aFDKyLLMIWJA4sgNz9vWF5KwNBrfosroeQ\/0?wx_fmt=jpeg\",\"subtype\":9,\"is_multi\":1,\"multi_app_msg_item_list\":[{\"title\":\"快讯|中国史上最大航天器 “天和”号空间站核心舱发射成功；丰田以5.5亿美元收购Lyft的自动驾驶部门等\",\"digest\":\"中国史上最大航天器 “天和”号空间站核心舱发射成功；丰田以5.5亿美元收购Lyft的自动驾驶部门等\",\"content\":\"\",\"fileid\":0,\"content_url\":\"http:\/\/mp.weixin.qq.com\/s?__biz=MzI5MzE0NDUzNQ==&amp;mid=2650243350&amp;idx=2&amp;sn=bb7065fa279c02e416bcbad7ee9d00c2&amp;chksm=f475b3aec3023ab8e9e7b80a25b1dded9b8c1f364693512107cbb2b4f0a375aa3f136903cd34&amp;scene=27#wechat_redirect\",\"source_url\":\"\",\"cover\":\"http:\/\/mmbiz.qpic.cn\/mmbiz_jpg\/LJiau2qPWAcUURQyj09eB36jqGgHx20ZaMuJ7PnGV4V4R2TSiaNRMuEicsRHdkwDQicH80pfKib74pGdzXruVsDN4NA\/0?wx_fmt=jpeg\",\"author\":\"\",\"copyright_stat\":100,\"del_flag\":1,\"item_show_type\":0,\"audio_fileid\":0,\"duration\":0,\"play_url\":\"\",\"malicious_title_reason_id\":0,\"malicious_content_type\":0},{\"title\":\"前沿|「蚂蚁呀嘿」克星来了！中科院23岁博士生开发「听音识人」，准确率近90%\",\"digest\":\"听音识人这项黑科技被中科院23岁博士带到了现实，还可以有效防止视频诈骗！\",\"content\":\"\",\"fileid\":0,\"content_url\":\"http:\/\/mp.weixin.qq.com\/s?__biz=MzI5MzE0NDUzNQ==&amp;mid=2650243350&amp;idx=3&amp;sn=2493f6e275132855ea56c167db335674&amp;chksm=f475b3aec3023ab8e05b62b075e70bba300efadac18b9c070bd798f31bf90e6b033749123e3d&amp;scene=27#wechat_redirect\",\"source_url\":\"\",\"cover\":\"http:\/\/mmbiz.qpic.cn\/mmbiz_jpg\/LJiau2qPWAcVxYKmJjQjibicLmX9FUSEb32ibtzJle1ANycBXcL33RcysibO7wFqZGcV4IptXtf2BEGFGJ5BoqetpWg\/0?wx_fmt=jpeg\",\"author\":\"\",\"copyright_stat\":100,\"del_flag\":1,\"item_show_type\":0,\"audio_fileid\":0,\"duration\":0,\"play_url\":\"\",\"malicious_title_reason_id\":0,\"malicious_content_type\":0},{\"title\":\"热点|一秒刹停！让特斯拉都「拜服」的无人车，竟送起了外卖！\",\"digest\":\"这款无人配送车，到底使用了什么样的「黑科技」？\",\"content\":\"\",\"fileid\":0,\"content_url\":\"http:\/\/mp.weixin.qq.com\/s?__biz=MzI5MzE0NDUzNQ==&amp;mid=2650243350&amp;idx=4&amp;sn=81e02731dc4afcb97ec8bfc3567f9e25&amp;chksm=f475b3aec3023ab81b039c7917bc588803c428c8a81767fe9e22907eb738114667f1dd68a876&amp;scene=27#wechat_redirect\",\"source_url\":\"\",\"cover\":\"http:\/\/mmbiz.qpic.cn\/mmbiz_jpg\/LJiau2qPWAcUURQyj09eB36jqGgHx20ZaibibzicCV6xpDHYnoLeCzKWZvTQHpAQnWwAhszgkcFdCxkVxmZ2v5fggw\/0?wx_fmt=jpeg\",\"author\":\"\",\"copyright_stat\":100,\"del_flag\":1,\"item_show_type\":0,\"audio_fileid\":0,\"duration\":0,\"play_url\":\"\",\"malicious_title_reason_id\":0,\"malicious_content_type\":0},{\"title\":\"直击现场！2021第一届粤港澳大湾区新能源汽车产业高峰论坛\",\"digest\":\"第一届粤港澳大湾区新能源汽车产业高峰论坛”在东莞长安国际酒店盛大举行！\",\"content\":\"\",\"fileid\":0,\"content_url\":\"http:\/\/mp.weixin.qq.com\/s?__biz=MzI5MzE0NDUzNQ==&amp;mid=2650243350&amp;idx=5&amp;sn=658e2d8370f4726b7f1de54c1dbcb201&amp;chksm=f475b3aec3023ab87f249dd3e35751effea50789d9e36cf6f1496d0e3241f345e52c214e375e&amp;scene=27#wechat_redirect\",\"source_url\":\"\",\"cover\":\"http:\/\/mmbiz.qpic.cn\/mmbiz_jpg\/LJiau2qPWAcUURQyj09eB36jqGgHx20ZaNW69wLxhfHK8YGGVG5EJd0zD3a19MzV76wOY0JNHrKSoiceztSNK6Kw\/0?wx_fmt=jpeg\",\"author\":\"\",\"copyright_stat\":100,\"del_flag\":1,\"item_show_type\":0,\"audio_fileid\":0,\"duration\":0,\"play_url\":\"\",\"malicious_title_reason_id\":0,\"malicious_content_type\":0}],\"author\":\"Robospeak\",\"copyright_stat\":11,\"duration\":0,\"del_flag\":1,\"item_show_type\":0,\"audio_fileid\":0,\"play_url\":\"\",\"malicious_title_reason_id\":0,\"malicious_content_type\":0}},{\"comm_msg_info\":{\"id\":1000001814,\"type\":49,\"datetime\":1619607575,\"fakeid\":\"3293144535\",\"status\":2,\"content\":\"\"},\"app_msg_ext_info\":{\"title\":\"95后UCB华人博士开发「机器导盲犬」，本科浙大拟回国内「机器人圈儿」发展\",\"digest\":\"训练一只导盲犬费时又费力，试一下「机器导盲犬」如何？\",\"content\":\"\",\"fileid\":502759628,\"content_url\":\"http:\/\/mp.weixin.qq.com\/s?__biz=MzI5MzE0NDUzNQ==&amp;mid=2650243297&amp;idx=1&amp;sn=ef0536c45b018c07a482136ce815177b&amp;chksm=f475b259c3023b4f847bd3765cd29a427316b4b937a93995a4e0699ea64376db8c6ce9139990&amp;scene=27#wechat_redirect\",\"source_url\":\"\",\"cover\":\"http:\/\/mmbiz.qpic.cn\/mmbiz_jpg\/LJiau2qPWAcVxYKmJjQjibicLmX9FUSEb3251svv6PFniaRA8H1JlklqvWbvP0ww8tUxmDykZPicE9qeqonPvnXykPA\/0?wx_fmt=jpeg\",\"subtype\":9,\"is_multi\":1,\"multi_app_msg_item_list\":[{\"title\":\"快讯|美国陆军大力引入战斗机器人；联核科技获新松机器人数千万元战略投资；美的库卡二期项目启动等\",\"digest\":\"美国陆军大力引入战斗机器人；联核科技获新松机器人数千万元战略投资；美的库卡二期项目启动等\",\"content\":\"\",\"fileid\":0,\"content_url\":\"http:\/\/mp.weixin.qq.com\/s?__biz=MzI5MzE0NDUzNQ==&amp;mid=2650243297&amp;idx=2&amp;sn=0c50b3161cd204b63387ba0845274614&amp;chksm=f475b259c3023b4fd4094471b8f6ae56d8e78ba266bc48f250290499d28506dc7cf537556697&amp;scene=27#wechat_redirect\",\"source_url\":\"\",\"cover\":\"http:\/\/mmbiz.qpic.cn\/mmbiz_jpg\/LJiau2qPWAcVxYKmJjQjibicLmX9FUSEb32B9u8C3ib3LfUbyeiare6icRwEjaeqADEyRybJTXUnSmmWP7icx1pJuaibgQ\/0?wx_fmt=jpeg\",\"author\":\"\",\"copyright_stat\":100,\"del_flag\":1,\"item_show_type\":0,\"audio_fileid\":0,\"duration\":0,\"play_url\":\"\",\"malicious_title_reason_id\":0,\"malicious_content_type\":0},{\"title\":\"热点|等等，那头猪还不想被吃！这个系统能读懂猪的6种情绪，读图3780张，成功率85%多长的路要走？\",\"digest\":\"从耳朵识情绪，你养的猪感受到压力了吗？\",\"content\":\"\",\"fileid\":0,\"content_url\":\"http:\/\/mp.weixin.qq.com\/s?__biz=MzI5MzE0NDUzNQ==&amp;mid=2650243297&amp;idx=3&amp;sn=1b52095af37f071495e2e15fce176a8b&amp;chksm=f475b259c3023b4faffd1e9b5a063a5e754ef972020717031e18d5acc99e8743bf9029b669db&amp;scene=27#wechat_redirect\",\"source_url\":\"\",\"cover\":\"http:\/\/mmbiz.qpic.cn\/mmbiz_jpg\/LJiau2qPWAcVxYKmJjQjibicLmX9FUSEb32u3tsNVlXl2LJOPDGqK5695q6ibyRskeGtwtO0TaYQloCXorsdndUV4A\/0?wx_fmt=jpeg\",\"author\":\"文摘菌\",\"copyright_stat\":101,\"del_flag\":1,\"item_show_type\":0,\"audio_fileid\":0,\"duration\":0,\"play_url\":\"\",\"malicious_title_reason_id\":0,\"malicious_content_type\":0},{\"title\":\"热点|像人一样自然流畅地说话，下一代智能对话系统还有多长的路要走？\",\"digest\":\"下一代智能对话系统还有多长的路要走？\",\"content\":\"\",\"fileid\":0,\"content_url\":\"http:\/\/mp.weixin.qq.com\/s?__biz=MzI5MzE0NDUzNQ==&amp;mid=2650243297&amp;idx=4&amp;sn=8919db86513ea56bc36f13ff29d6530e&amp;chksm=f475b259c3023b4fdb257e449044e563a152107ec0d62c7cca2e30a6d1d6a76bfc030a677401&amp;scene=27#wechat_redirect\",\"source_url\":\"\",\"cover\":\"http:\/\/mmbiz.qpic.cn\/mmbiz_jpg\/LJiau2qPWAcVxYKmJjQjibicLmX9FUSEb32k7pEFvI7TptvgJAGscss5zSNjaaROfqz3nHEwBWNl0ib1gib68YV0rMg\/0?wx_fmt=jpeg\",\"author\":\"\",\"copyright_stat\":100,\"del_flag\":1,\"item_show_type\":0,\"audio_fileid\":0,\"duration\":0,\"play_url\":\"\",\"malicious_title_reason_id\":0,\"malicious_content_type\":0}],\"author\":\"\",\"copyright_stat\":100,\"duration\":0,\"del_flag\":1,\"item_show_type\":0,\"audio_fileid\":0,\"play_url\":\"\",\"malicious_title_reason_id\":0,\"malicious_content_type\":0}},{\"comm_msg_info\":{\"id\":1000001813,\"type\":49,\"datetime\":1619501769,\"fakeid\":\"3293144535\",\"status\":2,\"content\":\"\"},\"app_msg_ext_info\":{\"title\":\"波士顿动力Atlas同款算法，加州理工和清华共同设计优化的法国外骨骼机器人\",\"digest\":\"该研究获得了ICRA 2020 最佳论文奖。\",\"content\":\"\",\"fileid\":502759527,\"content_url\":\"http:\/\/mp.weixin.qq.com\/s?__biz=MzI5MzE0NDUzNQ==&amp;mid=2650243212&amp;idx=1&amp;sn=391153c155e3b1563242f1a1951ea528&amp;chksm=f475b234c3023b22a5d9535a344dca4e9bbd49929c484102d05dc308617e318fa531882f36c3&amp;scene=27#wechat_redirect\",\"source_url\":\"\",\"cover\":\"http:\/\/mmbiz.qpic.cn\/mmbiz_jpg\/LJiau2qPWAcUhcZs79YW1NJ6V74iaPls3ew4MFvQXMl0xdncbYoyEaMXzaxUYJrRxsC8ibdDz6PvmjiaEeiciaic7TAOA\/0?wx_fmt=jpeg\",\"subtype\":9,\"is_multi\":1,\"multi_app_msg_item_list\":[{\"title\":\"集萃智造分享 | 服务机器人电机设计需要注意什么？\",\"digest\":\"扫描文中二维码，即可免费获得技术解决方案和试用。\",\"content\":\"\",\"fileid\":0,\"content_url\":\"http:\/\/mp.weixin.qq.com\/s?__biz=MzI5MzE0NDUzNQ==&amp;mid=2650243212&amp;idx=2&amp;sn=dac7d8452ef53b260c9d40699086c62a&amp;chksm=f475b234c3023b22b901fd2dee7b45bf475dbfabcfcfa587bace43587f99d22109cf513169a8&amp;scene=27#wechat_redirect\",\"source_url\":\"\",\"cover\":\"http:\/\/mmbiz.qpic.cn\/mmbiz_jpg\/LJiau2qPWAcUhcZs79YW1NJ6V74iaPls3eP7ZPx6icnZSPdHIwnIia16PbcttOIMUDFeX4HlxSGiaDBicfbgapQXx9rQ\/0?wx_fmt=jpeg\",\"author\":\"小萃\",\"copyright_stat\":101,\"del_flag\":1,\"item_show_type\":0,\"audio_fileid\":0,\"duration\":0,\"play_url\":\"\",\"malicious_title_reason_id\":0,\"malicious_content_type\":0},{\"title\":\"快讯|“AI”有望替代人工鉴黄师；可代替机长驾驶飞机的机器人；北大清华联手开设通用AI实验班等\",\"digest\":\"“AI”有望替代人工鉴黄师；可代替机长驾驶飞机的机器人；北大清华联手开设通用AI实验班等\",\"content\":\"\",\"fileid\":0,\"content_url\":\"http:\/\/mp.weixin.qq.com\/s?__biz=MzI5MzE0NDUzNQ==&amp;mid=2650243212&amp;idx=3&amp;sn=0aaeaf11d9d703028c46db9dd3270dd5&amp;chksm=f475b234c3023b22810d7ac9546d8126a7beced58d675abab867fe927813fcb2712dbc7c4396&amp;scene=27#wechat_redirect\",\"source_url\":\"\",\"cover\":\"http:\/\/mmbiz.qpic.cn\/mmbiz_jpg\/LJiau2qPWAcUhcZs79YW1NJ6V74iaPls3eROVbhAWkUdwOjCzaeJYGtB3NpCLdrh2VicQQaNz7zvgsZwibwVzIDHLQ\/0?wx_fmt=jpeg\",\"author\":\"\",\"copyright_stat\":100,\"del_flag\":1,\"item_show_type\":0,\"audio_fileid\":0,\"duration\":0,\"play_url\":\"\",\"malicious_title_reason_id\":0,\"malicious_content_type\":0},{\"title\":\"前沿|新研究！通过神经信号控制假肢有了更多可能\",\"digest\":\"无论是站立还是移动，志愿者实现动作的稳定性都超出了预期。\",\"content\":\"\",\"fileid\":0,\"content_url\":\"http:\/\/mp.weixin.qq.com\/s?__biz=MzI5MzE0NDUzNQ==&amp;mid=2650243212&amp;idx=4&amp;sn=59a545a7c2160ee1b9cb0cad664ec758&amp;chksm=f475b234c3023b2240bc448358975c9447a30d2e9439857cf0745774a69ef8a1eaa8f71c8a90&amp;scene=27#wechat_redirect\",\"source_url\":\"\",\"cover\":\"http:\/\/mmbiz.qpic.cn\/mmbiz_jpg\/LJiau2qPWAcUhcZs79YW1NJ6V74iaPls3e27h2hAJ7zZQZmJ845aoYZljzjI158S6szP73Y3qJGZ1iakkLKk6ID0g\/0?wx_fmt=jpeg\",\"author\":\"\",\"copyright_stat\":100,\"del_flag\":1,\"item_show_type\":0,\"audio_fileid\":0,\"duration\":0,\"play_url\":\"\",\"malicious_title_reason_id\":0,\"malicious_content_type\":0}],\"author\":\"Robospeak\",\"copyright_stat\":11,\"duration\":0,\"del_flag\":1,\"item_show_type\":0,\"audio_fileid\":0,\"play_url\":\"\",\"malicious_title_reason_id\":0,\"malicious_content_type\":0}},{\"comm_msg_info\":{\"id\":1000001812,\"type\":49,\"datetime\":1619407059,\"fakeid\":\"3293144535\",\"status\":2,\"content\":\"\"},\"app_msg_ext_info\":{\"title\":\"三个月融资两轮，一年卖出超50万台，资本看中了这家企业什么？\",\"digest\":\"3年出货量增长300%！一年卖出50万台！资本持续加注！\",\"content\":\"\",\"fileid\":0,\"content_url\":\"http:\/\/mp.weixin.qq.com\/s?__biz=MzI5MzE0NDUzNQ==&amp;mid=2650243174&amp;idx=1&amp;sn=5285005dfb2c87fc7b78ad653bc5eb2b&amp;chksm=f475b2dec3023bc866ba9f1414b12e06cebe471be8b2c42968e721d251f1f281e1df2f3daac3&amp;scene=27#wechat_redirect\",\"source_url\":\"\",\"cover\":\"http:\/\/mmbiz.qpic.cn\/mmbiz_jpg\/LJiau2qPWAcViaayGpNd8WcchzjdJ0kMVicJc9t9OCCo7I4ficIia7QzQVHKJUaDPP66WK6uwzVibrwbPibtXBxd03RGg\/0?wx_fmt=jpeg\",\"subtype\":9,\"is_multi\":1,\"multi_app_msg_item_list\":[{\"title\":\"艾利特机器人完成2亿元B1轮融资，加速协作机器人全球化规模落地\",\"digest\":\"本轮融资的完成，标志着艾利特机器人迈入了加速发展的新阶段。\",\"content\":\"\",\"fileid\":0,\"content_url\":\"http:\/\/mp.weixin.qq.com\/s?__biz=MzI5MzE0NDUzNQ==&amp;mid=2650243174&amp;idx=2&amp;sn=fbce75050990fc22100bcee68d04e6b9&amp;chksm=f475b2dec3023bc8b7dfb5734b588bacae50c90833af62169082a72aacd56ee1f60d7dfa8f23&amp;scene=27#wechat_redirect\",\"source_url\":\"\",\"cover\":\"http:\/\/mmbiz.qpic.cn\/mmbiz_jpg\/LJiau2qPWAcViaayGpNd8WcchzjdJ0kMVicfVtiaBrmhByLQb6I5yew84aAKnkDThX2jS2kCW6UhRpID66l8GUBUicA\/0?wx_fmt=jpeg\",\"author\":\"\",\"copyright_stat\":100,\"del_flag\":1,\"item_show_type\":0,\"audio_fileid\":0,\"duration\":0,\"play_url\":\"\",\"malicious_title_reason_id\":0,\"malicious_content_type\":0},{\"title\":\"再获NMPA“新证”，程天科技新型号产品重新定义外骨骼\",\"digest\":\"外骨骼智能康复领域的重大突破性进展，推动了外骨骼技术的应用发展。\",\"content\":\"\",\"fileid\":0,\"content_url\":\"http:\/\/mp.weixin.qq.com\/s?__biz=MzI5MzE0NDUzNQ==&amp;mid=2650243174&amp;idx=3&amp;sn=42176e6f229566c1afd6373b62c7ece0&amp;chksm=f475b2dec3023bc85e60f46869206a57cd9ddc85d947e729788778e941ca24b35b3e20fc9394&amp;scene=27#wechat_redirect\",\"source_url\":\"\",\"cover\":\"http:\/\/mmbiz.qpic.cn\/mmbiz_jpg\/LJiau2qPWAcViaayGpNd8WcchzjdJ0kMVicx2uibzTv19r20xibH5D3iciazPRrfPANbBQooRcVxiaTEMEagGsI5ib5ic1Yw\/0?wx_fmt=jpeg\",\"author\":\"\",\"copyright_stat\":100,\"del_flag\":1,\"item_show_type\":0,\"audio_fileid\":0,\"duration\":0,\"play_url\":\"\",\"malicious_title_reason_id\":0,\"malicious_content_type\":0},{\"title\":\"快讯|全球首个火星车数字人发布；机器人可开冰箱取可乐，厨房等百余场景下精准移物；“智睿医药”获近千万元天使轮融资等\",\"digest\":\"全球首个火星车数字人发布；机器人可开冰箱取可乐，厨房等百余场景下精准移物；“智睿医药”获近千万元天使轮融资等\",\"content\":\"\",\"fileid\":0,\"content_url\":\"http:\/\/mp.weixin.qq.com\/s?__biz=MzI5MzE0NDUzNQ==&amp;mid=2650243174&amp;idx=4&amp;sn=1f1174b5ac99e944ee19c6a75297348f&amp;chksm=f475b2dec3023bc800b0ff8d8d6f95f02c080a7091a521b372aeb0daaf09d7e137eb81ddb3ff&amp;scene=27#wechat_redirect\",\"source_url\":\"\",\"cover\":\"http:\/\/mmbiz.qpic.cn\/mmbiz_jpg\/LJiau2qPWAcWebzOF29gNndYolkf94m4BeAhuxVOwqcrbvTxkxennjSibbNPOqcNuSXzDDzaibAt9GGrO6Y6tBJow\/0?wx_fmt=jpeg\",\"author\":\"\",\"copyright_stat\":100,\"del_flag\":1,\"item_show_type\":0,\"audio_fileid\":0,\"duration\":0,\"play_url\":\"\",\"malicious_title_reason_id\":0,\"malicious_content_type\":0}],\"author\":\"Jack\",\"copyright_stat\":11,\"duration\":0,\"del_flag\":1,\"item_show_type\":0,\"audio_fileid\":0,\"play_url\":\"\",\"malicious_title_reason_id\":0,\"malicious_content_type\":0}},{\"comm_msg_info\":{\"id\":1000001811,\"type\":49,\"datetime\":1619349692,\"fakeid\":\"3293144535\",\"status\":2,\"content\":\"\"},\"app_msg_ext_info\":{\"title\":\"可以“劈叉”的中国双足机器人，“风火轮”助力行走稳定，未来可用于救灾！\",\"digest\":\"这个机器人好犀利！\",\"content\":\"\",\"fileid\":502759478,\"content_url\":\"http:\/\/mp.weixin.qq.com\/s?__biz=MzI5MzE0NDUzNQ==&amp;mid=2650243148&amp;idx=1&amp;sn=2ba4960871674581594054a5d591dbfc&amp;chksm=f475b2f4c3023be2de2a7aec6097297c41ad3442f1cb59de795f3372ed1c374c3a8799761722&amp;scene=27#wechat_redirect\",\"source_url\":\"\",\"cover\":\"http:\/\/mmbiz.qpic.cn\/mmbiz_jpg\/LJiau2qPWAcViaayGpNd8WcchzjdJ0kMVicMI3dej1Fef8mFD2yEusdENeTCia0GCtvERia8yPY0sQefgaMDFyJEn7A\/0?wx_fmt=jpeg\",\"subtype\":9,\"is_multi\":1,\"multi_app_msg_item_list\":[{\"title\":\"快讯|人工智能“复活”爱因斯坦；可通过神经自由控制的人体机械骨骼；Pepper机器人通过“自言自语”来更好地完成任务等\",\"digest\":\"人工智能“复活”爱因斯坦；可通过神经自由控制的人体机械骨骼；Pepper机器人通过“自言自语”来更好地完成任务等\",\"content\":\"\",\"fileid\":0,\"content_url\":\"http:\/\/mp.weixin.qq.com\/s?__biz=MzI5MzE0NDUzNQ==&amp;mid=2650243148&amp;idx=2&amp;sn=6edec93b992164a2b5eb2221b6671149&amp;chksm=f475b2f4c3023be28c061e5ea12d0575c8a8439b0b9dfeabcc9c44bcb0c59789eda5d5a4df90&amp;scene=27#wechat_redirect\",\"source_url\":\"\",\"cover\":\"http:\/\/mmbiz.qpic.cn\/mmbiz_jpg\/LJiau2qPWAcViaayGpNd8WcchzjdJ0kMViclOYIpQWSicRtx51IgAlHJ9LbMj4qv7wzYqvoJANG1HobXKOqzC5ibakA\/0?wx_fmt=jpeg\",\"author\":\"\",\"copyright_stat\":100,\"del_flag\":1,\"item_show_type\":0,\"audio_fileid\":0,\"duration\":0,\"play_url\":\"\",\"malicious_title_reason_id\":0,\"malicious_content_type\":0},{\"title\":\"行业|2021-2030 无人机行业十大发展趋势\",\"digest\":\"接下来的5-10年，消费类和行业&amp;专业民用无人机的发展趋势如何呢？\",\"content\":\"\",\"fileid\":0,\"content_url\":\"http:\/\/mp.weixin.qq.com\/s?__biz=MzI5MzE0NDUzNQ==&amp;mid=2650243148&amp;idx=3&amp;sn=318891fbb55e19621a60fb257ea1658c&amp;chksm=f475b2f4c3023be233cc2e58c4251cfbe5777ff2d5294f34b4c7872ea70c7b8580412e7a8ce9&amp;scene=27#wechat_redirect\",\"source_url\":\"\",\"cover\":\"http:\/\/mmbiz.qpic.cn\/mmbiz_jpg\/LJiau2qPWAcViaayGpNd8WcchzjdJ0kMVicDVich90XiciaWsdHRaBsQz5cLf7ZVZoAPVe1icONrDqmOPKFrC7fBiaicFrQ\/0?wx_fmt=jpeg\",\"author\":\"\",\"copyright_stat\":100,\"del_flag\":1,\"item_show_type\":0,\"audio_fileid\":0,\"duration\":0,\"play_url\":\"\",\"malicious_title_reason_id\":0,\"malicious_content_type\":0},{\"title\":\"探寻深圳首条5G+工业互联网生产线\",\"digest\":\"由DMP大湾区工业博览会联合欣旺达电子股份有限公司共同举办“探寻深圳首条5G+工业互联网生产线”活动\",\"content\":\"\",\"fileid\":0,\"content_url\":\"http:\/\/mp.weixin.qq.com\/s?__biz=MzI5MzE0NDUzNQ==&amp;mid=2650243148&amp;idx=4&amp;sn=eeac0827406f9b57f4fa1fa9abbf1b87&amp;chksm=f475b2f4c3023be204b0a55580bf986b307355e56af9358c8b76e1e6426559b121afdf30c243&amp;scene=27#wechat_redirect\",\"source_url\":\"\",\"cover\":\"http:\/\/mmbiz.qpic.cn\/mmbiz_jpg\/LJiau2qPWAcViaayGpNd8WcchzjdJ0kMVicWe6AxK7whpOwhX92gHe8DicAM6PFshTBM3ymQ46vnbohlh9vd0S5KWQ\/0?wx_fmt=jpeg\",\"author\":\"\",\"copyright_stat\":100,\"del_flag\":1,\"item_show_type\":0,\"audio_fileid\":0,\"duration\":0,\"play_url\":\"\",\"malicious_title_reason_id\":0,\"malicious_content_type\":0}],\"author\":\"Robospeak\",\"copyright_stat\":100,\"duration\":0,\"del_flag\":1,\"item_show_type\":0,\"audio_fileid\":0,\"play_url\":\"\",\"malicious_title_reason_id\":0,\"malicious_content_type\":0}},{\"comm_msg_info\":{\"id\":1000001810,\"type\":49,\"datetime\":1619245163,\"fakeid\":\"3293144535\",\"status\":2,\"content\":\"\"},\"app_msg_ext_info\":{\"title\":\"希迪智驾发布纯电无人矿卡！携手华为、宁德时代打造矿山无人化解决方案\",\"digest\":\"​当自动驾驶与新能源在矿卡上相结合，会对矿山带来哪些巨大改变呢？\",\"content\":\"\",\"fileid\":0,\"content_url\":\"http:\/\/mp.weixin.qq.com\/s?__biz=MzI5MzE0NDUzNQ==&amp;mid=2650243082&amp;idx=1&amp;sn=a7199fe0effb0371573f62411110cabf&amp;chksm=f475b2b2c3023ba4c4730f96344d00d1da625875b5ab10cbb49dd9aac66c976a1e18c31137db&amp;scene=27#wechat_redirect\",\"source_url\":\"\",\"cover\":\"http:\/\/mmbiz.qpic.cn\/mmbiz_jpg\/LJiau2qPWAcViaZzWoQS5PbOLicmrBmZmGmq1aJQp6mqHVoMIGh02UQGCSG5z5IegJO8jE5YuNJchrfOhS3bUut8A\/0?wx_fmt=jpeg\",\"subtype\":9,\"is_multi\":1,\"multi_app_msg_item_list\":[{\"title\":\"快讯|迪士尼研发《银河护卫队》“格鲁特”机器人；基于骨骼肌的仿生混合软体机器人；“唯迈医疗”完成超3亿元D轮融资等\",\"digest\":\"迪士尼研发《银河护卫队》“格鲁特”机器人；基于骨骼肌的仿生混合软体机器人；“唯迈医疗”完成超3亿元D轮融资等\",\"content\":\"\",\"fileid\":0,\"content_url\":\"http:\/\/mp.weixin.qq.com\/s?__biz=MzI5MzE0NDUzNQ==&amp;mid=2650243082&amp;idx=2&amp;sn=b8d4cd808c3dabf7d105f0378f6e0f84&amp;chksm=f475b2b2c3023ba47fae274a8fa3b4c385b4a3f6e5e1cb669718f49ea7fec1827fdc3b8fc521&amp;scene=27#wechat_redirect\",\"source_url\":\"\",\"cover\":\"http:\/\/mmbiz.qpic.cn\/mmbiz_jpg\/LJiau2qPWAcViaZzWoQS5PbOLicmrBmZmGmjtAib5CsLG7GyJmF9m5cIdm5YcZj9V9v01k37p6ua5cEkqCXfdKYGiaw\/0?wx_fmt=jpeg\",\"author\":\"\",\"copyright_stat\":100,\"del_flag\":1,\"item_show_type\":0,\"audio_fileid\":0,\"duration\":0,\"play_url\":\"\",\"malicious_title_reason_id\":0,\"malicious_content_type\":0},{\"title\":\"热点|3米高度悬停30秒，火星无人机「机智号」首飞成功，1.2万人贡献开源代码\",\"digest\":\"火星上的一小步，人类的一大步。\",\"content\":\"\",\"fileid\":0,\"content_url\":\"http:\/\/mp.weixin.qq.com\/s?__biz=MzI5MzE0NDUzNQ==&amp;mid=2650243082&amp;idx=3&amp;sn=1c0d98f26c0e7b6e8662d2db419460a8&amp;chksm=f475b2b2c3023ba4b6cb3b70569d2a95137448dc1c88c5c3d01dd3ad2d460d54ec4234e0c14e&amp;scene=27#wechat_redirect\",\"source_url\":\"\",\"cover\":\"http:\/\/mmbiz.qpic.cn\/mmbiz_jpg\/LJiau2qPWAcViaZzWoQS5PbOLicmrBmZmGm8u9UJh7I4bpTrfcKjIKyZ0uCn3ic1aG2wibNaMSdKDUMzCYX3icFHX09g\/0?wx_fmt=jpeg\",\"author\":\"\",\"copyright_stat\":100,\"del_flag\":1,\"item_show_type\":0,\"audio_fileid\":0,\"duration\":0,\"play_url\":\"\",\"malicious_title_reason_id\":0,\"malicious_content_type\":0},{\"title\":\"震撼|将“定海神针”插入长江，共分几步。。。\",\"digest\":\"中国桥梁背后凝聚着无数建设者的智慧和努力\",\"content\":\"\",\"fileid\":0,\"content_url\":\"http:\/\/mp.weixin.qq.com\/s?__biz=MzI5MzE0NDUzNQ==&amp;mid=2650243082&amp;idx=4&amp;sn=f630cacfc4ea9789ee58af37c4f80971&amp;chksm=f475b2b2c3023ba48ed598d03dc706d5a44037af9d1155de97d4d581b22a11b444fb8ff598de&amp;scene=27#wechat_redirect\",\"source_url\":\"\",\"cover\":\"http:\/\/mmbiz.qpic.cn\/mmbiz_jpg\/LJiau2qPWAcViaZzWoQS5PbOLicmrBmZmGmPnMJaaic2AjkYiaROtZrjLLtdBQONhOKuztGE0jWs4rrcSazRHsAqD3A\/0?wx_fmt=jpeg\",\"author\":\"\",\"copyright_stat\":100,\"del_flag\":1,\"item_show_type\":0,\"audio_fileid\":0,\"duration\":0,\"play_url\":\"\",\"malicious_title_reason_id\":0,\"malicious_content_type\":0}],\"author\":\"\",\"copyright_stat\":100,\"duration\":0,\"del_flag\":1,\"item_show_type\":0,\"audio_fileid\":0,\"play_url\":\"\",\"malicious_title_reason_id\":0,\"malicious_content_type\":0}}]}","next_offset":50,"video_count":1,"use_video_tab":1,"real_type":0,"home_page_list":[]}