{"ret":0,"errmsg":"ok","msg_count":10,"can_msg_continue":1,"general_msg_list":"{\"list\":[{\"comm_msg_info\":{\"id\":1000001799,\"type\":49,\"datetime\":1618300791,\"fakeid\":\"3293144535\",\"status\":2,\"content\":\"\"},\"app_msg_ext_info\":{\"title\":\"专利、注册证难题颇多，细分赛道广泛，医疗手术机器人如何借“机”突围？\",\"digest\":\"多起亿元融资后，医疗手术机器人赛道黎明曙光现！\",\"content\":\"\",\"fileid\":0,\"content_url\":\"http:\/\/mp.weixin.qq.com\/s?__biz=MzI5MzE0NDUzNQ==&amp;mid=2650242391&amp;idx=1&amp;sn=fbb5d003cb23b2eb9672b010704bbc73&amp;chksm=f4754fefc302c6f989f853858f3c6a5f1d17b50707613e71f4fa961a3a482e72d7ac1a9a2f3e&amp;scene=27#wechat_redirect\",\"source_url\":\"\",\"cover\":\"http:\/\/mmbiz.qpic.cn\/mmbiz_jpg\/LJiau2qPWAcVkUpgCpjYozZCna9XAyariaAVzF7YnNfJZjhe3LDnRS4pORDBcJZgRVM6AZGsaETqd9Gb9Nt53NMw\/0?wx_fmt=jpeg\",\"subtype\":9,\"is_multi\":1,\"multi_app_msg_item_list\":[{\"title\":\"快讯|国内首款口腔手术机器人正式获批；“梅卡曼德机器人”完成数亿元C轮融资，由美团领投等\",\"digest\":\"国内首款口腔手术机器人正式获批；“梅卡曼德机器人”完成数亿元C轮融资，由美团领投等\",\"content\":\"\",\"fileid\":0,\"content_url\":\"http:\/\/mp.weixin.qq.com\/s?__biz=MzI5MzE0NDUzNQ==&amp;mid=2650242391&amp;idx=2&amp;sn=0f27c5053f666ada17f9d7df448f225e&amp;chksm=f4754fefc302c6f98ca7a4ac6131b425c7dd3f8bb973becc24e7d253af08a28ab2296bf9ee2f&amp;scene=27#wechat_redirect\",\"source_url\":\"\",\"cover\":\"http:\/\/mmbiz.qpic.cn\/mmbiz_jpg\/LJiau2qPWAcVkUpgCpjYozZCna9XAyariaeGWCRBw5dko2kR84aibf1FQSlVhVhfIqB9w9EKvcUnYIEqWNEtHYqwQ\/0?wx_fmt=jpeg\",\"author\":\"\",\"copyright_stat\":100,\"del_flag\":1,\"item_show_type\":0,\"audio_fileid\":0,\"duration\":0,\"play_url\":\"\",\"malicious_title_reason_id\":0,\"malicious_content_type\":0},{\"title\":\"不容错过！中科深谷“开源两轮平衡移动机器人电控系统开发”课程报名啦！\",\"digest\":\"开源两轮平衡移动机器人电控系统开发课程来了-2021人工智能与机器人系列培训之一\",\"content\":\"\",\"fileid\":0,\"content_url\":\"http:\/\/mp.weixin.qq.com\/s?__biz=MzI5MzE0NDUzNQ==&amp;mid=2650242391&amp;idx=3&amp;sn=ff65f0d11fb30ce86ca35b72a1790aa4&amp;chksm=f4754fefc302c6f921d589bba3eb8c04c88bbbd761b886b0d0e671c99ec4214daa332e3a1443&amp;scene=27#wechat_redirect\",\"source_url\":\"\",\"cover\":\"http:\/\/mmbiz.qpic.cn\/mmbiz_jpg\/LJiau2qPWAcWWibCvraJYvDjPgP3zgs9kYMCibU3GfHUDwOIjL22ytqicUVmibDFWyg1STrSLKe1icibv95uA857BN9gg\/0?wx_fmt=jpeg\",\"author\":\"\",\"copyright_stat\":100,\"del_flag\":1,\"item_show_type\":0,\"audio_fileid\":0,\"duration\":0,\"play_url\":\"\",\"malicious_title_reason_id\":0,\"malicious_content_type\":0},{\"title\":\"前沿|机器人100岁了！有350万个机器人与人类一起生活\",\"digest\":\"机器人将继续与我们共存，而且很可能不仅仅在未来100年。\",\"content\":\"\",\"fileid\":0,\"content_url\":\"http:\/\/mp.weixin.qq.com\/s?__biz=MzI5MzE0NDUzNQ==&amp;mid=2650242391&amp;idx=4&amp;sn=fdaad8f17088b270bef6907203392841&amp;chksm=f4754fefc302c6f97a4027e5de1b505d45527d9a12fe26980c81a553304ce51d57b89951ece2&amp;scene=27#wechat_redirect\",\"source_url\":\"\",\"cover\":\"http:\/\/mmbiz.qpic.cn\/mmbiz_jpg\/LJiau2qPWAcVkUpgCpjYozZCna9XAyariaTVh6FGF84QcKcCTCDiazObdCFlyN5iabj7bdL7ZA9hEvuicLXmF8KePqg\/0?wx_fmt=jpeg\",\"author\":\"\",\"copyright_stat\":100,\"del_flag\":1,\"item_show_type\":0,\"audio_fileid\":0,\"duration\":0,\"play_url\":\"\",\"malicious_title_reason_id\":0,\"malicious_content_type\":0}],\"author\":\"Jack\",\"copyright_stat\":11,\"duration\":0,\"del_flag\":1,\"item_show_type\":0,\"audio_fileid\":0,\"play_url\":\"\",\"malicious_title_reason_id\":0,\"malicious_content_type\":0}},{\"comm_msg_info\":{\"id\":1000001798,\"type\":49,\"datetime\":1618210223,\"fakeid\":\"3293144535\",\"status\":2,\"content\":\"\"},\"app_msg_ext_info\":{\"title\":\"史上最酷变形金刚“中国制造”！能自动变形、语音控制还能编程\",\"digest\":\"这样的变形金刚，你喜欢吗？\",\"content\":\"\",\"fileid\":502758662,\"content_url\":\"http:\/\/mp.weixin.qq.com\/s?__biz=MzI5MzE0NDUzNQ==&amp;mid=2650242367&amp;idx=1&amp;sn=654170d72bc0f873cf5c0cb3afef635e&amp;chksm=f4754f87c302c6916c1b0879f0250cc02595152ba5958ebe8612435b19a32fcd7a6e841069f3&amp;scene=27#wechat_redirect\",\"source_url\":\"\",\"cover\":\"http:\/\/mmbiz.qpic.cn\/mmbiz_jpg\/LJiau2qPWAcUyLyHCmnibyrRWiatEl2fgrlpSGIAVgPoheOdcia54vNxGyZCyicS3aYEygYaT12RIfjfRkicON2PuCVQ\/0?wx_fmt=jpeg\",\"subtype\":9,\"is_multi\":1,\"multi_app_msg_item_list\":[{\"title\":\"快讯|加州理工学院研发可编辑曲面变形的软体机器人；新加坡国立大学研发新型透明软体机器人；川崎机器人发布新款机器人等\",\"digest\":\"加州理工学院研发可编辑曲面变形的软体机器人；新加坡国立大学研发新型透明软体机器人；川崎机器人发布新款机器人等\",\"content\":\"\",\"fileid\":0,\"content_url\":\"http:\/\/mp.weixin.qq.com\/s?__biz=MzI5MzE0NDUzNQ==&amp;mid=2650242367&amp;idx=2&amp;sn=ddf7de700f2bd7bd4727887b78a3f928&amp;chksm=f4754f87c302c691108c5e3539fef78ad997d71af61433618e0ae63b7a94a83ea2cd30333690&amp;scene=27#wechat_redirect\",\"source_url\":\"\",\"cover\":\"http:\/\/mmbiz.qpic.cn\/mmbiz_jpg\/LJiau2qPWAcUyLyHCmnibyrRWiatEl2fgrlEliaO4hT73OwziaDnLJHX3DcLAmTibmjbfrN6Strpkg14d21m7L9N1vIQ\/0?wx_fmt=jpeg\",\"author\":\"\",\"copyright_stat\":100,\"del_flag\":1,\"item_show_type\":0,\"audio_fileid\":0,\"duration\":0,\"play_url\":\"\",\"malicious_title_reason_id\":0,\"malicious_content_type\":0},{\"title\":\"前沿|杭州电子科技大学博士用微观交叉定位，让无人机送货不再“找路难”\",\"digest\":\"无人机送货面临着精准分辨困难的问题。\",\"content\":\"\",\"fileid\":0,\"content_url\":\"http:\/\/mp.weixin.qq.com\/s?__biz=MzI5MzE0NDUzNQ==&amp;mid=2650242367&amp;idx=3&amp;sn=2a5ced31427e54b6b3e598ddf54c0fd0&amp;chksm=f4754f87c302c6918dd57d94a824a39b8e81f67db8e1ad22c13a3187218783d3e7fa0fb6a26d&amp;scene=27#wechat_redirect\",\"source_url\":\"\",\"cover\":\"http:\/\/mmbiz.qpic.cn\/mmbiz_jpg\/LJiau2qPWAcUyLyHCmnibyrRWiatEl2fgrl3PJxibNGvngykmqEpcUNRIhWias2tQ9JnULDP4bH2sbDpB2lT7obI1iaQ\/0?wx_fmt=jpeg\",\"author\":\"\",\"copyright_stat\":100,\"del_flag\":1,\"item_show_type\":0,\"audio_fileid\":0,\"duration\":0,\"play_url\":\"\",\"malicious_title_reason_id\":0,\"malicious_content_type\":0},{\"title\":\"动图|蛋黄派这样的注心蛋糕，是怎么批量灌馅儿的？\",\"digest\":\"蛋黄派的灌心，是咋做进去的？\",\"content\":\"\",\"fileid\":502758716,\"content_url\":\"http:\/\/mp.weixin.qq.com\/s?__biz=MzI5MzE0NDUzNQ==&amp;mid=2650242367&amp;idx=4&amp;sn=ba3b57ec09501420b51b7eaf511e753f&amp;chksm=f4754f87c302c691e7e4b6900b9233c4488b0ba2b4b32941f5df385215cba93b142d8ccb8a0c&amp;scene=27#wechat_redirect\",\"source_url\":\"\",\"cover\":\"http:\/\/mmbiz.qpic.cn\/mmbiz_jpg\/LJiau2qPWAcUyLyHCmnibyrRWiatEl2fgrl7QWdI8MRmk00IsILaVkrFP9VEUQOyicTIYp4TsSdEa9GBJykZ3ZM6qg\/0?wx_fmt=jpeg\",\"author\":\"CastAI\",\"copyright_stat\":101,\"del_flag\":1,\"item_show_type\":0,\"audio_fileid\":0,\"duration\":0,\"play_url\":\"\",\"malicious_title_reason_id\":0,\"malicious_content_type\":0}],\"author\":\"Robospeak\",\"copyright_stat\":11,\"duration\":0,\"del_flag\":1,\"item_show_type\":0,\"audio_fileid\":0,\"play_url\":\"\",\"malicious_title_reason_id\":0,\"malicious_content_type\":0}},{\"comm_msg_info\":{\"id\":1000001797,\"type\":49,\"datetime\":1618122926,\"fakeid\":\"3293144535\",\"status\":2,\"content\":\"\"},\"app_msg_ext_info\":{\"title\":\"未来机器人：视觉AI赋能智慧物流，柔性方案引领行业变革\",\"digest\":\"物流无人化赛道，在资本的持续加注中乘风破浪，展现出蓬勃活力。\",\"content\":\"\",\"fileid\":0,\"content_url\":\"http:\/\/mp.weixin.qq.com\/s?__biz=MzI5MzE0NDUzNQ==&amp;mid=2650242308&amp;idx=1&amp;sn=c83c74b921253b35913fd08b17ee967d&amp;chksm=f4754fbcc302c6aac77f0758ab91557edaf95411d68153b13e66bbf4f028df78d3fd9365e980&amp;scene=27#wechat_redirect\",\"source_url\":\"\",\"cover\":\"http:\/\/mmbiz.qpic.cn\/mmbiz_jpg\/LJiau2qPWAcXUZXxRczS8Xk8dB7sBKmP3x2Sj7FRN6PVicysMFqxt15hFic8NhmU3ZeQgOQaicguGObUtgyUBXvQRg\/0?wx_fmt=jpeg\",\"subtype\":9,\"is_multi\":1,\"multi_app_msg_item_list\":[{\"title\":\"快讯|国产变形金刚机器人定价699美元；LG专注机器人技术，退出智能手机业务；科学家研发新型DNA纳米机器人等\",\"digest\":\"国产变形金刚机器人定价699美元；LG专注机器人技术，退出智能手机业务；科学家研发新型DNA纳米机器人等\",\"content\":\"\",\"fileid\":0,\"content_url\":\"http:\/\/mp.weixin.qq.com\/s?__biz=MzI5MzE0NDUzNQ==&amp;mid=2650242308&amp;idx=2&amp;sn=37e08cad69a66e3b1b91b98ff9dcd676&amp;chksm=f4754fbcc302c6aa30b32ec26a11489c1154556662edbb3a6bf55b0dbdc51d7edd1f77ae57b7&amp;scene=27#wechat_redirect\",\"source_url\":\"\",\"cover\":\"http:\/\/mmbiz.qpic.cn\/mmbiz_jpg\/LJiau2qPWAcXUZXxRczS8Xk8dB7sBKmP3FDZUIeAGdPfnDy2RrmU9aWT5LT8lZ3FDDtK5NteuA1nl50lSH9urTQ\/0?wx_fmt=jpeg\",\"author\":\"\",\"copyright_stat\":100,\"del_flag\":1,\"item_show_type\":0,\"audio_fileid\":0,\"duration\":0,\"play_url\":\"\",\"malicious_title_reason_id\":0,\"malicious_content_type\":0},{\"title\":\"热点|「AI 质检员」在富士通工厂上岗，检测效率比人工提升 25%\",\"digest\":\"富士通求变，用 AI 代替人工质检员\",\"content\":\"\",\"fileid\":0,\"content_url\":\"http:\/\/mp.weixin.qq.com\/s?__biz=MzI5MzE0NDUzNQ==&amp;mid=2650242308&amp;idx=3&amp;sn=a663fe71e5e0c3debcb526a02426e257&amp;chksm=f4754fbcc302c6aa2ceae353637ab21d8111fb5a07a5e123b1de857877f8a962ef962a1d978c&amp;scene=27#wechat_redirect\",\"source_url\":\"\",\"cover\":\"http:\/\/mmbiz.qpic.cn\/mmbiz_jpg\/LJiau2qPWAcXUZXxRczS8Xk8dB7sBKmP3TJjPoYWiaEPW3zWibgaFWNRibGcPUI6hibW4baACGsweJ3fgoKmNOW0LmA\/0?wx_fmt=jpeg\",\"author\":\"神经小兮\",\"copyright_stat\":101,\"del_flag\":1,\"item_show_type\":0,\"audio_fileid\":0,\"duration\":0,\"play_url\":\"\",\"malicious_title_reason_id\":0,\"malicious_content_type\":0},{\"title\":\"榜单|1651位入选！这份榜单揭晓全球人工智能最具影响力学者\",\"digest\":\"该榜单旨在通过AMiner学术数据在全球范围内遴选过去10年人工智能学科最有影响力、最具活力的顶级学者。\",\"content\":\"\",\"fileid\":0,\"content_url\":\"http:\/\/mp.weixin.qq.com\/s?__biz=MzI5MzE0NDUzNQ==&amp;mid=2650242308&amp;idx=4&amp;sn=09769b27310296d149064e38e3f51929&amp;chksm=f4754fbcc302c6aaedd2e1cf80faae38cf8a73f0db40c802b166991c56b04b0f3abbf29b623f&amp;scene=27#wechat_redirect\",\"source_url\":\"\",\"cover\":\"http:\/\/mmbiz.qpic.cn\/mmbiz_jpg\/LJiau2qPWAcXUZXxRczS8Xk8dB7sBKmP327mzIuF9emurxUozXL6y1BJcFkbY22CylCgYgzFRZAJBGIr5Jq6E1g\/0?wx_fmt=jpeg\",\"author\":\"\",\"copyright_stat\":100,\"del_flag\":1,\"item_show_type\":0,\"audio_fileid\":0,\"duration\":0,\"play_url\":\"\",\"malicious_title_reason_id\":0,\"malicious_content_type\":0}],\"author\":\"\",\"copyright_stat\":100,\"duration\":0,\"del_flag\":1,\"item_show_type\":0,\"audio_fileid\":0,\"play_url\":\"\",\"malicious_title_reason_id\":0,\"malicious_content_type\":0}},{\"comm_msg_info\":{\"id\":1000001796,\"type\":49,\"datetime\":1618041280,\"fakeid\":\"3293144535\",\"status\":2,\"content\":\"\"},\"app_msg_ext_info\":{\"title\":\"脑机接口猴子通过“意念”打游戏！马斯克：未来能让瘫痪者用意念玩手机\",\"digest\":\"马斯克的「通灵猴子」来了\",\"content\":\"\",\"fileid\":502758592,\"content_url\":\"http:\/\/mp.weixin.qq.com\/s?__biz=MzI5MzE0NDUzNQ==&amp;mid=2650242269&amp;idx=1&amp;sn=f05f622128018e0c902a9ba10917e930&amp;chksm=f4754e65c302c7732b7c399392a889af938ad3852d0600a0b4f78978b6a37aff3528a718072c&amp;scene=27#wechat_redirect\",\"source_url\":\"\",\"cover\":\"http:\/\/mmbiz.qpic.cn\/mmbiz_jpg\/LJiau2qPWAcVHTDqlu8TrdcXibFq2n9yJib3EhV70zwNFJOe8BlU0q3bLGgZNibnLP2GCxacqiboANeYAXf7s36joTQ\/0?wx_fmt=jpeg\",\"subtype\":9,\"is_multi\":1,\"multi_app_msg_item_list\":[{\"title\":\"快讯|机器狗Spot用于军事演习? 波士顿动力:不知情；深圳机器人产业去年总产值1434亿元；飞行机器人等助阵冰上项目供电保障等\",\"digest\":\"机器狗Spot用于军事演习? 波士顿动力:不知情；深圳机器人产业去年总产值1434亿元；飞行机器人等助阵冰上项目供电保障等\",\"content\":\"\",\"fileid\":0,\"content_url\":\"http:\/\/mp.weixin.qq.com\/s?__biz=MzI5MzE0NDUzNQ==&amp;mid=2650242269&amp;idx=2&amp;sn=ea9404da318ac097a2b0d29f22e1fb2e&amp;chksm=f4754e65c302c77375884d1c28add38554a1052834034ad07ac32a1852f7e24241f0c065014c&amp;scene=27#wechat_redirect\",\"source_url\":\"\",\"cover\":\"http:\/\/mmbiz.qpic.cn\/mmbiz_jpg\/LJiau2qPWAcVHTDqlu8TrdcXibFq2n9yJibMBqVU1f1Ys3FVWfHTUuZTAvtOMrptqjZvB5zKrK9L79epTN3jIVf2g\/0?wx_fmt=jpeg\",\"author\":\"\",\"copyright_stat\":100,\"del_flag\":1,\"item_show_type\":0,\"audio_fileid\":0,\"duration\":0,\"play_url\":\"\",\"malicious_title_reason_id\":0,\"malicious_content_type\":0},{\"title\":\"产业|数字化？智能化？ 中国企业智能制造现状究竟如何\",\"digest\":\"本文从机械化、自动化、数字化和智能化的角度探讨各国智能制造现状，以及中国应有的努力方向。\",\"content\":\"\",\"fileid\":0,\"content_url\":\"http:\/\/mp.weixin.qq.com\/s?__biz=MzI5MzE0NDUzNQ==&amp;mid=2650242269&amp;idx=3&amp;sn=1c4882de65919c793d19cd5b6f4eacac&amp;chksm=f4754e65c302c773ee661acb3379027cc583d38a6a51f4c401f1b9801e255c212f7071f7a97a&amp;scene=27#wechat_redirect\",\"source_url\":\"\",\"cover\":\"http:\/\/mmbiz.qpic.cn\/mmbiz_jpg\/LJiau2qPWAcVHTDqlu8TrdcXibFq2n9yJib7GbsiaVEY6pQhAgfTkOxA95gZn9N3fx8eW0YGwoAvq4nTQpDHpcxPxw\/0?wx_fmt=jpeg\",\"author\":\"李炳积\",\"copyright_stat\":100,\"del_flag\":1,\"item_show_type\":0,\"audio_fileid\":0,\"duration\":0,\"play_url\":\"\",\"malicious_title_reason_id\":0,\"malicious_content_type\":0},{\"title\":\"热点|滴滴自动驾驶全球首个5小时连续无接管路测，无人车之父：比人类谨慎\",\"digest\":\"不管是自动驾驶还是人类驾驶，我们都希望安全性能够得到最大的保证\",\"content\":\"\",\"fileid\":0,\"content_url\":\"http:\/\/mp.weixin.qq.com\/s?__biz=MzI5MzE0NDUzNQ==&amp;mid=2650242269&amp;idx=4&amp;sn=94cbcdfdb2cb01757cabe1169f38d835&amp;chksm=f4754e65c302c773ab8df3b2c1acc5177611b37505b1f2dbf9ea8fd69d6b59512507fe291d6d&amp;scene=27#wechat_redirect\",\"source_url\":\"\",\"cover\":\"http:\/\/mmbiz.qpic.cn\/mmbiz_jpg\/LJiau2qPWAcVHTDqlu8TrdcXibFq2n9yJibuZ2iaicflAgqJDickP04J42CTibMLzDDk093wwuDPJ9zm3VQ4NUVk5lYibQ\/0?wx_fmt=jpeg\",\"author\":\"文摘菌\",\"copyright_stat\":101,\"del_flag\":1,\"item_show_type\":0,\"audio_fileid\":0,\"duration\":0,\"play_url\":\"\",\"malicious_title_reason_id\":0,\"malicious_content_type\":0},{\"title\":\"关于召开智能协作机器人技术及应用职业技能等级证书试点工作线上说明会的通知\",\"digest\":\"《智能协作机器人技术及应用职业技能等级证书》试点工作说明会\",\"content\":\"\",\"fileid\":0,\"content_url\":\"http:\/\/mp.weixin.qq.com\/s?__biz=MzI5MzE0NDUzNQ==&amp;mid=2650242269&amp;idx=5&amp;sn=90d9e39a40d6d8ce773d5becf6a0db53&amp;chksm=f4754e65c302c7739d34529451d697ebdff446ce78b12669d14003af015c3176300078081d80&amp;scene=27#wechat_redirect\",\"source_url\":\"\",\"cover\":\"http:\/\/mmbiz.qpic.cn\/mmbiz_jpg\/LJiau2qPWAcVHTDqlu8TrdcXibFq2n9yJibfibVfPG19XDdzxFCjSpZNLmC4CPEM6rCOkhNbrjeFcicmjMyOgy4xbcg\/0?wx_fmt=jpeg\",\"author\":\"\",\"copyright_stat\":100,\"del_flag\":1,\"item_show_type\":0,\"audio_fileid\":0,\"duration\":0,\"play_url\":\"\",\"malicious_title_reason_id\":0,\"malicious_content_type\":0}],\"author\":\"\",\"copyright_stat\":100,\"duration\":0,\"del_flag\":1,\"item_show_type\":0,\"audio_fileid\":0,\"play_url\":\"\",\"malicious_title_reason_id\":0,\"malicious_content_type\":0}},{\"comm_msg_info\":{\"id\":1000001795,\"type\":49,\"datetime\":1617951535,\"fakeid\":\"3293144535\",\"status\":2,\"content\":\"\"},\"app_msg_ext_info\":{\"title\":\"机器人顶刊IJRR：中国科大自主研发低成本软体机器人手臂，轻松完成生活中的操纵任务\",\"digest\":\"展示了软体机器人手臂在日常生活中的巨大应用潜力\",\"content\":\"\",\"fileid\":0,\"content_url\":\"http:\/\/mp.weixin.qq.com\/s?__biz=MzI5MzE0NDUzNQ==&amp;mid=2650242226&amp;idx=1&amp;sn=02c18e0fab0150ed1350ac362c8cb001&amp;chksm=f4754e0ac302c71c0cf90127d898543b9c135ede40cfa5bc4eb5ba9036f0d291126fda6113ca&amp;scene=27#wechat_redirect\",\"source_url\":\"\",\"cover\":\"http:\/\/mmbiz.qpic.cn\/mmbiz_jpg\/LJiau2qPWAcXicFGhzLiaW3Ke8GMm3Yia19HksJzpCsy5gpJInouSpVjolkJBxhaxFiau91xgJJWFXFWMFQziaaqiaeNg\/0?wx_fmt=jpeg\",\"subtype\":9,\"is_multi\":1,\"multi_app_msg_item_list\":[{\"title\":\"关于召开智能协作机器人技术及应用职业技能等级证书试点工作线上说明会的通知\",\"digest\":\"扫码进入直播间\",\"content\":\"\",\"fileid\":0,\"content_url\":\"http:\/\/mp.weixin.qq.com\/s?__biz=MzI5MzE0NDUzNQ==&amp;mid=2650242226&amp;idx=2&amp;sn=8268f5accd0675826c15de6340c7920c&amp;chksm=f4754e0ac302c71cc19517ff4ade6d2cf3c9c2a3b853d839510423f3351c253549ffc8250ff2&amp;scene=27#wechat_redirect\",\"source_url\":\"\",\"cover\":\"http:\/\/mmbiz.qpic.cn\/mmbiz_jpg\/LJiau2qPWAcXicFGhzLiaW3Ke8GMm3Yia19H7bI9jW4amibG8LgKAMn8ZqCx8t44GoNvWFRzLTNc066K1XlxibM5ibUicA\/0?wx_fmt=jpeg\",\"author\":\"\",\"copyright_stat\":100,\"del_flag\":1,\"item_show_type\":0,\"audio_fileid\":0,\"duration\":0,\"play_url\":\"\",\"malicious_title_reason_id\":0,\"malicious_content_type\":0},{\"title\":\"节卡机器人凭啥拿下丰田大单？\",\"digest\":\"倾听科技创新企业背后的故事。\",\"content\":\"\",\"fileid\":0,\"content_url\":\"http:\/\/mp.weixin.qq.com\/s?__biz=MzI5MzE0NDUzNQ==&amp;mid=2650242226&amp;idx=3&amp;sn=e91b92328c87467ec83e5229f791c34c&amp;chksm=f4754e0ac302c71c3d95cf23849822ed5ab088f5a97152d8b3938b6fdee70c04c43d1fa15681&amp;scene=27#wechat_redirect\",\"source_url\":\"\",\"cover\":\"http:\/\/mmbiz.qpic.cn\/mmbiz_jpg\/LJiau2qPWAcXicFGhzLiaW3Ke8GMm3Yia19HPIHz0jAQ9WR9JYncTfKdK3MufAnkCqjaalcEA8vHevdawjox6zibQXg\/0?wx_fmt=jpeg\",\"author\":\"\",\"copyright_stat\":100,\"del_flag\":1,\"item_show_type\":0,\"audio_fileid\":0,\"duration\":0,\"play_url\":\"\",\"malicious_title_reason_id\":0,\"malicious_content_type\":0},{\"title\":\"快讯|达闼机器人完成超10亿元B+轮融资；“酷宝”机器人研发商更酷科技完成数千万元A轮融资等\",\"digest\":\"达闼机器人完成超10亿元B+轮融资；“酷宝”机器人研发商更酷科技完成数千万元A轮融资等\",\"content\":\"\",\"fileid\":0,\"content_url\":\"http:\/\/mp.weixin.qq.com\/s?__biz=MzI5MzE0NDUzNQ==&amp;mid=2650242226&amp;idx=4&amp;sn=9012c4ad434318e114c81cafe8512db9&amp;chksm=f4754e0ac302c71c09769a42cc7f099de441674e2942d6b12bfa94ac84b7dc2d7e4d912518fc&amp;scene=27#wechat_redirect\",\"source_url\":\"\",\"cover\":\"http:\/\/mmbiz.qpic.cn\/mmbiz_jpg\/LJiau2qPWAcXicFGhzLiaW3Ke8GMm3Yia19HhJJL4qbjFDQ3EjPeiakZfvib9GyzhiaJdd0xTT9fgqEsx4hWu6Wiak6Qpg\/0?wx_fmt=jpeg\",\"author\":\"\",\"copyright_stat\":100,\"del_flag\":1,\"item_show_type\":0,\"audio_fileid\":0,\"duration\":0,\"play_url\":\"\",\"malicious_title_reason_id\":0,\"malicious_content_type\":0},{\"title\":\"机器人技术人才线上招聘专场−珞石机器人\",\"digest\":\"珞石机器人（ROKAE）是一家全球领先的轻型机器人公司\",\"content\":\"\",\"fileid\":0,\"content_url\":\"http:\/\/mp.weixin.qq.com\/s?__biz=MzI5MzE0NDUzNQ==&amp;mid=2650242226&amp;idx=5&amp;sn=22a5c6c6b68c87f8c2715b297f2e6317&amp;chksm=f4754e0ac302c71c455aee33222ab3c6d0cecd11668b07f12e3a004dac93bd626c5c06bf4581&amp;scene=27#wechat_redirect\",\"source_url\":\"https:\/\/jinshuju.net\/f\/WuSjS6\",\"cover\":\"http:\/\/mmbiz.qpic.cn\/mmbiz_jpg\/LJiau2qPWAcXicFGhzLiaW3Ke8GMm3Yia19H8oiarerzGs9jMicicjh18tZ99tkcexktX6tSWNpX8uBxuXGZCwaevIDdA\/0?wx_fmt=jpeg\",\"author\":\"\",\"copyright_stat\":100,\"del_flag\":1,\"item_show_type\":0,\"audio_fileid\":0,\"duration\":0,\"play_url\":\"\",\"malicious_title_reason_id\":0,\"malicious_content_type\":0}],\"author\":\"Robospeak\",\"copyright_stat\":100,\"duration\":0,\"del_flag\":1,\"item_show_type\":0,\"audio_fileid\":0,\"play_url\":\"\",\"malicious_title_reason_id\":0,\"malicious_content_type\":0}},{\"comm_msg_info\":{\"id\":1000001794,\"type\":49,\"datetime\":1617865182,\"fakeid\":\"3293144535\",\"status\":2,\"content\":\"\"},\"app_msg_ext_info\":{\"title\":\"机器人技术人才招聘直播专场重磅来袭！细分头部企业线上宣讲实时沟通，一批优质岗位等你选\",\"digest\":\"不容错过！国家级实验室、行业头部企业在这里等你！机器人技术人才线上招聘专场直播来了！\",\"content\":\"\",\"fileid\":0,\"content_url\":\"http:\/\/mp.weixin.qq.com\/s?__biz=MzI5MzE0NDUzNQ==&amp;mid=2650242167&amp;idx=1&amp;sn=e31ba9f223117fd971fb17c22f23933d&amp;chksm=f4754ecfc302c7d902345a089d859dfd95817f15b2e1ca7c070e86aa649c2e92ceb9f3863f24&amp;scene=27#wechat_redirect\",\"source_url\":\"\",\"cover\":\"http:\/\/mmbiz.qpic.cn\/mmbiz_jpg\/LJiau2qPWAcVVHoAWNEz4xKW1cC11WaAT6oJfEnxF2dZQtV7ibz9L2LjiaibEiaXUWzmKAn5SzRAic2VOxhX81f3QcNw\/0?wx_fmt=jpeg\",\"subtype\":9,\"is_multi\":1,\"multi_app_msg_item_list\":[{\"title\":\"快讯|沈自所“激光冲击强化系统”通过验收；“AI+人才管理”研究成果登上Nature子刊等\",\"digest\":\"沈自所“激光冲击强化系统”通过验收；“AI+人才管理”研究成果登上Nature子刊等\",\"content\":\"\",\"fileid\":0,\"content_url\":\"http:\/\/mp.weixin.qq.com\/s?__biz=MzI5MzE0NDUzNQ==&amp;mid=2650242167&amp;idx=2&amp;sn=5fe97f7899f4075b65256bc35b40dc80&amp;chksm=f4754ecfc302c7d9d1c80f13d0d68924162622ba51416f214ccd1c09f467ab7d78173a2f4e52&amp;scene=27#wechat_redirect\",\"source_url\":\"\",\"cover\":\"http:\/\/mmbiz.qpic.cn\/mmbiz_jpg\/LJiau2qPWAcVVHoAWNEz4xKW1cC11WaATaeLBIoX78mtk9QyEArHo8GCGibuuU5Q5QN7GibjlB7C1oXQP0ichZkiabw\/0?wx_fmt=jpeg\",\"author\":\"\",\"copyright_stat\":100,\"del_flag\":1,\"item_show_type\":0,\"audio_fileid\":0,\"duration\":0,\"play_url\":\"\",\"malicious_title_reason_id\":0,\"malicious_content_type\":0},{\"title\":\"机器人技术人才线上招聘专场−节卡机器人\",\"digest\":\"上海节卡机器人科技有限公司，全球协作机器人革新者。\",\"content\":\"\",\"fileid\":0,\"content_url\":\"http:\/\/mp.weixin.qq.com\/s?__biz=MzI5MzE0NDUzNQ==&amp;mid=2650242167&amp;idx=3&amp;sn=413c009e52386307d7e8e93df32ad69d&amp;chksm=f4754ecfc302c7d9d73121985c7f8a76f7d50cccc9c375d21c8312fda3e556ceb8caed171162&amp;scene=27#wechat_redirect\",\"source_url\":\"https:\/\/jinshuju.net\/f\/WuSjS6\",\"cover\":\"http:\/\/mmbiz.qpic.cn\/mmbiz_jpg\/LJiau2qPWAcVPCBSQDX7eY2PdTPTxFiczB79cs1n6EMhp99Y2UrTywZ7l88MdZO3f1ice9NWkuDPFxUnQmjAxt2pg\/0?wx_fmt=jpeg\",\"author\":\"\",\"copyright_stat\":100,\"del_flag\":1,\"item_show_type\":0,\"audio_fileid\":0,\"duration\":0,\"play_url\":\"\",\"malicious_title_reason_id\":0,\"malicious_content_type\":0},{\"title\":\"机器人技术人才线上招聘专场−华航唯实\",\"digest\":\"秉承“服务产业、致力教育”的企业宗旨，深耕智能制造领域，通过“工业应用与教育服务双轮驱动”构建智能制造人才培养生态体系，助力国家先进制造产业升级。\",\"content\":\"\",\"fileid\":0,\"content_url\":\"http:\/\/mp.weixin.qq.com\/s?__biz=MzI5MzE0NDUzNQ==&amp;mid=2650242167&amp;idx=4&amp;sn=e4e11f5f5953c218ff2616a516273158&amp;chksm=f4754ecfc302c7d9ec480d5ef4d04e25eaa27acc4a3d5ef92fa6ad13d65dbc7434498726d02a&amp;scene=27#wechat_redirect\",\"source_url\":\"https:\/\/jinshuju.net\/f\/WuSjS6\",\"cover\":\"http:\/\/mmbiz.qpic.cn\/mmbiz_jpg\/LJiau2qPWAcVVHoAWNEz4xKW1cC11WaATNC9SQ4wnNia3uCiaDkILPyq0QqF8lo2Yx9QiaUyxdaKe61hTYVVHNvgPQ\/0?wx_fmt=jpeg\",\"author\":\"\",\"copyright_stat\":100,\"del_flag\":1,\"item_show_type\":0,\"audio_fileid\":0,\"duration\":0,\"play_url\":\"\",\"malicious_title_reason_id\":0,\"malicious_content_type\":0},{\"title\":\"前沿|Facebook AI用自监督语言建模：从2.5亿个蛋白质序列，860亿个氨基酸学习生物内在特性\",\"digest\":\"Facebook AI用自监督语言建模\",\"content\":\"\",\"fileid\":0,\"content_url\":\"http:\/\/mp.weixin.qq.com\/s?__biz=MzI5MzE0NDUzNQ==&amp;mid=2650242167&amp;idx=5&amp;sn=453698dbcacab00b906703020db434ce&amp;chksm=f4754ecfc302c7d992e6eb7e20ea6a03c27c15ef1c83f06b29a2987e258a23abb8261e0cc6d4&amp;scene=27#wechat_redirect\",\"source_url\":\"\",\"cover\":\"http:\/\/mmbiz.qpic.cn\/mmbiz_jpg\/LJiau2qPWAcVVHoAWNEz4xKW1cC11WaATVpOpK5lhtZXOoA0kHd19WT8Zo6Ym94Onu6KdvRc3oCanQ9mPALHkPQ\/0?wx_fmt=jpeg\",\"author\":\"\",\"copyright_stat\":100,\"del_flag\":1,\"item_show_type\":0,\"audio_fileid\":0,\"duration\":0,\"play_url\":\"\",\"malicious_title_reason_id\":0,\"malicious_content_type\":0}],\"author\":\"Robospeak\",\"copyright_stat\":100,\"duration\":0,\"del_flag\":1,\"item_show_type\":0,\"audio_fileid\":0,\"play_url\":\"\",\"malicious_title_reason_id\":0,\"malicious_content_type\":0}},{\"comm_msg_info\":{\"id\":1000001793,\"type\":49,\"datetime\":1617789422,\"fakeid\":\"3293144535\",\"status\":2,\"content\":\"\"},\"app_msg_ext_info\":{\"title\":\"酒店新晋“网红”——“九号方糖”激萌亮相，实力圈粉\",\"digest\":\"酒店配送机器人哪家强？“九号方糖”开启配送业务新时代\",\"content\":\"\",\"fileid\":0,\"content_url\":\"http:\/\/mp.weixin.qq.com\/s?__biz=MzI5MzE0NDUzNQ==&amp;mid=2650242130&amp;idx=1&amp;sn=0ded369dde089c2c8204b8f8df506faf&amp;chksm=f4754eeac302c7fc33d2822c9251e9967d06302fd3801dfbae4652bef38c348b9c1d1ef1352f&amp;scene=27#wechat_redirect\",\"source_url\":\"\",\"cover\":\"http:\/\/mmbiz.qpic.cn\/mmbiz_jpg\/LJiau2qPWAcVPCBSQDX7eY2PdTPTxFiczB6mnfSDNhdgBjMLESLX6TEsA7J2Xq6p8hhbLKnoicWiaBI0J0icGqic71XQ\/0?wx_fmt=jpeg\",\"subtype\":9,\"is_multi\":1,\"multi_app_msg_item_list\":[{\"title\":\"快讯|中科院推出新一代机器人；MIT新技术让机器人可以通过“透视墙壁”找到目标；“烫发”新技术让头发秒变爬行机器人等\",\"digest\":\"中科院推出新一代机器人；MIT新技术让机器人可以通过“透视墙壁”找到目标；“烫发”新技术让头发秒变爬行机器人等\",\"content\":\"\",\"fileid\":0,\"content_url\":\"http:\/\/mp.weixin.qq.com\/s?__biz=MzI5MzE0NDUzNQ==&amp;mid=2650242130&amp;idx=2&amp;sn=d56697d9265dd4dc36cb00b057ec0452&amp;chksm=f4754eeac302c7fcebdfc70694eec0b6d5d2a22ffb521f8a5e9d05b68a0b353898f487ae91c0&amp;scene=27#wechat_redirect\",\"source_url\":\"\",\"cover\":\"http:\/\/mmbiz.qpic.cn\/mmbiz_jpg\/LJiau2qPWAcVPCBSQDX7eY2PdTPTxFiczBOehacgY8jcJkM4XOoMtuYDKruSoyWrf9bWoguaCtGEXibcBVSahsiamg\/0?wx_fmt=jpeg\",\"author\":\"\",\"copyright_stat\":100,\"del_flag\":1,\"item_show_type\":0,\"audio_fileid\":0,\"duration\":0,\"play_url\":\"\",\"malicious_title_reason_id\":0,\"malicious_content_type\":0},{\"title\":\"机器人大讲堂专场招聘——优艾智合\",\"digest\":\"优艾智合是一家提供全场景解决方案的复合移动机器人企业\",\"content\":\"\",\"fileid\":0,\"content_url\":\"http:\/\/mp.weixin.qq.com\/s?__biz=MzI5MzE0NDUzNQ==&amp;mid=2650242130&amp;idx=3&amp;sn=876dd3115b56dfcc2d72e948c012a47a&amp;chksm=f4754eeac302c7fc7a5440b8522cda4095a804526629e7894348b75049e591e28d9e9298cb1a&amp;scene=27#wechat_redirect\",\"source_url\":\"https:\/\/jinshuju.net\/f\/WuSjS6\",\"cover\":\"http:\/\/mmbiz.qpic.cn\/mmbiz_jpg\/LJiau2qPWAcVPCBSQDX7eY2PdTPTxFiczB4XE4Nz6BibWu8EcUoK6SXP63UWEqeERVlHWaiaQXFQ3I5yDUtUN6D9MA\/0?wx_fmt=jpeg\",\"author\":\"\",\"copyright_stat\":100,\"del_flag\":1,\"item_show_type\":0,\"audio_fileid\":0,\"duration\":0,\"play_url\":\"\",\"malicious_title_reason_id\":0,\"malicious_content_type\":0},{\"title\":\"机器人大讲堂专场招聘——之江实验室\",\"digest\":\"之江实验室的战略定位是成为科技创新的国家战略力量，做科研体制改革的示范区\",\"content\":\"\",\"fileid\":0,\"content_url\":\"http:\/\/mp.weixin.qq.com\/s?__biz=MzI5MzE0NDUzNQ==&amp;mid=2650242130&amp;idx=4&amp;sn=b9439f9f6d3e891e339f0411b5907521&amp;chksm=f4754eeac302c7fcdc844d8be85f62983eb20f6615ab4b96b78d3e39e0fa04a8c1834426672d&amp;scene=27#wechat_redirect\",\"source_url\":\"https:\/\/jinshuju.net\/f\/WuSjS6\",\"cover\":\"http:\/\/mmbiz.qpic.cn\/mmbiz_jpg\/LJiau2qPWAcVPCBSQDX7eY2PdTPTxFiczBhQiaIwMgIBrAqacCX4wZ0WQ9n20zwiauDqbgtfSzvicHicUeE8PnjgxfVA\/0?wx_fmt=jpeg\",\"author\":\"\",\"copyright_stat\":100,\"del_flag\":1,\"item_show_type\":0,\"audio_fileid\":0,\"duration\":0,\"play_url\":\"\",\"malicious_title_reason_id\":0,\"malicious_content_type\":0},{\"title\":\"前沿|发丝宽度1\/100、磁控导航，哈工大微纳米机器人首次实现小鼠脑瘤的主动靶向治疗\",\"digest\":\"哈工大微纳米技术研究中心首次实现游动微纳米机器人对脑胶质瘤的主动靶向治疗\",\"content\":\"\",\"fileid\":0,\"content_url\":\"http:\/\/mp.weixin.qq.com\/s?__biz=MzI5MzE0NDUzNQ==&amp;mid=2650242130&amp;idx=5&amp;sn=f781df44445e7c4409bfb5d91bf6e75c&amp;chksm=f4754eeac302c7fc90685a04e84b7e6452c9155d1a683e63c6fd7e4d81f52d45e89dc6a5bff9&amp;scene=27#wechat_redirect\",\"source_url\":\"\",\"cover\":\"http:\/\/mmbiz.qpic.cn\/mmbiz_jpg\/LJiau2qPWAcVPCBSQDX7eY2PdTPTxFiczBrSf9IMRpU0Jxp9MGqvwJyDiap3ya14f6KwWXd6iatbAyXac6yGhAqBYg\/0?wx_fmt=jpeg\",\"author\":\"\",\"copyright_stat\":100,\"del_flag\":1,\"item_show_type\":0,\"audio_fileid\":0,\"duration\":0,\"play_url\":\"\",\"malicious_title_reason_id\":0,\"malicious_content_type\":0}],\"author\":\"Robospeak\",\"copyright_stat\":100,\"duration\":0,\"del_flag\":1,\"item_show_type\":0,\"audio_fileid\":0,\"play_url\":\"\",\"malicious_title_reason_id\":0,\"malicious_content_type\":0}},{\"comm_msg_info\":{\"id\":1000001792,\"type\":49,\"datetime\":1617714464,\"fakeid\":\"3293144535\",\"status\":2,\"content\":\"\"},\"app_msg_ext_info\":{\"title\":\"Science子刊封面：中国学者联合造出世界最小千纸鹤，大小几十微米，仅需100毫秒自动折叠!\",\"digest\":\"仅需100毫秒自动折叠!\",\"content\":\"\",\"fileid\":502758413,\"content_url\":\"http:\/\/mp.weixin.qq.com\/s?__biz=MzI5MzE0NDUzNQ==&amp;mid=2650242069&amp;idx=1&amp;sn=7b9a6fca008c8953ff2e18137b97f5ef&amp;chksm=f4754eadc302c7bb941beced466742026e0eb1fbf18b1a704e0a9466b156e7c4f34768effae2&amp;scene=27#wechat_redirect\",\"source_url\":\"\",\"cover\":\"http:\/\/mmbiz.qpic.cn\/mmbiz_jpg\/LJiau2qPWAcV6fSva4icKowClQgdZFG0SLETQjGKPGu10CT4mVh8DT2LYjmFuYlc3LxQ0Cxj7qGuGWwJZYH4bRWw\/0?wx_fmt=jpeg\",\"subtype\":9,\"is_multi\":1,\"multi_app_msg_item_list\":[{\"title\":\"快讯|软银28亿美元收购仓储机器人公司AutoStore四成股份；俄正开发机器人化温室冀在太空种粮等\",\"digest\":\"软银28亿美元收购仓储机器人公司AutoStore四成股份；俄正开发机器人化温室冀在太空种粮；3281架无人机同时飞行破吉尼斯世界纪录等\",\"content\":\"\",\"fileid\":0,\"content_url\":\"http:\/\/mp.weixin.qq.com\/s?__biz=MzI5MzE0NDUzNQ==&amp;mid=2650242069&amp;idx=2&amp;sn=bf0e0797d906a449adae4e1c2002c76a&amp;chksm=f4754eadc302c7bb9318514dde6bbdeda66aa93430c3df04bc11fde3ecdfd8e7568815c40524&amp;scene=27#wechat_redirect\",\"source_url\":\"\",\"cover\":\"http:\/\/mmbiz.qpic.cn\/mmbiz_jpg\/LJiau2qPWAcV6fSva4icKowClQgdZFG0SLfzsicrUwyKW0lriaT083PvPrZ7CPAvKg0BIvhbFZ34OFS9HToP7Q73RQ\/0?wx_fmt=jpeg\",\"author\":\"\",\"copyright_stat\":100,\"del_flag\":1,\"item_show_type\":0,\"audio_fileid\":0,\"duration\":0,\"play_url\":\"\",\"malicious_title_reason_id\":0,\"malicious_content_type\":0},{\"title\":\"机器人大讲堂专场招聘——艾利特机器人\",\"digest\":\"艾利特协作机器人：安全、易用、灵活、高效\",\"content\":\"\",\"fileid\":0,\"content_url\":\"http:\/\/mp.weixin.qq.com\/s?__biz=MzI5MzE0NDUzNQ==&amp;mid=2650242069&amp;idx=3&amp;sn=98debd77a8e73b452f12c86d47785b54&amp;chksm=f4754eadc302c7bb1daf4ea3e22f4974304006e0fd20c42ffdb18f1ee73c0e5d8c32dfc479cd&amp;scene=27#wechat_redirect\",\"source_url\":\"https:\/\/jinshuju.net\/f\/WuSjS6\",\"cover\":\"http:\/\/mmbiz.qpic.cn\/mmbiz_jpg\/LJiau2qPWAcV6fSva4icKowClQgdZFG0SLl4buKPlcXlgC7Rk5133FHxpSqDGfibTiag8A2gnp6AUVrAAEPyZu1kQQ\/0?wx_fmt=jpeg\",\"author\":\"\",\"copyright_stat\":100,\"del_flag\":1,\"item_show_type\":0,\"audio_fileid\":0,\"duration\":0,\"play_url\":\"\",\"malicious_title_reason_id\":0,\"malicious_content_type\":0},{\"title\":\"整个移动机器人圈都来了，速围观2021中国工博会机器人展“智慧物流”专区\",\"digest\":\"移动机器人（AMR\/AGV）归属于工业机器人范畴，可以解决企业面临的高度依赖人工、业务高峰期分拣能力有限等瓶颈问题\",\"content\":\"\",\"fileid\":0,\"content_url\":\"http:\/\/mp.weixin.qq.com\/s?__biz=MzI5MzE0NDUzNQ==&amp;mid=2650242069&amp;idx=4&amp;sn=4ad4d0d6e3057e63d5e64a28c0b92500&amp;chksm=f4754eadc302c7bb76b01da03b5fb7b5e7cf8e2369c6aeb055477d3a1ef63cfe87079b29dde4&amp;scene=27#wechat_redirect\",\"source_url\":\"\",\"cover\":\"http:\/\/mmbiz.qpic.cn\/mmbiz_jpg\/LJiau2qPWAcV6fSva4icKowClQgdZFG0SLAiaBmiaBRbdpLibGjGO0VcM8ic6FsKqDayjlrGUl70tfnO0J7lRsBQrGOg\/0?wx_fmt=jpeg\",\"author\":\"\",\"copyright_stat\":100,\"del_flag\":1,\"item_show_type\":0,\"audio_fileid\":0,\"duration\":0,\"play_url\":\"\",\"malicious_title_reason_id\":0,\"malicious_content_type\":0}],\"author\":\"Robospeak\",\"copyright_stat\":11,\"duration\":0,\"del_flag\":1,\"item_show_type\":0,\"audio_fileid\":0,\"play_url\":\"\",\"malicious_title_reason_id\":0,\"malicious_content_type\":0}},{\"comm_msg_info\":{\"id\":1000001790,\"type\":49,\"datetime\":1617603616,\"fakeid\":\"3293144535\",\"status\":2,\"content\":\"\"},\"app_msg_ext_info\":{\"title\":\"杜克大学机器人模仿“蜻蜓点水”，身体柔软无需电子设备，监测环境灾难协助拯救环境\",\"digest\":\"可用于检测淡水酸化、石油泄漏，赤潮迹象等问题。\",\"content\":\"\",\"fileid\":502758292,\"content_url\":\"http:\/\/mp.weixin.qq.com\/s?__biz=MzI5MzE0NDUzNQ==&amp;mid=2650242001&amp;idx=1&amp;sn=cee000ea4fa521405fce65d1e87a8cbf&amp;chksm=f4754969c302c07f8f8e2ff2e86de78860c02361401b645b4b892a25ccee668f0c0ac575bd4d&amp;scene=27#wechat_redirect\",\"source_url\":\"\",\"cover\":\"http:\/\/mmbiz.qpic.cn\/mmbiz_jpg\/LJiau2qPWAcUR7JU4LAJwdD3gkWR6GMvlaicl1WBePYCibUt3eQnPwVEwevpktgKPB2xNrLib4oK7MdpGD0duiaGxDw\/0?wx_fmt=jpeg\",\"subtype\":9,\"is_multi\":1,\"multi_app_msg_item_list\":[{\"title\":\"快讯|人类首次实现脑机信号无线高宽带传输；全球首个 AI 说唱歌手 TikTok 发新歌；算法学会赏析名画等\",\"digest\":\"人类首次实现脑机信号无线高宽带传输；全球首个 AI 说唱歌手 TikTok 发新歌；算法学会赏析名画等\",\"content\":\"\",\"fileid\":0,\"content_url\":\"http:\/\/mp.weixin.qq.com\/s?__biz=MzI5MzE0NDUzNQ==&amp;mid=2650242001&amp;idx=2&amp;sn=17627e3380e5e7b1082f9c322188c23f&amp;chksm=f4754969c302c07fd3216f4a706cc2630e1e68ac10bbbf2816a3e59f5bdee8a480728391e653&amp;scene=27#wechat_redirect\",\"source_url\":\"\",\"cover\":\"http:\/\/mmbiz.qpic.cn\/mmbiz_jpg\/LJiau2qPWAcUR7JU4LAJwdD3gkWR6GMvlgKTM3LcMvW48ibSWGVEvtDdh0aCmJ0WESDVKLBe7iczltKWga6u7xPVg\/0?wx_fmt=jpeg\",\"author\":\"\",\"copyright_stat\":100,\"del_flag\":1,\"item_show_type\":0,\"audio_fileid\":0,\"duration\":0,\"play_url\":\"\",\"malicious_title_reason_id\":0,\"malicious_content_type\":0},{\"title\":\"动图|机器 vs. 人工：石碑上是怎么刻的字？\",\"digest\":\"石碑上是怎么刻的字？\",\"content\":\"\",\"fileid\":502758334,\"content_url\":\"http:\/\/mp.weixin.qq.com\/s?__biz=MzI5MzE0NDUzNQ==&amp;mid=2650242001&amp;idx=3&amp;sn=4c020f421beaa1f26913288165aca9a7&amp;chksm=f4754969c302c07f17461b8cd813c711ccf3e81d75dd383182e8fbfe58fafd07484f462ab986&amp;scene=27#wechat_redirect\",\"source_url\":\"\",\"cover\":\"http:\/\/mmbiz.qpic.cn\/mmbiz_jpg\/LJiau2qPWAcUR7JU4LAJwdD3gkWR6GMvl8nqMN9W9OPm8tAh9Pmwc5IIcqMLmWJKNhb0hxXyMsBt0ZWrBSQb6nA\/0?wx_fmt=jpeg\",\"author\":\"CastAI\",\"copyright_stat\":101,\"del_flag\":1,\"item_show_type\":0,\"audio_fileid\":0,\"duration\":0,\"play_url\":\"\",\"malicious_title_reason_id\":0,\"malicious_content_type\":0},{\"title\":\"产业|机器人技术与生产和工作的未来\",\"digest\":\"随着人工智能的一体化和机器人技术的改进，机器人技术有望在未来十年内显著提高其性能。\",\"content\":\"\",\"fileid\":0,\"content_url\":\"http:\/\/mp.weixin.qq.com\/s?__biz=MzI5MzE0NDUzNQ==&amp;mid=2650242001&amp;idx=4&amp;sn=f95f80b8cc4eb04882ba0c12f12375d3&amp;chksm=f4754969c302c07fafec2ae03d2ce7ea2dbd253cfcc05a01c04b460f18c3ce46f7dd6a6cac9d&amp;scene=27#wechat_redirect\",\"source_url\":\"\",\"cover\":\"http:\/\/mmbiz.qpic.cn\/mmbiz_jpg\/LJiau2qPWAcUR7JU4LAJwdD3gkWR6GMvlopFc0zYGhGZRazKviakXV4RfPkpsscwqzQiaTibglia2TcHNTTuxDYrLBA\/0?wx_fmt=jpeg\",\"author\":\"创研报告\",\"copyright_stat\":101,\"del_flag\":1,\"item_show_type\":0,\"audio_fileid\":0,\"duration\":0,\"play_url\":\"\",\"malicious_title_reason_id\":0,\"malicious_content_type\":0}],\"author\":\"Robospeak\",\"copyright_stat\":11,\"duration\":0,\"del_flag\":1,\"item_show_type\":0,\"audio_fileid\":0,\"play_url\":\"\",\"malicious_title_reason_id\":0,\"malicious_content_type\":0}},{\"comm_msg_info\":{\"id\":1000001789,\"type\":49,\"datetime\":1617515073,\"fakeid\":\"3293144535\",\"status\":2,\"content\":\"\"},\"app_msg_ext_info\":{\"title\":\"小伙用AI“复活”逝去亲人的照片上热搜，深度伪造技术存在隐患\",\"digest\":\"斯人已逝，但爱与思念始终留存在我们心中。\",\"content\":\"\",\"fileid\":0,\"content_url\":\"http:\/\/mp.weixin.qq.com\/s?__biz=MzI5MzE0NDUzNQ==&amp;mid=2650241938&amp;idx=1&amp;sn=f5157fe310851727363751e605e766c8&amp;chksm=f475492ac302c03c85a70ae235a6e7a70dbb0253dcd611d0e65db250547e35b17eef8cb99520&amp;scene=27#wechat_redirect\",\"source_url\":\"\",\"cover\":\"http:\/\/mmbiz.qpic.cn\/mmbiz_jpg\/LJiau2qPWAcX2K10jv1RqDFU3NqnHsAWQXkAtVhmb1eqzOoDeWgDV4uGqkq56Khh7IcWZl81IBlN2NBNDLa3Wtg\/0?wx_fmt=jpeg\",\"subtype\":9,\"is_multi\":1,\"multi_app_msg_item_list\":[{\"title\":\"快讯|科学家联合解析抗疫机器人挑战和机遇；可自愈可形变软体机器人，有望进入太空执行任务等\",\"digest\":\"科学家联合解析抗疫机器人挑战和机遇；可自愈可形变软体机器人，有望进入太空执行任务等\",\"content\":\"\",\"fileid\":0,\"content_url\":\"http:\/\/mp.weixin.qq.com\/s?__biz=MzI5MzE0NDUzNQ==&amp;mid=2650241938&amp;idx=2&amp;sn=ef28f072014bd65ab4d2ead409edbed3&amp;chksm=f475492ac302c03c1fc8ab7bd55e80b0fb367938810cc105a67a5fe66b9edc72f27fcfcad966&amp;scene=27#wechat_redirect\",\"source_url\":\"\",\"cover\":\"http:\/\/mmbiz.qpic.cn\/mmbiz_jpg\/LJiau2qPWAcX2K10jv1RqDFU3NqnHsAWQx7vaS1T7fnqNcssdlwzVZTfk3UGiaPNPU7svuicZ0nCSBYDSNKmrIdMA\/0?wx_fmt=jpeg\",\"author\":\"\",\"copyright_stat\":100,\"del_flag\":1,\"item_show_type\":0,\"audio_fileid\":0,\"duration\":0,\"play_url\":\"\",\"malicious_title_reason_id\":0,\"malicious_content_type\":0},{\"title\":\"热点|坎德拉获3.75亿元B轮融资，加码服务机器人赋能多场景智慧生活\",\"digest\":\"近日，坎德拉（深圳）科技创新有限公司（以下简称“坎德拉”）完成3.75亿元B轮融资，由多家机构共同投资。\",\"content\":\"\",\"fileid\":0,\"content_url\":\"http:\/\/mp.weixin.qq.com\/s?__biz=MzI5MzE0NDUzNQ==&amp;mid=2650241938&amp;idx=3&amp;sn=c2b592e097e937ba421d3640cb431fa9&amp;chksm=f475492ac302c03c98b4eaa88b106f31eec5a7ec2cbb14c14b7583aa192f06f5b0399317fccc&amp;scene=27#wechat_redirect\",\"source_url\":\"\",\"cover\":\"http:\/\/mmbiz.qpic.cn\/mmbiz_jpg\/LJiau2qPWAcX2K10jv1RqDFU3NqnHsAWQsfdNo6qoOjfeVqyXt5J6ryBH1nSJkPdrVKiaa6EnWiapic2w81vsYkj9w\/0?wx_fmt=jpeg\",\"author\":\"\",\"copyright_stat\":100,\"del_flag\":1,\"item_show_type\":0,\"audio_fileid\":0,\"duration\":0,\"play_url\":\"\",\"malicious_title_reason_id\":0,\"malicious_content_type\":0},{\"title\":\"产业|2021年AI将改变制造业的6大应用趋势\",\"digest\":\"一起看看AI如何改变制造业。\",\"content\":\"\",\"fileid\":0,\"content_url\":\"http:\/\/mp.weixin.qq.com\/s?__biz=MzI5MzE0NDUzNQ==&amp;mid=2650241938&amp;idx=4&amp;sn=b40be1d9bc2b36ea82dede3ebd477573&amp;chksm=f475492ac302c03c36e42463d831aa3a85044be8190430c6fbd70d151b87c974fcf15fcb0761&amp;scene=27#wechat_redirect\",\"source_url\":\"\",\"cover\":\"http:\/\/mmbiz.qpic.cn\/mmbiz_jpg\/LJiau2qPWAcX2K10jv1RqDFU3NqnHsAWQQpnQicOZ5efjynTVsricgrMSPJbeDic6k5yWbAVVSAGXIzIrM4AGqkFGw\/0?wx_fmt=jpeg\",\"author\":\"\",\"copyright_stat\":100,\"del_flag\":1,\"item_show_type\":0,\"audio_fileid\":0,\"duration\":0,\"play_url\":\"\",\"malicious_title_reason_id\":0,\"malicious_content_type\":0}],\"author\":\"\",\"copyright_stat\":100,\"duration\":0,\"del_flag\":1,\"item_show_type\":0,\"audio_fileid\":0,\"play_url\":\"\",\"malicious_title_reason_id\":0,\"malicious_content_type\":0}}]}","next_offset":71,"video_count":1,"use_video_tab":1,"real_type":0,"home_page_list":[]}