{"ret":0,"errmsg":"ok","msg_count":10,"can_msg_continue":1,"general_msg_list":"{\"list\":[{\"comm_msg_info\":{\"id\":1000001849,\"type\":49,\"datetime\":1622613412,\"fakeid\":\"3293144535\",\"status\":2,\"content\":\"\"},\"app_msg_ext_info\":{\"title\":\"国内首款工业级防水机器狗问世！云深处重磅发布工业巡检新利器\",\"digest\":\"杭州云深处科技公开发布防护版“绝影”机器狗，能在雨水、泥泞环境中展现卓越防护性能。\",\"content\":\"\",\"fileid\":0,\"content_url\":\"http:\/\/mp.weixin.qq.com\/s?__biz=MzI5MzE0NDUzNQ==&amp;mid=2650245612&amp;idx=1&amp;sn=df4a80e3aa185d606a7fe6631f2b28d2&amp;chksm=f475bb54c30232426c8c3feb96d4403d1393a23a7c18604648efaedb0a6b23c03eed1eca083a&amp;scene=27#wechat_redirect\",\"source_url\":\"\",\"cover\":\"http:\/\/mmbiz.qpic.cn\/mmbiz_jpg\/LJiau2qPWAcWdFoGf63NkddRXHJ54MXCZdfw7icxH4VkgOPjKEicH605EJO2M2D5RwL1S9jeg41gbIibueA6QvR6Yw\/0?wx_fmt=jpeg\",\"subtype\":9,\"is_multi\":1,\"multi_app_msg_item_list\":[{\"title\":\"快讯|会做42种表情的「蓝脸」机器人于ICRA 2021发表；可移除能量的外骨骼问世；滴滴自动驾驶即将完成新一轮超3亿美元融资等\",\"digest\":\"会做42种表情的「蓝脸」机器人于ICRA 2021发表；可移除能量的外骨骼问世；滴滴自动驾驶即将完成新一轮超3亿美元融资等\",\"content\":\"\",\"fileid\":0,\"content_url\":\"http:\/\/mp.weixin.qq.com\/s?__biz=MzI5MzE0NDUzNQ==&amp;mid=2650245612&amp;idx=2&amp;sn=1854609b739d6a1d8f814fc1827cdd01&amp;chksm=f475bb54c30232421f4199056669e79b1fa6090cef2404bd481b734bef760c53b43a0be7c217&amp;scene=27#wechat_redirect\",\"source_url\":\"\",\"cover\":\"http:\/\/mmbiz.qpic.cn\/mmbiz_jpg\/LJiau2qPWAcU4zsEoDcAvRZoPVmF6IcH30GqujXxY9HrmMAQCuCqLHul3RgcDfT0Kpicv2wKbnXh9Cy7ibxs5DBBQ\/0?wx_fmt=jpeg\",\"author\":\"\",\"copyright_stat\":100,\"del_flag\":1,\"item_show_type\":0,\"audio_fileid\":0,\"duration\":0,\"play_url\":\"\",\"malicious_title_reason_id\":0,\"malicious_content_type\":0},{\"title\":\"专题 | 大界智能建造解决方案及实例解析\",\"digest\":\"利用机器人技术提升了工厂的加工效率和产品质量，为客户提供高效优质的自动化生产解决方案。\",\"content\":\"\",\"fileid\":502761942,\"content_url\":\"http:\/\/mp.weixin.qq.com\/s?__biz=MzI5MzE0NDUzNQ==&amp;mid=2650245612&amp;idx=3&amp;sn=93678fd255c1dbbfeb88d480bf1666dd&amp;chksm=f475bb54c302324298d791bbab50ee071e42a2b2a9d668f0761434a019740d94eb55f657b556&amp;scene=27#wechat_redirect\",\"source_url\":\"\",\"cover\":\"http:\/\/mmbiz.qpic.cn\/mmbiz_jpg\/LJiau2qPWAcU4zsEoDcAvRZoPVmF6IcH3QhpJ7miaf2sTkUdcDdr6Z01mcSoHfDajFJebMKpzqeDgOPhpxfhsexA\/0?wx_fmt=jpeg\",\"author\":\"RoboticPlus.AI\",\"copyright_stat\":101,\"del_flag\":1,\"item_show_type\":0,\"audio_fileid\":0,\"duration\":0,\"play_url\":\"\",\"malicious_title_reason_id\":0,\"malicious_content_type\":0},{\"title\":\"前沿|别说了，有画面了！Google文本生成图像取得新SOTA，CVPR2021已接收\",\"digest\":\"最近Google又出从文本到图像的新模型，75%的人类都说超过了传统的SOTA模型，直呼脑子里有画面了！\",\"content\":\"\",\"fileid\":0,\"content_url\":\"http:\/\/mp.weixin.qq.com\/s?__biz=MzI5MzE0NDUzNQ==&amp;mid=2650245612&amp;idx=4&amp;sn=e6d9504f7d3b1aea80fc41b47757b4be&amp;chksm=f475bb54c30232423e18bd541059aee9550a731076918e90a667c09772d799333e3dfed0973b&amp;scene=27#wechat_redirect\",\"source_url\":\"\",\"cover\":\"http:\/\/mmbiz.qpic.cn\/mmbiz_jpg\/LJiau2qPWAcU4zsEoDcAvRZoPVmF6IcH3g7cheJ1KibNHaUDQIDx5AnEVwNGZPuegkoeXLIv9rbrRoc05gBUXibzg\/0?wx_fmt=jpeg\",\"author\":\"\",\"copyright_stat\":100,\"del_flag\":1,\"item_show_type\":0,\"audio_fileid\":0,\"duration\":0,\"play_url\":\"\",\"malicious_title_reason_id\":0,\"malicious_content_type\":0}],\"author\":\"\",\"copyright_stat\":100,\"duration\":0,\"del_flag\":1,\"item_show_type\":0,\"audio_fileid\":0,\"play_url\":\"\",\"malicious_title_reason_id\":0,\"malicious_content_type\":0}},{\"comm_msg_info\":{\"id\":1000001848,\"type\":49,\"datetime\":1622536286,\"fakeid\":\"3293144535\",\"status\":2,\"content\":\"\"},\"app_msg_ext_info\":{\"title\":\"松灵自主导航复合机器人亮相ICRA2021，一站式配齐，让你更懂研发！\",\"digest\":\"研究人员福音！从泛化学习到聚焦领域，松灵这款自主导航复合机器人一站式配齐！\",\"content\":\"\",\"fileid\":0,\"content_url\":\"http:\/\/mp.weixin.qq.com\/s?__biz=MzI5MzE0NDUzNQ==&amp;mid=2650245574&amp;idx=1&amp;sn=1b2082c91d8345ac0d43ea1d013044f1&amp;chksm=f475bb7ec3023268452b91237c19893a98a4a4ae52b9b9a6fe0bd6fa7f52ce8a90e7af873480&amp;scene=27#wechat_redirect\",\"source_url\":\"\",\"cover\":\"http:\/\/mmbiz.qpic.cn\/mmbiz_jpg\/LJiau2qPWAcXicq0Yqic5ftt3GR8X1u28dckicxVAFj8bTQ6s9kEwv3BcfjJ9PhiafRcZzbUU5ibcVmBibuFrKGNQda9Q\/0?wx_fmt=jpeg\",\"subtype\":9,\"is_multi\":1,\"multi_app_msg_item_list\":[{\"title\":\"当百年工艺遇上智能制造——传统内燃机组装工艺与珞石机器人\",\"digest\":\"福田康明斯智能制造项目团队一行莅临珞石机器人北京总部进行技术交流。\",\"content\":\"\",\"fileid\":0,\"content_url\":\"http:\/\/mp.weixin.qq.com\/s?__biz=MzI5MzE0NDUzNQ==&amp;mid=2650245574&amp;idx=2&amp;sn=9718be89de715ebdc717720077b85ea9&amp;chksm=f475bb7ec30232683ccdaec59c7b7f848ad7e9d18257c53b10bb9746872d861b835bb8538fd1&amp;scene=27#wechat_redirect\",\"source_url\":\"\",\"cover\":\"http:\/\/mmbiz.qpic.cn\/mmbiz_jpg\/LJiau2qPWAcXicq0Yqic5ftt3GR8X1u28dceiceYbDm2ia0U8fhfFZpPicTdueU9W0iadfPmMc1dtGwbNIGNseaQGgkpA\/0?wx_fmt=jpeg\",\"author\":\"\",\"copyright_stat\":100,\"del_flag\":1,\"item_show_type\":0,\"audio_fileid\":0,\"duration\":0,\"play_url\":\"\",\"malicious_title_reason_id\":0,\"malicious_content_type\":0},{\"title\":\"知识改变命运，用AI飞越大山\",\"digest\":\"以AI相伴，看见星辰大海\",\"content\":\"\",\"fileid\":0,\"content_url\":\"http:\/\/mp.weixin.qq.com\/s?__biz=MzI5MzE0NDUzNQ==&amp;mid=2650245574&amp;idx=3&amp;sn=87c08c21c848d4df4a21a4eb40d37d13&amp;chksm=f475bb7ec3023268f02719e9ced239a7088fe0386c435dd71fb00e02ba9823020e4fa452242a&amp;scene=27#wechat_redirect\",\"source_url\":\"\",\"cover\":\"http:\/\/mmbiz.qpic.cn\/mmbiz_jpg\/LJiau2qPWAcXicq0Yqic5ftt3GR8X1u28dcRur6U9muwcbAvTtRvJT1m2bDFWdJ0a5uohmIhcoDnhyRN13zlfZqKQ\/0?wx_fmt=jpeg\",\"author\":\"优必选科技\",\"copyright_stat\":201,\"del_flag\":1,\"item_show_type\":0,\"audio_fileid\":0,\"duration\":0,\"play_url\":\"\",\"malicious_title_reason_id\":0,\"malicious_content_type\":0},{\"title\":\"快讯|索尼联合日本宇航局探月机器人2022年登月；新加坡国立大学多传感器融合的软体机械手等\",\"digest\":\"索尼联合日本宇航局探月机器人2022年登月；新加坡国立大学多传感器融合的软体机械手等\",\"content\":\"\",\"fileid\":0,\"content_url\":\"http:\/\/mp.weixin.qq.com\/s?__biz=MzI5MzE0NDUzNQ==&amp;mid=2650245574&amp;idx=4&amp;sn=4f81a61f3834b5f55694a4a7faca09c9&amp;chksm=f475bb7ec30232689ff9d62dd15fa677a2cb92ee1afa4807025feeb6dc505af4f9f36955fb68&amp;scene=27#wechat_redirect\",\"source_url\":\"\",\"cover\":\"http:\/\/mmbiz.qpic.cn\/mmbiz_jpg\/LJiau2qPWAcXicq0Yqic5ftt3GR8X1u28dczkY3RtEFOkZ87aHu4u9pKRCibwAUVJ4nlxGV5kGLRuICG1KqwMv5KEA\/0?wx_fmt=jpeg\",\"author\":\"\",\"copyright_stat\":100,\"del_flag\":1,\"item_show_type\":0,\"audio_fileid\":0,\"duration\":0,\"play_url\":\"\",\"malicious_title_reason_id\":0,\"malicious_content_type\":0},{\"title\":\"热点|美国工人锐减820万，非汽车行业机器人订单首次占据半壁江山\",\"digest\":\"疫情加速了此前在接受自动化系统方面进展缓慢的行业引入自动化的步伐。\",\"content\":\"\",\"fileid\":0,\"content_url\":\"http:\/\/mp.weixin.qq.com\/s?__biz=MzI5MzE0NDUzNQ==&amp;mid=2650245574&amp;idx=5&amp;sn=dce5a12421794a26578b334b846f4651&amp;chksm=f475bb7ec3023268e0085f020c42e84ad7eefb8370c7f355c0eb6bb77103efba572abacf2d51&amp;scene=27#wechat_redirect\",\"source_url\":\"\",\"cover\":\"http:\/\/mmbiz.qpic.cn\/mmbiz_jpg\/LJiau2qPWAcXicq0Yqic5ftt3GR8X1u28dcQ3qx1DBVyqRwRsDpNGziakghicNJicI5fDuicuxnNhV0Uo01M8nXcJuhnw\/0?wx_fmt=jpeg\",\"author\":\"\",\"copyright_stat\":100,\"del_flag\":1,\"item_show_type\":0,\"audio_fileid\":0,\"duration\":0,\"play_url\":\"\",\"malicious_title_reason_id\":0,\"malicious_content_type\":0}],\"author\":\"Jack\",\"copyright_stat\":11,\"duration\":0,\"del_flag\":1,\"item_show_type\":0,\"audio_fileid\":0,\"play_url\":\"\",\"malicious_title_reason_id\":0,\"malicious_content_type\":0}},{\"comm_msg_info\":{\"id\":1000001847,\"type\":49,\"datetime\":1622431114,\"fakeid\":\"3293144535\",\"status\":2,\"content\":\"\"},\"app_msg_ext_info\":{\"title\":\"珞石机器人完成C系列超3亿融资，领跑全球智能制造转型赛道\",\"digest\":\"机器人领域领军企业珞石机器人宣布完成2亿元C+轮融资。\",\"content\":\"\",\"fileid\":0,\"content_url\":\"http:\/\/mp.weixin.qq.com\/s?__biz=MzI5MzE0NDUzNQ==&amp;mid=2650245480&amp;idx=1&amp;sn=f264b2b31a847dfc8e5d60a684a9ec88&amp;chksm=f475bbd0c30232c60d689370dcfbce433654a2bb19ee92a96f574d578f52baa0d777c7e3cb67&amp;scene=27#wechat_redirect\",\"source_url\":\"\",\"cover\":\"http:\/\/mmbiz.qpic.cn\/mmbiz_jpg\/LJiau2qPWAcWdFoGf63NkddRXHJ54MXCZAoAl1RiaMab46oZrF5ufAYCdw0ialojF2qK5ic4AIuybjzYfBLSzn5IYw\/0?wx_fmt=jpeg\",\"subtype\":9,\"is_multi\":1,\"multi_app_msg_item_list\":[{\"title\":\"快讯|英国媒体称中俄正联手建造机器人武器库；云迹科技获张江科投战略投资；深圳最高AGV机器人停车楼开工等\",\"digest\":\"英国媒体称中俄正联手建造机器人武器库；云迹科技获张江科投战略投资；深圳最高AGV机器人停车楼开工等\",\"content\":\"\",\"fileid\":0,\"content_url\":\"http:\/\/mp.weixin.qq.com\/s?__biz=MzI5MzE0NDUzNQ==&amp;mid=2650245480&amp;idx=2&amp;sn=8b3c30bb39dc18d39db0d4c1fc834bdc&amp;chksm=f475bbd0c30232c6d4bb9244d27eebf1f08b4dd0c4052c7b2994495ede8d8d03348a586e4d0d&amp;scene=27#wechat_redirect\",\"source_url\":\"\",\"cover\":\"http:\/\/mmbiz.qpic.cn\/mmbiz_jpg\/LJiau2qPWAcWdFoGf63NkddRXHJ54MXCZKeKs30CCplKDYMPf7YjcicUofWk5R4Cko0I84rV474jnxHNzfdPcCdQ\/0?wx_fmt=jpeg\",\"author\":\"\",\"copyright_stat\":100,\"del_flag\":1,\"item_show_type\":0,\"audio_fileid\":0,\"duration\":0,\"play_url\":\"\",\"malicious_title_reason_id\":0,\"malicious_content_type\":0},{\"title\":\"前沿|电动车已Out！美国推出「纯电动飞机」，难道得用超超级快充？\",\"digest\":\"电动车没意思，电动飞机你看怎么样？\",\"content\":\"\",\"fileid\":0,\"content_url\":\"http:\/\/mp.weixin.qq.com\/s?__biz=MzI5MzE0NDUzNQ==&amp;mid=2650245480&amp;idx=3&amp;sn=28c11c7217a3389d312c5c2ede0f8155&amp;chksm=f475bbd0c30232c6f2132c3dfd8f1fb161b081e156415008093e17df31d0533b125811f9a5bb&amp;scene=27#wechat_redirect\",\"source_url\":\"\",\"cover\":\"http:\/\/mmbiz.qpic.cn\/mmbiz_jpg\/LJiau2qPWAcWdFoGf63NkddRXHJ54MXCZrWh5pOnaDFUdzQI28GTPRzVX3ScRVyzyZro2tXqmPU4gfq4VbNGCTg\/0?wx_fmt=jpeg\",\"author\":\"\",\"copyright_stat\":100,\"del_flag\":1,\"item_show_type\":0,\"audio_fileid\":0,\"duration\":0,\"play_url\":\"\",\"malicious_title_reason_id\":0,\"malicious_content_type\":0},{\"title\":\"热点|匹兹堡大学增强对大脑神经刺激，唤起人工触觉，实现 “意念控制” 假肢\",\"digest\":\"通过脑机接口（BCI）技术读取大脑中的特定神经信号，建立感知和行动的相关连接，从而实现大脑的 “意念操作 ”。\",\"content\":\"\",\"fileid\":0,\"content_url\":\"http:\/\/mp.weixin.qq.com\/s?__biz=MzI5MzE0NDUzNQ==&amp;mid=2650245480&amp;idx=4&amp;sn=4e9f5b83c1959dc990f6b3baa192c5b4&amp;chksm=f475bbd0c30232c64ddaa30138042bddd684279b72a0bf1f3193297ddda29af5de0a60d2f030&amp;scene=27#wechat_redirect\",\"source_url\":\"\",\"cover\":\"http:\/\/mmbiz.qpic.cn\/mmbiz_jpg\/LJiau2qPWAcWdFoGf63NkddRXHJ54MXCZiaNkhMnjOTDLT6XGon02dBYGn1ZSuQYt3HNibDm0oZI4LFA9oLibqHiazg\/0?wx_fmt=jpeg\",\"author\":\"\",\"copyright_stat\":100,\"del_flag\":1,\"item_show_type\":0,\"audio_fileid\":0,\"duration\":0,\"play_url\":\"\",\"malicious_title_reason_id\":0,\"malicious_content_type\":0}],\"author\":\"\",\"copyright_stat\":100,\"duration\":0,\"del_flag\":1,\"item_show_type\":0,\"audio_fileid\":0,\"play_url\":\"\",\"malicious_title_reason_id\":0,\"malicious_content_type\":0}},{\"comm_msg_info\":{\"id\":1000001846,\"type\":49,\"datetime\":1622358875,\"fakeid\":\"3293144535\",\"status\":2,\"content\":\"\"},\"app_msg_ext_info\":{\"title\":\"机器人投资热潮再起！67家公司融资超百亿，北上广扎堆\",\"digest\":\"今年国内的机器人融资潮，真是热闹！\",\"content\":\"\",\"fileid\":0,\"content_url\":\"http:\/\/mp.weixin.qq.com\/s?__biz=MzI5MzE0NDUzNQ==&amp;mid=2650245371&amp;idx=1&amp;sn=ff301e95ae3c816d9da4f70b0ec2888a&amp;chksm=f475ba43c30233553d3685ea3dee1538b4e60669f9f56978ad14e6d76de10404bb26855dbeeb&amp;scene=27#wechat_redirect\",\"source_url\":\"\",\"cover\":\"http:\/\/mmbiz.qpic.cn\/mmbiz_jpg\/LJiau2qPWAcWLGEmHf1YusBzm3pSmPucCdWsrCK8tm4LjGFgtWLW1UvPj9ZdNE3O4muwicrzR323zwicj3VibyrBlQ\/0?wx_fmt=jpeg\",\"subtype\":9,\"is_multi\":1,\"multi_app_msg_item_list\":[{\"title\":\"快讯|可识别能量源的传感器帮机器人”觅食”；新时达第2万台机器人下线；国内已有超过60家企业涉及叉车AGV业务等\",\"digest\":\"可识别能量源的传感器帮机器人”觅食”；新时达第2万台机器人下线；国内已有超过60家企业涉及叉车AGV业务等\",\"content\":\"\",\"fileid\":0,\"content_url\":\"http:\/\/mp.weixin.qq.com\/s?__biz=MzI5MzE0NDUzNQ==&amp;mid=2650245371&amp;idx=2&amp;sn=20f621c348ca5b560f2a1bcbf31df3d1&amp;chksm=f475ba43c30233557eb92241f676c4c6a6f1084e30415455028e5a1119c7b08907d4d21e3aae&amp;scene=27#wechat_redirect\",\"source_url\":\"\",\"cover\":\"http:\/\/mmbiz.qpic.cn\/mmbiz_jpg\/LJiau2qPWAcWLGEmHf1YusBzm3pSmPucCH4OlUwcIxbZjHRP7UecUgJ7Jq4jwRWyKtUdl7VeQGSvsMLeE0wCbgw\/0?wx_fmt=jpeg\",\"author\":\"\",\"copyright_stat\":100,\"del_flag\":1,\"item_show_type\":0,\"audio_fileid\":0,\"duration\":0,\"play_url\":\"\",\"malicious_title_reason_id\":0,\"malicious_content_type\":0},{\"title\":\"前沿|波士顿动力Atlas的后空翻怎么实现的？这篇论文给出了方案\",\"digest\":\"这类高难度的动作如何实现？近期MIT团队的成果给出了一个解决方案。\",\"content\":\"\",\"fileid\":0,\"content_url\":\"http:\/\/mp.weixin.qq.com\/s?__biz=MzI5MzE0NDUzNQ==&amp;mid=2650245371&amp;idx=3&amp;sn=36e238d9db725531e13240ad57ac2eb4&amp;chksm=f475ba43c3023355cdadc0b26b8475a47dd7d51d8ffad65f0cb59e0b03e66dd5765ecf3c22e4&amp;scene=27#wechat_redirect\",\"source_url\":\"\",\"cover\":\"http:\/\/mmbiz.qpic.cn\/mmbiz_jpg\/LJiau2qPWAcWLGEmHf1YusBzm3pSmPucCfRSPEnDqBoEZM5SmQVibSRrFCu619SYQxQ7evGaWtVyGvxA8ktVtOTw\/0?wx_fmt=jpeg\",\"author\":\"\",\"copyright_stat\":100,\"del_flag\":1,\"item_show_type\":0,\"audio_fileid\":0,\"duration\":0,\"play_url\":\"\",\"malicious_title_reason_id\":0,\"malicious_content_type\":0},{\"title\":\"热点|全球最快AI超级计算机开动，每秒4百亿亿浮点运算！正拼接最大宇宙3D地图\",\"digest\":\"该计算机被称为世界上用于人工智能工作负载的最快的超级计算机。\",\"content\":\"\",\"fileid\":0,\"content_url\":\"http:\/\/mp.weixin.qq.com\/s?__biz=MzI5MzE0NDUzNQ==&amp;mid=2650245371&amp;idx=4&amp;sn=0ea81533b3c4c77bf353296fb7a9c231&amp;chksm=f475ba43c30233554c89bd556c15b54351c7f716f321f43c627ba748e035cb780ea1b1e64564&amp;scene=27#wechat_redirect\",\"source_url\":\"\",\"cover\":\"http:\/\/mmbiz.qpic.cn\/mmbiz_jpg\/LJiau2qPWAcWLGEmHf1YusBzm3pSmPucC2Md8oOh4VxIp7LwJmBC5A8HLe44jkTuKXYSqDyLibOd7wchziawOCmSA\/0?wx_fmt=jpeg\",\"author\":\"\",\"copyright_stat\":100,\"del_flag\":1,\"item_show_type\":0,\"audio_fileid\":0,\"duration\":0,\"play_url\":\"\",\"malicious_title_reason_id\":0,\"malicious_content_type\":0},{\"title\":\"IEEE 旗舰机器人会议 ICRA-2021 研讨会:欠驱动机器人的高速动态控制\",\"digest\":\"我们利用本次研讨会发现和探讨硬件设计和运动控制方面的最新成果。\",\"content\":\"\",\"fileid\":0,\"content_url\":\"http:\/\/mp.weixin.qq.com\/s?__biz=MzI5MzE0NDUzNQ==&amp;mid=2650245371&amp;idx=5&amp;sn=da80295386aff1ceba2f93aeb911ccea&amp;chksm=f475ba43c302335502c9184615b1630d338364609f0b65ec0dafc940d35cd612af0e84744642&amp;scene=27#wechat_redirect\",\"source_url\":\"\",\"cover\":\"http:\/\/mmbiz.qpic.cn\/mmbiz_jpg\/LJiau2qPWAcUt228IYKOqvRN2bhhlshtI1rbL3EQmQLMEuKyblg75VRTJctFCn2CibZzicwiazj13rCRBr0Nu5bmsQ\/0?wx_fmt=jpeg\",\"author\":\"\",\"copyright_stat\":100,\"del_flag\":1,\"item_show_type\":0,\"audio_fileid\":0,\"duration\":0,\"play_url\":\"\",\"malicious_title_reason_id\":0,\"malicious_content_type\":0}],\"author\":\"李水青\",\"copyright_stat\":101,\"duration\":0,\"del_flag\":1,\"item_show_type\":0,\"audio_fileid\":0,\"play_url\":\"\",\"malicious_title_reason_id\":0,\"malicious_content_type\":0}},{\"comm_msg_info\":{\"id\":1000001845,\"type\":49,\"datetime\":1622277261,\"fakeid\":\"3293144535\",\"status\":2,\"content\":\"\"},\"app_msg_ext_info\":{\"title\":\"全新一代「拥抱机器人」问世！研究人员：比上一版本更自然和有趣\",\"digest\":\"专门提供“拥抱”的机器人请了解一下\",\"content\":\"\",\"fileid\":502761644,\"content_url\":\"http:\/\/mp.weixin.qq.com\/s?__biz=MzI5MzE0NDUzNQ==&amp;mid=2650245322&amp;idx=1&amp;sn=c37ddf9c0363c87dfd030d2975fcbe0a&amp;chksm=f475ba72c3023364b66cb02922645422716b6289c04adc598f15b598a75008618c764ca835aa&amp;scene=27#wechat_redirect\",\"source_url\":\"\",\"cover\":\"http:\/\/mmbiz.qpic.cn\/mmbiz_jpg\/LJiau2qPWAcUelichCibibKj4pFVcE3B1NWxxzcppouHhcyA8xOlmwMr0FF4sfVozhgaq0nMSd6xfD1HenE2qwyjfQ\/0?wx_fmt=jpeg\",\"subtype\":9,\"is_multi\":1,\"multi_app_msg_item_list\":[{\"title\":\"快讯|新加坡国立大学研发首个智能泡沫；三家无人配送车获批在京“持证上岗”；卢冠达AI制药公司再获千万美元融资等\",\"digest\":\"新加坡国立大学研发首个智能泡沫；三家无人配送车获批在京“持证上岗”；卢冠达AI制药公司再获千万美元融资等\",\"content\":\"\",\"fileid\":0,\"content_url\":\"http:\/\/mp.weixin.qq.com\/s?__biz=MzI5MzE0NDUzNQ==&amp;mid=2650245322&amp;idx=2&amp;sn=fea95d81f84b062a8a154b3558c2596c&amp;chksm=f475ba72c30233649eb12b16162c655e4df9b0fe1d3db11b10638c5f3c0ad373efbd2f045b13&amp;scene=27#wechat_redirect\",\"source_url\":\"\",\"cover\":\"http:\/\/mmbiz.qpic.cn\/mmbiz_jpg\/LJiau2qPWAcUelichCibibKj4pFVcE3B1NWx7RhV5f8caQXs5UBa94IlSm82PdTNgTMOclE2vpumibqQYjDTQhibN18A\/0?wx_fmt=jpeg\",\"author\":\"\",\"copyright_stat\":100,\"del_flag\":1,\"item_show_type\":0,\"audio_fileid\":0,\"duration\":0,\"play_url\":\"\",\"malicious_title_reason_id\":0,\"malicious_content_type\":0},{\"title\":\"CE认证加持，库宝系列机器人为全球物流保驾护航\",\"digest\":\"标志着海柔创新全球化发展迈入了一个新的阶段。\",\"content\":\"\",\"fileid\":0,\"content_url\":\"http:\/\/mp.weixin.qq.com\/s?__biz=MzI5MzE0NDUzNQ==&amp;mid=2650245322&amp;idx=3&amp;sn=1c674c7375815040c93baf99592583d5&amp;chksm=f475ba72c3023364eeb11a1d863178bce817932526942f8f81eb98a34dfc00cf0c1bc5252581&amp;scene=27#wechat_redirect\",\"source_url\":\"\",\"cover\":\"http:\/\/mmbiz.qpic.cn\/mmbiz_jpg\/LJiau2qPWAcUelichCibibKj4pFVcE3B1NWxQRP8ZxWw4h89Q2EbdFnnFrfmNMsGeVxgSHITfKic135zeKGe727ct0g\/0?wx_fmt=jpeg\",\"author\":\"海柔创新HAI\",\"copyright_stat\":101,\"del_flag\":1,\"item_show_type\":0,\"audio_fileid\":0,\"duration\":0,\"play_url\":\"\",\"malicious_title_reason_id\":0,\"malicious_content_type\":0},{\"title\":\"热点|要让机器人切土豆丝，英伟达首先给土豆建了个模\",\"digest\":\"你知道，切开一颗土豆的过程中，刀是如何受力的、土豆又会发生怎样的形变吗？\",\"content\":\"\",\"fileid\":0,\"content_url\":\"http:\/\/mp.weixin.qq.com\/s?__biz=MzI5MzE0NDUzNQ==&amp;mid=2650245322&amp;idx=4&amp;sn=70ac8b09b0ff047e2ca6ecf2b9e046dc&amp;chksm=f475ba72c30233646f9b1a6a2ed1455df41fcbc55d7e45672160b8784820c540250af40d24a7&amp;scene=27#wechat_redirect\",\"source_url\":\"\",\"cover\":\"http:\/\/mmbiz.qpic.cn\/mmbiz_jpg\/LJiau2qPWAcUelichCibibKj4pFVcE3B1NWx3PkMic3FM8f8g2Fdvz8HOtv8n4K2DLn2mlc2w4XLrRYuzibjuOklINyg\/0?wx_fmt=jpeg\",\"author\":\"\",\"copyright_stat\":100,\"del_flag\":1,\"item_show_type\":0,\"audio_fileid\":0,\"duration\":0,\"play_url\":\"\",\"malicious_title_reason_id\":0,\"malicious_content_type\":0}],\"author\":\"\",\"copyright_stat\":100,\"duration\":0,\"del_flag\":1,\"item_show_type\":0,\"audio_fileid\":0,\"play_url\":\"\",\"malicious_title_reason_id\":0,\"malicious_content_type\":0}},{\"comm_msg_info\":{\"id\":1000001844,\"type\":49,\"datetime\":1622182138,\"fakeid\":\"3293144535\",\"status\":2,\"content\":\"\"},\"app_msg_ext_info\":{\"title\":\"Shadow遥操作系统来了！隔着大陆也能控制！还能精准感知每一个细节！\",\"digest\":\"灵活、精巧，马斯克都打Call！Shadow遥操作系统来中国了！全新应用场景等你发掘！\",\"content\":\"\",\"fileid\":0,\"content_url\":\"http:\/\/mp.weixin.qq.com\/s?__biz=MzI5MzE0NDUzNQ==&amp;mid=2650245280&amp;idx=1&amp;sn=233ca6832ffbbf05c94b85c20d3633bf&amp;chksm=f475ba18c302330e6e95e3c31946bc78a3d2c04fe565ed75316d1bf8a772bbc2639d82470c1a&amp;scene=27#wechat_redirect\",\"source_url\":\"\",\"cover\":\"http:\/\/mmbiz.qpic.cn\/mmbiz_jpg\/LJiau2qPWAcVbPo4CicR97WjZGKVjvs1EjicvydhOw1uuAz6jMCF6osYFne2IMBab3vfI8iccn4SyNFn0HvAEBJ2rg\/0?wx_fmt=jpeg\",\"subtype\":9,\"is_multi\":1,\"multi_app_msg_item_list\":[{\"title\":\"没有项目经验，可以拿这个练手\",\"digest\":\"\",\"content\":\"\",\"fileid\":502761628,\"content_url\":\"http:\/\/mp.weixin.qq.com\/s?__biz=MzI5MzE0NDUzNQ==&amp;mid=2650245280&amp;idx=2&amp;sn=ff948dd0db50255f62033713081be945&amp;chksm=f475ba18c302330e83e02e30407bfa513cfcbf1af0f53bb86837202d1f2b7148a16f2cf08be3&amp;scene=27#wechat_redirect\",\"source_url\":\"https:\/\/wx.kaikeba.com\/vip_course\/zxnca1royx\/z7haavjqc4?tenant=wx5046bc7413796142\",\"cover\":\"http:\/\/mmbiz.qpic.cn\/mmbiz_jpg\/LJiau2qPWAcUt228IYKOqvRN2bhhlshtIONKgHDZuLVocBiafAyLIZkNm3dKZah2gjQb1wWemE5lS5wkS5rRTuYg\/0?wx_fmt=jpeg\",\"author\":\"\",\"copyright_stat\":100,\"del_flag\":1,\"item_show_type\":0,\"audio_fileid\":0,\"duration\":0,\"play_url\":\"\",\"malicious_title_reason_id\":0,\"malicious_content_type\":0},{\"title\":\"IEEE 旗舰机器人会议 ICRA-2021 研讨会:欠驱动机器人的高速动态控制\",\"digest\":\"我们利用本次研讨会发现和探讨硬件设计和运动控制方面的最新成果。\",\"content\":\"\",\"fileid\":0,\"content_url\":\"http:\/\/mp.weixin.qq.com\/s?__biz=MzI5MzE0NDUzNQ==&amp;mid=2650245280&amp;idx=3&amp;sn=2be870eda150c6687a88ed4c4bf9d6ef&amp;chksm=f475ba18c302330e91363ea26b9f5c0190d09382a4fed645545f6a5f2b457c86dc0b278d9033&amp;scene=27#wechat_redirect\",\"source_url\":\"\",\"cover\":\"http:\/\/mmbiz.qpic.cn\/mmbiz_jpg\/LJiau2qPWAcUt228IYKOqvRN2bhhlshtI1rbL3EQmQLMEuKyblg75VRTJctFCn2CibZzicwiazj13rCRBr0Nu5bmsQ\/0?wx_fmt=jpeg\",\"author\":\"\",\"copyright_stat\":100,\"del_flag\":1,\"item_show_type\":0,\"audio_fileid\":0,\"duration\":0,\"play_url\":\"\",\"malicious_title_reason_id\":0,\"malicious_content_type\":0},{\"title\":\"快讯|2023年我国服务机器人市场规模将达700多亿；MIT 机器人可感知埋在地下的物品；中国AI核心产业5年内将超5000亿元\",\"digest\":\"2023年我国服务机器人市场规模将达700多亿；MIT 机器人可感知埋在地下的物品；中国AI核心产业5年内将超5000亿元等\",\"content\":\"\",\"fileid\":0,\"content_url\":\"http:\/\/mp.weixin.qq.com\/s?__biz=MzI5MzE0NDUzNQ==&amp;mid=2650245280&amp;idx=4&amp;sn=5020411f32b23522fb6aab33d8fb98b0&amp;chksm=f475ba18c302330e222e381c031f2b729bcdffd003d08b4771c72e365a2221078949f9945091&amp;scene=27#wechat_redirect\",\"source_url\":\"\",\"cover\":\"http:\/\/mmbiz.qpic.cn\/mmbiz_jpg\/LJiau2qPWAcUt228IYKOqvRN2bhhlshtIauTHbxlGNvbaMAoTuuMvMYsL9YXTSibdQL5dSKSoOpl1xiabibicA2M3yA\/0?wx_fmt=jpeg\",\"author\":\"\",\"copyright_stat\":100,\"del_flag\":1,\"item_show_type\":0,\"audio_fileid\":0,\"duration\":0,\"play_url\":\"\",\"malicious_title_reason_id\":0,\"malicious_content_type\":0}],\"author\":\"Jack\",\"copyright_stat\":11,\"duration\":0,\"del_flag\":1,\"item_show_type\":0,\"audio_fileid\":0,\"play_url\":\"\",\"malicious_title_reason_id\":0,\"malicious_content_type\":0}},{\"comm_msg_info\":{\"id\":1000001843,\"type\":49,\"datetime\":1622116000,\"fakeid\":\"3293144535\",\"status\":2,\"content\":\"\"},\"app_msg_ext_info\":{\"title\":\"医疗机器人风口渐成，手术机器人难度最大，医疗服务受追捧\",\"digest\":\"真风口下的伪需求？医疗机器人到底还值不值得追投？\",\"content\":\"\",\"fileid\":0,\"content_url\":\"http:\/\/mp.weixin.qq.com\/s?__biz=MzI5MzE0NDUzNQ==&amp;mid=2650245247&amp;idx=1&amp;sn=fa29a73ca9f7a7d2eaa8ac4bf6ee3ab6&amp;chksm=f475bac7c30233d1a9974c9655c98c4947986d8653ac332e9e472e646d3b35efa12247eaef92&amp;scene=27#wechat_redirect\",\"source_url\":\"\",\"cover\":\"http:\/\/mmbiz.qpic.cn\/mmbiz_jpg\/LJiau2qPWAcWlaoQ0DnMTxGL1E0lbhib7ceuBkpoxpiatxqg5PlDm9EW1YBe0C8Ynw6fkuw73GmTOhKkJg0Ft6NQA\/0?wx_fmt=jpeg\",\"subtype\":9,\"is_multi\":1,\"multi_app_msg_item_list\":[{\"title\":\"节卡协作机器人获2万小时MTBF认证，为目前业内首家通过测试厂商\",\"digest\":\"节卡机器人与上海机器人产业科技研究院签署战略合作协议，共建协作发展新高地\",\"content\":\"\",\"fileid\":0,\"content_url\":\"http:\/\/mp.weixin.qq.com\/s?__biz=MzI5MzE0NDUzNQ==&amp;mid=2650245247&amp;idx=2&amp;sn=d64747931a54f669745615bfce153f5f&amp;chksm=f475bac7c30233d1dbfae1f98f33fe96b79a35e0ebca02a068664f6f663897b3e4b2ecdff971&amp;scene=27#wechat_redirect\",\"source_url\":\"\",\"cover\":\"http:\/\/mmbiz.qpic.cn\/mmbiz_jpg\/LJiau2qPWAcWlaoQ0DnMTxGL1E0lbhib7ceT5Bubgynvib8Vck3gc70he9R1rEJbEq9W6TicEHKDaRe67VcBfbuAiaw\/0?wx_fmt=jpeg\",\"author\":\"\",\"copyright_stat\":100,\"del_flag\":1,\"item_show_type\":0,\"audio_fileid\":0,\"duration\":0,\"play_url\":\"\",\"malicious_title_reason_id\":0,\"malicious_content_type\":0},{\"title\":\"快讯|MIT发明会耍杂技的机器人；扫拖机器人企业哇力宣布完成A轮融资；视比特机器人完成A+轮过亿元融资等\",\"digest\":\"MIT发明会耍杂技的机器人；扫拖机器人企业哇力宣布完成A轮融资；视比特机器人完成A+轮过亿元融资等\",\"content\":\"\",\"fileid\":0,\"content_url\":\"http:\/\/mp.weixin.qq.com\/s?__biz=MzI5MzE0NDUzNQ==&amp;mid=2650245247&amp;idx=3&amp;sn=e49be5fd09f0983b36706f27d7006e2b&amp;chksm=f475bac7c30233d1aaf7e8c7948b5670cc6f7a0a557e2b15cc62b34b68822ee17b78d3e26b89&amp;scene=27#wechat_redirect\",\"source_url\":\"\",\"cover\":\"http:\/\/mmbiz.qpic.cn\/mmbiz_jpg\/LJiau2qPWAcWlaoQ0DnMTxGL1E0lbhib7cf8WQam1TWZPicEEXXibicq0CKR4eMTgtrVYvZN1FkFzmB7vLolpQvjDKw\/0?wx_fmt=jpeg\",\"author\":\"\",\"copyright_stat\":100,\"del_flag\":1,\"item_show_type\":0,\"audio_fileid\":0,\"duration\":0,\"play_url\":\"\",\"malicious_title_reason_id\":0,\"malicious_content_type\":0},{\"title\":\"热点|AI时代竟有智能化鸿沟，具备哪些条件才能跨过？\",\"digest\":\"如何消除智能化鸿沟？\",\"content\":\"\",\"fileid\":0,\"content_url\":\"http:\/\/mp.weixin.qq.com\/s?__biz=MzI5MzE0NDUzNQ==&amp;mid=2650245247&amp;idx=4&amp;sn=5dcb04b3edf48e08ec85eecd5332ab9a&amp;chksm=f475bac7c30233d11f4e222c440a5b38188f6b7e00fdfec7f0170d4b064d22d1f041dd060e59&amp;scene=27#wechat_redirect\",\"source_url\":\"\",\"cover\":\"http:\/\/mmbiz.qpic.cn\/mmbiz_jpg\/LJiau2qPWAcWlaoQ0DnMTxGL1E0lbhib7cpicAuCJ1uStoaxzYXNcWDAtekxqdWAR9I82DCRwJewSREJ5CtunQaLg\/0?wx_fmt=jpeg\",\"author\":\"\",\"copyright_stat\":100,\"del_flag\":1,\"item_show_type\":0,\"audio_fileid\":0,\"duration\":0,\"play_url\":\"\",\"malicious_title_reason_id\":0,\"malicious_content_type\":0}],\"author\":\"Jack\",\"copyright_stat\":11,\"duration\":0,\"del_flag\":1,\"item_show_type\":0,\"audio_fileid\":0,\"play_url\":\"\",\"malicious_title_reason_id\":0,\"malicious_content_type\":0}},{\"comm_msg_info\":{\"id\":1000001842,\"type\":49,\"datetime\":1622028035,\"fakeid\":\"3293144535\",\"status\":2,\"content\":\"\"},\"app_msg_ext_info\":{\"title\":\"下楼成功率100%！“盲人”机器人走路「靠感觉」，一脚踩空也能继续完成任务\",\"digest\":\"不看路的机器人也能稳稳爬楼梯\",\"content\":\"\",\"fileid\":0,\"content_url\":\"http:\/\/mp.weixin.qq.com\/s?__biz=MzI5MzE0NDUzNQ==&amp;mid=2650245189&amp;idx=1&amp;sn=e2ebf36b13161987d0db1d0a703a4d4a&amp;chksm=f475bafdc30233ebea0314e60ba2261d52e282283b4865ffccdcd8ff0986f9ec82b20fb9ebfd&amp;scene=27#wechat_redirect\",\"source_url\":\"\",\"cover\":\"http:\/\/mmbiz.qpic.cn\/mmbiz_jpg\/LJiau2qPWAcVbPo4CicR97WjZGKVjvs1EjtjKE18WqRJEUUzY0cpxCh4VVFzbiaRftRamJMwveSicj76PBUJSqCp5w\/0?wx_fmt=jpeg\",\"subtype\":9,\"is_multi\":1,\"multi_app_msg_item_list\":[{\"title\":\"“机器人大讲堂走进百所高校•浙江大学站”协作机器人专题活动圆满落幕\",\"digest\":\"机器人大讲堂走进百所高校·浙江大学站协作机器人专题活动在线下的成功召开，为机器人领域不同方向的专家学者和企业提供了一次互相交流的机会。\",\"content\":\"\",\"fileid\":0,\"content_url\":\"http:\/\/mp.weixin.qq.com\/s?__biz=MzI5MzE0NDUzNQ==&amp;mid=2650245189&amp;idx=2&amp;sn=85e7172f29765dbb058d55155e4566e0&amp;chksm=f475bafdc30233eb5a889fed1ba328875a0f0b60fd1ee85de33465b7ed7fc1534d36be96dfcf&amp;scene=27#wechat_redirect\",\"source_url\":\"\",\"cover\":\"http:\/\/mmbiz.qpic.cn\/mmbiz_jpg\/LJiau2qPWAcVf0M5ibqgBmcx90wgSOpUGPUDqeAr1OazyYGEZFibbNxbUWMhQWlABd2llIo0ZpNTd7SR24O09lNqA\/0?wx_fmt=jpeg\",\"author\":\"路边\",\"copyright_stat\":11,\"del_flag\":1,\"item_show_type\":0,\"audio_fileid\":0,\"duration\":0,\"play_url\":\"\",\"malicious_title_reason_id\":0,\"malicious_content_type\":0},{\"title\":\"快讯|对抗训练正在“危害”机器人应用；天津发布人工智能试验区十大典型应用场景；俄罗斯幼儿园中出现机器人教师等\",\"digest\":\"对抗训练正在“危害”机器人应用；天津发布人工智能试验区十大典型应用场景；俄罗斯幼儿园中出现机器人教师等\",\"content\":\"\",\"fileid\":0,\"content_url\":\"http:\/\/mp.weixin.qq.com\/s?__biz=MzI5MzE0NDUzNQ==&amp;mid=2650245189&amp;idx=3&amp;sn=4262bfee7bc193f8d20e60534f6ccf56&amp;chksm=f475bafdc30233eb01f9f3d5e884791fab13762eb80843b18f371d2314fe10556e3022c0460b&amp;scene=27#wechat_redirect\",\"source_url\":\"\",\"cover\":\"http:\/\/mmbiz.qpic.cn\/mmbiz_jpg\/LJiau2qPWAcVbPo4CicR97WjZGKVjvs1Ej8G4f2qBLuVIjlfzcKOakWSptMeJVYGCGAYVWVsghBp5bqPFfB9kYGw\/0?wx_fmt=jpeg\",\"author\":\"\",\"copyright_stat\":100,\"del_flag\":1,\"item_show_type\":0,\"audio_fileid\":0,\"duration\":0,\"play_url\":\"\",\"malicious_title_reason_id\":0,\"malicious_content_type\":0},{\"title\":\"热点|机器人真的会取代一线实验员？\",\"digest\":\"智能机器人会取代一线实验员吗？这应该是所有实验室工作者都关心的问题，接下来，我就看看专家怎么说？\",\"content\":\"\",\"fileid\":0,\"content_url\":\"http:\/\/mp.weixin.qq.com\/s?__biz=MzI5MzE0NDUzNQ==&amp;mid=2650245189&amp;idx=4&amp;sn=d674c74d0fe987901d20c901dd2749bf&amp;chksm=f475bafdc30233eb6c3abb8ca947899f08a5a229e40a03f23d0480945abe97e29df5882799f9&amp;scene=27#wechat_redirect\",\"source_url\":\"\",\"cover\":\"http:\/\/mmbiz.qpic.cn\/mmbiz_jpg\/LJiau2qPWAcVbPo4CicR97WjZGKVjvs1Ej3G6K9NvWJ22QEPYoQ8PQKVdQtg4DSCaqFyRw9RCZVoYDK60D5XY7rg\/0?wx_fmt=jpeg\",\"author\":\"\",\"copyright_stat\":100,\"del_flag\":1,\"item_show_type\":0,\"audio_fileid\":0,\"duration\":0,\"play_url\":\"\",\"malicious_title_reason_id\":0,\"malicious_content_type\":0}],\"author\":\"Robospeak\",\"copyright_stat\":100,\"duration\":0,\"del_flag\":1,\"item_show_type\":0,\"audio_fileid\":0,\"play_url\":\"\",\"malicious_title_reason_id\":0,\"malicious_content_type\":0}},{\"comm_msg_info\":{\"id\":1000001841,\"type\":49,\"datetime\":1621923067,\"fakeid\":\"3293144535\",\"status\":2,\"content\":\"\"},\"app_msg_ext_info\":{\"title\":\"网红机器狗解锁N种新姿势：练就“麒麟臂”，悬空翻跟头，跳跃速度堪比眨眼！\",\"digest\":\"真是精彩！\",\"content\":\"\",\"fileid\":0,\"content_url\":\"http:\/\/mp.weixin.qq.com\/s?__biz=MzI5MzE0NDUzNQ==&amp;mid=2650245073&amp;idx=1&amp;sn=05e0c992683ddb487c1c2d87915369ce&amp;chksm=f475b569c3023c7f9a812ef47e83dd52c80ff54c0ce0f88be5a3177fa4e31a4ab2a44ac51af8&amp;scene=27#wechat_redirect\",\"source_url\":\"\",\"cover\":\"http:\/\/mmbiz.qpic.cn\/mmbiz_jpg\/LJiau2qPWAcVf0M5ibqgBmcx90wgSOpUGPFG0omiaIFeOMKoh3KUibmqvibHzA5icWfeXibz0fkIl6lxI3bQLjOwibg6nw\/0?wx_fmt=jpeg\",\"subtype\":9,\"is_multi\":1,\"multi_app_msg_item_list\":[{\"title\":\"这是袁隆平40年前稻田教学的样子！网友用AI修复珍贵视频寄托哀思\",\"digest\":\"袁老逝世，举国哀恸。\",\"content\":\"\",\"fileid\":0,\"content_url\":\"http:\/\/mp.weixin.qq.com\/s?__biz=MzI5MzE0NDUzNQ==&amp;mid=2650245073&amp;idx=2&amp;sn=19f4389546c8a7d330798af9a68b0059&amp;chksm=f475b569c3023c7f8764ecde49bde30deeef41f4ec72128b2c0ae734670dfdeab8148c5f76b3&amp;scene=27#wechat_redirect\",\"source_url\":\"\",\"cover\":\"http:\/\/mmbiz.qpic.cn\/mmbiz_jpg\/LJiau2qPWAcVf0M5ibqgBmcx90wgSOpUGPZzpWTcL0tLtlvX6tjgEn8yE7aTaF9ic4WEEe51KcCKp90pgbRvr3VnA\/0?wx_fmt=jpeg\",\"author\":\"\",\"copyright_stat\":100,\"del_flag\":1,\"item_show_type\":0,\"audio_fileid\":0,\"duration\":0,\"play_url\":\"\",\"malicious_title_reason_id\":0,\"malicious_content_type\":0},{\"title\":\"快讯|2026年机器人传感器市场将突破40亿美元；帮助机器人学会使用绳子等软性材料；雷军宣布小米将建造第二期智能化工厂等\",\"digest\":\"2026年机器人传感器市场将突破40亿美元；帮助机器人学会使用绳子等软性材料；雷军宣布小米将建造第二期智能化工厂等\",\"content\":\"\",\"fileid\":0,\"content_url\":\"http:\/\/mp.weixin.qq.com\/s?__biz=MzI5MzE0NDUzNQ==&amp;mid=2650245073&amp;idx=3&amp;sn=30048c6e24083e5d1a57b9e03cfd6c63&amp;chksm=f475b569c3023c7f4affe1df423169f1909b2f7ca94e8aa01e63b187b7645348adc32f20bafc&amp;scene=27#wechat_redirect\",\"source_url\":\"\",\"cover\":\"http:\/\/mmbiz.qpic.cn\/mmbiz_jpg\/LJiau2qPWAcVf0M5ibqgBmcx90wgSOpUGPDPWjDDR7Q1Zz7vNZggpH65XIWaFibXe0TjcgExInfia73HrLplmB80Dw\/0?wx_fmt=jpeg\",\"author\":\"\",\"copyright_stat\":100,\"del_flag\":1,\"item_show_type\":0,\"audio_fileid\":0,\"duration\":0,\"play_url\":\"\",\"malicious_title_reason_id\":0,\"malicious_content_type\":0},{\"title\":\"热点|我，北航学生，亚马逊海淘被封号！\",\"digest\":\"难道「制裁」都深入校园生活了？\",\"content\":\"\",\"fileid\":0,\"content_url\":\"http:\/\/mp.weixin.qq.com\/s?__biz=MzI5MzE0NDUzNQ==&amp;mid=2650245073&amp;idx=4&amp;sn=966d83a63c451824f74a5384ca6ab6d2&amp;chksm=f475b569c3023c7f0937cef4691133e87aa936cebc1becc0294e53643c8a14eef7b95d43b66b&amp;scene=27#wechat_redirect\",\"source_url\":\"\",\"cover\":\"http:\/\/mmbiz.qpic.cn\/mmbiz_jpg\/LJiau2qPWAcVf0M5ibqgBmcx90wgSOpUGPD1c4odO3gqPURYvftANNpD9FeribKglfVPmRAZZyWtYDYFScuCdd3Rw\/0?wx_fmt=jpeg\",\"author\":\"\",\"copyright_stat\":100,\"del_flag\":1,\"item_show_type\":0,\"audio_fileid\":0,\"duration\":0,\"play_url\":\"\",\"malicious_title_reason_id\":0,\"malicious_content_type\":0}],\"author\":\"Robospeak\",\"copyright_stat\":11,\"duration\":0,\"del_flag\":1,\"item_show_type\":0,\"audio_fileid\":0,\"play_url\":\"\",\"malicious_title_reason_id\":0,\"malicious_content_type\":0}},{\"comm_msg_info\":{\"id\":1000001840,\"type\":49,\"datetime\":1621847791,\"fakeid\":\"3293144535\",\"status\":2,\"content\":\"\"},\"app_msg_ext_info\":{\"title\":\"清华大学研发垃圾分类“神器”，准确率可达94%，自研四重触觉传感器，可识别面包、纸盒和橘皮等\",\"digest\":\"机器手也能做垃圾分类了！\",\"content\":\"\",\"fileid\":0,\"content_url\":\"http:\/\/mp.weixin.qq.com\/s?__biz=MzI5MzE0NDUzNQ==&amp;mid=2650245017&amp;idx=1&amp;sn=87f6e686a86fa46b0cc30ca2580e5edb&amp;chksm=f475b521c3023c378e08c0a20862eebe427272a315deecab9dc848b0e74ead3935649bc1435f&amp;scene=27#wechat_redirect\",\"source_url\":\"\",\"cover\":\"http:\/\/mmbiz.qpic.cn\/mmbiz_jpg\/LJiau2qPWAcWuOdwMRzaeZn0icPowcMmwPyDoHdPfwWULr6A8vvQthRzBPCa0U0iaXLtjzzt8Ig9K0WibH8qW0bOrg\/0?wx_fmt=jpeg\",\"subtype\":9,\"is_multi\":1,\"multi_app_msg_item_list\":[{\"title\":\"走进珞石ROKAE，共赴智造未来 | 珞石机器人OpenDay圆满结束\",\"digest\":\"为了让更多有志于未来在机器人领域发展的年轻人了解行业，珞石机器人在5月22日开展了openday活动。\",\"content\":\"\",\"fileid\":0,\"content_url\":\"http:\/\/mp.weixin.qq.com\/s?__biz=MzI5MzE0NDUzNQ==&amp;mid=2650245017&amp;idx=2&amp;sn=504744f683f5f219cc781face1c5679b&amp;chksm=f475b521c3023c37622a8762f8b6cf2c80ae0bf9466f3fc09f63f7f89511e8b8e1948ce223a0&amp;scene=27#wechat_redirect\",\"source_url\":\"\",\"cover\":\"http:\/\/mmbiz.qpic.cn\/mmbiz_jpg\/LJiau2qPWAcWuOdwMRzaeZn0icPowcMmwPciaaFtjThLzP7sLkP55llL5TguNH26ozFDuksH3fbgdT756PafbI3wQ\/0?wx_fmt=jpeg\",\"author\":\"\",\"copyright_stat\":100,\"del_flag\":1,\"item_show_type\":0,\"audio_fileid\":0,\"duration\":0,\"play_url\":\"\",\"malicious_title_reason_id\":0,\"malicious_content_type\":0},{\"title\":\"万洲焊接发布全新H系搅拌摩擦焊机器人工作站\",\"digest\":\"国内特种焊接领域的新锐厂商万洲焊接，发布了全新一代搅拌摩擦焊机器人工作站\",\"content\":\"\",\"fileid\":0,\"content_url\":\"http:\/\/mp.weixin.qq.com\/s?__biz=MzI5MzE0NDUzNQ==&amp;mid=2650245017&amp;idx=3&amp;sn=33edbc63939165009dbd01d60dc6c9d8&amp;chksm=f475b521c3023c37d76f3296cdc31618634de37387540ee2cee542e6e17d7a9bf36ce8c047c2&amp;scene=27#wechat_redirect\",\"source_url\":\"\",\"cover\":\"http:\/\/mmbiz.qpic.cn\/mmbiz_jpg\/LJiau2qPWAcWuOdwMRzaeZn0icPowcMmwPQlH8gHa9quU2ImTlkCuyJhibNmJ1psSAZBeIxNf6rhSvYXjDYC3kzIg\/0?wx_fmt=jpeg\",\"author\":\"\",\"copyright_stat\":100,\"del_flag\":1,\"item_show_type\":0,\"audio_fileid\":0,\"duration\":0,\"play_url\":\"\",\"malicious_title_reason_id\":0,\"malicious_content_type\":0},{\"title\":\"快讯|首尔大学研发新型弹跳模式机器人；MIT新算法帮助机器人协作完成工作；斯坦福大学研发二代软体机器人等\",\"digest\":\"首尔大学研发新型弹跳模式机器人；MIT新算法帮助机器人协作完成工作；斯坦福大学研发二代软体机器人等\",\"content\":\"\",\"fileid\":0,\"content_url\":\"http:\/\/mp.weixin.qq.com\/s?__biz=MzI5MzE0NDUzNQ==&amp;mid=2650245017&amp;idx=4&amp;sn=332c921ccda8e1d82f4f561e12906ac8&amp;chksm=f475b521c3023c370020fd8b3fcb5fc09d41440e2e057471fab12cd7da3d1ded6505479b8bc6&amp;scene=27#wechat_redirect\",\"source_url\":\"\",\"cover\":\"http:\/\/mmbiz.qpic.cn\/mmbiz_jpg\/LJiau2qPWAcWuOdwMRzaeZn0icPowcMmwPBxQhkArxQRQNhxM4Y1XZiahiagLZ3tIXwV7mibF115g4yLibOa29WF4IRw\/0?wx_fmt=jpeg\",\"author\":\"\",\"copyright_stat\":100,\"del_flag\":1,\"item_show_type\":0,\"audio_fileid\":0,\"duration\":0,\"play_url\":\"\",\"malicious_title_reason_id\":0,\"malicious_content_type\":0}],\"author\":\"多加\",\"copyright_stat\":101,\"duration\":0,\"del_flag\":1,\"item_show_type\":0,\"audio_fileid\":0,\"play_url\":\"\",\"malicious_title_reason_id\":0,\"malicious_content_type\":0}}]}","next_offset":20,"video_count":1,"use_video_tab":1,"real_type":0,"home_page_list":[]}