{"ret":0,"errmsg":"ok","msg_count":10,"can_msg_continue":1,"general_msg_list":"{\"list\":[{\"comm_msg_info\":{\"id\":1000001708,\"type\":49,\"datetime\":1610527033,\"fakeid\":\"3293144535\",\"status\":2,\"content\":\"\"},\"app_msg_ext_info\":{\"title\":\"燕山大学「无系留软体抓手」，1.5kg自重抓起40kg物体，还能陪你打羽毛球！\",\"digest\":\"成果近日发表于国际著名机械类期刊《机构和机械原理》上。\",\"content\":\"\",\"fileid\":502753235,\"content_url\":\"http:\/\/mp.weixin.qq.com\/s?__biz=MzI5MzE0NDUzNQ==&amp;mid=2650237020&amp;idx=1&amp;sn=319bb7595aeb3a272bad21421a745d83&amp;chksm=f4755ae4c302d3f26078eb62f9e69f12daf050f51359138356b4fea4b3048fdb203c215148a3&amp;scene=27#wechat_redirect\",\"source_url\":\"\",\"cover\":\"http:\/\/mmbiz.qpic.cn\/mmbiz_jpg\/LJiau2qPWAcU9ficwdqwATD3iavOGf1tMwOxbAYmGBP7FcPWXIgRJ5VibVEo1xcuia7lDsfpo8spWVWMGFiaVbUdUecQ\/0?wx_fmt=jpeg\",\"subtype\":9,\"is_multi\":1,\"multi_app_msg_item_list\":[{\"title\":\"CES2021线上开幕，优必选科技聚焦智能物流和智慧防疫\",\"digest\":\"优必选AMR智能物流机器人及解决方案全球首次亮相\",\"content\":\"\",\"fileid\":0,\"content_url\":\"http:\/\/mp.weixin.qq.com\/s?__biz=MzI5MzE0NDUzNQ==&amp;mid=2650237020&amp;idx=2&amp;sn=024b030e9963b23fbd0959dc5f1370c6&amp;chksm=f4755ae4c302d3f261e783f80e6873468438ceb5b965a2a5d8d0ff79812624a07c9df97967ef&amp;scene=27#wechat_redirect\",\"source_url\":\"\",\"cover\":\"http:\/\/mmbiz.qpic.cn\/mmbiz_jpg\/LJiau2qPWAcWuKKGa8YsFnGWs1AHBxNcjqqHXI3ABvS5ZEwKeblTA8naMeWCvULl4RvxdUlcqvg0RClicojdIibmg\/0?wx_fmt=jpeg\",\"author\":\"\",\"copyright_stat\":100,\"del_flag\":1,\"item_show_type\":0,\"audio_fileid\":0,\"duration\":0,\"play_url\":\"\",\"malicious_title_reason_id\":0,\"malicious_content_type\":0},{\"title\":\"快讯|三星展示会做家务的家用机器人；百度或成立智能电动汽车公司；新型工业机器人可在大型精密部件上工作等\",\"digest\":\"菠萝叶变成的无人机部件；能自动在水上追踪收集垃圾的机器人；Amazon全新GAN模型可全方位无死角美颜等\",\"content\":\"\",\"fileid\":0,\"content_url\":\"http:\/\/mp.weixin.qq.com\/s?__biz=MzI5MzE0NDUzNQ==&amp;mid=2650237020&amp;idx=3&amp;sn=3ac5938f2e707e3aea42d70d1437d813&amp;chksm=f4755ae4c302d3f21630a2d59407356193a39899d2869423eaf8d9aa9b2711da01273ee5126c&amp;scene=27#wechat_redirect\",\"source_url\":\"\",\"cover\":\"http:\/\/mmbiz.qpic.cn\/mmbiz_jpg\/LJiau2qPWAcWuKKGa8YsFnGWs1AHBxNcjPibFPedehQNAUSmr7tmaRNvUExrsgowcNIjHrjhO2jlt21z8wP8BWBg\/0?wx_fmt=jpeg\",\"author\":\"\",\"copyright_stat\":100,\"del_flag\":1,\"item_show_type\":0,\"audio_fileid\":0,\"duration\":0,\"play_url\":\"\",\"malicious_title_reason_id\":0,\"malicious_content_type\":0},{\"title\":\"热点|机器翻译古文也翻车？读了20次“苟富贵勿相忘”后，谷歌：没钱的人总会被遗忘\",\"digest\":\"机器翻译未来还有很长一段路要走啊！\",\"content\":\"\",\"fileid\":0,\"content_url\":\"http:\/\/mp.weixin.qq.com\/s?__biz=MzI5MzE0NDUzNQ==&amp;mid=2650237020&amp;idx=4&amp;sn=f255c26ca9394771e3f9d42c8650d71f&amp;chksm=f4755ae4c302d3f210e0417c6b31d634a97d36614d8676765cf2189b30aea595b7b6fcaf4777&amp;scene=27#wechat_redirect\",\"source_url\":\"\",\"cover\":\"http:\/\/mmbiz.qpic.cn\/mmbiz_jpg\/LJiau2qPWAcWuKKGa8YsFnGWs1AHBxNcjk889SR3icJ6s9qTb4qnFbw0ZrcPXGI3CMtt9WyHem2xxZPwoHuYBuDA\/0?wx_fmt=jpeg\",\"author\":\"文摘菌\",\"copyright_stat\":101,\"del_flag\":1,\"item_show_type\":0,\"audio_fileid\":0,\"duration\":0,\"play_url\":\"\",\"malicious_title_reason_id\":0,\"malicious_content_type\":0}],\"author\":\"卡卡罗特\",\"copyright_stat\":11,\"duration\":0,\"del_flag\":1,\"item_show_type\":0,\"audio_fileid\":0,\"play_url\":\"\",\"malicious_title_reason_id\":0,\"malicious_content_type\":0}},{\"comm_msg_info\":{\"id\":1000001707,\"type\":49,\"datetime\":1610423025,\"fakeid\":\"3293144535\",\"status\":2,\"content\":\"\"},\"app_msg_ext_info\":{\"title\":\"机器人企业突破行业市值天花板，到底还需要些什么？\",\"digest\":\"政企合作，绑定行业，珞石的发展大战略雏形已现\",\"content\":\"\",\"fileid\":0,\"content_url\":\"http:\/\/mp.weixin.qq.com\/s?__biz=MzI5MzE0NDUzNQ==&amp;mid=2650236993&amp;idx=1&amp;sn=94ab2b202caf1179eb084a252b74ee4a&amp;chksm=f4755af9c302d3ef911d7f098183bc632f754a67bbc27137fabc106f74b63c1d4c1e9f856b5b&amp;scene=27#wechat_redirect\",\"source_url\":\"\",\"cover\":\"http:\/\/mmbiz.qpic.cn\/mmbiz_jpg\/LJiau2qPWAcU9ficwdqwATD3iavOGf1tMwOEacfM3JPqDcsBQibqolByiaiblWec5MMTeXlTJlD994y0ytAjLOvZp5WA\/0?wx_fmt=jpeg\",\"subtype\":9,\"is_multi\":1,\"multi_app_msg_item_list\":[{\"title\":\"协作机器人安全与效率无法兼得？集萃智造研发小伙伴们不同意！\",\"digest\":\"碰撞检测升级版实验顺利完成\",\"content\":\"\",\"fileid\":0,\"content_url\":\"http:\/\/mp.weixin.qq.com\/s?__biz=MzI5MzE0NDUzNQ==&amp;mid=2650236993&amp;idx=2&amp;sn=1104605659464240d6fffc81aa1c9a76&amp;chksm=f4755af9c302d3ef502b3b21417695610e8f26e62239b20c5f7b933025f5d85bb2b852ccb48a&amp;scene=27#wechat_redirect\",\"source_url\":\"\",\"cover\":\"http:\/\/mmbiz.qpic.cn\/mmbiz_jpg\/LJiau2qPWAcW78qVdbiaHxsEhJeAXjEMptWIXsypIcWU46R3RufDN9avibX20icqYiahBdDdSdriaeQ48X3bKEZwZlibw\/0?wx_fmt=jpeg\",\"author\":\"\",\"copyright_stat\":100,\"del_flag\":1,\"item_show_type\":0,\"audio_fileid\":0,\"duration\":0,\"play_url\":\"\",\"malicious_title_reason_id\":0,\"malicious_content_type\":0},{\"title\":\"快讯|菠萝叶变成的无人机部件；能自动在水上追踪收集垃圾的机器人；Amazon全新GAN模型可全方位无死角美颜等\",\"digest\":\"菠萝叶变成的无人机部件；能自动在水上追踪收集垃圾的机器人；Amazon全新GAN模型可全方位无死角美颜等\",\"content\":\"\",\"fileid\":0,\"content_url\":\"http:\/\/mp.weixin.qq.com\/s?__biz=MzI5MzE0NDUzNQ==&amp;mid=2650236993&amp;idx=3&amp;sn=5821fb893cd463b1a2f3c4096720f104&amp;chksm=f4755af9c302d3ef51c7904b84b004c9264e762d5ead549529115bf167cc4a108312eb19b754&amp;scene=27#wechat_redirect\",\"source_url\":\"\",\"cover\":\"http:\/\/mmbiz.qpic.cn\/mmbiz_jpg\/LJiau2qPWAcW78qVdbiaHxsEhJeAXjEMpt679A2CLIeaULtq3jZh8tITTeiaCZope15vE4Nlk4R3uZ7nDUMOEdHTg\/0?wx_fmt=jpeg\",\"author\":\"\",\"copyright_stat\":100,\"del_flag\":1,\"item_show_type\":0,\"audio_fileid\":0,\"duration\":0,\"play_url\":\"\",\"malicious_title_reason_id\":0,\"malicious_content_type\":0},{\"title\":\"热点|填补空白！我国重型运载火箭发动机研制取得新进展\",\"digest\":\"拟服务于重型运载火箭的大推力补燃循环氢氧发动机关键技术攻关已取得积极进展。\",\"content\":\"\",\"fileid\":502753331,\"content_url\":\"http:\/\/mp.weixin.qq.com\/s?__biz=MzI5MzE0NDUzNQ==&amp;mid=2650236993&amp;idx=4&amp;sn=5b0e9d1451181a5af6aa0fca3f31101c&amp;chksm=f4755af9c302d3ef1a196c40232dca98af0e161ecb348c7f3e104e3015ef694d6c35b87cca04&amp;scene=27#wechat_redirect\",\"source_url\":\"\",\"cover\":\"http:\/\/mmbiz.qpic.cn\/mmbiz_jpg\/LJiau2qPWAcW78qVdbiaHxsEhJeAXjEMpt6nn7e9AW5NiacpqbyoQouB6cUTPEeAST1Z96vvxDicY8JBIiaP0T28pWw\/0?wx_fmt=jpeg\",\"author\":\"\",\"copyright_stat\":100,\"del_flag\":1,\"item_show_type\":0,\"audio_fileid\":0,\"duration\":0,\"play_url\":\"\",\"malicious_title_reason_id\":0,\"malicious_content_type\":0}],\"author\":\"Jack\",\"copyright_stat\":11,\"duration\":0,\"del_flag\":1,\"item_show_type\":0,\"audio_fileid\":0,\"play_url\":\"\",\"malicious_title_reason_id\":0,\"malicious_content_type\":0}},{\"comm_msg_info\":{\"id\":1000001706,\"type\":49,\"datetime\":1610355852,\"fakeid\":\"3293144535\",\"status\":2,\"content\":\"\"},\"app_msg_ext_info\":{\"title\":\"重磅揭秘！波士顿动力工程副总裁受IEEE Spectrum采访谈机器人热舞背后的秘密！\",\"digest\":\"波士顿动力工程副总裁Aaron Saunders 揭密机器人热舞背后的秘密！\",\"content\":\"\",\"fileid\":502753293,\"content_url\":\"http:\/\/mp.weixin.qq.com\/s?__biz=MzI5MzE0NDUzNQ==&amp;mid=2650236945&amp;idx=1&amp;sn=cb2c4398e28a389fec3fd09c9f992126&amp;chksm=f4755aa9c302d3bf0953f65b681a9dfcc2e4de6a314c807e094e73b5780e69d64d16fbd47798&amp;scene=27#wechat_redirect\",\"source_url\":\"\",\"cover\":\"http:\/\/mmbiz.qpic.cn\/mmbiz_jpg\/LJiau2qPWAcU9ficwdqwATD3iavOGf1tMwOVso4n8C8icWnI7BpFUXFSDVRKk1iaDs6kSicgYARYpg51ZOX1KhgysY7w\/0?wx_fmt=jpeg\",\"subtype\":9,\"is_multi\":1,\"multi_app_msg_item_list\":[{\"title\":\"快讯|34岁海归博士攻克人机交互反馈难题，发明“皮肤VR”；新加坡国立大学研究新纳米材料，吸水速度提升6倍等\",\"digest\":\"34岁海归博士攻克人机交互反馈难题，发明“皮肤VR”；新加坡国立大学研究新纳米材料，吸水速度提升6倍等\",\"content\":\"\",\"fileid\":0,\"content_url\":\"http:\/\/mp.weixin.qq.com\/s?__biz=MzI5MzE0NDUzNQ==&amp;mid=2650236945&amp;idx=2&amp;sn=9daca38d6de8aa67c4d7fdee0b2f5570&amp;chksm=f4755aa9c302d3bf9fe7a3249c1029c598a613d8f4f0c8cc55bddfe3e5f235fe973d81d42a5b&amp;scene=27#wechat_redirect\",\"source_url\":\"\",\"cover\":\"http:\/\/mmbiz.qpic.cn\/mmbiz_jpg\/LJiau2qPWAcU9ficwdqwATD3iavOGf1tMwOMsWsFYrcpqXUjt5VAiaibdibkIKG7SOtO17yNngXpeK67Uo7me4PBmTZw\/0?wx_fmt=jpeg\",\"author\":\"\",\"copyright_stat\":100,\"del_flag\":1,\"item_show_type\":0,\"audio_fileid\":0,\"duration\":0,\"play_url\":\"\",\"malicious_title_reason_id\":0,\"malicious_content_type\":0},{\"title\":\"热点|马斯克2021五大预测：重返月球并比赛遥控汽车，全面实现自动驾驶，你pick哪一个？\",\"digest\":\"你对世界又有怎样的期望？上述「狂言」又有哪些会实现呢？\",\"content\":\"\",\"fileid\":0,\"content_url\":\"http:\/\/mp.weixin.qq.com\/s?__biz=MzI5MzE0NDUzNQ==&amp;mid=2650236945&amp;idx=3&amp;sn=6c08d114ce9779af9c36a7baba119bfa&amp;chksm=f4755aa9c302d3bfadd8b50f74de6e0918c4326570f320d1fd78b7aa3bec2cb9694c5e143c25&amp;scene=27#wechat_redirect\",\"source_url\":\"\",\"cover\":\"http:\/\/mmbiz.qpic.cn\/mmbiz_jpg\/LJiau2qPWAcU9ficwdqwATD3iavOGf1tMwOiaWOjBWuPl0RVibfzOrruHdHdpQ8raEgic4wlmramcJ0hRTwNbP7mjzJw\/0?wx_fmt=jpeg\",\"author\":\"\",\"copyright_stat\":100,\"del_flag\":1,\"item_show_type\":0,\"audio_fileid\":0,\"duration\":0,\"play_url\":\"\",\"malicious_title_reason_id\":0,\"malicious_content_type\":0},{\"title\":\"预测|传感器的未来： 10年后我们将会生活在一个极端透明的世界\",\"digest\":\"在10年之内，我们将会生活在一个几乎所有可以测量的东西都会被持续测量的世界里。\",\"content\":\"\",\"fileid\":0,\"content_url\":\"http:\/\/mp.weixin.qq.com\/s?__biz=MzI5MzE0NDUzNQ==&amp;mid=2650236945&amp;idx=4&amp;sn=7bb00fde13edbd7a9149e6dc3389e3d5&amp;chksm=f4755aa9c302d3bf6d0f793a686b8f9e32513e184824b82439fc466642dcead87684261a77d9&amp;scene=27#wechat_redirect\",\"source_url\":\"\",\"cover\":\"http:\/\/mmbiz.qpic.cn\/mmbiz_jpg\/LJiau2qPWAcU9ficwdqwATD3iavOGf1tMwOz2VrvG3icmcu89S2ubkMZ3ERHVutJFUCvCx0dAiaouzqlvvE4uH6R4jQ\/0?wx_fmt=jpeg\",\"author\":\"\",\"copyright_stat\":100,\"del_flag\":1,\"item_show_type\":0,\"audio_fileid\":0,\"duration\":0,\"play_url\":\"\",\"malicious_title_reason_id\":0,\"malicious_content_type\":0}],\"author\":\"\",\"copyright_stat\":100,\"duration\":0,\"del_flag\":1,\"item_show_type\":0,\"audio_fileid\":0,\"play_url\":\"\",\"malicious_title_reason_id\":0,\"malicious_content_type\":0}},{\"comm_msg_info\":{\"id\":1000001705,\"type\":49,\"datetime\":1610262167,\"fakeid\":\"3293144535\",\"status\":2,\"content\":\"\"},\"app_msg_ext_info\":{\"title\":\"6分钟卖出10架飞机! 「机器人女主播全球首卖飞机」完胜薇娅得益科技加持\",\"digest\":\"崭新营销手段让业界对智能机器人创新应用场景有了更多期待。\",\"content\":\"\",\"fileid\":0,\"content_url\":\"http:\/\/mp.weixin.qq.com\/s?__biz=MzI5MzE0NDUzNQ==&amp;mid=2650236872&amp;idx=1&amp;sn=abbde7c08f13f6bb68cc0f60d26775e5&amp;chksm=f4755570c302dc66eb98aab3fc244c4563697ab7fecb9bd3fd3394ad36f5e14fef3f69eba29b&amp;scene=27#wechat_redirect\",\"source_url\":\"\",\"cover\":\"http:\/\/mmbiz.qpic.cn\/mmbiz_jpg\/LJiau2qPWAcXV5ycI5ThM2edU9zLXDBOWG7Ty5KyDjFRN5IaF00zBibsSLA0TMdANOfx8IDn8ibcZTZWS5bHmOG7w\/0?wx_fmt=jpeg\",\"subtype\":9,\"is_multi\":1,\"multi_app_msg_item_list\":[{\"title\":\"快讯|天津大学3D打印软性机器人；微创医疗机器人拟登科创板；美军给机器人加“肌肉” 将为陆军和海军陆战队服务等\",\"digest\":\"天津大学3D打印软性机器人；微创医疗机器人拟登科创板；美军给机器人加“肌肉” 将为陆军和海军陆战队服务等\",\"content\":\"\",\"fileid\":0,\"content_url\":\"http:\/\/mp.weixin.qq.com\/s?__biz=MzI5MzE0NDUzNQ==&amp;mid=2650236872&amp;idx=2&amp;sn=42105a47d4cd5e5ac4e832cd1f034860&amp;chksm=f4755570c302dc66a586a1286e0deedf3abd14a5011a17711d79cc058ac5cb92024f3211cba6&amp;scene=27#wechat_redirect\",\"source_url\":\"\",\"cover\":\"http:\/\/mmbiz.qpic.cn\/mmbiz_jpg\/LJiau2qPWAcXV5ycI5ThM2edU9zLXDBOWz0DkrKC0SWF516G3DaXh1aCtk4vtybqsgrfoZ5c4QSicGHDvmiagDVog\/0?wx_fmt=jpeg\",\"author\":\"\",\"copyright_stat\":100,\"del_flag\":1,\"item_show_type\":0,\"audio_fileid\":0,\"duration\":0,\"play_url\":\"\",\"malicious_title_reason_id\":0,\"malicious_content_type\":0},{\"title\":\"前沿|AI赐子？！学习数百万个胚胎发育过程，算法可将试管婴儿成功率提高3倍\",\"digest\":\"人工智能在这里能做些什么？\",\"content\":\"\",\"fileid\":0,\"content_url\":\"http:\/\/mp.weixin.qq.com\/s?__biz=MzI5MzE0NDUzNQ==&amp;mid=2650236872&amp;idx=3&amp;sn=ff3c91959557001e012c57bf426c28eb&amp;chksm=f4755570c302dc66c2aa55d1af12f5db8c081ada67f995e4218a1b301fc0ad29888b99deb053&amp;scene=27#wechat_redirect\",\"source_url\":\"\",\"cover\":\"http:\/\/mmbiz.qpic.cn\/mmbiz_jpg\/LJiau2qPWAcXaaMfoucjmQhkgCuhDKUzDELHYYbxpBeLWhnyWeYWYmGGicQ0bMgNfMlzlCeXxDuia3HRrm6EKmibWw\/0?wx_fmt=jpeg\",\"author\":\"\",\"copyright_stat\":100,\"del_flag\":1,\"item_show_type\":0,\"audio_fileid\":0,\"duration\":0,\"play_url\":\"\",\"malicious_title_reason_id\":0,\"malicious_content_type\":0},{\"title\":\"教程|用树莓派做蜘蛛机器人，还是3D打印的！\",\"digest\":\"尽情发挥你的想象力吧！\",\"content\":\"\",\"fileid\":0,\"content_url\":\"http:\/\/mp.weixin.qq.com\/s?__biz=MzI5MzE0NDUzNQ==&amp;mid=2650236872&amp;idx=4&amp;sn=0e1b6ebc5d626eee7347615ac414f80d&amp;chksm=f4755570c302dc66d6184bf8fdde39ea83c18a061a0f58899bad7d3323719d4444904314564c&amp;scene=27#wechat_redirect\",\"source_url\":\"\",\"cover\":\"http:\/\/mmbiz.qpic.cn\/mmbiz_jpg\/LJiau2qPWAcXaaMfoucjmQhkgCuhDKUzDLficqmDuJ2sDic8K7RZWCf5iaJ0VBW73ZobHz2V3nrlbDKiaxUGUrUFeqQ\/0?wx_fmt=jpeg\",\"author\":\"\",\"copyright_stat\":100,\"del_flag\":1,\"item_show_type\":0,\"audio_fileid\":0,\"duration\":0,\"play_url\":\"\",\"malicious_title_reason_id\":0,\"malicious_content_type\":0}],\"author\":\"\",\"copyright_stat\":100,\"duration\":0,\"del_flag\":1,\"item_show_type\":0,\"audio_fileid\":0,\"play_url\":\"\",\"malicious_title_reason_id\":0,\"malicious_content_type\":0}},{\"comm_msg_info\":{\"id\":1000001704,\"type\":49,\"datetime\":1610178717,\"fakeid\":\"3293144535\",\"status\":2,\"content\":\"\"},\"app_msg_ext_info\":{\"title\":\"再次登上《Nature》封面！这个可灵活移动的机器人，每天工作21.5小时，8天自主发现新型催化剂材料！\",\"digest\":\"有一个聪明又肯干的员工是一种怎样的体验？\",\"content\":\"\",\"fileid\":0,\"content_url\":\"http:\/\/mp.weixin.qq.com\/s?__biz=MzI5MzE0NDUzNQ==&amp;mid=2650236855&amp;idx=1&amp;sn=47e4a4a251b6a769867284f721c51309&amp;chksm=f475550fc302dc19211330048a421b10f05dade2cdf69eafb69f00dce4926f15f416e40200a9&amp;scene=27#wechat_redirect\",\"source_url\":\"\",\"cover\":\"http:\/\/mmbiz.qpic.cn\/mmbiz_jpg\/LJiau2qPWAcXaaMfoucjmQhkgCuhDKUzD8WEiblBK08nIfKSCibmRqTS64h3QNBuc0hQhILIWKUtv2L3rBew93qzA\/0?wx_fmt=jpeg\",\"subtype\":9,\"is_multi\":1,\"multi_app_msg_item_list\":[{\"title\":\"快讯|库柏特完成近亿元B＋轮融资；奥普特科创板上市，持续深耕机器视觉技术；Flexiv非夕完成超1亿美金B轮融资等\",\"digest\":\"库柏特完成近亿元B＋轮融资；奥普特科创板上市，持续深耕机器视觉技术；Flexiv非夕完成超1亿美金B轮融资等\",\"content\":\"\",\"fileid\":0,\"content_url\":\"http:\/\/mp.weixin.qq.com\/s?__biz=MzI5MzE0NDUzNQ==&amp;mid=2650236855&amp;idx=2&amp;sn=7cbb1d604b48ca085bac5d1cc91d8e82&amp;chksm=f475550fc302dc19ceec1b5b5e62a685c77592a2708db43e286a1c25cd2cb9c5d3e4f4ee38ce&amp;scene=27#wechat_redirect\",\"source_url\":\"\",\"cover\":\"http:\/\/mmbiz.qpic.cn\/mmbiz_jpg\/LJiau2qPWAcXaaMfoucjmQhkgCuhDKUzDu5IGDeXNhXp2JUOGB5AoTNLDZDYrfv9Df7icLiba09P0EmzfNwTf9F2Q\/0?wx_fmt=jpeg\",\"author\":\"\",\"copyright_stat\":100,\"del_flag\":1,\"item_show_type\":0,\"audio_fileid\":0,\"duration\":0,\"play_url\":\"\",\"malicious_title_reason_id\":0,\"malicious_content_type\":0},{\"title\":\"“中国智能科学技术最高奖”揭晓优必选科技获2020年度吴文俊人工智能科技进步奖\",\"digest\":\"优必选科技“面向服务机器人的智能控制系统研发及应用”项目获得吴文俊人工智能科技进步奖（企业技术创新工程项目）。\",\"content\":\"\",\"fileid\":0,\"content_url\":\"http:\/\/mp.weixin.qq.com\/s?__biz=MzI5MzE0NDUzNQ==&amp;mid=2650236855&amp;idx=3&amp;sn=1e9cb213c26e1c56a02ff73b3b35bd87&amp;chksm=f475550fc302dc19aaf873525037b47bad16c6e056ea24c77e154631546f3b34a8f6913c8134&amp;scene=27#wechat_redirect\",\"source_url\":\"\",\"cover\":\"http:\/\/mmbiz.qpic.cn\/mmbiz_jpg\/LJiau2qPWAcXaaMfoucjmQhkgCuhDKUzDrJicaQQER6npsSItVJNG6eaD6e9hMWJWNdNNpdWX30ITSGmF8ct7wiaQ\/0?wx_fmt=jpeg\",\"author\":\"\",\"copyright_stat\":100,\"del_flag\":1,\"item_show_type\":0,\"audio_fileid\":0,\"duration\":0,\"play_url\":\"\",\"malicious_title_reason_id\":0,\"malicious_content_type\":0},{\"title\":\"NEOR mini 破壳\",\"digest\":\"第一款产品NEOR mini终破壳而出，面向世人says“Hello World”。\",\"content\":\"\",\"fileid\":0,\"content_url\":\"http:\/\/mp.weixin.qq.com\/s?__biz=MzI5MzE0NDUzNQ==&amp;mid=2650236855&amp;idx=4&amp;sn=fa1a2de94d1f49d0e8201a8c2868fc44&amp;chksm=f475550fc302dc1994efec105a03f075345eb2551850676f8bc9f7f30e6488ea5d8640b88989&amp;scene=27#wechat_redirect\",\"source_url\":\"\",\"cover\":\"http:\/\/mmbiz.qpic.cn\/mmbiz_jpg\/LJiau2qPWAcXaaMfoucjmQhkgCuhDKUzDsFoJeRY8Zb0ca9diaicce6D27oiclOlxPD14Bm0rhvvrLyuftAH8bibibLQ\/0?wx_fmt=jpeg\",\"author\":\"Sarah.LXY\",\"copyright_stat\":101,\"del_flag\":1,\"item_show_type\":0,\"audio_fileid\":0,\"duration\":0,\"play_url\":\"\",\"malicious_title_reason_id\":0,\"malicious_content_type\":0}],\"author\":\"\",\"copyright_stat\":100,\"duration\":0,\"del_flag\":1,\"item_show_type\":0,\"audio_fileid\":0,\"play_url\":\"\",\"malicious_title_reason_id\":0,\"malicious_content_type\":0}},{\"comm_msg_info\":{\"id\":1000001703,\"type\":49,\"datetime\":1610077918,\"fakeid\":\"3293144535\",\"status\":2,\"content\":\"\"},\"app_msg_ext_info\":{\"title\":\"一机多用，坎德拉能否打开服务机器人商业化的一扇新门？\",\"digest\":\"服务机器人的创新该怎么做？这家企业提供了全新的解决方案。\",\"content\":\"\",\"fileid\":0,\"content_url\":\"http:\/\/mp.weixin.qq.com\/s?__biz=MzI5MzE0NDUzNQ==&amp;mid=2650236791&amp;idx=1&amp;sn=c232cd14149f91021e5977922c9746f5&amp;chksm=f47555cfc302dcd95a4cadf07ce585de73075cebff944b506cee8c0965e4e0c5fe13afab24b2&amp;scene=27#wechat_redirect\",\"source_url\":\"\",\"cover\":\"http:\/\/mmbiz.qpic.cn\/mmbiz_jpg\/LJiau2qPWAcXkkFFDnu1aILqX6O35YryY2WsvAribaXQKT9fhZpeFibWh9NEB2ianbUHEdMP9NKzjEBRImJlRX8ZBw\/0?wx_fmt=jpeg\",\"subtype\":9,\"is_multi\":1,\"multi_app_msg_item_list\":[{\"title\":\"快讯|俄罗斯研制推出国产手术机器人；爱奇艺奇遇VR发布CV头手6DoF交互技术；日本计划在观光业推广“空手”支付等\",\"digest\":\"俄罗斯研制推出国产手术机器人；爱奇艺奇遇VR发布CV头手6DoF交互技术；日本计划在观光业推广“空手”支付等\",\"content\":\"\",\"fileid\":0,\"content_url\":\"http:\/\/mp.weixin.qq.com\/s?__biz=MzI5MzE0NDUzNQ==&amp;mid=2650236791&amp;idx=2&amp;sn=e2ee0edab29d992b3bed335f09abb526&amp;chksm=f47555cfc302dcd96c8527c5a0b7af7ebe6efaa79dee2a173d34fc0afbe3f4a153116bcce3b8&amp;scene=27#wechat_redirect\",\"source_url\":\"\",\"cover\":\"http:\/\/mmbiz.qpic.cn\/mmbiz_jpg\/LJiau2qPWAcWP6ibhJnqy85QlqMNRb6NWESs3uobGy5vep3B1LRVEEIYIPZrS1AjlnFj1S6LauvjvRkevrgxxuMA\/0?wx_fmt=jpeg\",\"author\":\"\",\"copyright_stat\":100,\"del_flag\":1,\"item_show_type\":0,\"audio_fileid\":0,\"duration\":0,\"play_url\":\"\",\"malicious_title_reason_id\":0,\"malicious_content_type\":0},{\"title\":\"热点|中国量子通信重大突破！论文再登Nature，展示天地一体超4600公里通信网络\",\"digest\":\"中科院院士、中国科学技术大学教授潘建伟团队再次登上顶级科学期刊《Nature》，推出量子通信领域的重磅成果\",\"content\":\"\",\"fileid\":0,\"content_url\":\"http:\/\/mp.weixin.qq.com\/s?__biz=MzI5MzE0NDUzNQ==&amp;mid=2650236791&amp;idx=3&amp;sn=66e16a95caf20bd131c63ac3c2e84d65&amp;chksm=f47555cfc302dcd9e7164b51f81ecc61fc4eea29db9e153bb0ad608e6efa1587975aa36a6287&amp;scene=27#wechat_redirect\",\"source_url\":\"\",\"cover\":\"http:\/\/mmbiz.qpic.cn\/mmbiz_jpg\/LJiau2qPWAcWP6ibhJnqy85QlqMNRb6NWET2fb6stU515nGicRwj1YPXfwy4FfiaWGP7tY3xj7oK1r2b1B9pedEMtA\/0?wx_fmt=jpeg\",\"author\":\"\",\"copyright_stat\":100,\"del_flag\":1,\"item_show_type\":0,\"audio_fileid\":0,\"duration\":0,\"play_url\":\"\",\"malicious_title_reason_id\":0,\"malicious_content_type\":0},{\"title\":\"前沿|OpenAI祭出120亿参数魔法模型！从文本合成图像栩栩如生，仿佛拥有人类的语言想象力\",\"digest\":\"大家对DALL·E 这个的神经网络模型有什么应用上的期待呢？\",\"content\":\"\",\"fileid\":0,\"content_url\":\"http:\/\/mp.weixin.qq.com\/s?__biz=MzI5MzE0NDUzNQ==&amp;mid=2650236791&amp;idx=4&amp;sn=b18ba883e557bd579e666447fc7560ec&amp;chksm=f47555cfc302dcd9a4c7abbf754b38976cbacb2e3ff72414c96c2657af91bf4238e394768305&amp;scene=27#wechat_redirect\",\"source_url\":\"\",\"cover\":\"http:\/\/mmbiz.qpic.cn\/mmbiz_jpg\/LJiau2qPWAcWP6ibhJnqy85QlqMNRb6NWEMSFc7jj75ZJqAQx67Ft55B7qBy8ibFDwMIPFLwsj4xwzGd21soCTQZQ\/0?wx_fmt=jpeg\",\"author\":\"\",\"copyright_stat\":100,\"del_flag\":1,\"item_show_type\":0,\"audio_fileid\":0,\"duration\":0,\"play_url\":\"\",\"malicious_title_reason_id\":0,\"malicious_content_type\":0}],\"author\":\"刘众楷\",\"copyright_stat\":11,\"duration\":0,\"del_flag\":1,\"item_show_type\":0,\"audio_fileid\":0,\"play_url\":\"\",\"malicious_title_reason_id\":0,\"malicious_content_type\":0}},{\"comm_msg_info\":{\"id\":1000001702,\"type\":49,\"datetime\":1610001190,\"fakeid\":\"3293144535\",\"status\":2,\"content\":\"\"},\"app_msg_ext_info\":{\"title\":\"日本一只「无头机器猫」火了，可摇尾巴有心跳，被抚摸后会睡觉！\",\"digest\":\"这是日本漫长而有趣的机器人疗愈史的一部分。\",\"content\":\"\",\"fileid\":502753068,\"content_url\":\"http:\/\/mp.weixin.qq.com\/s?__biz=MzI5MzE0NDUzNQ==&amp;mid=2650236726&amp;idx=1&amp;sn=a813e4029a3d89f72d381792c61fe0d5&amp;chksm=f475558ec302dc98bbc7118b600950500bcc52d621167f4137b808acc301c869243604994b61&amp;scene=27#wechat_redirect\",\"source_url\":\"\",\"cover\":\"http:\/\/mmbiz.qpic.cn\/mmbiz_jpg\/LJiau2qPWAcXkkFFDnu1aILqX6O35YryYxCPicLzbBrBtVAEfaxnpXgquAPkFOSdd5s4zr1EQvanY0pGKGoEGOmA\/0?wx_fmt=jpeg\",\"subtype\":9,\"is_multi\":1,\"multi_app_msg_item_list\":[{\"title\":\"中国机器人峰会常态化活动——科技创新赋能余姚机器人产业专题研讨会成功召开\",\"digest\":\"中国机器人峰会第三期常态化活动在余姚召开。\",\"content\":\"\",\"fileid\":0,\"content_url\":\"http:\/\/mp.weixin.qq.com\/s?__biz=MzI5MzE0NDUzNQ==&amp;mid=2650236726&amp;idx=2&amp;sn=8f20813224d98c855c87b2b90ea466d4&amp;chksm=f475558ec302dc989f561bfc3b7bfcbd6f460c5a31e978526e72558020405f72929930d1b43f&amp;scene=27#wechat_redirect\",\"source_url\":\"\",\"cover\":\"http:\/\/mmbiz.qpic.cn\/mmbiz_jpg\/LJiau2qPWAcXkkFFDnu1aILqX6O35YryYkKqtAEL3qZk5wzoYKElsSIocRCPsiaqJ8VkuAEaFK0Q8ibl7Mt8Jynpw\/0?wx_fmt=jpeg\",\"author\":\"\",\"copyright_stat\":100,\"del_flag\":1,\"item_show_type\":0,\"audio_fileid\":0,\"duration\":0,\"play_url\":\"\",\"malicious_title_reason_id\":0,\"malicious_content_type\":0},{\"title\":\"快讯|微软制造可与逝去亲人聊天的机器人；中科院沈自所地面伤员抢运机器人；冰制机器人或许可在其他行星自我修复与建造等\",\"digest\":\"微软制造可与逝去亲人聊天的机器人；中科院沈自所地面伤员抢运机器人；冰制机器人或许可在其他行星自我修复与建造等\",\"content\":\"\",\"fileid\":0,\"content_url\":\"http:\/\/mp.weixin.qq.com\/s?__biz=MzI5MzE0NDUzNQ==&amp;mid=2650236726&amp;idx=3&amp;sn=c7bbdd7f0230eef010015817ffce7321&amp;chksm=f475558ec302dc98797c936ff30742e291672265b466c227cc31a5c25429bb210654af7b52e6&amp;scene=27#wechat_redirect\",\"source_url\":\"\",\"cover\":\"http:\/\/mmbiz.qpic.cn\/mmbiz_jpg\/LJiau2qPWAcXkkFFDnu1aILqX6O35YryYPm8ORAHm1SAJ3QHaGMGvnCEfI5tlogtq4mxhvIib9xuOWwiaIfAhiaf6Q\/0?wx_fmt=jpeg\",\"author\":\"\",\"copyright_stat\":100,\"del_flag\":1,\"item_show_type\":0,\"audio_fileid\":0,\"duration\":0,\"play_url\":\"\",\"malicious_title_reason_id\":0,\"malicious_content_type\":0},{\"title\":\"热点|中国联通17亿入主机器人公司博实股份，百亿5G产业基金打响第一枪\",\"digest\":\"第一枪：入主博实股份\",\"content\":\"\",\"fileid\":0,\"content_url\":\"http:\/\/mp.weixin.qq.com\/s?__biz=MzI5MzE0NDUzNQ==&amp;mid=2650236726&amp;idx=4&amp;sn=2c5e9a341d1b45596e040a0e356e5a56&amp;chksm=f475558ec302dc98b3d5d056c5d21a3aae2f379bbe67af965fb2ec64626bfdd4439f780ba489&amp;scene=27#wechat_redirect\",\"source_url\":\"\",\"cover\":\"http:\/\/mmbiz.qpic.cn\/mmbiz_jpg\/LJiau2qPWAcXkkFFDnu1aILqX6O35YryYjhnP3VVGAnyylFHxicBF12micFnTaqZIf4nZUhqk8RxfKzspCMrveFHw\/0?wx_fmt=jpeg\",\"author\":\"Andy\",\"copyright_stat\":101,\"del_flag\":1,\"item_show_type\":0,\"audio_fileid\":0,\"duration\":0,\"play_url\":\"\",\"malicious_title_reason_id\":0,\"malicious_content_type\":0}],\"author\":\"\",\"copyright_stat\":100,\"duration\":0,\"del_flag\":1,\"item_show_type\":0,\"audio_fileid\":0,\"play_url\":\"\",\"malicious_title_reason_id\":0,\"malicious_content_type\":0}},{\"comm_msg_info\":{\"id\":1000001701,\"type\":49,\"datetime\":1609910209,\"fakeid\":\"3293144535\",\"status\":2,\"content\":\"\"},\"app_msg_ext_info\":{\"title\":\"有内味儿了！两个机器人吵起来了，甚至还要“动手”？网友：像极了情侣吵架\",\"digest\":\"两个机器人吵架，吵着吵着居然还要“动手”，这你能信？\",\"content\":\"\",\"fileid\":0,\"content_url\":\"http:\/\/mp.weixin.qq.com\/s?__biz=MzI5MzE0NDUzNQ==&amp;mid=2650236683&amp;idx=1&amp;sn=dbdf4c00e13c2ad53ea8139f938a7a68&amp;chksm=f47555b3c302dca587ed45ced8cf18a6321b915d7cf4346307a8200069a511ad248c3c31f939&amp;scene=27#wechat_redirect\",\"source_url\":\"\",\"cover\":\"http:\/\/mmbiz.qpic.cn\/mmbiz_jpg\/LJiau2qPWAcU3nvYA4P2EFs5fzMgL2vkdgjExy0nzMcniaK37WLZza1mVOHR7U5UXALaLan6ePiajBq0Y3dNL4pYQ\/0?wx_fmt=jpeg\",\"subtype\":9,\"is_multi\":1,\"multi_app_msg_item_list\":[{\"title\":\"快讯|AI助力破解北京顺义疫情传播链；美国国土安全部测试可识别戴口罩人脸的技术；美媒：“机器狗”成美军巡逻好帮手等\",\"digest\":\"AI助力破解北京顺义疫情传播链；美国国土安全部测试可识别戴口罩人脸的技术；美媒：“机器狗”成美军巡逻好帮手等\",\"content\":\"\",\"fileid\":0,\"content_url\":\"http:\/\/mp.weixin.qq.com\/s?__biz=MzI5MzE0NDUzNQ==&amp;mid=2650236683&amp;idx=2&amp;sn=66f38405fe7f9ecf118d22d63de85a9c&amp;chksm=f47555b3c302dca51354402c76fa59b350f3d3aeade653e4f27743377c774ff8dc395c8754b0&amp;scene=27#wechat_redirect\",\"source_url\":\"\",\"cover\":\"http:\/\/mmbiz.qpic.cn\/mmbiz_jpg\/LJiau2qPWAcU3nvYA4P2EFs5fzMgL2vkdYbmnsWNcTHIXibMGe4hwaxYLyq37hAXe2jxJjNI5ia6Rzh4j0PcMiayag\/0?wx_fmt=jpeg\",\"author\":\"\",\"copyright_stat\":100,\"del_flag\":1,\"item_show_type\":0,\"audio_fileid\":0,\"duration\":0,\"play_url\":\"\",\"malicious_title_reason_id\":0,\"malicious_content_type\":0},{\"title\":\"产业|AI面临产业大考：落地虽难，但产业化路径已日渐清晰\",\"digest\":\"今天我们谈论AI，已经很少再提及下围棋、打游戏等“碾压人类”式的炸裂新闻，而是更关注AI如何与各行业相结合，创造真实的产业价值与经济效率。\",\"content\":\"\",\"fileid\":0,\"content_url\":\"http:\/\/mp.weixin.qq.com\/s?__biz=MzI5MzE0NDUzNQ==&amp;mid=2650236683&amp;idx=3&amp;sn=2a006fba334e0aecafa1b14282e2288a&amp;chksm=f47555b3c302dca58ceaae690513fc057d20686bf9daa7f0aa6c8ad33c858735d702125bf77a&amp;scene=27#wechat_redirect\",\"source_url\":\"\",\"cover\":\"http:\/\/mmbiz.qpic.cn\/mmbiz_jpg\/LJiau2qPWAcU3nvYA4P2EFs5fzMgL2vkd2iaRj1ql3rwSYXDa4ByVCHAN5y5YKkSCm5pibiaiapJ1icckBGy7P9aat1A\/0?wx_fmt=jpeg\",\"author\":\"藏狐\",\"copyright_stat\":101,\"del_flag\":1,\"item_show_type\":0,\"audio_fileid\":0,\"duration\":0,\"play_url\":\"\",\"malicious_title_reason_id\":0,\"malicious_content_type\":0},{\"title\":\"热点|特斯拉劲敌来了！斯坦福大学科学家创办电池公司市值近500亿美元\",\"digest\":\"当大家的注意力还停留在特斯拉和马斯克身上时，有一家电池公司「低调」上市了。\",\"content\":\"\",\"fileid\":0,\"content_url\":\"http:\/\/mp.weixin.qq.com\/s?__biz=MzI5MzE0NDUzNQ==&amp;mid=2650236683&amp;idx=4&amp;sn=b67bfed759c12d89778ab9875c4206fb&amp;chksm=f47555b3c302dca52e34f70bdfaae42398cdc0e77ae36a24fee23da6c60b735ae6e075e08978&amp;scene=27#wechat_redirect\",\"source_url\":\"\",\"cover\":\"http:\/\/mmbiz.qpic.cn\/mmbiz_jpg\/LJiau2qPWAcU3nvYA4P2EFs5fzMgL2vkd5d8Oia8uwhwxWnw6icrFRdS5XvIcGqhqQyH9RdnHvk1pvH1YD2Sy0Bpw\/0?wx_fmt=jpeg\",\"author\":\"\",\"copyright_stat\":100,\"del_flag\":1,\"item_show_type\":0,\"audio_fileid\":0,\"duration\":0,\"play_url\":\"\",\"malicious_title_reason_id\":0,\"malicious_content_type\":0}],\"author\":\"\",\"copyright_stat\":100,\"duration\":0,\"del_flag\":1,\"item_show_type\":0,\"audio_fileid\":0,\"play_url\":\"\",\"malicious_title_reason_id\":0,\"malicious_content_type\":0}},{\"comm_msg_info\":{\"id\":1000001700,\"type\":49,\"datetime\":1609820759,\"fakeid\":\"3293144535\",\"status\":2,\"content\":\"\"},\"app_msg_ext_info\":{\"title\":\"世界首个「双边植入」脑机接口！瘫痪人士用「意念」操控双机械臂吃蛋糕\",\"digest\":\"约翰斯·霍普金斯大学实现“人机合一”！\",\"content\":\"\",\"fileid\":502752977,\"content_url\":\"http:\/\/mp.weixin.qq.com\/s?__biz=MzI5MzE0NDUzNQ==&amp;mid=2650236636&amp;idx=1&amp;sn=388cb7eba399ca18be24c8419cbb7a09&amp;chksm=f4755464c302dd7281ddf4647b2c34d46c5857c549a804654eed0323676948f42bfb3eafde34&amp;scene=27#wechat_redirect\",\"source_url\":\"\",\"cover\":\"http:\/\/mmbiz.qpic.cn\/mmbiz_jpg\/LJiau2qPWAcXnn77s1R66JRHUwAIJXJ2s2DS14MbPEdicdmpG9iciby2H7ssOwnVKvM7QrCjRemIwTLibuDLSRD86Cw\/0?wx_fmt=jpeg\",\"subtype\":9,\"is_multi\":1,\"multi_app_msg_item_list\":[{\"title\":\"【直播预告】核电特种机器人研究与应用 | 中广核研究院核电特种机器人研发高级工程师王国河\",\"digest\":\"随着核电事业的迅速发展和核安全保障的需要，核电机器人代替人工需要快速推进。\",\"content\":\"\",\"fileid\":0,\"content_url\":\"http:\/\/mp.weixin.qq.com\/s?__biz=MzI5MzE0NDUzNQ==&amp;mid=2650236636&amp;idx=2&amp;sn=2bf468764ff4cf1df67981f95e8e0a6d&amp;chksm=f4755464c302dd72c7d1a618dc3258e37bd2231a9efd74c165a49fa405c591723f2707df3e79&amp;scene=27#wechat_redirect\",\"source_url\":\"\",\"cover\":\"http:\/\/mmbiz.qpic.cn\/mmbiz_jpg\/LJiau2qPWAcXnn77s1R66JRHUwAIJXJ2sibGMdGrohp1Pawcx5RibfstJ37ia9Mww2G3tVg0Sic98r2w0uZ82rKqy0A\/0?wx_fmt=jpeg\",\"author\":\"\",\"copyright_stat\":100,\"del_flag\":1,\"item_show_type\":0,\"audio_fileid\":0,\"duration\":0,\"play_url\":\"\",\"malicious_title_reason_id\":0,\"malicious_content_type\":0},{\"title\":\"快讯|浙大新模型用少量视频完成3D建模；研究揭示飞行甲虫和和扑翼机器人的碰撞恢复机制；自动化机器人协助处理庞大订单等\",\"digest\":\"浙大新模型用少量视频完成3D建模；研究揭示飞行甲虫和和扑翼机器人的碰撞恢复机制；自动化机器人协助处理庞大订单等\",\"content\":\"\",\"fileid\":0,\"content_url\":\"http:\/\/mp.weixin.qq.com\/s?__biz=MzI5MzE0NDUzNQ==&amp;mid=2650236636&amp;idx=3&amp;sn=3b74785e434f76c3c5224f81ae35771a&amp;chksm=f4755464c302dd7210f0cdb0f719e5e95b11e4faf4f89b20fa005d961ad9f9c0df0e72ad4675&amp;scene=27#wechat_redirect\",\"source_url\":\"\",\"cover\":\"http:\/\/mmbiz.qpic.cn\/mmbiz_jpg\/LJiau2qPWAcXnn77s1R66JRHUwAIJXJ2sLapTEXBIhkVRnVaItNs6SiabDWW8AXFsZfDibN7tf6HaUTKLbLLmfBLg\/0?wx_fmt=jpeg\",\"author\":\"\",\"copyright_stat\":100,\"del_flag\":1,\"item_show_type\":0,\"audio_fileid\":0,\"duration\":0,\"play_url\":\"\",\"malicious_title_reason_id\":0,\"malicious_content_type\":0},{\"title\":\"产业|智能革命的开始！AI下一个十年，将变革人类医疗和艺术\",\"digest\":\"AI 将触及人类生存的每一个方面。\",\"content\":\"\",\"fileid\":0,\"content_url\":\"http:\/\/mp.weixin.qq.com\/s?__biz=MzI5MzE0NDUzNQ==&amp;mid=2650236636&amp;idx=4&amp;sn=bdc4649944b623f2dcfc6633c8ea80b0&amp;chksm=f4755464c302dd72383cac527ad8db90b7aed1329685384bc78a087efaea45573bed5b6193dd&amp;scene=27#wechat_redirect\",\"source_url\":\"\",\"cover\":\"http:\/\/mmbiz.qpic.cn\/mmbiz_jpg\/LJiau2qPWAcWqMLsCq0pWHOXibpWcT0FwI1rhSSGcdP8iauiaKPAiarAf7y88clqViajicRk37WT9HNZLASFZwxp4bMQg\/0?wx_fmt=jpeg\",\"author\":\"\",\"copyright_stat\":100,\"del_flag\":1,\"item_show_type\":0,\"audio_fileid\":0,\"duration\":0,\"play_url\":\"\",\"malicious_title_reason_id\":0,\"malicious_content_type\":0}],\"author\":\"Robospeak\",\"copyright_stat\":11,\"duration\":0,\"del_flag\":1,\"item_show_type\":0,\"audio_fileid\":0,\"play_url\":\"\",\"malicious_title_reason_id\":0,\"malicious_content_type\":0}},{\"comm_msg_info\":{\"id\":1000001699,\"type\":49,\"datetime\":1609745718,\"fakeid\":\"3293144535\",\"status\":2,\"content\":\"\"},\"app_msg_ext_info\":{\"title\":\"可以救你一命的「以色列爬行机器人」，改变自身形状及重心位置来越障！\",\"digest\":\"相关研究成果已经发表在2020年期刊《IEEEAccess》上。\",\"content\":\"\",\"fileid\":502752909,\"content_url\":\"http:\/\/mp.weixin.qq.com\/s?__biz=MzI5MzE0NDUzNQ==&amp;mid=2650236591&amp;idx=1&amp;sn=9aa9fe33823e99b61d80dfbc513a9c22&amp;chksm=f4755417c302dd015a948be6fe7856f67162da1b580253d7405ce08b25b007aa48f98d67a162&amp;scene=27#wechat_redirect\",\"source_url\":\"\",\"cover\":\"http:\/\/mmbiz.qpic.cn\/mmbiz_jpg\/LJiau2qPWAcWqMLsCq0pWHOXibpWcT0FwIvcSgN9WI2PvRRibtBayN73icm1P2S2R5D5ZAUa4SZOQicIKOXobfibQ9aw\/0?wx_fmt=jpeg\",\"subtype\":9,\"is_multi\":1,\"multi_app_msg_item_list\":[{\"title\":\"机器人大讲堂走进百所高校•北京联合大学站服务机器人专题直播活动圆满收官\",\"digest\":\"机器人大讲堂走进百所高校·北京联合大学站——服务机器人专题直播活动圆满收官，直播活动反响热烈，线上近1.4万人观看。\",\"content\":\"\",\"fileid\":0,\"content_url\":\"http:\/\/mp.weixin.qq.com\/s?__biz=MzI5MzE0NDUzNQ==&amp;mid=2650236591&amp;idx=2&amp;sn=51c5d840cfc907bc43c8c89ea80dd863&amp;chksm=f4755417c302dd016267e664aefd5176a986b2396bae0957607899deb7c174610583149bcb7e&amp;scene=27#wechat_redirect\",\"source_url\":\"\",\"cover\":\"http:\/\/mmbiz.qpic.cn\/mmbiz_jpg\/LJiau2qPWAcUoiaFB16ZMXWpe1y0B2mvSCZ2lDiaLeZHUfFd6sKRrWrFTZEWPCfOw1r2pZIQibJNy58q6gJ5RibxFkA\/0?wx_fmt=jpeg\",\"author\":\"\",\"copyright_stat\":100,\"del_flag\":1,\"item_show_type\":0,\"audio_fileid\":0,\"duration\":0,\"play_url\":\"\",\"malicious_title_reason_id\":0,\"malicious_content_type\":0},{\"title\":\"快讯|北航博士研发踝关节外骨骼系统；AI算法可将试管婴儿成功率提高3倍；智能康复机器人卓道医疗完成数千万A轮融资等\",\"digest\":\"北航博士研发踝关节外骨骼系统；AI算法可将试管婴儿成功率提高3倍；智能康复机器人卓道医疗完成数千万A轮融资等\",\"content\":\"\",\"fileid\":0,\"content_url\":\"http:\/\/mp.weixin.qq.com\/s?__biz=MzI5MzE0NDUzNQ==&amp;mid=2650236591&amp;idx=3&amp;sn=cd760a0a2cd713f7545aea34e5a86619&amp;chksm=f4755417c302dd0161a675b9e2cf9a335a770ba069349c8b28c3d14c2358edd5cc8680a9b269&amp;scene=27#wechat_redirect\",\"source_url\":\"\",\"cover\":\"http:\/\/mmbiz.qpic.cn\/mmbiz_jpg\/LJiau2qPWAcWqMLsCq0pWHOXibpWcT0FwIrL2dA5iaNccm7FqsJiapY4ErpIrXLiclBkCD7lib4sILY1EhKmOa9icjMZg\/0?wx_fmt=jpeg\",\"author\":\"\",\"copyright_stat\":100,\"del_flag\":1,\"item_show_type\":0,\"audio_fileid\":0,\"duration\":0,\"play_url\":\"\",\"malicious_title_reason_id\":0,\"malicious_content_type\":0},{\"title\":\"产业|从田间到餐桌，5G、IoT、AI如何催生智慧农业？\",\"digest\":\"真正让全村脱贫的办法，就是村里建起了规模化、智能化的现代蔬菜种植基地。\",\"content\":\"\",\"fileid\":0,\"content_url\":\"http:\/\/mp.weixin.qq.com\/s?__biz=MzI5MzE0NDUzNQ==&amp;mid=2650236591&amp;idx=4&amp;sn=351a732f2279d50577339c759610e211&amp;chksm=f4755417c302dd014e3cb6111d01ed7a72a915c9cc6dba696009077abc17ee6112bee518162e&amp;scene=27#wechat_redirect\",\"source_url\":\"\",\"cover\":\"http:\/\/mmbiz.qpic.cn\/mmbiz_jpg\/LJiau2qPWAcWqMLsCq0pWHOXibpWcT0FwI1rhSSGcdP8iauiaKPAiarAf7y88clqViajicRk37WT9HNZLASFZwxp4bMQg\/0?wx_fmt=jpeg\",\"author\":\"海怪\",\"copyright_stat\":101,\"del_flag\":1,\"item_show_type\":0,\"audio_fileid\":0,\"duration\":0,\"play_url\":\"\",\"malicious_title_reason_id\":0,\"malicious_content_type\":0}],\"author\":\"Robospeak\",\"copyright_stat\":11,\"duration\":0,\"del_flag\":1,\"item_show_type\":0,\"audio_fileid\":0,\"play_url\":\"\",\"malicious_title_reason_id\":0,\"malicious_content_type\":0}}]}","next_offset":161,"video_count":1,"use_video_tab":1,"real_type":0,"home_page_list":[]}