{"ret":0,"errmsg":"ok","msg_count":10,"can_msg_continue":1,"general_msg_list":"{\"list\":[{\"comm_msg_info\":{\"id\":1000001678,\"type\":49,\"datetime\":1607944192,\"fakeid\":\"3293144535\",\"status\":2,\"content\":\"\"},\"app_msg_ext_info\":{\"title\":\"耶鲁大学的机器“变形虫”问世！利用仿真技术构建，可快速适应环境\",\"digest\":\"这次把“网袜”的洞补上了，也不再需要黏土了！\",\"content\":\"\",\"fileid\":502751806,\"content_url\":\"http:\/\/mp.weixin.qq.com\/s?__biz=MzI5MzE0NDUzNQ==&amp;mid=2650235462&amp;idx=1&amp;sn=d837d3a25fddee1a9bb3c7dce356ffad&amp;chksm=f47550fec302d9e8d27b66c7f6b8241f503e294b7eb632c746dfae90ddda14c7feb0cfdbda6c&amp;scene=27#wechat_redirect\",\"source_url\":\"\",\"cover\":\"http:\/\/mmbiz.qpic.cn\/mmbiz_jpg\/LJiau2qPWAcXOYvdqI0fI0qVcvBOBrHDRjkMxSHweV7pGib9EI08f1D7mcK9aHn5LM2oq9CKU4F0QaQ02VECIbdQ\/0?wx_fmt=jpeg\",\"subtype\":9,\"is_multi\":1,\"multi_app_msg_item_list\":[{\"title\":\"快讯|智能柔性直驱环形线研发商「果栗科技」完成3000万元A轮融资，谷歌 AI 更博：通过机器学习增强人像照明等\",\"digest\":\"智能柔性直驱环形线研发商「果栗科技」完成3000万元A轮融资，谷歌 AI 更博：通过机器学习增强人像照明等\",\"content\":\"\",\"fileid\":0,\"content_url\":\"http:\/\/mp.weixin.qq.com\/s?__biz=MzI5MzE0NDUzNQ==&amp;mid=2650235462&amp;idx=2&amp;sn=ecb3999ed6f337f2c0c81258d0028835&amp;chksm=f47550fec302d9e8a529d58c315c7c74fb53149c87aa701bcfde63d3b2144cb6f7c878b8c3c0&amp;scene=27#wechat_redirect\",\"source_url\":\"\",\"cover\":\"http:\/\/mmbiz.qpic.cn\/mmbiz_jpg\/LJiau2qPWAcXOYvdqI0fI0qVcvBOBrHDRzbc7qmNJibVYpniaYknib0rq9w1ZBgS9gv31shucEJGVoeuWqzRbsaaMg\/0?wx_fmt=jpeg\",\"author\":\"\",\"copyright_stat\":100,\"del_flag\":1,\"item_show_type\":0,\"audio_fileid\":0,\"duration\":0,\"play_url\":\"\",\"malicious_title_reason_id\":0,\"malicious_content_type\":0},{\"title\":\"热点|实锤了！『AI翻车』事件已超1000+，特斯拉，微软、谷歌、苹果等全部在列\",\"digest\":\"AI威胁论并非空穴来风。\",\"content\":\"\",\"fileid\":0,\"content_url\":\"http:\/\/mp.weixin.qq.com\/s?__biz=MzI5MzE0NDUzNQ==&amp;mid=2650235462&amp;idx=3&amp;sn=633d9a46b051a5c511b3415632adec09&amp;chksm=f47550fec302d9e88c59c57a0fd3ea8fade3f3e6f4377f3b32f6607081ec9a0b554e41f72415&amp;scene=27#wechat_redirect\",\"source_url\":\"\",\"cover\":\"http:\/\/mmbiz.qpic.cn\/mmbiz_jpg\/LJiau2qPWAcXOYvdqI0fI0qVcvBOBrHDR2LWZKk759QnjNUeq5CTdibagMyWVxiaKxTiaUm5p2bmn1mrG8XMJEvOFw\/0?wx_fmt=jpeg\",\"author\":\"\",\"copyright_stat\":100,\"del_flag\":1,\"item_show_type\":0,\"audio_fileid\":0,\"duration\":0,\"play_url\":\"\",\"malicious_title_reason_id\":0,\"malicious_content_type\":0},{\"title\":\"好文|2020的另一面：5G的斯普特尼克之年\",\"digest\":\"技术的发展与经济、政治的变幻不同，其影响往往需要较长时间去呈现，但最终结果却是巨大而不可逆的。\",\"content\":\"\",\"fileid\":0,\"content_url\":\"http:\/\/mp.weixin.qq.com\/s?__biz=MzI5MzE0NDUzNQ==&amp;mid=2650235462&amp;idx=4&amp;sn=3e7e938a12c8c5c3e6279d806a2bdbf5&amp;chksm=f47550fec302d9e8bf52bd0ecb84a1dad728e27f18eb9e94548b0407e250bc7eefdb45bc0b1c&amp;scene=27#wechat_redirect\",\"source_url\":\"\",\"cover\":\"http:\/\/mmbiz.qpic.cn\/mmbiz_jpg\/LJiau2qPWAcXOYvdqI0fI0qVcvBOBrHDRibHxPUN7uN0w7rjDME2iapiaCN8SjLY6FOkRhPlXPT4XZJuxTJKLuFwSQ\/0?wx_fmt=jpeg\",\"author\":\"风辞远\",\"copyright_stat\":101,\"del_flag\":1,\"item_show_type\":0,\"audio_fileid\":0,\"duration\":0,\"play_url\":\"\",\"malicious_title_reason_id\":0,\"malicious_content_type\":0}],\"author\":\"Robospeak\",\"copyright_stat\":11,\"duration\":0,\"del_flag\":1,\"item_show_type\":0,\"audio_fileid\":0,\"play_url\":\"\",\"malicious_title_reason_id\":0,\"malicious_content_type\":0}},{\"comm_msg_info\":{\"id\":1000001677,\"type\":49,\"datetime\":1607846350,\"fakeid\":\"3293144535\",\"status\":2,\"content\":\"\"},\"app_msg_ext_info\":{\"title\":\"Science Robotics 封面论文 | 绝影：学会在陌生环境“摸爬滚打”，更能应对自然灾害！\",\"digest\":\"提出了一种基于深度强化学习的多专家学习体系结构。\",\"content\":\"\",\"fileid\":502751687,\"content_url\":\"http:\/\/mp.weixin.qq.com\/s?__biz=MzI5MzE0NDUzNQ==&amp;mid=2650235376&amp;idx=1&amp;sn=80649ddb185df36e25f0533fefe67942&amp;chksm=f4755348c302da5ef37390d9b6137539a9073252b1413840c48f255364910431f624d9377671&amp;scene=27#wechat_redirect\",\"source_url\":\"\",\"cover\":\"http:\/\/mmbiz.qpic.cn\/mmbiz_jpg\/LJiau2qPWAcVOHqdQicvKXEQTmZ3r1OUn1ZFDhRMCpc4S0Q9y6MnH0raEK83tHToXcOxVXGdolYo6ScIgtIsApmQ\/0?wx_fmt=jpeg\",\"subtype\":9,\"is_multi\":1,\"multi_app_msg_item_list\":[{\"title\":\"5万人次围观中国机器人行业年会！数百位产学研金代表聚首南京江北新区！回顾2020机器人行业未来可期！\",\"digest\":\"2020年12月12日，2020年第二届中国机器人行业年会暨Leaderobot中国机器人颁奖典礼在南京江北新区举办。\",\"content\":\"\",\"fileid\":0,\"content_url\":\"http:\/\/mp.weixin.qq.com\/s?__biz=MzI5MzE0NDUzNQ==&amp;mid=2650235376&amp;idx=2&amp;sn=dba3b2d3bdec796de7a0f5a48a071bc6&amp;chksm=f4755348c302da5e8c6b4bee6c596e016bcb672dad44fdb31c4fa75cb8d4eb2504372f70abd5&amp;scene=27#wechat_redirect\",\"source_url\":\"\",\"cover\":\"http:\/\/mmbiz.qpic.cn\/mmbiz_jpg\/LJiau2qPWAcVOHqdQicvKXEQTmZ3r1OUn14ugmEmF5AIgjDHSNQKp7oWflOj4YjKOQ1or4icU164EichWkCQ4YNbbw\/0?wx_fmt=jpeg\",\"author\":\"\",\"copyright_stat\":100,\"del_flag\":1,\"item_show_type\":0,\"audio_fileid\":0,\"duration\":0,\"play_url\":\"\",\"malicious_title_reason_id\":0,\"malicious_content_type\":0},{\"title\":\"热点|2020 年中国工业机器人产业发展白皮书\",\"digest\":\"《中国工业机器人产业发展白皮书（2020 年）》发布。\",\"content\":\"\",\"fileid\":0,\"content_url\":\"http:\/\/mp.weixin.qq.com\/s?__biz=MzI5MzE0NDUzNQ==&amp;mid=2650235376&amp;idx=3&amp;sn=80753768c0dc3a5c7663669f0e5d3792&amp;chksm=f4755348c302da5e37f64f7a0bebca3e940294060f5bd6a1cfa1c09d6bd189581e63ca466e4c&amp;scene=27#wechat_redirect\",\"source_url\":\"\",\"cover\":\"http:\/\/mmbiz.qpic.cn\/mmbiz_jpg\/LJiau2qPWAcVOHqdQicvKXEQTmZ3r1OUn1sTIUYvAdL3yXuxiaWCa3Xjjs5pzWlEb8K1dK98NMIuhRpfccaJYiabHQ\/0?wx_fmt=jpeg\",\"author\":\"\",\"copyright_stat\":100,\"del_flag\":1,\"item_show_type\":0,\"audio_fileid\":0,\"duration\":0,\"play_url\":\"\",\"malicious_title_reason_id\":0,\"malicious_content_type\":0},{\"title\":\"快讯|华为斥资3.39亿在广州买地，将建成华为汽车研发中心；知行机器人完成千万级新一轮融资；欧洲军火商推出侦察机器人等\",\"digest\":\"华为斥资3.39亿在广州买地，将建成华为汽车研发中心；知行机器人完成千万级新一轮融资；欧洲军火商推出侦察机器人等\",\"content\":\"\",\"fileid\":0,\"content_url\":\"http:\/\/mp.weixin.qq.com\/s?__biz=MzI5MzE0NDUzNQ==&amp;mid=2650235376&amp;idx=4&amp;sn=5502e3ff4aaac24e72a64a05986a2475&amp;chksm=f4755348c302da5e3d363c001b516c32f9f1da76f1e07a03610dfac3c62ed00cf1a8a546e9d4&amp;scene=27#wechat_redirect\",\"source_url\":\"\",\"cover\":\"http:\/\/mmbiz.qpic.cn\/mmbiz_jpg\/LJiau2qPWAcVOHqdQicvKXEQTmZ3r1OUn1AFLw42bSfSiav2V9tXmu3DMmYsRygnqEJsu2WGURFD8qicbs7wMaSLgg\/0?wx_fmt=jpeg\",\"author\":\"\",\"copyright_stat\":100,\"del_flag\":1,\"item_show_type\":0,\"audio_fileid\":0,\"duration\":0,\"play_url\":\"\",\"malicious_title_reason_id\":0,\"malicious_content_type\":0}],\"author\":\"\",\"copyright_stat\":100,\"duration\":0,\"del_flag\":1,\"item_show_type\":0,\"audio_fileid\":0,\"play_url\":\"\",\"malicious_title_reason_id\":0,\"malicious_content_type\":0}},{\"comm_msg_info\":{\"id\":1000001676,\"type\":49,\"datetime\":1607781439,\"fakeid\":\"3293144535\",\"status\":2,\"content\":\"\"},\"app_msg_ext_info\":{\"title\":\"被称为25年来的最高成就！MIT科学家让计算机定规矩，上万种机器人形态随你挑\",\"digest\":\"你能想到的机器人形态最多有多少种？\",\"content\":\"\",\"fileid\":502751643,\"content_url\":\"http:\/\/mp.weixin.qq.com\/s?__biz=MzI5MzE0NDUzNQ==&amp;mid=2650235312&amp;idx=1&amp;sn=08ae8bb9895fc8466b73b3f9e2f93322&amp;chksm=f4755308c302da1e31f9f2fe183ec62a4bceddf7ce6539e7f049d4f314c07ddfb80d75275c02&amp;scene=27#wechat_redirect\",\"source_url\":\"\",\"cover\":\"http:\/\/mmbiz.qpic.cn\/mmbiz_jpg\/LJiau2qPWAcUmoNOjJXaVGLjnVsXbG8vn1Jhs805dRNiajAHwO0GBbEQ1fj13wf2fzibe0HXsxpV5nTy3AqbqnLxQ\/0?wx_fmt=jpeg\",\"subtype\":9,\"is_multi\":1,\"multi_app_msg_item_list\":[{\"title\":\"快讯|华为发布全新机器人流程自动化产品；我国机器人相关企业前三季度注册量同比增长60.5%；研究发现机器人会鼓励人类冒险等\",\"digest\":\"华为发布全新机器人流程自动化产品；我国机器人相关企业前三季度注册量同比增长60.5%；研究发现机器人会鼓励人类冒险等\",\"content\":\"\",\"fileid\":0,\"content_url\":\"http:\/\/mp.weixin.qq.com\/s?__biz=MzI5MzE0NDUzNQ==&amp;mid=2650235312&amp;idx=2&amp;sn=3316aedc988896e9beece3d3282440bd&amp;chksm=f4755308c302da1e41e0f025b493fe02e61d15299bdebb53dcdaaa9cfadb9ff58fba9b871894&amp;scene=27#wechat_redirect\",\"source_url\":\"\",\"cover\":\"http:\/\/mmbiz.qpic.cn\/mmbiz_jpg\/LJiau2qPWAcUmoNOjJXaVGLjnVsXbG8vn0cSAm9Jnw2u7S6miam5WwllCKJFdU8UxmEc4YD1fUoVsDb1hUyz62kA\/0?wx_fmt=jpeg\",\"author\":\"\",\"copyright_stat\":100,\"del_flag\":1,\"item_show_type\":0,\"audio_fileid\":0,\"duration\":0,\"play_url\":\"\",\"malicious_title_reason_id\":0,\"malicious_content_type\":0},{\"title\":\"前沿|MIT、哈佛合作，这个可信度研究让神经网络认清自己“几斤几两”！\",\"digest\":\"让神经网络自己对自己的结果可信度打个分，颠颠自己“几斤几两”！\",\"content\":\"\",\"fileid\":0,\"content_url\":\"http:\/\/mp.weixin.qq.com\/s?__biz=MzI5MzE0NDUzNQ==&amp;mid=2650235312&amp;idx=3&amp;sn=eff5ddd360c0c14b8fe6729d8f9300fa&amp;chksm=f4755308c302da1e7c5fccf9503887ba89d3bc5c45ad9a0539eddd3cd34c8509555c7adb99d4&amp;scene=27#wechat_redirect\",\"source_url\":\"\",\"cover\":\"http:\/\/mmbiz.qpic.cn\/mmbiz_jpg\/LJiau2qPWAcUmoNOjJXaVGLjnVsXbG8vnd44KXnvZsLMbkF1n61ba7HNRgib5niasq6UdQeeJZNBKoibJvDKsPDtDQ\/0?wx_fmt=jpeg\",\"author\":\"\",\"copyright_stat\":100,\"del_flag\":1,\"item_show_type\":0,\"audio_fileid\":0,\"duration\":0,\"play_url\":\"\",\"malicious_title_reason_id\":0,\"malicious_content_type\":0},{\"title\":\"热点|让接吻更自然！迪士尼研究院用深度语义模型帮卡通人物认真撒狗粮\",\"digest\":\"3D渲染的面孔现在已成为各个大制作电影或游戏中的重要组成部分，但是以自然方式捕获和设置它们确很艰难。\",\"content\":\"\",\"fileid\":0,\"content_url\":\"http:\/\/mp.weixin.qq.com\/s?__biz=MzI5MzE0NDUzNQ==&amp;mid=2650235312&amp;idx=4&amp;sn=d0b8a57a413dcca5bf8bfeee7b5c9e3f&amp;chksm=f4755308c302da1e29c5c0474fd062b607ada7328064ece1db00c86042ba60113beb4b53798f&amp;scene=27#wechat_redirect\",\"source_url\":\"\",\"cover\":\"http:\/\/mmbiz.qpic.cn\/mmbiz_jpg\/LJiau2qPWAcUmoNOjJXaVGLjnVsXbG8vnakZKEZgtFIlZpic3icUGiattZMKbjWBvlRibGv4Cmu90icuyCzteP6CXSlg\/0?wx_fmt=jpeg\",\"author\":\"\",\"copyright_stat\":100,\"del_flag\":1,\"item_show_type\":0,\"audio_fileid\":0,\"duration\":0,\"play_url\":\"\",\"malicious_title_reason_id\":0,\"malicious_content_type\":0}],\"author\":\"Robospeak\",\"copyright_stat\":11,\"duration\":0,\"del_flag\":1,\"item_show_type\":0,\"audio_fileid\":0,\"play_url\":\"\",\"malicious_title_reason_id\":0,\"malicious_content_type\":0}},{\"comm_msg_info\":{\"id\":1000001675,\"type\":49,\"datetime\":1607675678,\"fakeid\":\"3293144535\",\"status\":2,\"content\":\"\"},\"app_msg_ext_info\":{\"title\":\"协作机器人效率与安全不可兼得？穿戴式感知“皮肤”破僵局！\",\"digest\":\"目前协作机器人都通过什么方法来保障安全？本文通过对市面上三种主要技术路线的分析，来评估其安全的程度与付出的代价。\",\"content\":\"\",\"fileid\":0,\"content_url\":\"http:\/\/mp.weixin.qq.com\/s?__biz=MzI5MzE0NDUzNQ==&amp;mid=2650235193&amp;idx=1&amp;sn=07f915f856ae6c2fa040519d2dd139e5&amp;chksm=f4755381c302da97ab9da5a7b96d763824cef75d8b2209cb0c1f394d8d480bfca272e592bc6f&amp;scene=27#wechat_redirect\",\"source_url\":\"\",\"cover\":\"http:\/\/mmbiz.qpic.cn\/mmbiz_jpg\/LJiau2qPWAcWtJnYEGTLDZXngjx51Rtuu7IiaHIwD8TwoUxmHq0PkPHpjicLNiacOHrqcv9bQuz4lBoGwY2GRGQiaOA\/0?wx_fmt=jpeg\",\"subtype\":9,\"is_multi\":1,\"multi_app_msg_item_list\":[{\"title\":\"快讯|会跳霹雳舞的轻型水凝胶机器人；谷歌新研究在设备上同时进行面部，手部和姿势预测；亚马逊将Alexa变成聊天机器人等\",\"digest\":\"会跳霹雳舞的轻型水凝胶机器人；谷歌新研究在设备上同时进行面部，手部和姿势预测；亚马逊将Alexa变成聊天机器人等\",\"content\":\"\",\"fileid\":0,\"content_url\":\"http:\/\/mp.weixin.qq.com\/s?__biz=MzI5MzE0NDUzNQ==&amp;mid=2650235193&amp;idx=2&amp;sn=357c2108b31aff2c4981a08cd5be56f2&amp;chksm=f4755381c302da974ea496f00fd47b5474eb7d04347fd38b4e69c68b7b9396be230c535f8d9c&amp;scene=27#wechat_redirect\",\"source_url\":\"\",\"cover\":\"http:\/\/mmbiz.qpic.cn\/mmbiz_jpg\/LJiau2qPWAcWtJnYEGTLDZXngjx51RtuuISlDIevt7DibA2sH4bzdfiajqgyf5NLr5Wr5w9VoPGueB4yPoPILRl8Q\/0?wx_fmt=jpeg\",\"author\":\"\",\"copyright_stat\":100,\"del_flag\":1,\"item_show_type\":0,\"audio_fileid\":0,\"duration\":0,\"play_url\":\"\",\"malicious_title_reason_id\":0,\"malicious_content_type\":0},{\"title\":\"热点|网红机器狗再易主！软银「贱卖」波士顿动力，现代汽车在机器人领域下大棋\",\"digest\":\"11 月初以来的收购传闻尘埃落定。\",\"content\":\"\",\"fileid\":0,\"content_url\":\"http:\/\/mp.weixin.qq.com\/s?__biz=MzI5MzE0NDUzNQ==&amp;mid=2650235193&amp;idx=3&amp;sn=8d7b9dcc60bfe84424e684ed50248a3e&amp;chksm=f4755381c302da97c5eed13bf12300b16fdc163021d45caf79939955a2e38542b5bac31a6acf&amp;scene=27#wechat_redirect\",\"source_url\":\"\",\"cover\":\"http:\/\/mmbiz.qpic.cn\/mmbiz_jpg\/LJiau2qPWAcWtJnYEGTLDZXngjx51RtuuErTAhYBrthA3fMvZWzts7EE1V3C2Y8UdicP0b9xeRWtIC9ddicbOh99g\/0?wx_fmt=jpeg\",\"author\":\"\",\"copyright_stat\":100,\"del_flag\":1,\"item_show_type\":0,\"audio_fileid\":0,\"duration\":0,\"play_url\":\"\",\"malicious_title_reason_id\":0,\"malicious_content_type\":0},{\"title\":\"产业|苹果自动驾驶部门「裁员」又「重组」，AI负责人接掌「泰坦」\",\"digest\":\"苹果公司日前对其自动驾驶汽车部门进行了重组。\",\"content\":\"\",\"fileid\":0,\"content_url\":\"http:\/\/mp.weixin.qq.com\/s?__biz=MzI5MzE0NDUzNQ==&amp;mid=2650235193&amp;idx=4&amp;sn=6842c1dbbd7cf2e6d92b4040a3b5b199&amp;chksm=f4755381c302da97701344cc7a07dc8c23a03f44fbb9fff89c6aa97f131d07f05e8e45682c28&amp;scene=27#wechat_redirect\",\"source_url\":\"\",\"cover\":\"http:\/\/mmbiz.qpic.cn\/mmbiz_jpg\/LJiau2qPWAcWtJnYEGTLDZXngjx51RtuukjCiaXgbnibqgN9O5l9YVm6AXQmsYibnT2H1QVf6ZVYVnmqqw6jQTbbmQ\/0?wx_fmt=jpeg\",\"author\":\"\",\"copyright_stat\":100,\"del_flag\":1,\"item_show_type\":0,\"audio_fileid\":0,\"duration\":0,\"play_url\":\"\",\"malicious_title_reason_id\":0,\"malicious_content_type\":0}],\"author\":\"\",\"copyright_stat\":100,\"duration\":0,\"del_flag\":1,\"item_show_type\":0,\"audio_fileid\":0,\"play_url\":\"\",\"malicious_title_reason_id\":0,\"malicious_content_type\":0}},{\"comm_msg_info\":{\"id\":1000001674,\"type\":49,\"datetime\":1607582918,\"fakeid\":\"3293144535\",\"status\":2,\"content\":\"\"},\"app_msg_ext_info\":{\"title\":\"两个“最会聊天”的AI「直播约会」引网友围观，连续尬聊504个小时，都聊了啥？\",\"digest\":\"AI也有相亲烦恼？\",\"content\":\"\",\"fileid\":0,\"content_url\":\"http:\/\/mp.weixin.qq.com\/s?__biz=MzI5MzE0NDUzNQ==&amp;mid=2650235157&amp;idx=1&amp;sn=79ac112a247cf45e97df0f8478bd7bd0&amp;chksm=f47553adc302dabb1b08280761e57034cd8db6c7486ea52677016fe519256e8744c3aacab7d5&amp;scene=27#wechat_redirect\",\"source_url\":\"\",\"cover\":\"http:\/\/mmbiz.qpic.cn\/mmbiz_jpg\/LJiau2qPWAcXwPvy2d4W7jTTBGqaXeL9k7ic8SWSQCibODZBrwoQl3EN9ftOicaXdMLiaWpUkNicwYmybrLCEx3GkevQ\/0?wx_fmt=jpeg\",\"subtype\":9,\"is_multi\":1,\"multi_app_msg_item_list\":[{\"title\":\"报名|【艾利特冠名】工业机器人产业链协同创新专场！2020年中国机器人行业年会暨Leaderobot中国机器人颁奖典礼\",\"digest\":\"一起探究我国工业机器人细分方向的产业历程和发展方向。\",\"content\":\"\",\"fileid\":0,\"content_url\":\"http:\/\/mp.weixin.qq.com\/s?__biz=MzI5MzE0NDUzNQ==&amp;mid=2650235157&amp;idx=2&amp;sn=6b6eb3e45893389f1541d888072c8670&amp;chksm=f47553adc302dabb5c1a0d052f78e7bdbd758921d841396a2d010e83c7cd626cd589ecf2b24d&amp;scene=27#wechat_redirect\",\"source_url\":\"\",\"cover\":\"http:\/\/mmbiz.qpic.cn\/mmbiz_jpg\/LJiau2qPWAcXwPvy2d4W7jTTBGqaXeL9k1YqcWpowF3JdAzdOI6J5e6fj5HSLkO2dDUo7YxUdVHm7KAmHlqyg1A\/0?wx_fmt=jpeg\",\"author\":\"堂博士\",\"copyright_stat\":100,\"del_flag\":1,\"item_show_type\":0,\"audio_fileid\":0,\"duration\":0,\"play_url\":\"\",\"malicious_title_reason_id\":0,\"malicious_content_type\":0},{\"title\":\"快讯|智能扫拖机器人研发商“哇力”获数千万元Pre-A融资；国内首个省级工业边缘智能创新中心落地深圳等\",\"digest\":\"智能扫拖机器人研发商“哇力”获数千万元Pre-A融资；国内首个省级工业边缘智能创新中心落地深圳等\",\"content\":\"\",\"fileid\":0,\"content_url\":\"http:\/\/mp.weixin.qq.com\/s?__biz=MzI5MzE0NDUzNQ==&amp;mid=2650235157&amp;idx=3&amp;sn=9b0ae055710d9569c51a756e7b619f52&amp;chksm=f47553adc302dabbc3e0f8b0fd6fd872b9139e24be14e8b546972c7be5f91d4a494fdb699908&amp;scene=27#wechat_redirect\",\"source_url\":\"\",\"cover\":\"http:\/\/mmbiz.qpic.cn\/mmbiz_jpg\/LJiau2qPWAcXwPvy2d4W7jTTBGqaXeL9kIJqrnZHiaNVKZwa2d0KjNZJ0MbzeYMfYP0Qibq2VrVWgFvpGMoq6ibl3Q\/0?wx_fmt=jpeg\",\"author\":\"\",\"copyright_stat\":100,\"del_flag\":1,\"item_show_type\":0,\"audio_fileid\":0,\"duration\":0,\"play_url\":\"\",\"malicious_title_reason_id\":0,\"malicious_content_type\":0},{\"title\":\"产业|获近亿元A轮融资，优艾智合机器人靠的是什么？\",\"digest\":\"构建全场景智能升级产业闭环。\",\"content\":\"\",\"fileid\":0,\"content_url\":\"http:\/\/mp.weixin.qq.com\/s?__biz=MzI5MzE0NDUzNQ==&amp;mid=2650235157&amp;idx=4&amp;sn=d84e3e25ef896de23a881c5030d6308a&amp;chksm=f47553adc302dabb5bfa17d7f9cb715d6d62c1daf642018e1d9f30b70111817a51bdaa020a92&amp;scene=27#wechat_redirect\",\"source_url\":\"\",\"cover\":\"http:\/\/mmbiz.qpic.cn\/mmbiz_jpg\/LJiau2qPWAcXwPvy2d4W7jTTBGqaXeL9kygeGKZ7vD4SPsv7E7jr8AoRQKvQ0yKXIL0Zia11OnAutVdQNVXxicINA\/0?wx_fmt=jpeg\",\"author\":\"\",\"copyright_stat\":100,\"del_flag\":1,\"item_show_type\":0,\"audio_fileid\":0,\"duration\":0,\"play_url\":\"\",\"malicious_title_reason_id\":0,\"malicious_content_type\":0}],\"author\":\"Robospeak\",\"copyright_stat\":11,\"duration\":0,\"del_flag\":1,\"item_show_type\":0,\"audio_fileid\":0,\"play_url\":\"\",\"malicious_title_reason_id\":0,\"malicious_content_type\":0}},{\"comm_msg_info\":{\"id\":1000001673,\"type\":49,\"datetime\":1607486002,\"fakeid\":\"3293144535\",\"status\":2,\"content\":\"\"},\"app_msg_ext_info\":{\"title\":\"战队招募 | 北京见！中国国际机器人竞技大赛冰雪-全明星挑战赛\",\"digest\":\"今年的入场券一定要拿！\",\"content\":\"\",\"fileid\":0,\"content_url\":\"http:\/\/mp.weixin.qq.com\/s?__biz=MzI5MzE0NDUzNQ==&amp;mid=2650235112&amp;idx=1&amp;sn=0d89441f75d07cfa20fa3272895c07d9&amp;chksm=f4755250c302db46c74c0b67bb25f911f5fc0230680818e5ef97297485ca970740dadc68073c&amp;scene=27#wechat_redirect\",\"source_url\":\"\",\"cover\":\"http:\/\/mmbiz.qpic.cn\/mmbiz_jpg\/LJiau2qPWAcXiabibAB7QcPNYeXaiakUycICfkeJfyEgzvPjQQ2mia5iaXjkicxib7XthYQEkSTPl2BiaEU9rgoibgIblMDQ\/0?wx_fmt=jpeg\",\"subtype\":9,\"is_multi\":1,\"multi_app_msg_item_list\":[{\"title\":\"参会指南！2020年中国机器人行业年会暨Leaderobot中国机器人颁奖典\",\"digest\":\"包括参会流程指南、交通指南、酒店指南等。\",\"content\":\"\",\"fileid\":0,\"content_url\":\"http:\/\/mp.weixin.qq.com\/s?__biz=MzI5MzE0NDUzNQ==&amp;mid=2650235112&amp;idx=2&amp;sn=2e58e426275f20d01528496c61898763&amp;chksm=f4755250c302db46fb9c232bf52855d36a11ab355feeb2509a2e50d76e00428c255a2b354c14&amp;scene=27#wechat_redirect\",\"source_url\":\"\",\"cover\":\"http:\/\/mmbiz.qpic.cn\/mmbiz_jpg\/LJiau2qPWAcUJFUeKBoA1GTx4khVibbUaXgIbRvkLJJNE1jXYKNIdL0MEwXJVRUV5hp8aD2tY2fvvusKqz2DV3DA\/0?wx_fmt=jpeg\",\"author\":\"\",\"copyright_stat\":100,\"del_flag\":1,\"item_show_type\":0,\"audio_fileid\":0,\"duration\":0,\"play_url\":\"\",\"malicious_title_reason_id\":0,\"malicious_content_type\":0},{\"title\":\"快讯|阿里推出AI模特「塔玑」；世界最大可操控人形机器人；全球服务机器人销售额增长32％等\",\"digest\":\"阿里推出AI模特「塔玑」；世界最大可操控人形机器人；全球服务机器人销售额增长32％等\",\"content\":\"\",\"fileid\":0,\"content_url\":\"http:\/\/mp.weixin.qq.com\/s?__biz=MzI5MzE0NDUzNQ==&amp;mid=2650235112&amp;idx=3&amp;sn=a3b7abafcca030bfe6258700b0847afd&amp;chksm=f4755250c302db46ebeb87c38199d73c36b3e25418cbb5bf0b24f2bd78b67925ba53b40fc28d&amp;scene=27#wechat_redirect\",\"source_url\":\"\",\"cover\":\"http:\/\/mmbiz.qpic.cn\/mmbiz_jpg\/LJiau2qPWAcUJFUeKBoA1GTx4khVibbUaXApdWzywoLoTv78KZVzt1ia2XQvVNS7CtvkzVPvic3pIlC2MDPFjKr8hg\/0?wx_fmt=jpeg\",\"author\":\"\",\"copyright_stat\":100,\"del_flag\":1,\"item_show_type\":0,\"audio_fileid\":0,\"duration\":0,\"play_url\":\"\",\"malicious_title_reason_id\":0,\"malicious_content_type\":0},{\"title\":\"案例|浙江大学控制科学与工程学院机器人开发项目\",\"digest\":\"松灵机器人在帮助客户完成二次开发上可以做到多快多便捷呢？\",\"content\":\"\",\"fileid\":0,\"content_url\":\"http:\/\/mp.weixin.qq.com\/s?__biz=MzI5MzE0NDUzNQ==&amp;mid=2650235112&amp;idx=4&amp;sn=bb6c8e5d358f730a122be66fe478f397&amp;chksm=f4755250c302db4686a33a1ca2a86ed671514f2171433449da67b4ee2cf84e7036a0f1518720&amp;scene=27#wechat_redirect\",\"source_url\":\"\",\"cover\":\"http:\/\/mmbiz.qpic.cn\/mmbiz_jpg\/LJiau2qPWAcUJFUeKBoA1GTx4khVibbUaXwDrFPuI7rKYR0ibBBE96Imd75fLuFicTyZI6cQH2Sj5Pxu6bw04IrJ7w\/0?wx_fmt=jpeg\",\"author\":\"\",\"copyright_stat\":100,\"del_flag\":1,\"item_show_type\":0,\"audio_fileid\":0,\"duration\":0,\"play_url\":\"\",\"malicious_title_reason_id\":0,\"malicious_content_type\":0},{\"title\":\"前沿|爆火上热搜！AI『复活』八代帝王众生相，“渣渣龙”原来长这样？？？\",\"digest\":\"乾隆最帅，老朱家的都很富态。\",\"content\":\"\",\"fileid\":0,\"content_url\":\"http:\/\/mp.weixin.qq.com\/s?__biz=MzI5MzE0NDUzNQ==&amp;mid=2650235112&amp;idx=5&amp;sn=a92f1f62b952713e1c53c16c493fcf54&amp;chksm=f4755250c302db46dd95049c698c93a84e7a463d23bc1d73eaafc8b67b98e911923f7b6fc6b9&amp;scene=27#wechat_redirect\",\"source_url\":\"\",\"cover\":\"http:\/\/mmbiz.qpic.cn\/mmbiz_jpg\/LJiau2qPWAcUJFUeKBoA1GTx4khVibbUaXHUTYl4HytebLf9dSIE9ib9OTtRCw8wOyqqTibDgbLHWsPQsqtqewBfLQ\/0?wx_fmt=jpeg\",\"author\":\"\",\"copyright_stat\":100,\"del_flag\":1,\"item_show_type\":0,\"audio_fileid\":0,\"duration\":0,\"play_url\":\"\",\"malicious_title_reason_id\":0,\"malicious_content_type\":0}],\"author\":\"徐佳丽Alley\",\"copyright_stat\":11,\"duration\":0,\"del_flag\":1,\"item_show_type\":0,\"audio_fileid\":0,\"play_url\":\"\",\"malicious_title_reason_id\":0,\"malicious_content_type\":0}},{\"comm_msg_info\":{\"id\":1000001672,\"type\":49,\"datetime\":1607422544,\"fakeid\":\"3293144535\",\"status\":2,\"content\":\"\"},\"app_msg_ext_info\":{\"title\":\"【最新议程】报名！2020年中国机器人行业年会暨Leaderobot中国机器人颁奖典礼\",\"digest\":\"行业年度盛会，大咖齐聚，回首复盘共商未来！\",\"content\":\"\",\"fileid\":502751410,\"content_url\":\"http:\/\/mp.weixin.qq.com\/s?__biz=MzI5MzE0NDUzNQ==&amp;mid=2650235062&amp;idx=1&amp;sn=9b02c43b0cbf949f6bbcd25c705df3ea&amp;chksm=f475520ec302db1853b87fda71e450d732abee5c9543a9adfa5c83a964f662d74b2b6393853f&amp;scene=27#wechat_redirect\",\"source_url\":\"\",\"cover\":\"http:\/\/mmbiz.qpic.cn\/mmbiz_jpg\/LJiau2qPWAcXiabibAB7QcPNYeXaiakUycICUIjCsZPe02CKaubIEXrBymcRpr7WtjfnNQcB28vRsHWlCuHLfmq2NQ\/0?wx_fmt=jpeg\",\"subtype\":9,\"is_multi\":1,\"multi_app_msg_item_list\":[{\"title\":\"大赛|第二十届全国大学生机器人大赛来啦！\",\"digest\":\"让思维沸腾起来，让智慧行动起来\",\"content\":\"\",\"fileid\":0,\"content_url\":\"http:\/\/mp.weixin.qq.com\/s?__biz=MzI5MzE0NDUzNQ==&amp;mid=2650235062&amp;idx=2&amp;sn=5c076a388e1785d560a338cf9a6a1a63&amp;chksm=f475520ec302db1863c9ea704824fda562b7c1a2ac0b6f934a76d9ba7ffea7619f27516e06a7&amp;scene=27#wechat_redirect\",\"source_url\":\"\",\"cover\":\"http:\/\/mmbiz.qpic.cn\/mmbiz_jpg\/LJiau2qPWAcXiabibAB7QcPNYeXaiakUycIClF7CyIk04W5N5ljibeWzmib3LtibSNmFkk1CY1iaian2DoIADrSj0kWVeEQ\/0?wx_fmt=jpeg\",\"author\":\"\",\"copyright_stat\":100,\"del_flag\":1,\"item_show_type\":0,\"audio_fileid\":0,\"duration\":0,\"play_url\":\"\",\"malicious_title_reason_id\":0,\"malicious_content_type\":0},{\"title\":\"快讯|MIT自动升降篮球框展示自适应训练工具；坦佩雷大学新研究预测人与机器人之间的平滑交互等\",\"digest\":\"MIT自动升降篮球框展示自适应训练工具；坦佩雷大学新研究预测人与机器人之间的平滑交互等\",\"content\":\"\",\"fileid\":0,\"content_url\":\"http:\/\/mp.weixin.qq.com\/s?__biz=MzI5MzE0NDUzNQ==&amp;mid=2650235062&amp;idx=3&amp;sn=9a6813b56eba74fd1d9688a39cd57356&amp;chksm=f475520ec302db1851ed995b9f1037276e6aab71a81402b957599e2eed7e6e5774d0f0572d60&amp;scene=27#wechat_redirect\",\"source_url\":\"\",\"cover\":\"http:\/\/mmbiz.qpic.cn\/mmbiz_jpg\/LJiau2qPWAcXiabibAB7QcPNYeXaiakUycICRyYbPBAYf0VdX7zA8PatAaBXNQBouUuiaTKvnpKv6RVAhJvALhrA0cw\/0?wx_fmt=jpeg\",\"author\":\"\",\"copyright_stat\":100,\"del_flag\":1,\"item_show_type\":0,\"audio_fileid\":0,\"duration\":0,\"play_url\":\"\",\"malicious_title_reason_id\":0,\"malicious_content_type\":0},{\"title\":\"产业|造车失败后投身机器人和AI，我笑戴森太疯癫，戴森笑我看不穿\",\"digest\":\"比起很多“不转型等死、全面转型死得更快”的传统企业，戴森的选择也未尝不是一种机智。\",\"content\":\"\",\"fileid\":0,\"content_url\":\"http:\/\/mp.weixin.qq.com\/s?__biz=MzI5MzE0NDUzNQ==&amp;mid=2650235062&amp;idx=4&amp;sn=daaa0f87849f5ed0f69d4edd2483d4df&amp;chksm=f475520ec302db185e24d6cbe6d2470fdfe3c483bc949f4babdb8f2f259f358387fe0d8f1887&amp;scene=27#wechat_redirect\",\"source_url\":\"\",\"cover\":\"http:\/\/mmbiz.qpic.cn\/mmbiz_jpg\/LJiau2qPWAcXiabibAB7QcPNYeXaiakUycIC2wJvyFAEWBFElECHeqKfd4tLYs2wwhMibL2PriblADwIfwB5dZYzibmng\/0?wx_fmt=jpeg\",\"author\":\"藏狐\",\"copyright_stat\":101,\"del_flag\":1,\"item_show_type\":0,\"audio_fileid\":0,\"duration\":0,\"play_url\":\"\",\"malicious_title_reason_id\":0,\"malicious_content_type\":0}],\"author\":\"堂博士\",\"copyright_stat\":100,\"duration\":0,\"del_flag\":1,\"item_show_type\":0,\"audio_fileid\":0,\"play_url\":\"\",\"malicious_title_reason_id\":0,\"malicious_content_type\":0}},{\"comm_msg_info\":{\"id\":1000001671,\"type\":49,\"datetime\":1607320118,\"fakeid\":\"3293144535\",\"status\":2,\"content\":\"\"},\"app_msg_ext_info\":{\"title\":\"老司机级的可控漂移！苏黎世联邦理工「微型车辆装载药物」由多材料互锁构建\",\"digest\":\"这样的微型机器人有一天将彻底改变医学领域。\",\"content\":\"\",\"fileid\":502751320,\"content_url\":\"http:\/\/mp.weixin.qq.com\/s?__biz=MzI5MzE0NDUzNQ==&amp;mid=2650234984&amp;idx=1&amp;sn=30a674e3a35989f4741298e582560a3a&amp;chksm=f47552d0c302dbc656df8523deb500b5ed03b369763f0d2780fff242051b69612b4cbb694d97&amp;scene=27#wechat_redirect\",\"source_url\":\"\",\"cover\":\"http:\/\/mmbiz.qpic.cn\/mmbiz_jpg\/LJiau2qPWAcVCS6VQl6d22MffvhaqtHUYTD7Y3DwzbTd4Un5OWOZOe1WbNOktFVgJWibFJkZQbvmbC4qTcd5vicYQ\/0?wx_fmt=jpeg\",\"subtype\":9,\"is_multi\":1,\"multi_app_msg_item_list\":[{\"title\":\"运动装备的未来工厂长什么样？珞石机器人携手匹克缔造品牌变革！\",\"digest\":\"运动品牌匹克体育“12.5未来运动科技大会”在京举行，正式提出“万能制造局”的概念\",\"content\":\"\",\"fileid\":0,\"content_url\":\"http:\/\/mp.weixin.qq.com\/s?__biz=MzI5MzE0NDUzNQ==&amp;mid=2650234984&amp;idx=2&amp;sn=1561972ec1d5c3133d5fa85f469637b0&amp;chksm=f47552d0c302dbc666b09d669be38e21e4531c000b970d1a55a11e904384fdf3102f6d695486&amp;scene=27#wechat_redirect\",\"source_url\":\"\",\"cover\":\"http:\/\/mmbiz.qpic.cn\/mmbiz_jpg\/LJiau2qPWAcVCS6VQl6d22MffvhaqtHUYdZtsFknJsV6VLMkyGJRgLahtm5k62trIxWwW2qSFjdI76FwYcaMbKA\/0?wx_fmt=jpeg\",\"author\":\"\",\"copyright_stat\":100,\"del_flag\":1,\"item_show_type\":0,\"audio_fileid\":0,\"duration\":0,\"play_url\":\"\",\"malicious_title_reason_id\":0,\"malicious_content_type\":0},{\"title\":\"观点|越疆科技CEO刘培超：新变量下中国制造业转型机会\",\"digest\":\"历经洗礼后留下的那些企业，危机并没有解除，“转型”的压力比往年显得更加急迫。\",\"content\":\"\",\"fileid\":0,\"content_url\":\"http:\/\/mp.weixin.qq.com\/s?__biz=MzI5MzE0NDUzNQ==&amp;mid=2650234984&amp;idx=3&amp;sn=bfc70a48c8c065f04cf6ed580a69ffdf&amp;chksm=f47552d0c302dbc642466aa9fa5ba6b51160a934e2b24e787a7d503883a68edd5e8a1c886ea0&amp;scene=27#wechat_redirect\",\"source_url\":\"\",\"cover\":\"http:\/\/mmbiz.qpic.cn\/mmbiz_jpg\/LJiau2qPWAcVCS6VQl6d22MffvhaqtHUY5cwl1XtMXSjfDeAzNcPWr0anYBCMzLwRxtAGIOqxlVbYp6ofkZtmgw\/0?wx_fmt=jpeg\",\"author\":\"刘培超\",\"copyright_stat\":101,\"del_flag\":1,\"item_show_type\":0,\"audio_fileid\":0,\"duration\":0,\"play_url\":\"\",\"malicious_title_reason_id\":0,\"malicious_content_type\":0},{\"title\":\"快讯|SpaceX向空间站发送科学物资，组织芯片和大脑类器官；谷歌量子AI团队使用本征能精准计算材料的电子属性等\",\"digest\":\"SpaceX向空间站发送科学物资，组织芯片和大脑类器官；谷歌量子AI团队使用本征能精准计算材料的电子属性等\",\"content\":\"\",\"fileid\":0,\"content_url\":\"http:\/\/mp.weixin.qq.com\/s?__biz=MzI5MzE0NDUzNQ==&amp;mid=2650234984&amp;idx=4&amp;sn=8bb6cf1d5de60ac56390a3f6b5345521&amp;chksm=f47552d0c302dbc6554b349a1dec4357a2186f1ca88ad0bf4ce77e1d0d54351dfcb747456183&amp;scene=27#wechat_redirect\",\"source_url\":\"\",\"cover\":\"http:\/\/mmbiz.qpic.cn\/mmbiz_jpg\/LJiau2qPWAcVCS6VQl6d22MffvhaqtHUYEFyVd40BlrYUEYrtpV09sXOyX4icnOicqIDM8ibibIn6ScJe8fYWK19VDw\/0?wx_fmt=jpeg\",\"author\":\"\",\"copyright_stat\":100,\"del_flag\":1,\"item_show_type\":0,\"audio_fileid\":0,\"duration\":0,\"play_url\":\"\",\"malicious_title_reason_id\":0,\"malicious_content_type\":0},{\"title\":\"产业|特种机器人产业发展论坛在广东佛山成功举办\",\"digest\":\"中关村融智特种机器人产业联盟在“博览会”上承办的“特种机器人产业发展论坛”，于12月4日成功举办。\",\"content\":\"\",\"fileid\":0,\"content_url\":\"http:\/\/mp.weixin.qq.com\/s?__biz=MzI5MzE0NDUzNQ==&amp;mid=2650234984&amp;idx=5&amp;sn=628cd5bfba96449890f7900de7fe0c40&amp;chksm=f47552d0c302dbc6ff43ea3a67d4dd35c2ba48ea9fd992c74255f1da59a71cea9151e9488d75&amp;scene=27#wechat_redirect\",\"source_url\":\"\",\"cover\":\"http:\/\/mmbiz.qpic.cn\/mmbiz_jpg\/LJiau2qPWAcVCS6VQl6d22MffvhaqtHUY1JGicm4RzZsABEO7fOwZ9PREk6J4EgGICSpUltAINnpGH8A2ESZW5cQ\/0?wx_fmt=jpeg\",\"author\":\"小盟\",\"copyright_stat\":101,\"del_flag\":1,\"item_show_type\":0,\"audio_fileid\":0,\"duration\":0,\"play_url\":\"\",\"malicious_title_reason_id\":0,\"malicious_content_type\":0}],\"author\":\"风雨抚蕖\",\"copyright_stat\":11,\"duration\":0,\"del_flag\":1,\"item_show_type\":0,\"audio_fileid\":0,\"play_url\":\"\",\"malicious_title_reason_id\":0,\"malicious_content_type\":0}},{\"comm_msg_info\":{\"id\":1000001670,\"type\":49,\"datetime\":1607230993,\"fakeid\":\"3293144535\",\"status\":2,\"content\":\"\"},\"app_msg_ext_info\":{\"title\":\"秒变机器人！中国科学家发明磁性喷雾剂，简单喷一喷即可快速“制造”机器人，已在生物医学领域初步应用\",\"digest\":\"相关成果发表在科学杂志《科学机器人》（Science Robotics）上。\",\"content\":\"\",\"fileid\":0,\"content_url\":\"http:\/\/mp.weixin.qq.com\/s?__biz=MzI5MzE0NDUzNQ==&amp;mid=2650234929&amp;idx=1&amp;sn=6bd8f3ee4c27eb502dfea391632dd53d&amp;chksm=f4755289c302db9f530639337b139e19f39ed56db2498c63c6ff510c88c062111d836dd7fb91&amp;scene=27#wechat_redirect\",\"source_url\":\"\",\"cover\":\"http:\/\/mmbiz.qpic.cn\/mmbiz_jpg\/LJiau2qPWAcX66zwO5GxkreMZCTxQ0fw5vvplXqE6yp7G7ibgEb2tq0eibxqKfawiaUUucg52QkjMv4U73SPPgSXXw\/0?wx_fmt=jpeg\",\"subtype\":9,\"is_multi\":1,\"multi_app_msg_item_list\":[{\"title\":\"快讯|中国首辆完全无人驾驶的机器人出租车在深圳行驶；日本首台国产手术辅助机器人hinotori亮相等\",\"digest\":\"中国首辆完全无人驾驶的机器人出租车在深圳行驶；日本首台国产手术辅助机器人hinotori亮相等\",\"content\":\"\",\"fileid\":0,\"content_url\":\"http:\/\/mp.weixin.qq.com\/s?__biz=MzI5MzE0NDUzNQ==&amp;mid=2650234929&amp;idx=2&amp;sn=1b5ea3581345b7c41b620345e3816df0&amp;chksm=f4755289c302db9fc2ecb840ba04634588ac61beb1e21fc9d91f7077d861711cf1a6d0f168c0&amp;scene=27#wechat_redirect\",\"source_url\":\"\",\"cover\":\"http:\/\/mmbiz.qpic.cn\/mmbiz_jpg\/LJiau2qPWAcX66zwO5GxkreMZCTxQ0fw5BOgo6PGqt4DDjL4SpAMZRQhZEtD0JhyNQp6FzZQvriaxagibQxoFcmfw\/0?wx_fmt=jpeg\",\"author\":\"\",\"copyright_stat\":100,\"del_flag\":1,\"item_show_type\":0,\"audio_fileid\":0,\"duration\":0,\"play_url\":\"\",\"malicious_title_reason_id\":0,\"malicious_content_type\":0},{\"title\":\"2020智能机器人产业峰会隆重召开——上市企业领导人论坛观点鲜明、精彩纷呈\",\"digest\":\"​由中国电子学会主办，嵌入式系统与机器人分会承办的2020智能机器人产业峰会于12月03日在广东省佛山市隆重开幕\",\"content\":\"\",\"fileid\":0,\"content_url\":\"http:\/\/mp.weixin.qq.com\/s?__biz=MzI5MzE0NDUzNQ==&amp;mid=2650234929&amp;idx=3&amp;sn=3392e1b7fb9ea035e9a38df485138360&amp;chksm=f4755289c302db9f7454773207e8eb6f9d8a2bb39d156ee3f0b9246b354056a74d651615d88a&amp;scene=27#wechat_redirect\",\"source_url\":\"\",\"cover\":\"http:\/\/mmbiz.qpic.cn\/mmbiz_jpg\/LJiau2qPWAcX66zwO5GxkreMZCTxQ0fw5yfSdJ4swc1m1aiajZwkR3tH9yKjLjbbY0bIKttEpE1FbwGh5Vj1Hmpg\/0?wx_fmt=jpeg\",\"author\":\"\",\"copyright_stat\":100,\"del_flag\":1,\"item_show_type\":0,\"audio_fileid\":0,\"duration\":0,\"play_url\":\"\",\"malicious_title_reason_id\":0,\"malicious_content_type\":0},{\"title\":\"前沿|AI还原迪士尼动画角色真人长相，被好几个公主惊艳到了！\",\"digest\":\"尼动画角色的真人长相，被好几个公主惊艳到了！！！\",\"content\":\"\",\"fileid\":0,\"content_url\":\"http:\/\/mp.weixin.qq.com\/s?__biz=MzI5MzE0NDUzNQ==&amp;mid=2650234929&amp;idx=4&amp;sn=861036c4e08ef260cf257dd93d7fbd56&amp;chksm=f4755289c302db9f3e847387b123cf53ad9c6089ed14b9065b92484fc02112d282871589e946&amp;scene=27#wechat_redirect\",\"source_url\":\"\",\"cover\":\"http:\/\/mmbiz.qpic.cn\/mmbiz_jpg\/LJiau2qPWAcX66zwO5GxkreMZCTxQ0fw58UR2zGZ7OrgmmxKia5CRcoicvRbBiaLb5TXKibEQ9Xp4nYP0RGU0Sx1czA\/0?wx_fmt=jpeg\",\"author\":\"\",\"copyright_stat\":100,\"del_flag\":1,\"item_show_type\":0,\"audio_fileid\":0,\"duration\":0,\"play_url\":\"\",\"malicious_title_reason_id\":0,\"malicious_content_type\":0},{\"title\":\"热点|交会对接！样品转移！嫦娥五号是怎样完成这次“深情拥抱”的？\",\"digest\":\"北京时间12月6日5时42分，嫦娥五号上升器成功与轨道器和返回器组合体交会对接，并于6时12分将样品容器安全转移至返回器中。\",\"content\":\"\",\"fileid\":0,\"content_url\":\"http:\/\/mp.weixin.qq.com\/s?__biz=MzI5MzE0NDUzNQ==&amp;mid=2650234929&amp;idx=5&amp;sn=7ef243e735b22f3e270ebe5b5db99fed&amp;chksm=f4755289c302db9f12abea5a71f883d4df3f9e3d980a86b520950ea478157102a62a8ab5cbff&amp;scene=27#wechat_redirect\",\"source_url\":\"\",\"cover\":\"http:\/\/mmbiz.qpic.cn\/mmbiz_jpg\/LJiau2qPWAcX66zwO5GxkreMZCTxQ0fw5WMPhiasGo1Vs8iayrVZW8yPL31THgPOKJtz6v5NibVKkeKmVh0NKicjxeg\/0?wx_fmt=jpeg\",\"author\":\"\",\"copyright_stat\":100,\"del_flag\":1,\"item_show_type\":0,\"audio_fileid\":0,\"duration\":0,\"play_url\":\"\",\"malicious_title_reason_id\":0,\"malicious_content_type\":0}],\"author\":\"XT\",\"copyright_stat\":101,\"duration\":0,\"del_flag\":1,\"item_show_type\":0,\"audio_fileid\":0,\"play_url\":\"\",\"malicious_title_reason_id\":0,\"malicious_content_type\":0}},{\"comm_msg_info\":{\"id\":1000001669,\"type\":49,\"datetime\":1607147554,\"fakeid\":\"3293144535\",\"status\":2,\"content\":\"\"},\"app_msg_ext_info\":{\"title\":\"敏捷得像猫，被抛出后能平稳着地，有意思的美国西点军校机器人！\",\"digest\":\"首次使用独立转向轮在地面行驶并在投掷时实现空中姿态控制\",\"content\":\"\",\"fileid\":502751197,\"content_url\":\"http:\/\/mp.weixin.qq.com\/s?__biz=MzI5MzE0NDUzNQ==&amp;mid=2650234876&amp;idx=1&amp;sn=a4c6fac1bdc1c72fe7f132e4c29e0d42&amp;chksm=f4756d44c302e452abb2657b6be17b33d5bb624004cdfe289e6e91f7897c327a00c63f3bdba6&amp;scene=27#wechat_redirect\",\"source_url\":\"\",\"cover\":\"http:\/\/mmbiz.qpic.cn\/mmbiz_jpg\/LJiau2qPWAcWqoHX7AAL5C12NhIGm5evs0dEmF8mM8K4ucuEqIVaIqUI3XcZSRwgQrdaQ3ftWkq6VMlPyic9Sosw\/0?wx_fmt=jpeg\",\"subtype\":9,\"is_multi\":1,\"multi_app_msg_item_list\":[{\"title\":\"快讯|受骆驼皮毛启发，MIT科学家发明新降温材料；强生发布Ottava手术机器人；松灵机器人与北理工共建实验室等\",\"digest\":\"受骆驼皮毛启发，MIT科学家发明新降温材料；强生发布Ottava手术机器人；松灵机器人与北理工共建实验室等\",\"content\":\"\",\"fileid\":0,\"content_url\":\"http:\/\/mp.weixin.qq.com\/s?__biz=MzI5MzE0NDUzNQ==&amp;mid=2650234876&amp;idx=2&amp;sn=630a7f030a1a14964faebd9ae4b6a5e7&amp;chksm=f4756d44c302e452d71e56179b5c46b18f72365080048e02701c7ce7cf0948be32dd3ce6ced4&amp;scene=27#wechat_redirect\",\"source_url\":\"\",\"cover\":\"http:\/\/mmbiz.qpic.cn\/mmbiz_jpg\/LJiau2qPWAcWqoHX7AAL5C12NhIGm5evsM8MN9JaAA4p4VV1XBuicCAO7icy6CKJOkWrlXiaaseRGB0KAGYNoBEKJg\/0?wx_fmt=jpeg\",\"author\":\"\",\"copyright_stat\":100,\"del_flag\":1,\"item_show_type\":0,\"audio_fileid\":0,\"duration\":0,\"play_url\":\"\",\"malicious_title_reason_id\":0,\"malicious_content_type\":0},{\"title\":\"前沿|体素超材料，开启一个百变机器人时代？\",\"digest\":\"希望这一超材料多多造福于人类，而非用在战争之上。\",\"content\":\"\",\"fileid\":0,\"content_url\":\"http:\/\/mp.weixin.qq.com\/s?__biz=MzI5MzE0NDUzNQ==&amp;mid=2650234876&amp;idx=3&amp;sn=cd712b08342d1965b99e18fb15555f0e&amp;chksm=f4756d44c302e45249d767c77793c8fca099ab7eb4c7bc260669d2ac1813dc51d941863a8d45&amp;scene=27#wechat_redirect\",\"source_url\":\"\",\"cover\":\"http:\/\/mmbiz.qpic.cn\/mmbiz_jpg\/LJiau2qPWAcWqoHX7AAL5C12NhIGm5evsrSvI9g2YI6sMjeibP7PdfbYPiaBJuaBiaUXicSRpzW4icialNrLAwC18abuw\/0?wx_fmt=jpeg\",\"author\":\"海怪\",\"copyright_stat\":101,\"del_flag\":1,\"item_show_type\":0,\"audio_fileid\":0,\"duration\":0,\"play_url\":\"\",\"malicious_title_reason_id\":0,\"malicious_content_type\":0},{\"title\":\"视频|创下新高，三大造车新势力11月销量公布。走进小鹏汽车肇庆工厂看看了。。。\",\"digest\":\"造车这件事，他们都是认真的\",\"content\":\"\",\"fileid\":0,\"content_url\":\"http:\/\/mp.weixin.qq.com\/s?__biz=MzI5MzE0NDUzNQ==&amp;mid=2650234876&amp;idx=4&amp;sn=1046d46dfe568b2622b821150b553220&amp;chksm=f4756d44c302e452e65d00249866974e9244fd7e66ccb898dba82041e22c0266957c1df6f06f&amp;scene=27#wechat_redirect\",\"source_url\":\"\",\"cover\":\"http:\/\/mmbiz.qpic.cn\/mmbiz_jpg\/LJiau2qPWAcWqoHX7AAL5C12NhIGm5evsDmicgnSryqHWsLhgYr9NAScAiaWyDaXyHgjQjkRoRPBqu1jErfuBPr5g\/0?wx_fmt=jpeg\",\"author\":\"\",\"copyright_stat\":100,\"del_flag\":1,\"item_show_type\":0,\"audio_fileid\":0,\"duration\":0,\"play_url\":\"\",\"malicious_title_reason_id\":0,\"malicious_content_type\":0}],\"author\":\"Robospeak\",\"copyright_stat\":11,\"duration\":0,\"del_flag\":1,\"item_show_type\":0,\"audio_fileid\":0,\"play_url\":\"\",\"malicious_title_reason_id\":0,\"malicious_content_type\":0}}]}","next_offset":191,"video_count":1,"use_video_tab":1,"real_type":0,"home_page_list":[]}