{"ret":0,"errmsg":"ok","msg_count":10,"can_msg_continue":1,"general_msg_list":"{\"list\":[{\"comm_msg_info\":{\"id\":1000001829,\"type\":49,\"datetime\":1620888937,\"fakeid\":\"3293144535\",\"status\":2,\"content\":\"\"},\"app_msg_ext_info\":{\"title\":\"重磅！脑机接口突破登Nature封面，脑中“笔迹”转屏幕文字破纪录，准确率超99%\",\"digest\":\"首次解码了与书写有关的神经信号，并实时显示它们。\",\"content\":\"\",\"fileid\":0,\"content_url\":\"http:\/\/mp.weixin.qq.com\/s?__biz=MzI5MzE0NDUzNQ==&amp;mid=2650244322&amp;idx=1&amp;sn=a48ec5bf90764e828911dff595151e55&amp;chksm=f475b65ac3023f4ce9d318dc024aac13518e4164db2ca09808dff7e5e73425f0dfe478656f60&amp;scene=27#wechat_redirect\",\"source_url\":\"\",\"cover\":\"http:\/\/mmbiz.qpic.cn\/mmbiz_jpg\/LJiau2qPWAcXkkMhrz8r6Z7tU9tichoJXNqZ2KgV9eBVpnYyphaPgMMqNDn9xp3LvjPOMUIf0PeAZQCknfMAXe8Q\/0?wx_fmt=jpeg\",\"subtype\":9,\"is_multi\":1,\"multi_app_msg_item_list\":[{\"title\":\"未来可期！布局华南重要一步——艾利特深圳分公司正式启幕\",\"digest\":\"艾利特机器人不断向前迈进\",\"content\":\"\",\"fileid\":0,\"content_url\":\"http:\/\/mp.weixin.qq.com\/s?__biz=MzI5MzE0NDUzNQ==&amp;mid=2650244322&amp;idx=2&amp;sn=524a7febadb0dcef3be30dc7672e4630&amp;chksm=f475b65ac3023f4cd4b5a2f8cacaf5a9314b0af77ff20a67ed82a8394a0dc1a92da793ee54fa&amp;scene=27#wechat_redirect\",\"source_url\":\"\",\"cover\":\"http:\/\/mmbiz.qpic.cn\/mmbiz_jpg\/LJiau2qPWAcXkkMhrz8r6Z7tU9tichoJXNlr3Nxck2zPMLDKyeYwAbnfVeUYMZzwCnXDBjmKSkichcSricCoHX1lzw\/0?wx_fmt=jpeg\",\"author\":\"\",\"copyright_stat\":100,\"del_flag\":1,\"item_show_type\":0,\"audio_fileid\":0,\"duration\":0,\"play_url\":\"\",\"malicious_title_reason_id\":0,\"malicious_content_type\":0},{\"title\":\"报名|协作机器人赋能产业升级——机器人大讲堂联合艾利特机器人走进浙大！\",\"digest\":\"人与机器人协同工作即为协作机器人，这种工作模式体现了人类的智能，提高了工作的效率。\",\"content\":\"\",\"fileid\":0,\"content_url\":\"http:\/\/mp.weixin.qq.com\/s?__biz=MzI5MzE0NDUzNQ==&amp;mid=2650244322&amp;idx=3&amp;sn=c7ec0347551450c608407f3531ed3da2&amp;chksm=f475b65ac3023f4ccc61d1cec0e404bc13509eef228cf944c0c519b62e8694b82387ab2f98ae&amp;scene=27#wechat_redirect\",\"source_url\":\"\",\"cover\":\"http:\/\/mmbiz.qpic.cn\/mmbiz_jpg\/LJiau2qPWAcV5vTSGsBrTLn27Oc4V4H3r7I52ZDC1jqicbZwxPhRA0Y5fR8n8F8gFc6XRPTgvcjJNOY32ome9zng\/0?wx_fmt=jpeg\",\"author\":\"堂博士\",\"copyright_stat\":100,\"del_flag\":1,\"item_show_type\":0,\"audio_fileid\":0,\"duration\":0,\"play_url\":\"\",\"malicious_title_reason_id\":0,\"malicious_content_type\":0},{\"title\":\"快讯|新松机器人不再考虑人形服务机器人产业化；小远机器人完成数千万元的A轮融资；首份AI华人新星百强榜单揭晓等\",\"digest\":\"新松机器人不再考虑人形服务机器人产业化；小远机器人完成数千万元的A轮融资；首份AI华人新星百强榜单揭晓等\",\"content\":\"\",\"fileid\":0,\"content_url\":\"http:\/\/mp.weixin.qq.com\/s?__biz=MzI5MzE0NDUzNQ==&amp;mid=2650244322&amp;idx=4&amp;sn=244703d6e29f3156d0b4d656c9d7c3b4&amp;chksm=f475b65ac3023f4c40b3a228b6e9fbbc7acab7ac03a8f4066bf8893b55c5d9b72c51055dc4e1&amp;scene=27#wechat_redirect\",\"source_url\":\"\",\"cover\":\"http:\/\/mmbiz.qpic.cn\/mmbiz_jpg\/LJiau2qPWAcXkkMhrz8r6Z7tU9tichoJXNBpDcsSR54SWg5YicIZLVIGsaQRHoUFePdEUfMIicNkewJkDeTpLg1pnw\/0?wx_fmt=jpeg\",\"author\":\"\",\"copyright_stat\":100,\"del_flag\":1,\"item_show_type\":0,\"audio_fileid\":0,\"duration\":0,\"play_url\":\"\",\"malicious_title_reason_id\":0,\"malicious_content_type\":0},{\"title\":\"产业|中国机器人“跪”了30年，还站得起来吗？\",\"digest\":\"一场中国机器人的反击战，正在全面打响。\",\"content\":\"\",\"fileid\":0,\"content_url\":\"http:\/\/mp.weixin.qq.com\/s?__biz=MzI5MzE0NDUzNQ==&amp;mid=2650244322&amp;idx=5&amp;sn=c4fe14260ca6cdb0e3793e90d7660627&amp;chksm=f475b65ac3023f4c57bb06c031bb77fd44e7638d4ba91e5d299335d2b3cd0120d26a1633402f&amp;scene=27#wechat_redirect\",\"source_url\":\"\",\"cover\":\"http:\/\/mmbiz.qpic.cn\/mmbiz_jpg\/LJiau2qPWAcXkkMhrz8r6Z7tU9tichoJXNW8RWjhSnia9RibiasibxxULRMB3DxOhPkL1666nPGZ7mSxYUz6Nrdd06hg\/0?wx_fmt=jpeg\",\"author\":\"酷玩实验室\",\"copyright_stat\":101,\"del_flag\":1,\"item_show_type\":0,\"audio_fileid\":0,\"duration\":0,\"play_url\":\"\",\"malicious_title_reason_id\":0,\"malicious_content_type\":0},{\"title\":\"前沿|​一秒变基友？中美科学家开发首个无线光遗传控制设备，实现小鼠 “社交控制”\",\"digest\":\"成功开发出首个超微型、无线、无电池且完全可植入的光遗传控制设备，并在小鼠体内成功实现无线光遗传控制，让一对陌生的小鼠快速成为了 “好兄弟”。\",\"content\":\"\",\"fileid\":0,\"content_url\":\"http:\/\/mp.weixin.qq.com\/s?__biz=MzI5MzE0NDUzNQ==&amp;mid=2650244322&amp;idx=6&amp;sn=68cd7fff1c02136cdbaf99ac5efbf5ee&amp;chksm=f475b65ac3023f4c075787f3d5b1cce35773f2366b421fee7dcb9932e6207ef51aa651ac931e&amp;scene=27#wechat_redirect\",\"source_url\":\"\",\"cover\":\"http:\/\/mmbiz.qpic.cn\/mmbiz_jpg\/LJiau2qPWAcXkkMhrz8r6Z7tU9tichoJXNMvTVxD66cGT8cfQGtww8YXr2pkRrtv141Dl7cc6btH276nPxJvibb2w\/0?wx_fmt=jpeg\",\"author\":\"学术头条\",\"copyright_stat\":101,\"del_flag\":1,\"item_show_type\":0,\"audio_fileid\":0,\"duration\":0,\"play_url\":\"\",\"malicious_title_reason_id\":0,\"malicious_content_type\":0}],\"author\":\"\",\"copyright_stat\":100,\"duration\":0,\"del_flag\":1,\"item_show_type\":0,\"audio_fileid\":0,\"play_url\":\"\",\"malicious_title_reason_id\":0,\"malicious_content_type\":0}},{\"comm_msg_info\":{\"id\":1000001828,\"type\":49,\"datetime\":1620798644,\"fakeid\":\"3293144535\",\"status\":2,\"content\":\"\"},\"app_msg_ext_info\":{\"title\":\"销售额亏损19%，库卡优化结构奋起直追，新业务或带来惊喜！\",\"digest\":\"美的机器人密度已接近240 台\/万人，未来仍将继续提升，库卡机器换人效应明显\",\"content\":\"\",\"fileid\":0,\"content_url\":\"http:\/\/mp.weixin.qq.com\/s?__biz=MzI5MzE0NDUzNQ==&amp;mid=2650244235&amp;idx=1&amp;sn=cb4f9ded3414cba459e6446c53219ed4&amp;chksm=f475b633c3023f2597f7458d6ae6eb510a5c0c49e40d6bb6edd8b741a19026bd492df45833cb&amp;scene=27#wechat_redirect\",\"source_url\":\"\",\"cover\":\"http:\/\/mmbiz.qpic.cn\/mmbiz_jpg\/LJiau2qPWAcUXO8uTOTUPa8mIFR2QqmVIGBugonb85kZtr2SkLfDMvss2uQnhHO6TgibuRa62NPQ0vJApSsZdEhw\/0?wx_fmt=jpeg\",\"subtype\":9,\"is_multi\":1,\"multi_app_msg_item_list\":[{\"title\":\"快讯|王中林院士AFM：仿生毛须，可增强机器人的皮肤触觉；灵西机器人完成A+轮融资；韩国计划开发小型地面侦察机器人等\",\"digest\":\"王中林院士AFM：仿生毛须，可增强机器人的皮肤触觉；灵西机器人完成A+轮融资；韩国计划开发小型地面侦察机器人等\",\"content\":\"\",\"fileid\":0,\"content_url\":\"http:\/\/mp.weixin.qq.com\/s?__biz=MzI5MzE0NDUzNQ==&amp;mid=2650244235&amp;idx=2&amp;sn=468ef40b98c0c74b4deabd1859764f3a&amp;chksm=f475b633c3023f255962aa8a911f4a79c9e9df44e48d14cbc985506e8137adfdfc3051744f18&amp;scene=27#wechat_redirect\",\"source_url\":\"\",\"cover\":\"http:\/\/mmbiz.qpic.cn\/mmbiz_jpg\/LJiau2qPWAcUXO8uTOTUPa8mIFR2QqmVIBTiaNibdO2vyzyHRRkm3CIc7L3FOwvHepdKBXrhia96jyvmboul3QhdEQ\/0?wx_fmt=jpeg\",\"author\":\"\",\"copyright_stat\":100,\"del_flag\":1,\"item_show_type\":0,\"audio_fileid\":0,\"duration\":0,\"play_url\":\"\",\"malicious_title_reason_id\":0,\"malicious_content_type\":0},{\"title\":\"前沿|认识人和鱼的AI，能识别美人鱼吗？阿里CVPR论文试用因果推理方法解答\",\"digest\":\"​学过人类照片和鱼类照片的 AI，第一次见到美人鱼的照片会作何反应？\",\"content\":\"\",\"fileid\":0,\"content_url\":\"http:\/\/mp.weixin.qq.com\/s?__biz=MzI5MzE0NDUzNQ==&amp;mid=2650244235&amp;idx=3&amp;sn=cad08ea3b16d8ff5ef6ae58f7c6503b9&amp;chksm=f475b633c3023f25fa2867b4af92bb11bb1f4cd0119e5d45c3b80f560dc8e3513a73462848d3&amp;scene=27#wechat_redirect\",\"source_url\":\"\",\"cover\":\"http:\/\/mmbiz.qpic.cn\/mmbiz_jpg\/LJiau2qPWAcUXO8uTOTUPa8mIFR2QqmVIvhZXONkv1o09ibjGWibibztcprcAMFjWicFR0Rau9SZQQspVIMkKaWibUWQ\/0?wx_fmt=jpeg\",\"author\":\"\",\"copyright_stat\":100,\"del_flag\":1,\"item_show_type\":0,\"audio_fileid\":0,\"duration\":0,\"play_url\":\"\",\"malicious_title_reason_id\":0,\"malicious_content_type\":0},{\"title\":\"产业|中西部为什么很难见到工业机器人，看到日本机器人手册后恍然大悟\",\"digest\":\"日本的工业机器人被限制只能在海拔1000米以下的地区使用，而中国的中西部地区海拔大多都1000米以上。\",\"content\":\"\",\"fileid\":0,\"content_url\":\"http:\/\/mp.weixin.qq.com\/s?__biz=MzI5MzE0NDUzNQ==&amp;mid=2650244235&amp;idx=4&amp;sn=a460616a2bfa97a1b65c74f103d28cae&amp;chksm=f475b633c3023f25d36e511385b614fc0468644bfc405ccfc6020ed2b47d7b496f0542bdb2a0&amp;scene=27#wechat_redirect\",\"source_url\":\"\",\"cover\":\"http:\/\/mmbiz.qpic.cn\/mmbiz_jpg\/LJiau2qPWAcUXO8uTOTUPa8mIFR2QqmVIibiafwVrOFzk7p46T1OzCs8qGl07v5QahGicIe7Wv664khsRFUeibUcklA\/0?wx_fmt=jpeg\",\"author\":\"\",\"copyright_stat\":100,\"del_flag\":1,\"item_show_type\":0,\"audio_fileid\":0,\"duration\":0,\"play_url\":\"\",\"malicious_title_reason_id\":0,\"malicious_content_type\":0},{\"title\":\"机器人技术人才线上招聘专场−北京术锐机器人\",\"digest\":\"北京术锐技术有限公司由北京市“海聚工程”特聘专家、上海交通大学教授徐凯博士创立，致力于第三代微创外科手术机器人系统的自主研发、生产和销售\",\"content\":\"\",\"fileid\":0,\"content_url\":\"http:\/\/mp.weixin.qq.com\/s?__biz=MzI5MzE0NDUzNQ==&amp;mid=2650244235&amp;idx=5&amp;sn=40c7a6b3559d8a39f5521939c1fb9a49&amp;chksm=f475b633c3023f25401e7598fb537cb6e1f27099a550012cfd28575b2b335732c727d0c2deeb&amp;scene=27#wechat_redirect\",\"source_url\":\"https:\/\/jinshuju.net\/f\/HrP8gc\",\"cover\":\"http:\/\/mmbiz.qpic.cn\/mmbiz_jpg\/LJiau2qPWAcUXO8uTOTUPa8mIFR2QqmVIHFky5NAGD8nR1cTlUvuBdkT7XsBwAUqZk8ibicn4rXAov7fWVGKRBPLw\/0?wx_fmt=jpeg\",\"author\":\"\",\"copyright_stat\":100,\"del_flag\":1,\"item_show_type\":0,\"audio_fileid\":0,\"duration\":0,\"play_url\":\"\",\"malicious_title_reason_id\":0,\"malicious_content_type\":0}],\"author\":\"Jack\",\"copyright_stat\":11,\"duration\":0,\"del_flag\":1,\"item_show_type\":0,\"audio_fileid\":0,\"play_url\":\"\",\"malicious_title_reason_id\":0,\"malicious_content_type\":0}},{\"comm_msg_info\":{\"id\":1000001827,\"type\":49,\"datetime\":1620715751,\"fakeid\":\"3293144535\",\"status\":2,\"content\":\"\"},\"app_msg_ext_info\":{\"title\":\"「梳头机器人」问世！MIT哈佛合作研发，卷发打结也能梳，不痛不扯头皮\",\"digest\":\"研究发表在国际知名学术会议IEEE RoboSoft上。\",\"content\":\"\",\"fileid\":502760443,\"content_url\":\"http:\/\/mp.weixin.qq.com\/s?__biz=MzI5MzE0NDUzNQ==&amp;mid=2650244188&amp;idx=1&amp;sn=deeb52d16e217817e52dd73d7839996c&amp;chksm=f475b6e4c3023ff2cea04177805536128e13c4089df4944b0bcada0626e32b41152701467506&amp;scene=27#wechat_redirect\",\"source_url\":\"\",\"cover\":\"http:\/\/mmbiz.qpic.cn\/mmbiz_jpg\/LJiau2qPWAcX4ibutdhYia2CMiaW7kzOc7EZhwia2CiavtvgKicG78KRSic69NaJzFwia2vIwRlBxzBDJFzkULdPMlhJggg\/0?wx_fmt=jpeg\",\"subtype\":9,\"is_multi\":1,\"multi_app_msg_item_list\":[{\"title\":\"快讯|MIT开发能“感知”隐藏物体的机器人；意大利面为柔性驱动器带来新思路等\",\"digest\":\"MIT开发能“感知”隐藏物体的机器人；意大利面为柔性驱动器带来新思路等\",\"content\":\"\",\"fileid\":0,\"content_url\":\"http:\/\/mp.weixin.qq.com\/s?__biz=MzI5MzE0NDUzNQ==&amp;mid=2650244188&amp;idx=2&amp;sn=5f673ea12845ede3d7cc9b62420b3289&amp;chksm=f475b6e4c3023ff233320a1ad762d32920cdd26e41b4d4bb89e17e44b37cf6ac5697f1e66932&amp;scene=27#wechat_redirect\",\"source_url\":\"\",\"cover\":\"http:\/\/mmbiz.qpic.cn\/mmbiz_jpg\/LJiau2qPWAcX4ibutdhYia2CMiaW7kzOc7EZhEiaz2m7dJII5jPqrZZA3JUCpGFB1CoxkSsOABxdfWGDwfrwJHHFphw\/0?wx_fmt=jpeg\",\"author\":\"\",\"copyright_stat\":100,\"del_flag\":1,\"item_show_type\":0,\"audio_fileid\":0,\"duration\":0,\"play_url\":\"\",\"malicious_title_reason_id\":0,\"malicious_content_type\":0},{\"title\":\"产业|移动机器人（AGV\/AMR）行业篇｜2020年中国物流装备市场回顾与2021年展望（上）\",\"digest\":\"关键技术自主可控、实现高质量发展、打造国产供应链体系，是未来几年需要努力的方向。\",\"content\":\"\",\"fileid\":0,\"content_url\":\"http:\/\/mp.weixin.qq.com\/s?__biz=MzI5MzE0NDUzNQ==&amp;mid=2650244188&amp;idx=3&amp;sn=7a48bfed5c483dbcee9e90c7e2ca272e&amp;chksm=f475b6e4c3023ff2a330374e056c9dce3e7829b25155c39bfeab6035251f75b115b21ad90ec8&amp;scene=27#wechat_redirect\",\"source_url\":\"\",\"cover\":\"http:\/\/mmbiz.qpic.cn\/mmbiz_jpg\/LJiau2qPWAcX4ibutdhYia2CMiaW7kzOc7EZSrPGy0xWI2nHrRwUic1CYdIrZqSO1nubichurzKYQcASnnkiaqvUgibA3Q\/0?wx_fmt=jpeg\",\"author\":\"张雷\",\"copyright_stat\":101,\"del_flag\":1,\"item_show_type\":0,\"audio_fileid\":0,\"duration\":0,\"play_url\":\"\",\"malicious_title_reason_id\":0,\"malicious_content_type\":0},{\"title\":\"热点|机械工业“十四五”发展纲要（发布稿）\",\"digest\":\"机械工业“十四五”发展纲要\",\"content\":\"\",\"fileid\":0,\"content_url\":\"http:\/\/mp.weixin.qq.com\/s?__biz=MzI5MzE0NDUzNQ==&amp;mid=2650244188&amp;idx=4&amp;sn=12c20099ff1d42f5bd203608413f28d3&amp;chksm=f475b6e4c3023ff274088200859a88a781666ef5ee7cbe783a304090635de88dddbbdcf351ce&amp;scene=27#wechat_redirect\",\"source_url\":\"\",\"cover\":\"http:\/\/mmbiz.qpic.cn\/mmbiz_jpg\/LJiau2qPWAcX4ibutdhYia2CMiaW7kzOc7EZoFtM5swbhPJr4R9x7Vic2VG9x7Sm6Haur6aDHzyD2N0KsfE72S9LNww\/0?wx_fmt=jpeg\",\"author\":\"\",\"copyright_stat\":100,\"del_flag\":1,\"item_show_type\":0,\"audio_fileid\":0,\"duration\":0,\"play_url\":\"\",\"malicious_title_reason_id\":0,\"malicious_content_type\":0},{\"title\":\"机器人技术人才线上招聘专场−东莞本末科技\",\"digest\":\"专注于机器人动力模组的研发及生产，致力于为用户提供专业、高性能的动力解决方案，创造无可比拟的市场竞争优势。\",\"content\":\"\",\"fileid\":0,\"content_url\":\"http:\/\/mp.weixin.qq.com\/s?__biz=MzI5MzE0NDUzNQ==&amp;mid=2650244188&amp;idx=5&amp;sn=a9f6776f74287488e1d45480c2e49bce&amp;chksm=f475b6e4c3023ff252efcd5cd17e6d7fad08261a92dfab34eb6b3dedc44b885081108a3396a0&amp;scene=27#wechat_redirect\",\"source_url\":\"https:\/\/jinshuju.net\/f\/HrP8gc\",\"cover\":\"http:\/\/mmbiz.qpic.cn\/mmbiz_jpg\/LJiau2qPWAcX4ibutdhYia2CMiaW7kzOc7EZia2JexB0jagD4wqm6vj4KH52j4xDoZ8bcowPaN3JbWia1ctj7mHicQrxQ\/0?wx_fmt=jpeg\",\"author\":\"\",\"copyright_stat\":100,\"del_flag\":1,\"item_show_type\":0,\"audio_fileid\":0,\"duration\":0,\"play_url\":\"\",\"malicious_title_reason_id\":0,\"malicious_content_type\":0}],\"author\":\"Robospeak\",\"copyright_stat\":11,\"duration\":0,\"del_flag\":1,\"item_show_type\":0,\"audio_fileid\":0,\"play_url\":\"\",\"malicious_title_reason_id\":0,\"malicious_content_type\":0}},{\"comm_msg_info\":{\"id\":1000001826,\"type\":49,\"datetime\":1620642619,\"fakeid\":\"3293144535\",\"status\":2,\"content\":\"\"},\"app_msg_ext_info\":{\"title\":\"让植物“张嘴说话”！新加坡「植物机器人」未来可成为环境探测器促进农业生产\",\"digest\":\"植物“沟通”新科技！\",\"content\":\"\",\"fileid\":502760439,\"content_url\":\"http:\/\/mp.weixin.qq.com\/s?__biz=MzI5MzE0NDUzNQ==&amp;mid=2650244090&amp;idx=1&amp;sn=5e7816c916d2be6213d1a5b4e9680f06&amp;chksm=f475b142c302385459a10936fef5b88615f78d75b1f332a83600c078efab11cb340f62ed3f4b&amp;scene=27#wechat_redirect\",\"source_url\":\"\",\"cover\":\"http:\/\/mmbiz.qpic.cn\/mmbiz_jpg\/LJiau2qPWAcVK39n1ich1tGiaPZfAriapFPO0k7QwcrMWm0aUv9YYefVn0Cicxp11d3kFPfznb7j0iaic2axaVP7Do8vA\/0?wx_fmt=jpeg\",\"subtype\":9,\"is_multi\":1,\"multi_app_msg_item_list\":[{\"title\":\"集萃智造将持续助力国潮品牌崛起 | 中国品牌日\",\"digest\":\"集萃智造过去是如何助力国潮品牌的发展？未来又会如何将智能装备的技术能力融入更多产业之中？\",\"content\":\"\",\"fileid\":0,\"content_url\":\"http:\/\/mp.weixin.qq.com\/s?__biz=MzI5MzE0NDUzNQ==&amp;mid=2650244090&amp;idx=2&amp;sn=51b6e5ab5e89648e0465a06b2487a1e9&amp;chksm=f475b142c3023854edecd948e6aaf3a9b66dc68584830cfab84279fe5fba563cebb31fcf332a&amp;scene=27#wechat_redirect\",\"source_url\":\"\",\"cover\":\"http:\/\/mmbiz.qpic.cn\/mmbiz_jpg\/LJiau2qPWAcVK39n1ich1tGiaPZfAriapFPONJdb9x2IUMibkowmHM33bmuqAzA3CTUPyV749nGvmxhwFRR6s0FqArg\/0?wx_fmt=jpeg\",\"author\":\"小萃\",\"copyright_stat\":101,\"del_flag\":1,\"item_show_type\":0,\"audio_fileid\":0,\"duration\":0,\"play_url\":\"\",\"malicious_title_reason_id\":0,\"malicious_content_type\":0},{\"title\":\"【展会回顾】宾通智能精彩亮相成都工博会，赋能川渝地区制造业新发展\",\"digest\":\"工业创新发展，加速西部产业复苏\",\"content\":\"\",\"fileid\":0,\"content_url\":\"http:\/\/mp.weixin.qq.com\/s?__biz=MzI5MzE0NDUzNQ==&amp;mid=2650244090&amp;idx=3&amp;sn=058012c9930dc3baa295d2937c7140d2&amp;chksm=f475b142c3023854a9fcd2a60d614133c94d093208b5ece11750a3505f53826d2c2e81983cce&amp;scene=27#wechat_redirect\",\"source_url\":\"\",\"cover\":\"http:\/\/mmbiz.qpic.cn\/mmbiz_jpg\/LJiau2qPWAcVK39n1ich1tGiaPZfAriapFPOHzbiaws34m6FR6ic8qJHqns3gH0Y5RolMXMU4mQMoeyPxIc4JAPwFWaQ\/0?wx_fmt=jpeg\",\"author\":\"BITO\",\"copyright_stat\":101,\"del_flag\":1,\"item_show_type\":0,\"audio_fileid\":0,\"duration\":0,\"play_url\":\"\",\"malicious_title_reason_id\":0,\"malicious_content_type\":0},{\"title\":\"快讯|小米投资教育机器人公司；不受限制的微型机器人的3D和4D光刻；国内首张X射线骨折AI产品获批NMPA三类证等\",\"digest\":\"小米投资教育机器人公司；不受限制的微型机器人的3D和4D光刻；国内首张X射线骨折AI产品获批NMPA三类证等\",\"content\":\"\",\"fileid\":0,\"content_url\":\"http:\/\/mp.weixin.qq.com\/s?__biz=MzI5MzE0NDUzNQ==&amp;mid=2650244090&amp;idx=4&amp;sn=4f2468eafd05e9a60a34560dade6b1ae&amp;chksm=f475b142c30238549bc7ae11a4f4516f983f62eddf57bc2fb7263ebc2ec0050b42f86ab472ef&amp;scene=27#wechat_redirect\",\"source_url\":\"\",\"cover\":\"http:\/\/mmbiz.qpic.cn\/mmbiz_jpg\/LJiau2qPWAcVK39n1ich1tGiaPZfAriapFPOwADUV83Oibhia1Nx9EzM8BmTPwvSKsb35lIPoTu6VhNKBXex2mssqL2A\/0?wx_fmt=jpeg\",\"author\":\"\",\"copyright_stat\":100,\"del_flag\":1,\"item_show_type\":0,\"audio_fileid\":0,\"duration\":0,\"play_url\":\"\",\"malicious_title_reason_id\":0,\"malicious_content_type\":0}],\"author\":\"Robospeak\",\"copyright_stat\":100,\"duration\":0,\"del_flag\":1,\"item_show_type\":0,\"audio_fileid\":0,\"play_url\":\"\",\"malicious_title_reason_id\":0,\"malicious_content_type\":0}},{\"comm_msg_info\":{\"id\":1000001825,\"type\":49,\"datetime\":1620553854,\"fakeid\":\"3293144535\",\"status\":2,\"content\":\"\"},\"app_msg_ext_info\":{\"title\":\"中美科学家首次研制出 “皮肤” 电池：像脂肪一样包裹机器人体外，分布式储能创新电池设计\",\"digest\":\"一支中美科研团队直接把电池做成了外壳的形状。\",\"content\":\"\",\"fileid\":0,\"content_url\":\"http:\/\/mp.weixin.qq.com\/s?__biz=MzI5MzE0NDUzNQ==&amp;mid=2650244013&amp;idx=1&amp;sn=b87885467da10c221156b16309d7978f&amp;chksm=f475b115c3023803475df7376edd0087aac0aaa8fceeb25364291d4a2411bf757ba45ca8cf9d&amp;scene=27#wechat_redirect\",\"source_url\":\"\",\"cover\":\"http:\/\/mmbiz.qpic.cn\/mmbiz_jpg\/LJiau2qPWAcWf1EFXtDCWuUIAPl1ibmrQDGnSbMzm7Q47r3SkgVBMdn2UTDNq23zOUKHlexHvKBicr7IYJypESibHA\/0?wx_fmt=jpeg\",\"subtype\":9,\"is_multi\":1,\"multi_app_msg_item_list\":[{\"title\":\"机器人技术人才线上招聘专场第二期如约而至，行业细分头部企业在这里等你！（江浙沪专场）\",\"digest\":\"机器人技术人才线上招聘，5月12日准时开启！\",\"content\":\"\",\"fileid\":0,\"content_url\":\"http:\/\/mp.weixin.qq.com\/s?__biz=MzI5MzE0NDUzNQ==&amp;mid=2650244013&amp;idx=2&amp;sn=d956eec73658fd8b9365cc166510708d&amp;chksm=f475b115c30238038f96e2741b22c9094bcac082e5fb3e4b8dd60fad0db561cc256c7a5c6b63&amp;scene=27#wechat_redirect\",\"source_url\":\"\",\"cover\":\"http:\/\/mmbiz.qpic.cn\/mmbiz_jpg\/LJiau2qPWAcWf1EFXtDCWuUIAPl1ibmrQDwZJg29AvhvKEJYW62EgmpfubjwsD1QBWWcoVcibm1VicMrMZKt4rQiaaA\/0?wx_fmt=jpeg\",\"author\":\"\",\"copyright_stat\":100,\"del_flag\":1,\"item_show_type\":0,\"audio_fileid\":0,\"duration\":0,\"play_url\":\"\",\"malicious_title_reason_id\":0,\"malicious_content_type\":0},{\"title\":\"NEOR mini在赛道上独自狂奔\",\"digest\":\"如何借助摄像头传感器和图像处理工具，让neor_mini实现自动行驶啦！\",\"content\":\"\",\"fileid\":0,\"content_url\":\"http:\/\/mp.weixin.qq.com\/s?__biz=MzI5MzE0NDUzNQ==&amp;mid=2650244013&amp;idx=3&amp;sn=22941a10483230ef029a9ff4b957583d&amp;chksm=f475b115c3023803a864a74cc9032385bb101c37044cfd87a39aa46167ea9c9fe1a3aa429980&amp;scene=27#wechat_redirect\",\"source_url\":\"\",\"cover\":\"http:\/\/mmbiz.qpic.cn\/mmbiz_jpg\/LJiau2qPWAcWf1EFXtDCWuUIAPl1ibmrQD4o7bZRLeM19YlUb04UWvqU4hAf2QtXsKaBWlfymYHEic1ib3mzMm8DwQ\/0?wx_fmt=jpeg\",\"author\":\"Lee\",\"copyright_stat\":101,\"del_flag\":1,\"item_show_type\":0,\"audio_fileid\":0,\"duration\":0,\"play_url\":\"\",\"malicious_title_reason_id\":0,\"malicious_content_type\":0},{\"title\":\"快讯|仿生鳗鱼软体机器人，身体像弹簧；一种受折纸启发的充气结构设计；新型氮化硅光子集成电路实现极低光学损耗等\",\"digest\":\"仿生鳗鱼软体机器人，身体像弹簧；一种受折纸启发的充气结构设计；新型氮化硅光子集成电路实现极低光学损耗等\",\"content\":\"\",\"fileid\":0,\"content_url\":\"http:\/\/mp.weixin.qq.com\/s?__biz=MzI5MzE0NDUzNQ==&amp;mid=2650244013&amp;idx=4&amp;sn=72b3ca28751b4a2099a839ffeb4aa09b&amp;chksm=f475b115c3023803ba1cf6005867e0a8eee0813bb8dca3ec3b0bf478268f6ccf650463949dd0&amp;scene=27#wechat_redirect\",\"source_url\":\"\",\"cover\":\"http:\/\/mmbiz.qpic.cn\/mmbiz_jpg\/LJiau2qPWAcWf1EFXtDCWuUIAPl1ibmrQDVojfEPYkcuGd9gaaKpHv2goLDU1exWaS2sR9Kvf6fcARFwJonEXwwA\/0?wx_fmt=jpeg\",\"author\":\"\",\"copyright_stat\":100,\"del_flag\":1,\"item_show_type\":0,\"audio_fileid\":0,\"duration\":0,\"play_url\":\"\",\"malicious_title_reason_id\":0,\"malicious_content_type\":0},{\"title\":\"热点|比起芯片，这个领域的卡脖子更“要命”！\",\"digest\":\"我国医疗器械的高端领域发展短板仍然突出。\",\"content\":\"\",\"fileid\":0,\"content_url\":\"http:\/\/mp.weixin.qq.com\/s?__biz=MzI5MzE0NDUzNQ==&amp;mid=2650244013&amp;idx=5&amp;sn=94406b14be4ffa56e10fe3fd17c2eae1&amp;chksm=f475b115c3023803ca061806d003ba085c3bfb77eb5b59b30fd6b6e464ee656fc6b12b6cfaee&amp;scene=27#wechat_redirect\",\"source_url\":\"\",\"cover\":\"http:\/\/mmbiz.qpic.cn\/mmbiz_jpg\/LJiau2qPWAcWf1EFXtDCWuUIAPl1ibmrQDBGv3g2uyhuvTcVAgZBdk0snQiaIicYPyIBbL7kQdX2NFQoz7s6RicOdibw\/0?wx_fmt=jpeg\",\"author\":\"张曙霞 闫倩玮\",\"copyright_stat\":101,\"del_flag\":1,\"item_show_type\":0,\"audio_fileid\":0,\"duration\":0,\"play_url\":\"\",\"malicious_title_reason_id\":0,\"malicious_content_type\":0}],\"author\":\"李贤焕\",\"copyright_stat\":101,\"duration\":0,\"del_flag\":1,\"item_show_type\":0,\"audio_fileid\":0,\"play_url\":\"\",\"malicious_title_reason_id\":0,\"malicious_content_type\":0}},{\"comm_msg_info\":{\"id\":1000001824,\"type\":49,\"datetime\":1620469959,\"fakeid\":\"3293144535\",\"status\":2,\"content\":\"\"},\"app_msg_ext_info\":{\"title\":\"太萌了！日本双足机器人通过VR远程办公，还是“武林高手”，售价两万可租赁\",\"digest\":\"每个动作似乎都被注入了灵魂\",\"content\":\"\",\"fileid\":502760250,\"content_url\":\"http:\/\/mp.weixin.qq.com\/s?__biz=MzI5MzE0NDUzNQ==&amp;mid=2650243957&amp;idx=1&amp;sn=e6354917d1a19be1648a7f7fb8329924&amp;chksm=f475b1cdc30238db4c73876a190c0aac6e096a8ebf3f33d88ca7b2a5b60fca99ec0d206ce80f&amp;scene=27#wechat_redirect\",\"source_url\":\"\",\"cover\":\"http:\/\/mmbiz.qpic.cn\/mmbiz_jpg\/LJiau2qPWAcWZDORodesjoJtc8M8ouDQB7gmFWSnMziauuXZw9R591VlOrHqbN0D28WAVfT7qXCvPRoy1vHUqt4w\/0?wx_fmt=jpeg\",\"subtype\":9,\"is_multi\":1,\"multi_app_msg_item_list\":[{\"title\":\"报名|协作机器人赋能产业升级——机器人大讲堂联合艾利特机器人走进浙大！\",\"digest\":\"人与机器人协同工作即为协作机器人，这种工作模式体现了人类的智能，提高了工作的效率。\",\"content\":\"\",\"fileid\":0,\"content_url\":\"http:\/\/mp.weixin.qq.com\/s?__biz=MzI5MzE0NDUzNQ==&amp;mid=2650243957&amp;idx=2&amp;sn=05af400e39cd1f26e12cdd2ccf4b0aad&amp;chksm=f475b1cdc30238db4315e417b4fadbd3f90eaea84983781b304ab7d95d95b22c30647b32cf5d&amp;scene=27#wechat_redirect\",\"source_url\":\"\",\"cover\":\"http:\/\/mmbiz.qpic.cn\/mmbiz_jpg\/LJiau2qPWAcV5vTSGsBrTLn27Oc4V4H3r7I52ZDC1jqicbZwxPhRA0Y5fR8n8F8gFc6XRPTgvcjJNOY32ome9zng\/0?wx_fmt=jpeg\",\"author\":\"堂博士\",\"copyright_stat\":100,\"del_flag\":1,\"item_show_type\":0,\"audio_fileid\":0,\"duration\":0,\"play_url\":\"\",\"malicious_title_reason_id\":0,\"malicious_content_type\":0},{\"title\":\"快讯|俄罗斯“患者机器人”会流血会排尿；港中大研发可治疗消化道疾病的微型机器人；启英泰伦完成数千万人民币融资等\",\"digest\":\"俄罗斯“患者机器人”会流血会排尿；港中大研发可治疗消化道疾病的微型机器人；启英泰伦完成数千万人民币融资等\",\"content\":\"\",\"fileid\":0,\"content_url\":\"http:\/\/mp.weixin.qq.com\/s?__biz=MzI5MzE0NDUzNQ==&amp;mid=2650243957&amp;idx=3&amp;sn=3c7ee2c023ee2d325f0a262684fc0a27&amp;chksm=f475b1cdc30238db86b10fc3b8e7ca0488545d534f6022bf1699d50966bd8d805419ab57f70e&amp;scene=27#wechat_redirect\",\"source_url\":\"\",\"cover\":\"http:\/\/mmbiz.qpic.cn\/mmbiz_jpg\/LJiau2qPWAcWZDORodesjoJtc8M8ouDQBZlxoOpvm0WJ03RNL0fgwHryqQRqtgDPu28V6l08YLpSjTjhic2a3OKw\/0?wx_fmt=jpeg\",\"author\":\"\",\"copyright_stat\":100,\"del_flag\":1,\"item_show_type\":0,\"audio_fileid\":0,\"duration\":0,\"play_url\":\"\",\"malicious_title_reason_id\":0,\"malicious_content_type\":0},{\"title\":\"热点|特斯拉又被削头！广东高速追尾，车主当场毙命，意外加速或为导火索？\",\"digest\":\"超速-失控-追尾，意外加速成事故导火索？\",\"content\":\"\",\"fileid\":0,\"content_url\":\"http:\/\/mp.weixin.qq.com\/s?__biz=MzI5MzE0NDUzNQ==&amp;mid=2650243957&amp;idx=4&amp;sn=b5bb683e42c822caf169adad86db9f97&amp;chksm=f475b1cdc30238db94c0e2038e3ecdf669314cb860bb28f15358affd7e8a4cfd41d316286d5e&amp;scene=27#wechat_redirect\",\"source_url\":\"\",\"cover\":\"http:\/\/mmbiz.qpic.cn\/mmbiz_jpg\/LJiau2qPWAcWZDORodesjoJtc8M8ouDQBTG56pD2BQpV4Zx1hiaHtvO8iayianDRiatOuEbbNqynbtFLt36VorETzzQ\/0?wx_fmt=jpeg\",\"author\":\"\",\"copyright_stat\":100,\"del_flag\":1,\"item_show_type\":0,\"audio_fileid\":0,\"duration\":0,\"play_url\":\"\",\"malicious_title_reason_id\":0,\"malicious_content_type\":0},{\"title\":\"机器人技术人才线上招聘专场−艾利特机器人\",\"digest\":\"艾利特协作机器人：安全、易用、灵活、高效\",\"content\":\"\",\"fileid\":0,\"content_url\":\"http:\/\/mp.weixin.qq.com\/s?__biz=MzI5MzE0NDUzNQ==&amp;mid=2650243957&amp;idx=5&amp;sn=7d292ec9809ef1813d0dab415b15e46c&amp;chksm=f475b1cdc30238db2f5d952494b1466c68c8b80cc709a4cd79ca9ffa32b2bdac106d5dc1c3bf&amp;scene=27#wechat_redirect\",\"source_url\":\"https:\/\/jinshuju.net\/f\/HrP8gc\",\"cover\":\"http:\/\/mmbiz.qpic.cn\/mmbiz_jpg\/LJiau2qPWAcV6fSva4icKowClQgdZFG0SLl4buKPlcXlgC7Rk5133FHxpSqDGfibTiag8A2gnp6AUVrAAEPyZu1kQQ\/0?wx_fmt=jpeg\",\"author\":\"\",\"copyright_stat\":100,\"del_flag\":1,\"item_show_type\":0,\"audio_fileid\":0,\"duration\":0,\"play_url\":\"\",\"malicious_title_reason_id\":0,\"malicious_content_type\":0}],\"author\":\"Robospeak\",\"copyright_stat\":11,\"duration\":0,\"del_flag\":1,\"item_show_type\":0,\"audio_fileid\":0,\"play_url\":\"\",\"malicious_title_reason_id\":0,\"malicious_content_type\":0}},{\"comm_msg_info\":{\"id\":1000001823,\"type\":49,\"datetime\":1620371756,\"fakeid\":\"3293144535\",\"status\":2,\"content\":\"\"},\"app_msg_ext_info\":{\"title\":\"英国海军测试“钢铁侠”战衣，时速136公里！或彻底改变海上登船作战\",\"digest\":\"造型科幻，可海上悬停，每套价值34万英镑。\",\"content\":\"\",\"fileid\":502760233,\"content_url\":\"http:\/\/mp.weixin.qq.com\/s?__biz=MzI5MzE0NDUzNQ==&amp;mid=2650243896&amp;idx=1&amp;sn=f304b0149c1278a230d597ec71b8faf6&amp;chksm=f475b180c302389618e98cd9130b7e2b7df56a8c61077e20c65454832bdd07f8dcc6a64489fc&amp;scene=27#wechat_redirect\",\"source_url\":\"\",\"cover\":\"http:\/\/mmbiz.qpic.cn\/mmbiz_jpg\/LJiau2qPWAcU6KjhjfryTFIzT326AZSQ04Rp1noPvAX4E1KzuRwVjrulwcNdlsG4WyDIYRg5ZFibzDG002LmBNhQ\/0?wx_fmt=jpeg\",\"subtype\":9,\"is_multi\":1,\"multi_app_msg_item_list\":[{\"title\":\"35岁，转行AI年薪100万，牛逼的人生无需解释\",\"digest\":\"\",\"content\":\"\",\"fileid\":0,\"content_url\":\"http:\/\/mp.weixin.qq.com\/s?__biz=MzI5MzE0NDUzNQ==&amp;mid=2650243896&amp;idx=2&amp;sn=a109274f06519129b3ebedbb761aa699&amp;chksm=f475b180c3023896fcfa9511a2e7471f716bcea9409bcd3a185b315e118b297d841a064be827&amp;scene=27#wechat_redirect\",\"source_url\":\"https:\/\/wx.kaikeba.com\/vip_course\/89ljeno8eb\/v8d3lwhrty?tenant=wx5046bc7413796142\",\"cover\":\"http:\/\/mmbiz.qpic.cn\/mmbiz_jpg\/LJiau2qPWAcU6KjhjfryTFIzT326AZSQ0OiaC7gWeso3eYzQBEczftYb7YJ9tdG1XaPMY4WA5ibPgpRvibxknm2BzA\/0?wx_fmt=jpeg\",\"author\":\"\",\"copyright_stat\":100,\"del_flag\":1,\"item_show_type\":0,\"audio_fileid\":0,\"duration\":0,\"play_url\":\"\",\"malicious_title_reason_id\":0,\"malicious_content_type\":0},{\"title\":\"快讯|日本多家企业将停用中国产无人机，但找不到本土替代品；优艾智合机器人获近亿元融资，软银亚洲领投等\",\"digest\":\"日本多家企业将停用中国产无人机，但找不到本土替代品；优艾智合机器人获近亿元融资，软银亚洲领投等\",\"content\":\"\",\"fileid\":0,\"content_url\":\"http:\/\/mp.weixin.qq.com\/s?__biz=MzI5MzE0NDUzNQ==&amp;mid=2650243896&amp;idx=3&amp;sn=f4f86b04f0fa1c23a32ada3f0dfff3b2&amp;chksm=f475b180c3023896ff8c6483252b4786186998297c199d1924ff2d2bb6ebca440ef5e7852a0c&amp;scene=27#wechat_redirect\",\"source_url\":\"\",\"cover\":\"http:\/\/mmbiz.qpic.cn\/mmbiz_jpg\/LJiau2qPWAcU6KjhjfryTFIzT326AZSQ0g0icyEN7IAzGpHIILP0QTIzoqDKw9zBGaib9WBfYA0uZ53O6IZnsc2Lw\/0?wx_fmt=jpeg\",\"author\":\"\",\"copyright_stat\":100,\"del_flag\":1,\"item_show_type\":0,\"audio_fileid\":0,\"duration\":0,\"play_url\":\"\",\"malicious_title_reason_id\":0,\"malicious_content_type\":0},{\"title\":\"前沿|除了卖萌，还要管家 AI狗狗再次进化\",\"digest\":\"多功能“家人”\",\"content\":\"\",\"fileid\":0,\"content_url\":\"http:\/\/mp.weixin.qq.com\/s?__biz=MzI5MzE0NDUzNQ==&amp;mid=2650243896&amp;idx=4&amp;sn=1b887281aa1da0bdd13d5abc2c4e36ee&amp;chksm=f475b180c3023896b3304869f62f424386a7b1c75ccec0cb1ce46b3ead76e340b8310e945ed5&amp;scene=27#wechat_redirect\",\"source_url\":\"\",\"cover\":\"http:\/\/mmbiz.qpic.cn\/mmbiz_jpg\/LJiau2qPWAcU6KjhjfryTFIzT326AZSQ0kn06aOw2tKP5YYEibUGLEMzCmprHLatsRGG2icbDsvbnQECgUYazoricw\/0?wx_fmt=jpeg\",\"author\":\"智能科技新媒体\",\"copyright_stat\":101,\"del_flag\":1,\"item_show_type\":0,\"audio_fileid\":0,\"duration\":0,\"play_url\":\"\",\"malicious_title_reason_id\":0,\"malicious_content_type\":0}],\"author\":\"Robospeak\",\"copyright_stat\":100,\"duration\":0,\"del_flag\":1,\"item_show_type\":0,\"audio_fileid\":0,\"play_url\":\"\",\"malicious_title_reason_id\":0,\"malicious_content_type\":0}},{\"comm_msg_info\":{\"id\":1000001822,\"type\":49,\"datetime\":1620288330,\"fakeid\":\"3293144535\",\"status\":2,\"content\":\"\"},\"app_msg_ext_info\":{\"title\":\"厉害了迪士尼！耗时三年打造出双足「漫威机器人」，效果堪比CG！\",\"digest\":\"迪士尼里有那么一帮人，负责将幻想变成现实。\",\"content\":\"\",\"fileid\":502760065,\"content_url\":\"http:\/\/mp.weixin.qq.com\/s?__biz=MzI5MzE0NDUzNQ==&amp;mid=2650243785&amp;idx=1&amp;sn=ed3339e3a7ba7ff25de5bdbab46b8db5&amp;chksm=f475b071c30239676cacce0bf19ffcfd2f10bfaab93a78de43ca575592b9bb27c5559c136931&amp;scene=27#wechat_redirect\",\"source_url\":\"\",\"cover\":\"http:\/\/mmbiz.qpic.cn\/mmbiz_jpg\/LJiau2qPWAcV5vTSGsBrTLn27Oc4V4H3reVr4YlkhLia45WqbrictQGVcawJym8lZaHIObaUoM9oWoY0iaeNop7feg\/0?wx_fmt=jpeg\",\"subtype\":9,\"is_multi\":1,\"multi_app_msg_item_list\":[{\"title\":\"快讯|可“意念”控制的神经假肢；以色列仿蝙蝠自主行动机器人；腾讯入股商用服务机器人企业普渡科技等\",\"digest\":\"可“意念”控制的神经假肢；以色列仿蝙蝠自主行动机器人；腾讯入股商用服务机器人企业普渡科技等\",\"content\":\"\",\"fileid\":0,\"content_url\":\"http:\/\/mp.weixin.qq.com\/s?__biz=MzI5MzE0NDUzNQ==&amp;mid=2650243785&amp;idx=2&amp;sn=debbca4ad1bea5a56235db259f35acbc&amp;chksm=f475b071c3023967fb963cf4d855337c7e4790c7e2a32c4b75ba11638059185e6cdb6512c49d&amp;scene=27#wechat_redirect\",\"source_url\":\"\",\"cover\":\"http:\/\/mmbiz.qpic.cn\/mmbiz_jpg\/LJiau2qPWAcV5vTSGsBrTLn27Oc4V4H3rPg72waiaFXcZ2GYjj8dbANmHQj1vQVdpeclNOUIcxQUrPrEGtficUY3A\/0?wx_fmt=jpeg\",\"author\":\"\",\"copyright_stat\":100,\"del_flag\":1,\"item_show_type\":0,\"audio_fileid\":0,\"duration\":0,\"play_url\":\"\",\"malicious_title_reason_id\":0,\"malicious_content_type\":0},{\"title\":\"前沿|沂蒙山区女孩今成211副教授，研发可自愈可形变软体机器人，有望进入太空执行抓取任务\",\"digest\":\"她是妈妈，也是老师，更是科学家，她就是东华大学材料学院复材系副教授杨丽丽。\",\"content\":\"\",\"fileid\":0,\"content_url\":\"http:\/\/mp.weixin.qq.com\/s?__biz=MzI5MzE0NDUzNQ==&amp;mid=2650243785&amp;idx=3&amp;sn=c5fdee98cdb5d416157a3f8a801f1359&amp;chksm=f475b071c3023967b8d05bf184772b1c8aecb3ea62ab075b88b09ab7865214c0c21a7d7fb415&amp;scene=27#wechat_redirect\",\"source_url\":\"\",\"cover\":\"http:\/\/mmbiz.qpic.cn\/mmbiz_jpg\/LJiau2qPWAcV5vTSGsBrTLn27Oc4V4H3r06WibqAhp94PpbvrfPZ8g7jWJicSSaRWOP7EGib8kLJjZ2MM26eTbErag\/0?wx_fmt=jpeg\",\"author\":\"多加\",\"copyright_stat\":101,\"del_flag\":1,\"item_show_type\":0,\"audio_fileid\":0,\"duration\":0,\"play_url\":\"\",\"malicious_title_reason_id\":0,\"malicious_content_type\":0},{\"title\":\"前沿|AI领域五年引用量最高的10大论文：Adam登顶，AlphaGo、Transfromer上榜\",\"digest\":\"知名外媒《Towards Data Science》按这一指标，统计了近五年来发表在各大国际顶级会上引用量排名前十的论文。\",\"content\":\"\",\"fileid\":0,\"content_url\":\"http:\/\/mp.weixin.qq.com\/s?__biz=MzI5MzE0NDUzNQ==&amp;mid=2650243785&amp;idx=4&amp;sn=59c04add13fbffffd82ac53c7a633a29&amp;chksm=f475b071c302396757f368688b2c04b5f8d9e03a7b495248122a327723bf333dd9326fed5908&amp;scene=27#wechat_redirect\",\"source_url\":\"\",\"cover\":\"http:\/\/mmbiz.qpic.cn\/mmbiz_jpg\/LJiau2qPWAcV5vTSGsBrTLn27Oc4V4H3rAoywrDAjw3ckticTicwF2UD4hibJF87ibEGRM3D8icPewJZNBTLRFrz8IHw\/0?wx_fmt=jpeg\",\"author\":\"\",\"copyright_stat\":100,\"del_flag\":1,\"item_show_type\":0,\"audio_fileid\":0,\"duration\":0,\"play_url\":\"\",\"malicious_title_reason_id\":0,\"malicious_content_type\":0}],\"author\":\"Robospeak\",\"copyright_stat\":100,\"duration\":0,\"del_flag\":1,\"item_show_type\":0,\"audio_fileid\":0,\"play_url\":\"\",\"malicious_title_reason_id\":0,\"malicious_content_type\":0}},{\"comm_msg_info\":{\"id\":1000001821,\"type\":49,\"datetime\":1620198350,\"fakeid\":\"3293144535\",\"status\":2,\"content\":\"\"},\"app_msg_ext_info\":{\"title\":\"多行业开启自动化升级，技术引领新变革，中长期工业机器人发展值得期待！\",\"digest\":\"发那科、ABB、安川持续加注，2021年中国工业机器人发展值得看好！\",\"content\":\"\",\"fileid\":0,\"content_url\":\"http:\/\/mp.weixin.qq.com\/s?__biz=MzI5MzE0NDUzNQ==&amp;mid=2650243702&amp;idx=1&amp;sn=9f48fc8c5e509b506f62a18034e68726&amp;chksm=f475b0cec30239d88c8a6ee1c4588537c37503a89a125bbbf34f26d45840c0f8419ea425d562&amp;scene=27#wechat_redirect\",\"source_url\":\"\",\"cover\":\"http:\/\/mmbiz.qpic.cn\/mmbiz_jpg\/LJiau2qPWAcVKnbaG2NG0skhm80xNQ49HOekNh8sqybFgYocibA0fHlGdgo7k2LZjRJ7SIQ1Bx8e0PPg3xtVKicwg\/0?wx_fmt=jpeg\",\"subtype\":9,\"is_multi\":1,\"multi_app_msg_item_list\":[{\"title\":\"快讯|微型机器人用于聚合物降解；用于攀爬机器人的电控粘附性水凝胶；佐治亚理工学院“聚合颗粒机器人”等\",\"digest\":\"微型机器人用于聚合物降解；用于攀爬机器人的电控粘附性水凝胶；佐治亚理工学院“聚合颗粒机器人”等\",\"content\":\"\",\"fileid\":0,\"content_url\":\"http:\/\/mp.weixin.qq.com\/s?__biz=MzI5MzE0NDUzNQ==&amp;mid=2650243702&amp;idx=2&amp;sn=d89a67ac6982c4988ad74295ca8e1a36&amp;chksm=f475b0cec30239d8918312c68011cd9c1c5bf14307459bab472adcef85eaa8bf8f7a4a506846&amp;scene=27#wechat_redirect\",\"source_url\":\"\",\"cover\":\"http:\/\/mmbiz.qpic.cn\/mmbiz_jpg\/LJiau2qPWAcVKnbaG2NG0skhm80xNQ49H55HyBJesVIsk9iaiaYezqXcJSCUia7qSZWtqPVd6w261w8OczbxngKsTQ\/0?wx_fmt=jpeg\",\"author\":\"\",\"copyright_stat\":100,\"del_flag\":1,\"item_show_type\":0,\"audio_fileid\":0,\"duration\":0,\"play_url\":\"\",\"malicious_title_reason_id\":0,\"malicious_content_type\":0},{\"title\":\"前沿|机器人有 “触觉” 了！上交&amp;MIT发明一款机器人，自己拿起笔就能甩｜IROS 2020最佳论文\",\"digest\":\"机器人从手部触觉探索中学习物理特征，以实现动态摆起操作。\",\"content\":\"\",\"fileid\":0,\"content_url\":\"http:\/\/mp.weixin.qq.com\/s?__biz=MzI5MzE0NDUzNQ==&amp;mid=2650243702&amp;idx=3&amp;sn=2d98061819167496c5f332a95cee1aad&amp;chksm=f475b0cec30239d8eaf5f7ab66b456bc33ca1674a38ab947392dc658501f2e754a7df5988a42&amp;scene=27#wechat_redirect\",\"source_url\":\"\",\"cover\":\"http:\/\/mmbiz.qpic.cn\/mmbiz_jpg\/LJiau2qPWAcVKnbaG2NG0skhm80xNQ49H2C9NSVzWksicYUbK4jm0s3CJKLE929SBJsOrp8kYCWZhsZRryLoLqog\/0?wx_fmt=jpeg\",\"author\":\"婉杨\",\"copyright_stat\":101,\"del_flag\":1,\"item_show_type\":0,\"audio_fileid\":0,\"duration\":0,\"play_url\":\"\",\"malicious_title_reason_id\":0,\"malicious_content_type\":0},{\"title\":\"热点|首次4K+AI上色修复！看彩色五四运动现场\",\"digest\":\"《彩绘中国·觉醒》\",\"content\":\"\",\"fileid\":0,\"content_url\":\"http:\/\/mp.weixin.qq.com\/s?__biz=MzI5MzE0NDUzNQ==&amp;mid=2650243702&amp;idx=4&amp;sn=f14d8233c0b6c1a7b380edad91815253&amp;chksm=f475b0cec30239d8fe19ca1344f48f7ae032849c1031b128254b6f3dcc6fed40a67707618cec&amp;scene=27#wechat_redirect\",\"source_url\":\"\",\"cover\":\"http:\/\/mmbiz.qpic.cn\/mmbiz_jpg\/LJiau2qPWAcVKnbaG2NG0skhm80xNQ49HQ5avXCzqcoValpKyueZsQjqEAFqDOJV6m3aDjCSa5AaWZfDcVnKWBA\/0?wx_fmt=jpeg\",\"author\":\"\",\"copyright_stat\":100,\"del_flag\":1,\"item_show_type\":0,\"audio_fileid\":0,\"duration\":0,\"play_url\":\"\",\"malicious_title_reason_id\":0,\"malicious_content_type\":0}],\"author\":\"Jack\",\"copyright_stat\":11,\"duration\":0,\"del_flag\":1,\"item_show_type\":0,\"audio_fileid\":0,\"play_url\":\"\",\"malicious_title_reason_id\":0,\"malicious_content_type\":0}},{\"comm_msg_info\":{\"id\":1000001820,\"type\":49,\"datetime\":1620106116,\"fakeid\":\"3293144535\",\"status\":2,\"content\":\"\"},\"app_msg_ext_info\":{\"title\":\"24岁浙大毕业生教双足机器人Cassie 蹲伏走路和载重走路！应用于“最后一公里快递”和灾后搜救\",\"digest\":\"当机器人遇见强化学习，会碰出怎样的火花？\",\"content\":\"\",\"fileid\":0,\"content_url\":\"http:\/\/mp.weixin.qq.com\/s?__biz=MzI5MzE0NDUzNQ==&amp;mid=2650243650&amp;idx=1&amp;sn=11bb4beef9f7b75ef4b417977fda5478&amp;chksm=f475b0fac30239ece248778e6bca831c0eb698f4450f948bd1a05adf1c6cac209976e7391908&amp;scene=27#wechat_redirect\",\"source_url\":\"\",\"cover\":\"http:\/\/mmbiz.qpic.cn\/mmbiz_jpg\/LJiau2qPWAcWJeq5Lp2GNZzNIicFOmqfsz81ohncAJ9mVredJ7zN3IMTXjTOkNcO7aZX4xicffn6uVI8Jd0k2mkBg\/0?wx_fmt=jpeg\",\"subtype\":9,\"is_multi\":1,\"multi_app_msg_item_list\":[{\"title\":\"快讯|美军启用战斗机清洗机器人；运用激光的精准自主除草机器人；新的物理原理帮助人类和机器人掌握触摸时的摩擦力等\",\"digest\":\"美军启用战斗机清洗机器人；运用激光的精准自主除草机器人；新的物理原理帮助人类和机器人掌握触摸时的摩擦力等\",\"content\":\"\",\"fileid\":0,\"content_url\":\"http:\/\/mp.weixin.qq.com\/s?__biz=MzI5MzE0NDUzNQ==&amp;mid=2650243650&amp;idx=2&amp;sn=ddf0dde0a79dc5595e3aa7f530a60f51&amp;chksm=f475b0fac30239ecd6ca49e53686f132a8382cbff149c56cd0f919832e96bdf3a635c4efac60&amp;scene=27#wechat_redirect\",\"source_url\":\"\",\"cover\":\"http:\/\/mmbiz.qpic.cn\/mmbiz_jpg\/LJiau2qPWAcWJeq5Lp2GNZzNIicFOmqfsznxVf9micSqgCicU5onJ21HzXhOiaibDbZtcpZbOz2Cib5vUVBaj8sGtqqQw\/0?wx_fmt=jpeg\",\"author\":\"\",\"copyright_stat\":100,\"del_flag\":1,\"item_show_type\":0,\"audio_fileid\":0,\"duration\":0,\"play_url\":\"\",\"malicious_title_reason_id\":0,\"malicious_content_type\":0},{\"title\":\"热点|全球首款电动无人街道清扫车～像极了家中的“扫地机器人”！\",\"digest\":\"第一眼看，还以为出了新款的商务SUV呢...\",\"content\":\"\",\"fileid\":0,\"content_url\":\"http:\/\/mp.weixin.qq.com\/s?__biz=MzI5MzE0NDUzNQ==&amp;mid=2650243650&amp;idx=3&amp;sn=5559030a293a3de01ba33b665f87fc9f&amp;chksm=f475b0fac30239ec7f674f65afee23da97319a862f1b35c29f3b83da62010cee1774a110acb7&amp;scene=27#wechat_redirect\",\"source_url\":\"\",\"cover\":\"http:\/\/mmbiz.qpic.cn\/mmbiz_jpg\/LJiau2qPWAcWJeq5Lp2GNZzNIicFOmqfszoOuPA5dIuWTrSkMHE2XAtFYDibyuyU8WClTgDb8FYZwHB66RXB3w6tA\/0?wx_fmt=jpeg\",\"author\":\"\",\"copyright_stat\":100,\"del_flag\":1,\"item_show_type\":0,\"audio_fileid\":0,\"duration\":0,\"play_url\":\"\",\"malicious_title_reason_id\":0,\"malicious_content_type\":0},{\"title\":\"前沿|高光压制、清晰边界、任意场景，谷歌人像抠图新作！有了它，以后五一足不出户游世界\",\"digest\":\"人像抠图又出新作！\",\"content\":\"\",\"fileid\":0,\"content_url\":\"http:\/\/mp.weixin.qq.com\/s?__biz=MzI5MzE0NDUzNQ==&amp;mid=2650243650&amp;idx=4&amp;sn=6e7314896213e8b85b70f9b59abae6f6&amp;chksm=f475b0fac30239ecef25b09fb375499c7b7b6176191a1123f58afac36c7acc832c4b08260a77&amp;scene=27#wechat_redirect\",\"source_url\":\"\",\"cover\":\"http:\/\/mmbiz.qpic.cn\/mmbiz_jpg\/LJiau2qPWAcWJeq5Lp2GNZzNIicFOmqfsz08xLHCqjejmZ1GS3POK0WQsA4OrudmF4sc3FkGogaMnY8TPum4f2Jg\/0?wx_fmt=jpeg\",\"author\":\"\",\"copyright_stat\":100,\"del_flag\":1,\"item_show_type\":0,\"audio_fileid\":0,\"duration\":0,\"play_url\":\"\",\"malicious_title_reason_id\":0,\"malicious_content_type\":0}],\"author\":\"多加\",\"copyright_stat\":101,\"duration\":0,\"del_flag\":1,\"item_show_type\":0,\"audio_fileid\":0,\"play_url\":\"\",\"malicious_title_reason_id\":0,\"malicious_content_type\":0}}]}","next_offset":40,"video_count":1,"use_video_tab":1,"real_type":0,"home_page_list":[]}