{"ret":0,"errmsg":"ok","msg_count":10,"can_msg_continue":1,"general_msg_list":"{\"list\":[{\"comm_msg_info\":{\"id\":1000001768,\"type\":49,\"datetime\":1612262082,\"fakeid\":\"3098132220\",\"status\":2,\"content\":\"\"},\"app_msg_ext_info\":{\"title\":\"一句话总结英国新规：不欢迎AI专业的中国留学生、学者与研究员\",\"digest\":\"英国跟风美国，是否有点“惊弓之鸟”？\",\"content\":\"\",\"fileid\":0,\"content_url\":\"http:\/\/mp.weixin.qq.com\/s?__biz=MzA5ODEzMjIyMA==&amp;mid=2247576125&amp;idx=1&amp;sn=3382789daf47a4a37e9bcb330131ba13&amp;chksm=9095a3aea7e22ab89d45ca440399d4331a26dfae5e5fbe57e809e91116a03e22e4f33eee3843&amp;scene=27#wechat_redirect\",\"source_url\":\"https:\/\/www.yanxishe.com\/meeting\/80\",\"cover\":\"http:\/\/mmbiz.qpic.cn\/mmbiz_jpg\/cNFA8C0uVPslBKD5WHQBO2ibyH8CibicGz6PnSq5nZtGxOr8OXGqlsXLIMOkscQwM4zzSucxLFYcDpU8JTqFlzslw\/0?wx_fmt=jpeg\",\"subtype\":9,\"is_multi\":1,\"multi_app_msg_item_list\":[{\"title\":\"AAAI 2021即将开幕，ACL、ICML、KDD等即将截稿 | AI顶会动态一览\",\"digest\":\"AAAI、CVPR、ACL、ICML、KDD、SIGIR等六大AI顶会全打包！\",\"content\":\"\",\"fileid\":0,\"content_url\":\"http:\/\/mp.weixin.qq.com\/s?__biz=MzA5ODEzMjIyMA==&amp;mid=2247576125&amp;idx=2&amp;sn=057bde9f59a0e436161b9cf38ac17af1&amp;chksm=9095a3aea7e22ab82c9d5b99b9808421c6b7159dbc78f55298737d93e0982c1445fc30888085&amp;scene=27#wechat_redirect\",\"source_url\":\"https:\/\/www.yanxishe.com\/meeting\/80\",\"cover\":\"http:\/\/mmbiz.qpic.cn\/mmbiz_jpg\/cNFA8C0uVPslBKD5WHQBO2ibyH8CibicGz6PC0zia7ouBnSXeXAUDUYR8NQlHk0xOGrp24VpLF9p3p0xwVu3czCTNQ\/0?wx_fmt=jpeg\",\"author\":\"陈大鑫\",\"copyright_stat\":11,\"del_flag\":1,\"item_show_type\":0,\"audio_fileid\":0,\"duration\":0,\"play_url\":\"\",\"malicious_title_reason_id\":0,\"malicious_content_type\":0},{\"title\":\"清华戴琼海、中科院李栋联合发文《自然•方法》，开发深度学习超分辨显微成像方法\",\"digest\":\"研究者借助新技术观测到了线粒体内脊、内质网等生物结构的动态互作新行为。\",\"content\":\"\",\"fileid\":0,\"content_url\":\"http:\/\/mp.weixin.qq.com\/s?__biz=MzA5ODEzMjIyMA==&amp;mid=2247576125&amp;idx=3&amp;sn=327801be10c2239cecdb3761825a54ab&amp;chksm=9095a3aea7e22ab81433ec28486a514230c89e3976cc81b4d0a88d1f96f733aceda7daf7f599&amp;scene=27#wechat_redirect\",\"source_url\":\"https:\/\/www.yanxishe.com\/meeting\/80\",\"cover\":\"http:\/\/mmbiz.qpic.cn\/mmbiz_jpg\/cNFA8C0uVPslBKD5WHQBO2ibyH8CibicGz6xdXx8gIHlxic7Gr1bTcTwiblXo8BGq7wOMs7NJMGLTP0612DjmjRIIww\/0?wx_fmt=jpeg\",\"author\":\"\",\"copyright_stat\":100,\"del_flag\":1,\"item_show_type\":0,\"audio_fileid\":0,\"duration\":0,\"play_url\":\"\",\"malicious_title_reason_id\":0,\"malicious_content_type\":0}],\"author\":\"陈彩娴\",\"copyright_stat\":11,\"duration\":0,\"del_flag\":1,\"item_show_type\":0,\"audio_fileid\":0,\"play_url\":\"\",\"malicious_title_reason_id\":0,\"malicious_content_type\":0}},{\"comm_msg_info\":{\"id\":1000001767,\"type\":49,\"datetime\":1612178492,\"fakeid\":\"3098132220\",\"status\":2,\"content\":\"\"},\"app_msg_ext_info\":{\"title\":\"魔幻现实！英国百年名校认为基础数学没用，要裁掉数学系补贴AI研究，图灵听后笑了笑\",\"digest\":\"人工智能之父图灵，博士就读于普林斯顿数学专业。\",\"content\":\"\",\"fileid\":0,\"content_url\":\"http:\/\/mp.weixin.qq.com\/s?__biz=MzA5ODEzMjIyMA==&amp;mid=2247576026&amp;idx=1&amp;sn=4220ac5fcc793f8c12953cab79eb5891&amp;chksm=9095a049a7e2295fb8e99866e6a54b261e33f18d9665e2e6932c61d010129dc21ca6d0ff3ceb&amp;scene=27#wechat_redirect\",\"source_url\":\"https:\/\/www.yanxishe.com\/meeting\/80\",\"cover\":\"http:\/\/mmbiz.qpic.cn\/mmbiz_jpg\/cNFA8C0uVPu2DibA6P2LBqjpYs2qbLt2eVTYJG0OFCpLPTHgWEcl0dNVKJ6RqmQNVKlBtn5djcsgQsDNq4xIicMg\/0?wx_fmt=jpeg\",\"subtype\":9,\"is_multi\":1,\"multi_app_msg_item_list\":[{\"title\":\"周志华团队开源深度森林DF21, 超参少、训练效率高，快来亲自上手！\",\"digest\":\"深度森林会是下一个如神经网络一样“幸运物种吗”？\",\"content\":\"\",\"fileid\":0,\"content_url\":\"http:\/\/mp.weixin.qq.com\/s?__biz=MzA5ODEzMjIyMA==&amp;mid=2247576026&amp;idx=2&amp;sn=dc4f8c8f93f788e82cb9e052565103f9&amp;chksm=9095a049a7e2295f0c239d55e4cca5cff6e1e1b5dd221e36d0e0c51af16efbb6c1fd514c5073&amp;scene=27#wechat_redirect\",\"source_url\":\"\",\"cover\":\"http:\/\/mmbiz.qpic.cn\/mmbiz_jpg\/cNFA8C0uVPu2DibA6P2LBqjpYs2qbLt2eAK6ltouHSpCKL8GSvrw2u6icPRRMcPKibsvyc61HIJSZczl7S2BNw4fA\/0?wx_fmt=jpeg\",\"author\":\"陈大鑫\",\"copyright_stat\":11,\"del_flag\":1,\"item_show_type\":0,\"audio_fileid\":0,\"duration\":0,\"play_url\":\"\",\"malicious_title_reason_id\":0,\"malicious_content_type\":0},{\"title\":\"别再搞纯文本了！多模文档理解更被时代需要！\",\"digest\":\"当OCR遇上语言模型，刷新6大榜单！\",\"content\":\"\",\"fileid\":0,\"content_url\":\"http:\/\/mp.weixin.qq.com\/s?__biz=MzA5ODEzMjIyMA==&amp;mid=2247576026&amp;idx=3&amp;sn=e4ba138f5fa166adb10ddcfabd6b1081&amp;chksm=9095a049a7e2295f64553f35e19e2330e93cb363129cb816864e5e19f18d5ca195b521231ba4&amp;scene=27#wechat_redirect\",\"source_url\":\"https:\/\/www.yanxishe.com\/meeting\/80\",\"cover\":\"http:\/\/mmbiz.qpic.cn\/mmbiz_jpg\/cNFA8C0uVPu2DibA6P2LBqjpYs2qbLt2eDZbV1Ftx4ASHap7gDUfCLTuS3bleESrjEWVqQgaGW0RzbeRzyspz3w\/0?wx_fmt=jpeg\",\"author\":\"子龙\",\"copyright_stat\":101,\"del_flag\":1,\"item_show_type\":0,\"audio_fileid\":0,\"duration\":0,\"play_url\":\"\",\"malicious_title_reason_id\":0,\"malicious_content_type\":0}],\"author\":\"青暮\",\"copyright_stat\":11,\"duration\":0,\"del_flag\":1,\"item_show_type\":0,\"audio_fileid\":0,\"play_url\":\"\",\"malicious_title_reason_id\":0,\"malicious_content_type\":0}},{\"comm_msg_info\":{\"id\":1000001766,\"type\":49,\"datetime\":1612067700,\"fakeid\":\"3098132220\",\"status\":2,\"content\":\"\"},\"app_msg_ext_info\":{\"title\":\"中科院计算所沈华伟：GNN发展简史，诟病才是成长动力\",\"digest\":\"盘点GNN脉络。\",\"content\":\"\",\"fileid\":0,\"content_url\":\"http:\/\/mp.weixin.qq.com\/s?__biz=MzA5ODEzMjIyMA==&amp;mid=2247575750&amp;idx=1&amp;sn=49bd9d2127fbc8b3fe7f15b8d529265c&amp;chksm=9095a155a7e228439a8b3da29dfba724f1007b0011b084bda9ec0e8b4042d7398217b96e4906&amp;scene=27#wechat_redirect\",\"source_url\":\"https:\/\/www.yanxishe.com\/meeting\/80\",\"cover\":\"http:\/\/mmbiz.qpic.cn\/mmbiz_jpg\/cNFA8C0uVPvhscA9Ncn3NEhbfWZhiaCLkibapYajddsW95XvGlic8vxoFiaKNZTohrqRl5pyqPDfloWZaEU8P16z7w\/0?wx_fmt=jpeg\",\"subtype\":9,\"is_multi\":1,\"multi_app_msg_item_list\":[{\"title\":\"和腾讯AI Lab负责人张正友聊了聊，有关梦想、成长和焦虑\",\"digest\":\"我们眼中的张正友，执着、坚定，且充满力量。\",\"content\":\"\",\"fileid\":0,\"content_url\":\"http:\/\/mp.weixin.qq.com\/s?__biz=MzA5ODEzMjIyMA==&amp;mid=2247575750&amp;idx=2&amp;sn=4c21861a43961d715cbac5654e30ba26&amp;chksm=9095a155a7e2284387ab014f052d21f30e5e910fb8720bb3178a46c54d6aed3748162ed10d92&amp;scene=27#wechat_redirect\",\"source_url\":\"https:\/\/www.yanxishe.com\/meeting\/80\",\"cover\":\"http:\/\/mmbiz.qpic.cn\/mmbiz_jpg\/cNFA8C0uVPtIXjxOPWJg8ZoLTQUJFl3VdcZ45Acf3VNvhowt1d2A5XXTuck2TTTBJlDfVUiacn7p9ibDQgH8TiaeQ\/0?wx_fmt=jpeg\",\"author\":\"热爱AI的\",\"copyright_stat\":101,\"del_flag\":1,\"item_show_type\":0,\"audio_fileid\":0,\"duration\":0,\"play_url\":\"\",\"malicious_title_reason_id\":0,\"malicious_content_type\":0},{\"title\":\"麦克马斯特大学计算机系褚令洋招收硕士生、博士生啦！\",\"digest\":\"麦克马斯特大学是世界著名学府，加拿大顶尖大学之一。\",\"content\":\"\",\"fileid\":0,\"content_url\":\"http:\/\/mp.weixin.qq.com\/s?__biz=MzA5ODEzMjIyMA==&amp;mid=2247575750&amp;idx=3&amp;sn=fe8038f362eb2d6ea8e79bdae830f6d6&amp;chksm=9095a155a7e22843f73796d6e95c68effa29acbe715e0bb08803bc2ba8a5dd351a6890e25e7f&amp;scene=27#wechat_redirect\",\"source_url\":\"https:\/\/www.yanxishe.com\/meeting\/80\",\"cover\":\"http:\/\/mmbiz.qpic.cn\/mmbiz_jpg\/cNFA8C0uVPtIXjxOPWJg8ZoLTQUJFl3Vkc50ZrdtfPibAnH2oF34x3Un7kb6xhc6hvmu8vtzWV7hIR1sg9DCUww\/0?wx_fmt=jpeg\",\"author\":\"\",\"copyright_stat\":100,\"del_flag\":1,\"item_show_type\":0,\"audio_fileid\":0,\"duration\":0,\"play_url\":\"\",\"malicious_title_reason_id\":0,\"malicious_content_type\":0}],\"author\":\"周寅张皓\",\"copyright_stat\":101,\"duration\":0,\"del_flag\":1,\"item_show_type\":0,\"audio_fileid\":0,\"play_url\":\"\",\"malicious_title_reason_id\":0,\"malicious_content_type\":0}},{\"comm_msg_info\":{\"id\":1000001765,\"type\":49,\"datetime\":1612000688,\"fakeid\":\"3098132220\",\"status\":2,\"content\":\"\"},\"app_msg_ext_info\":{\"title\":\"太赛博朋克了！华为天才少年自制B站百大Up奖杯，网友：技术难度不高，但侮辱性极强\",\"digest\":\"还能显示天气预报，当桌面小相册的那种。\",\"content\":\"\",\"fileid\":0,\"content_url\":\"http:\/\/mp.weixin.qq.com\/s?__biz=MzA5ODEzMjIyMA==&amp;mid=2247575684&amp;idx=1&amp;sn=83745418af68f566377deb8ee18380ef&amp;chksm=9095a117a7e22801db197942391a726f27403c7f32478850dbed88403aec3987034328862db3&amp;scene=27#wechat_redirect\",\"source_url\":\"https:\/\/www.yanxishe.com\/meeting\/80\",\"cover\":\"http:\/\/mmbiz.qpic.cn\/mmbiz_jpg\/cNFA8C0uVPungrYFXP9r4sDiacmeVuNia659I9f6JrhfVEE4dKv0Sm1uOHKOQECM5qyqFibibMHaXS8HxSECjccOEg\/0?wx_fmt=jpeg\",\"subtype\":9,\"is_multi\":1,\"multi_app_msg_item_list\":[{\"title\":\"Transformer全面超越ResNet：依图开源“可大可小”T2T-ViT，轻量版优于MobileNet\",\"digest\":\"最终，仅仅依赖于ImageNet数据，而无需JFT-300M预训练，所提方案即可取得全面超越ResNet的性能，且参数量与计算量显著降低。\",\"content\":\"\",\"fileid\":0,\"content_url\":\"http:\/\/mp.weixin.qq.com\/s?__biz=MzA5ODEzMjIyMA==&amp;mid=2247575684&amp;idx=2&amp;sn=8481acb5b120b43e1f141b9d641f4455&amp;chksm=9095a117a7e228010bf1f9dfe89d8f5c1c0c461c7c3585178c68ab12478e77f7e7b526fde5e2&amp;scene=27#wechat_redirect\",\"source_url\":\"https:\/\/www.yanxishe.com\/meeting\/80\",\"cover\":\"http:\/\/mmbiz.qpic.cn\/mmbiz_jpg\/cNFA8C0uVPungrYFXP9r4sDiacmeVuNia6L6zXWXYeDeNoh1bxnxTGjqM3kicuo94ibvLuv0GXC8Zdhma4WnTTowRw\/0?wx_fmt=jpeg\",\"author\":\"CV开发者都爱看的\",\"copyright_stat\":201,\"del_flag\":1,\"item_show_type\":0,\"audio_fileid\":0,\"duration\":0,\"play_url\":\"\",\"malicious_title_reason_id\":0,\"malicious_content_type\":0},{\"title\":\"施路平、陶大程等人出席：人工智能前沿论坛来了！\",\"digest\":\"2月2日全天直播！AI大咖分享精彩不断～\",\"content\":\"\",\"fileid\":0,\"content_url\":\"http:\/\/mp.weixin.qq.com\/s?__biz=MzA5ODEzMjIyMA==&amp;mid=2247575684&amp;idx=3&amp;sn=381b808e82091a42c5e3a758c90bd454&amp;chksm=9095a117a7e228012ba49c74e661bab3273e5e5428de2d27144815c14dae545ee0975518bceb&amp;scene=27#wechat_redirect\",\"source_url\":\"https:\/\/www.yanxishe.com\/meeting\/80\",\"cover\":\"http:\/\/mmbiz.qpic.cn\/mmbiz_jpg\/cNFA8C0uVPungrYFXP9r4sDiacmeVuNia6fx9y6z0nopIvCJzMpia6ya3TJAcBCOLiaMJaysVbgjgMfw6rLDDZcz1A\/0?wx_fmt=jpeg\",\"author\":\"\",\"copyright_stat\":100,\"del_flag\":1,\"item_show_type\":0,\"audio_fileid\":0,\"duration\":0,\"play_url\":\"\",\"malicious_title_reason_id\":0,\"malicious_content_type\":0}],\"author\":\"贝爽\",\"copyright_stat\":100,\"duration\":0,\"del_flag\":1,\"item_show_type\":0,\"audio_fileid\":0,\"play_url\":\"\",\"malicious_title_reason_id\":0,\"malicious_content_type\":0}},{\"comm_msg_info\":{\"id\":1000001764,\"type\":49,\"datetime\":1611915300,\"fakeid\":\"3098132220\",\"status\":2,\"content\":\"\"},\"app_msg_ext_info\":{\"title\":\"发顶会论文，怎么就那么难？\",\"digest\":\"随着 AI 领域越来越火热，各大顶会的论文发布似乎也越来越难。\",\"content\":\"\",\"fileid\":100091888,\"content_url\":\"http:\/\/mp.weixin.qq.com\/s?__biz=MzA5ODEzMjIyMA==&amp;mid=2247575610&amp;idx=1&amp;sn=fedd5aa47c75edcd8df79bf903df6e66&amp;chksm=9095a1a9a7e228bf97ba688da01837c2bd908f63af822ded9cad6fe8d2d7a55c82dc690feed3&amp;scene=27#wechat_redirect\",\"source_url\":\"https:\/\/www.yanxishe.com\/meeting\/80\",\"cover\":\"http:\/\/mmbiz.qpic.cn\/mmbiz_jpg\/cNFA8C0uVPvfLKlqKX5x6ovqNeP4XmtdqyOGmSvaXwAE41aNejN2zkJuw2KWcmubdwjYy2tOItscMB5yG5YGRA\/0?wx_fmt=jpeg\",\"subtype\":9,\"is_multi\":1,\"multi_app_msg_item_list\":[{\"title\":\"华人学者张晓东获得IEEE \/ ACM国际微架构研讨会最高荣誉\",\"digest\":\"该奖的评选标准是论文在发表18~22年后仍然有强大的影响力。\",\"content\":\"\",\"fileid\":0,\"content_url\":\"http:\/\/mp.weixin.qq.com\/s?__biz=MzA5ODEzMjIyMA==&amp;mid=2247575610&amp;idx=2&amp;sn=f5c381ee0ef114eb99f527d50c6069b7&amp;chksm=9095a1a9a7e228bf5e38a4c77c7ff11315e1c536c3df58f8cb359ae4254cb0a437a6944c466c&amp;scene=27#wechat_redirect\",\"source_url\":\"https:\/\/www.yanxishe.com\/meeting\/80\",\"cover\":\"http:\/\/mmbiz.qpic.cn\/mmbiz_jpg\/cNFA8C0uVPvfLKlqKX5x6ovqNeP4XmtdrWicgSqQXYfOP6ibab5f0UJRwybVtZezlwPgnCMtJrKH1nzh2NrukPcw\/0?wx_fmt=jpeg\",\"author\":\"蒋宝尚\",\"copyright_stat\":11,\"del_flag\":1,\"item_show_type\":0,\"audio_fileid\":0,\"duration\":0,\"play_url\":\"\",\"malicious_title_reason_id\":0,\"malicious_content_type\":0},{\"title\":\"国际AI顶会新趋势：联邦学习成热门\",\"digest\":\"AAAI2021期间，将举办以“健壮、安全、高效的机器学习”为主题的国际研讨会。\",\"content\":\"\",\"fileid\":100091275,\"content_url\":\"http:\/\/mp.weixin.qq.com\/s?__biz=MzA5ODEzMjIyMA==&amp;mid=2247575610&amp;idx=3&amp;sn=3137ac3ff816278f98dc723733096f48&amp;chksm=9095a1a9a7e228bf938736f86fabf5c96cd99a84609c1410fc4e147a06fa8525c0745515d6b0&amp;scene=27#wechat_redirect\",\"source_url\":\"\",\"cover\":\"http:\/\/mmbiz.qpic.cn\/mmbiz_jpg\/cNFA8C0uVPvfLKlqKX5x6ovqNeP4XmtdLf46A5JdBy1XR3uLkMDnQ2VKsFqvuctLRF5j6A5hVgjZXXuBVTk5VQ\/0?wx_fmt=jpeg\",\"author\":\"\",\"copyright_stat\":100,\"del_flag\":1,\"item_show_type\":0,\"audio_fileid\":0,\"duration\":0,\"play_url\":\"\",\"malicious_title_reason_id\":0,\"malicious_content_type\":0},{\"title\":\"AAAI 2021北邮GAMMA Lab 图神经网络专场，两位硕博学霸精彩分享！\",\"digest\":\"1月30日（周六）14：00-16：00，来听北邮 GAMMA Lab 两篇 AAAI 2021的工作分享。\",\"content\":\"\",\"fileid\":100091275,\"content_url\":\"http:\/\/mp.weixin.qq.com\/s?__biz=MzA5ODEzMjIyMA==&amp;mid=2247575610&amp;idx=4&amp;sn=36e185fb9fac65386b584fbf198393c5&amp;chksm=9095a1a9a7e228bfe45933180c9226cd9ddcdf41d9959ec23def4583e58a23edf87fd21cb51d&amp;scene=27#wechat_redirect\",\"source_url\":\"https:\/\/live.yanxishe.com\/room\/899\",\"cover\":\"http:\/\/mmbiz.qpic.cn\/mmbiz_jpg\/cNFA8C0uVPsArtnH64OyicVD8NRnnYmpwDJN1PBHmqA2CeJVscke30icqZia4PN6ucBiaedib7OO4OmNTJicF0Ytck1w\/0?wx_fmt=jpeg\",\"author\":\"AI科技评论\",\"copyright_stat\":11,\"del_flag\":1,\"item_show_type\":0,\"audio_fileid\":0,\"duration\":0,\"play_url\":\"\",\"malicious_title_reason_id\":0,\"malicious_content_type\":0}],\"author\":\"微软亚洲研究院\",\"copyright_stat\":101,\"duration\":0,\"del_flag\":1,\"item_show_type\":0,\"audio_fileid\":0,\"play_url\":\"\",\"malicious_title_reason_id\":0,\"malicious_content_type\":0}},{\"comm_msg_info\":{\"id\":1000001763,\"type\":49,\"datetime\":1611808560,\"fakeid\":\"3098132220\",\"status\":2,\"content\":\"\"},\"app_msg_ext_info\":{\"title\":\"张含望：将因果关系引入计算机视觉的“小学生”\",\"digest\":\"因果关系的魅力：correlation+causality &gt; correlation！\",\"content\":\"\",\"fileid\":100091851,\"content_url\":\"http:\/\/mp.weixin.qq.com\/s?__biz=MzA5ODEzMjIyMA==&amp;mid=2247575503&amp;idx=1&amp;sn=1a3a0c3f99f2bee229e983ca5e4564be&amp;chksm=9095ae5ca7e2274a817ca681ea37267e33c139c54c406f73a5f964b3c11691edb48595a7077f&amp;scene=27#wechat_redirect\",\"source_url\":\"https:\/\/www.yanxishe.com\/meeting\/80\",\"cover\":\"http:\/\/mmbiz.qpic.cn\/mmbiz_jpg\/cNFA8C0uVPsArtnH64OyicVD8NRnnYmpwu09FXAfU7TBXrMNcv0IibDCwcnKvWFVDFUms8N8dC4tFNJS4JZHJjiag\/0?wx_fmt=jpeg\",\"subtype\":9,\"is_multi\":1,\"multi_app_msg_item_list\":[{\"title\":\"Hinton最新访谈：无监督胶囊网络、对比学习以及大脑中的反向传播\",\"digest\":\"“我人生的主要目标是了解大脑是如何工作的，技术只是有用的副产品。”\",\"content\":\"\",\"fileid\":0,\"content_url\":\"http:\/\/mp.weixin.qq.com\/s?__biz=MzA5ODEzMjIyMA==&amp;mid=2247575503&amp;idx=2&amp;sn=c5e1b5e98c4c6f700ac8b736b240b373&amp;chksm=9095ae5ca7e2274a84eb5179710e83466f75b8451401ab847d198555dfa0ca2329c046dd4fdb&amp;scene=27#wechat_redirect\",\"source_url\":\"https:\/\/www.yanxishe.com\/meeting\/80\",\"cover\":\"http:\/\/mmbiz.qpic.cn\/mmbiz_jpg\/cNFA8C0uVPsArtnH64OyicVD8NRnnYmpwnQEjoaNhb8iaCXoFIYl3kbln46vnreK9KcKAiaSticW0uJJbEfjviaDhIw\/0?wx_fmt=jpeg\",\"author\":\"林檎、Hugo\",\"copyright_stat\":101,\"del_flag\":1,\"item_show_type\":0,\"audio_fileid\":0,\"duration\":0,\"play_url\":\"\",\"malicious_title_reason_id\":0,\"malicious_content_type\":0},{\"title\":\"朱松纯创办公司暗物智能完成5亿A轮融资！\",\"digest\":\"朱松纯认为，人工智能应用进入深水区，AI从感知走向认知是必然趋势。\",\"content\":\"\",\"fileid\":0,\"content_url\":\"http:\/\/mp.weixin.qq.com\/s?__biz=MzA5ODEzMjIyMA==&amp;mid=2247575503&amp;idx=3&amp;sn=b75108539f5ec403b011b1ebf60faaf5&amp;chksm=9095ae5ca7e2274ae9291ac5f5c1ad5369f6c9427dee40d68bf5656bc213b7ab41d99954be1b&amp;scene=27#wechat_redirect\",\"source_url\":\"https:\/\/www.yanxishe.com\/meeting\/80\",\"cover\":\"http:\/\/mmbiz.qpic.cn\/mmbiz_jpg\/cNFA8C0uVPsArtnH64OyicVD8NRnnYmpwecN9SdjTiaFJYCh08s5RgD7MY1iclt8TyZ2kcbVvWZJJYkjXHVlNZiaCQ\/0?wx_fmt=jpeg\",\"author\":\"\",\"copyright_stat\":100,\"del_flag\":1,\"item_show_type\":0,\"audio_fileid\":0,\"duration\":0,\"play_url\":\"\",\"malicious_title_reason_id\":0,\"malicious_content_type\":0},{\"title\":\"AAAI 2021北邮GAMMA Lab 图神经网络专场，两位硕博学霸精彩分享！\",\"digest\":\"1月30日（周六）14：00-16：00，来听北邮 GAMMA Lab 两篇 AAAI 2021的工作分享。\",\"content\":\"\",\"fileid\":100091275,\"content_url\":\"http:\/\/mp.weixin.qq.com\/s?__biz=MzA5ODEzMjIyMA==&amp;mid=2247575503&amp;idx=4&amp;sn=a682d92a81b568a63e47102536c1f119&amp;chksm=9095ae5ca7e2274a7320824712e401d0572446dfc5a760e557815c73fcbdcaa588eefe125caf&amp;scene=27#wechat_redirect\",\"source_url\":\"https:\/\/live.yanxishe.com\/room\/899\",\"cover\":\"http:\/\/mmbiz.qpic.cn\/mmbiz_jpg\/cNFA8C0uVPsArtnH64OyicVD8NRnnYmpwDJN1PBHmqA2CeJVscke30icqZia4PN6ucBiaedib7OO4OmNTJicF0Ytck1w\/0?wx_fmt=jpeg\",\"author\":\"AI科技评论\",\"copyright_stat\":11,\"del_flag\":1,\"item_show_type\":0,\"audio_fileid\":0,\"duration\":0,\"play_url\":\"\",\"malicious_title_reason_id\":0,\"malicious_content_type\":0}],\"author\":\"陈彩娴\",\"copyright_stat\":11,\"duration\":0,\"del_flag\":1,\"item_show_type\":0,\"audio_fileid\":0,\"play_url\":\"\",\"malicious_title_reason_id\":0,\"malicious_content_type\":0}},{\"comm_msg_info\":{\"id\":1000001762,\"type\":49,\"datetime\":1611744755,\"fakeid\":\"3098132220\",\"status\":2,\"content\":\"\"},\"app_msg_ext_info\":{\"title\":\"“饶毅举报”事件尘埃落定，裴钢表示未发现裴钢造假。网友：我有信心一年发20篇SCI\",\"digest\":\"Nature近日也发表文章讨论此事，并提出了质疑。\",\"content\":\"\",\"fileid\":0,\"content_url\":\"http:\/\/mp.weixin.qq.com\/s?__biz=MzA5ODEzMjIyMA==&amp;mid=2247575438&amp;idx=1&amp;sn=371ec3e6e3d1889f423d0159c9fe9d0d&amp;chksm=9095ae1da7e2270b49021a0a33879963f4d3499196c5abab0b47a087d3758b9ede2309691ce1&amp;scene=27#wechat_redirect\",\"source_url\":\"https:\/\/www.yanxishe.com\/meeting\/80\",\"cover\":\"http:\/\/mmbiz.qpic.cn\/mmbiz_jpg\/cNFA8C0uVPt3WLia1ibicWjGiaUkIA0ts9wtmAKY3BmLv4lPIy5HJZiaUHFt5J0x0f0wu1qavQMicANCaoGibS5T9Dn3g\/0?wx_fmt=jpeg\",\"subtype\":9,\"is_multi\":1,\"multi_app_msg_item_list\":[{\"title\":\"陈丹琦、杨笛一、李宏毅荣获Salesforce AI研究基金，每人5万美元！\",\"digest\":\"大神们又双叒叕获奖了！\",\"content\":\"\",\"fileid\":0,\"content_url\":\"http:\/\/mp.weixin.qq.com\/s?__biz=MzA5ODEzMjIyMA==&amp;mid=2247575438&amp;idx=2&amp;sn=f48e1a4aace8f8875ca3fb0f97108256&amp;chksm=9095ae1da7e2270b292176461dd2e2727362475f17b6235f3bc0ed6d4bd3550dfa5720a3dce2&amp;scene=27#wechat_redirect\",\"source_url\":\"https:\/\/www.yanxishe.com\/meeting\/80\",\"cover\":\"http:\/\/mmbiz.qpic.cn\/mmbiz_jpg\/cNFA8C0uVPt3WLia1ibicWjGiaUkIA0ts9wt2sDCOR2ugTYsYReTRfRKicOLpicR1QDjiaiconibXjOptvTbefRLxyibjU3g\/0?wx_fmt=jpeg\",\"author\":\"陈大鑫\",\"copyright_stat\":11,\"del_flag\":1,\"item_show_type\":0,\"audio_fileid\":0,\"duration\":0,\"play_url\":\"\",\"malicious_title_reason_id\":0,\"malicious_content_type\":0},{\"title\":\"百度多语言模型ERNIE-M登顶XTREME基准，可理解96种语言\",\"digest\":\"XTREME是CMU、谷歌等提出的覆盖四十种语言的大规模多语言多任务基准。\",\"content\":\"\",\"fileid\":0,\"content_url\":\"http:\/\/mp.weixin.qq.com\/s?__biz=MzA5ODEzMjIyMA==&amp;mid=2247575438&amp;idx=3&amp;sn=39d1c04f2a8bd9d2948732199dd7673b&amp;chksm=9095ae1da7e2270b449ef9aa5674dca4d3baddf004c12dd232f92f08489e504fdc3433250194&amp;scene=27#wechat_redirect\",\"source_url\":\"https:\/\/www.yanxishe.com\/meeting\/80\",\"cover\":\"http:\/\/mmbiz.qpic.cn\/mmbiz_jpg\/cNFA8C0uVPtKytBsPJZ95pBPDQppmVUoD0X6mI0gc99Iqge8Vz7p2G7MJfdVex0FanrfKdxrEyA3lJPJ3TNAQA\/0?wx_fmt=jpeg\",\"author\":\"青暮\",\"copyright_stat\":100,\"del_flag\":1,\"item_show_type\":0,\"audio_fileid\":0,\"duration\":0,\"play_url\":\"\",\"malicious_title_reason_id\":0,\"malicious_content_type\":0}],\"author\":\"青暮\",\"copyright_stat\":100,\"duration\":0,\"del_flag\":1,\"item_show_type\":0,\"audio_fileid\":0,\"play_url\":\"\",\"malicious_title_reason_id\":0,\"malicious_content_type\":0}},{\"comm_msg_info\":{\"id\":1000001761,\"type\":49,\"datetime\":1611654659,\"fakeid\":\"3098132220\",\"status\":2,\"content\":\"\"},\"app_msg_ext_info\":{\"title\":\"2021年微软研究博士奖研金名单出炉！三位华人博士生入选，每人42000美元\",\"digest\":\"获奖三人分别是伊利诺伊大学香槟分校黄佳新、华盛顿大学覃莲卉、多伦多大学杨斌。\",\"content\":\"\",\"fileid\":0,\"content_url\":\"http:\/\/mp.weixin.qq.com\/s?__biz=MzA5ODEzMjIyMA==&amp;mid=2247575305&amp;idx=1&amp;sn=35ec7aae9719d575b43abd50879a09f7&amp;chksm=9095ae9aa7e2278c56f17c33214cc74c418f767e6533263c75f9eb9d0812c4b6d96631917deb&amp;scene=27#wechat_redirect\",\"source_url\":\"https:\/\/www.yanxishe.com\/meeting\/80\",\"cover\":\"http:\/\/mmbiz.qpic.cn\/mmbiz_jpg\/cNFA8C0uVPtKytBsPJZ95pBPDQppmVUoagRiarBBKrOk3jciaYC1GSJAKsErSnMDp46rJbrfuAibboPo5lTnBvkjA\/0?wx_fmt=jpeg\",\"subtype\":9,\"is_multi\":1,\"multi_app_msg_item_list\":[{\"title\":\"华人首位！清华学子尤洋 荣升新加坡国立大学“校长青年教授”\",\"digest\":\"温馨提醒：尤洋目前正在招收博士、博士后和访问学者。\",\"content\":\"\",\"fileid\":0,\"content_url\":\"http:\/\/mp.weixin.qq.com\/s?__biz=MzA5ODEzMjIyMA==&amp;mid=2247575305&amp;idx=2&amp;sn=3e2a3f86c5b0ecf59db6e5ac7645dd78&amp;chksm=9095ae9aa7e2278c7d11136229b2d8a523e4e3c64cd32fbe913b8399f5a7d56d70628ab3dd57&amp;scene=27#wechat_redirect\",\"source_url\":\"https:\/\/www.yanxishe.com\/meeting\/80\",\"cover\":\"http:\/\/mmbiz.qpic.cn\/mmbiz_jpg\/cNFA8C0uVPtKytBsPJZ95pBPDQppmVUocSMIRfmqT1c6uUB5xDdIn6BKqtx1UTvPDd8iceX9RZ5ibLfd7wnQX2pA\/0?wx_fmt=jpeg\",\"author\":\"蒋宝尚\",\"copyright_stat\":11,\"del_flag\":1,\"item_show_type\":0,\"audio_fileid\":0,\"duration\":0,\"play_url\":\"\",\"malicious_title_reason_id\":0,\"malicious_content_type\":0},{\"title\":\"深大陈国良、上海交大孙永强两位教授荣获2020年“CCF终身成就奖”！\",\"digest\":\"以表彰他们为中国计算机事业的发展做出的卓越贡献。\",\"content\":\"\",\"fileid\":0,\"content_url\":\"http:\/\/mp.weixin.qq.com\/s?__biz=MzA5ODEzMjIyMA==&amp;mid=2247575305&amp;idx=3&amp;sn=234fce41c8ae9875d615dd3fd2266926&amp;chksm=9095ae9aa7e2278c3ad2a7ae62a40b7b3d95771ec8e18e144eafcef976933fbb1325fb55c7d8&amp;scene=27#wechat_redirect\",\"source_url\":\"\",\"cover\":\"http:\/\/mmbiz.qpic.cn\/mmbiz_jpg\/cNFA8C0uVPtKytBsPJZ95pBPDQppmVUoo16CYKfmqepjiaYa3jq1eoBN0lcZq9z7DgLeq250MicuZDic56HbdODXA\/0?wx_fmt=jpeg\",\"author\":\"中国计算机学会\",\"copyright_stat\":100,\"del_flag\":1,\"item_show_type\":0,\"audio_fileid\":0,\"duration\":0,\"play_url\":\"\",\"malicious_title_reason_id\":0,\"malicious_content_type\":0},{\"title\":\"陶大程教授讲座预告：Towards Trustworthy AI\",\"digest\":\"陶大程是悉尼大学教授，IEEE\/AAAS\/ACM Fellow。\",\"content\":\"\",\"fileid\":0,\"content_url\":\"http:\/\/mp.weixin.qq.com\/s?__biz=MzA5ODEzMjIyMA==&amp;mid=2247575305&amp;idx=4&amp;sn=2987098cfed1c732ded71d012eeedc5b&amp;chksm=9095ae9aa7e2278c165cad82870fb4cb1a2c91b8a2eed11cb6936217b84dd60f088e6e02de48&amp;scene=27#wechat_redirect\",\"source_url\":\"\",\"cover\":\"http:\/\/mmbiz.qpic.cn\/mmbiz_jpg\/cNFA8C0uVPtKytBsPJZ95pBPDQppmVUo6AmicOX3ehpbh1ytNvibZDll9tD3IZ2UypTeFI0matHJbeNZHwYTElBg\/0?wx_fmt=jpeg\",\"author\":\"紫冬君\",\"copyright_stat\":101,\"del_flag\":1,\"item_show_type\":0,\"audio_fileid\":0,\"duration\":0,\"play_url\":\"\",\"malicious_title_reason_id\":0,\"malicious_content_type\":0},{\"title\":\"今日八点直播！AAAI 2021线上分享：一种基于可见区域分割和形状先验的无模态分割模型\",\"digest\":\"肖宇廷，上海科技大学三年级硕士生，师从高盛华教授，研究方向包括异常检测，图像分割等。\",\"content\":\"\",\"fileid\":100091275,\"content_url\":\"http:\/\/mp.weixin.qq.com\/s?__biz=MzA5ODEzMjIyMA==&amp;mid=2247575305&amp;idx=5&amp;sn=597b62c04a890d4cbe37a891e75657e2&amp;chksm=9095ae9aa7e2278c8a7760587a2ddded65224994a941ab7214cb7c6825677e673dc569f4bff3&amp;scene=27#wechat_redirect\",\"source_url\":\"https:\/\/live.yanxishe.com\/room\/898\",\"cover\":\"http:\/\/mmbiz.qpic.cn\/mmbiz_jpg\/cNFA8C0uVPvx9442L38ZWL3Kyr14HeBUSaMdfibJPLkvs1IuoKbz7XU9Qwb3ic77adq9pu80oOgUpOZicpFaGTqHA\/0?wx_fmt=jpeg\",\"author\":\"\",\"copyright_stat\":100,\"del_flag\":1,\"item_show_type\":0,\"audio_fileid\":0,\"duration\":0,\"play_url\":\"\",\"malicious_title_reason_id\":0,\"malicious_content_type\":0}],\"author\":\"陈大鑫\",\"copyright_stat\":11,\"duration\":0,\"del_flag\":1,\"item_show_type\":0,\"audio_fileid\":0,\"play_url\":\"\",\"malicious_title_reason_id\":0,\"malicious_content_type\":0}},{\"comm_msg_info\":{\"id\":1000001760,\"type\":49,\"datetime\":1611575742,\"fakeid\":\"3098132220\",\"status\":2,\"content\":\"\"},\"app_msg_ext_info\":{\"title\":\"图灵奖得主Yann LeCun的六十年\",\"digest\":\"AI科技评论带大家回顾LeCun的一路走来的六十年。\",\"content\":\"\",\"fileid\":0,\"content_url\":\"http:\/\/mp.weixin.qq.com\/s?__biz=MzA5ODEzMjIyMA==&amp;mid=2247575202&amp;idx=1&amp;sn=51c5e56d3c1a1c5c63732d0ad7235aa1&amp;chksm=9095af31a7e22627f5d46d679ccc0d585fa56d74665dee8106841fa226c88ba69064e1e0ef8c&amp;scene=27#wechat_redirect\",\"source_url\":\"\",\"cover\":\"http:\/\/mmbiz.qpic.cn\/mmbiz_jpg\/cNFA8C0uVPu5Hzx5ModzA7I3SMTbfPTag9e4aPzHaMhqvMztUiaibew72ArodibIXqbR31Rvb2XMl37PCHavjpib9g\/0?wx_fmt=jpeg\",\"subtype\":9,\"is_multi\":1,\"multi_app_msg_item_list\":[{\"title\":\"裴钢学生凌堃发信请饶毅配合，饶毅：不要帮倒忙\",\"digest\":\"截止发稿时间，凌堃和裴钢尚未对饶毅的最新邮件发表新的回应。\",\"content\":\"\",\"fileid\":0,\"content_url\":\"http:\/\/mp.weixin.qq.com\/s?__biz=MzA5ODEzMjIyMA==&amp;mid=2247575202&amp;idx=2&amp;sn=c018c9d5757de5142fd72964d1c5b917&amp;chksm=9095af31a7e2262706d7fc99a33017d623094d06909203e1fdf23252d896b8942464d307e855&amp;scene=27#wechat_redirect\",\"source_url\":\"https:\/\/www.yanxishe.com\/meeting\/80\",\"cover\":\"http:\/\/mmbiz.qpic.cn\/mmbiz_jpg\/cNFA8C0uVPu5Hzx5ModzA7I3SMTbfPTaYibFFWUWCFqAKUQZHDSSgd5iagUWSsczaIagL5PyfInUoiaLDNIT0yuOw\/0?wx_fmt=jpeg\",\"author\":\"\",\"copyright_stat\":100,\"del_flag\":1,\"item_show_type\":0,\"audio_fileid\":0,\"duration\":0,\"play_url\":\"\",\"malicious_title_reason_id\":0,\"malicious_content_type\":0},{\"title\":\"12.8k星“程序员考公指南”登顶GitHub：告别996，真香！\",\"digest\":\"这不是一个励志故事，而是一个普通人在社会中挣扎求生的故事。”\",\"content\":\"\",\"fileid\":0,\"content_url\":\"http:\/\/mp.weixin.qq.com\/s?__biz=MzA5ODEzMjIyMA==&amp;mid=2247575202&amp;idx=3&amp;sn=71891f90abe518976bc4a2f57e1fc6b1&amp;chksm=9095af31a7e22627a754fa849b0b4c432599a62ccd8c03acc56d017342571cd1da9654264812&amp;scene=27#wechat_redirect\",\"source_url\":\"https:\/\/www.yanxishe.com\/meeting\/80\",\"cover\":\"http:\/\/mmbiz.qpic.cn\/mmbiz_jpg\/cNFA8C0uVPu5Hzx5ModzA7I3SMTbfPTaEtuxuRicHnImypHDsXcTjK074BxfggW5I6ndx1Sc8BxVSFiahPzgiaX7A\/0?wx_fmt=jpeg\",\"author\":\"贝爽\",\"copyright_stat\":100,\"del_flag\":1,\"item_show_type\":0,\"audio_fileid\":0,\"duration\":0,\"play_url\":\"\",\"malicious_title_reason_id\":0,\"malicious_content_type\":0},{\"title\":\"一种基于可见区域分割和形状先验的无模态分割模型 | AAAI 2021线上分享\",\"digest\":\"肖宇廷，上海科技大学三年级硕士生，师从高盛华教授，研究方向包括异常检测，图像分割等。\",\"content\":\"\",\"fileid\":100091275,\"content_url\":\"http:\/\/mp.weixin.qq.com\/s?__biz=MzA5ODEzMjIyMA==&amp;mid=2247575202&amp;idx=4&amp;sn=5deaec07b92d1da434397750eeefd2d5&amp;chksm=9095af31a7e22627c5386747f46e910dd1ad07962e9b01b6380c6141af02f3075e32873f5833&amp;scene=27#wechat_redirect\",\"source_url\":\"https:\/\/live.yanxishe.com\/room\/898\",\"cover\":\"http:\/\/mmbiz.qpic.cn\/mmbiz_jpg\/cNFA8C0uVPvx9442L38ZWL3Kyr14HeBUSaMdfibJPLkvs1IuoKbz7XU9Qwb3ic77adq9pu80oOgUpOZicpFaGTqHA\/0?wx_fmt=jpeg\",\"author\":\"\",\"copyright_stat\":100,\"del_flag\":1,\"item_show_type\":0,\"audio_fileid\":0,\"duration\":0,\"play_url\":\"\",\"malicious_title_reason_id\":0,\"malicious_content_type\":0}],\"author\":\"陈大鑫、青暮\",\"copyright_stat\":11,\"duration\":0,\"del_flag\":1,\"item_show_type\":0,\"audio_fileid\":0,\"play_url\":\"\",\"malicious_title_reason_id\":0,\"malicious_content_type\":0}},{\"comm_msg_info\":{\"id\":1000001759,\"type\":49,\"datetime\":1611478800,\"fakeid\":\"3098132220\",\"status\":2,\"content\":\"\"},\"app_msg_ext_info\":{\"title\":\"Gary Marcus：AI 可以从人类思维中学习的11个启示\",\"digest\":\"AI 的下一步发展应从专注于执行人类知识的核心框架开始。\",\"content\":\"\",\"fileid\":0,\"content_url\":\"http:\/\/mp.weixin.qq.com\/s?__biz=MzA5ODEzMjIyMA==&amp;mid=2247575037&amp;idx=1&amp;sn=26a1a03ec7adb06f0e1f6b74eb9d209e&amp;chksm=9095ac6ea7e22578b517b07feb9acc998959074b0189dbdf81605bbb8b925e3e13347f18da77&amp;scene=27#wechat_redirect\",\"source_url\":\"https:\/\/www.yanxishe.com\/meeting\/80\",\"cover\":\"http:\/\/mmbiz.qpic.cn\/mmbiz_jpg\/cNFA8C0uVPvhscA9Ncn3NEhbfWZhiaCLkLzSiaz9QVFcZ8DricqLSvL1NpBGiaKaJLBuC5fNuL2GvhKGkITKpU7WUQ\/0?wx_fmt=jpeg\",\"subtype\":9,\"is_multi\":1,\"multi_app_msg_item_list\":[{\"title\":\"周志华教授公布IJCAI 2021投稿量：4204篇，相比去年下降10%！\",\"digest\":\"这也是近五年来IJCAI 论文投稿量首次出现同比去年下降的情况。\",\"content\":\"\",\"fileid\":0,\"content_url\":\"http:\/\/mp.weixin.qq.com\/s?__biz=MzA5ODEzMjIyMA==&amp;mid=2247575037&amp;idx=2&amp;sn=d102dd06e56f79d4170bc7062766afa8&amp;chksm=9095ac6ea7e22578c1616bd736a7662ec63ecd1dd1be6997334b5078250ea64f0c343646a69e&amp;scene=27#wechat_redirect\",\"source_url\":\"https:\/\/www.yanxishe.com\/meeting\/80\",\"cover\":\"http:\/\/mmbiz.qpic.cn\/mmbiz_jpg\/cNFA8C0uVPsWawe9hXPvwePklQqgQMy9fuianibGSVDylLQCo6wwccDScWB1o5zqERfys72R3dYTBzuBibA7CS9zQ\/0?wx_fmt=jpeg\",\"author\":\"陈大鑫\",\"copyright_stat\":11,\"del_flag\":1,\"item_show_type\":0,\"audio_fileid\":0,\"duration\":0,\"play_url\":\"\",\"malicious_title_reason_id\":0,\"malicious_content_type\":0},{\"title\":\"纠结于联合学习中的建模方法？快来看看图网络显式建模!\",\"digest\":\"本文提出了一个协同交互的图注意力网络，构造了交叉任务连接和交叉话语连接，并相互进行迭代更新，从而实现了同时结合上下文信息和交互信息的建模。\",\"content\":\"\",\"fileid\":0,\"content_url\":\"http:\/\/mp.weixin.qq.com\/s?__biz=MzA5ODEzMjIyMA==&amp;mid=2247575037&amp;idx=3&amp;sn=c6ed0aed3c4280cf676b37eebe247b28&amp;chksm=9095ac6ea7e2257808c4d1b59122fb945d85f2aee8208a87658daf2391fbb39ace000eb68568&amp;scene=27#wechat_redirect\",\"source_url\":\"\",\"cover\":\"http:\/\/mmbiz.qpic.cn\/mmbiz_jpg\/58FUuNaBUjrtZscwIaibzCXsmsPjkjPcibmGMcjHmDprWhiajhRicuhce68QbRibOJIMImCeLaskzZelyglv3U00ib5Q\/0?wx_fmt=jpeg\",\"author\":\"哈工大SCIR\",\"copyright_stat\":201,\"del_flag\":1,\"item_show_type\":0,\"audio_fileid\":0,\"duration\":0,\"play_url\":\"\",\"malicious_title_reason_id\":0,\"malicious_content_type\":0}],\"author\":\"Gary Marcus\",\"copyright_stat\":100,\"duration\":0,\"del_flag\":1,\"item_show_type\":0,\"audio_fileid\":0,\"play_url\":\"\",\"malicious_title_reason_id\":0,\"malicious_content_type\":0}}]}","next_offset":141,"video_count":1,"use_video_tab":1,"real_type":0,"home_page_list":[]}