{"ret":0,"errmsg":"ok","msg_count":10,"can_msg_continue":1,"general_msg_list":"{\"list\":[{\"comm_msg_info\":{\"id\":1000001671,\"type\":49,\"datetime\":1605881242,\"fakeid\":\"2393887111\",\"status\":2,\"content\":\"\"},\"app_msg_ext_info\":{\"title\":\"卧x！淘宝还在卖迷药，已经半年了\",\"digest\":\"害，这事办的...\",\"content\":\"\",\"fileid\":503762264,\"content_url\":\"http:\/\/mp.weixin.qq.com\/s?__biz=MjM5Mzg4NzExMQ==&amp;mid=2651245919&amp;idx=1&amp;sn=23bc309144ab3fac6460082848738276&amp;chksm=bd624bb78a15c2a120b0453e7b65016bda1042a145e7ca0896931bd36a8a48a99995b726aa21&amp;scene=27#wechat_redirect\",\"source_url\":\"\",\"cover\":\"http:\/\/mmbiz.qpic.cn\/mmbiz_jpg\/YTI67xfsN510KXJCiay61HhTNGDWhHRYFs1q6AY9mJFULPycib0QCDkukBj8MvSZVHnbZbYwg6njVK4tUPibO4Sqg\/0?wx_fmt=jpeg\",\"subtype\":9,\"is_multi\":1,\"multi_app_msg_item_list\":[{\"title\":\"微信升级，突破限制，最大槽点被解决\",\"digest\":\"终于来了！\",\"content\":\"\",\"fileid\":0,\"content_url\":\"http:\/\/mp.weixin.qq.com\/s?__biz=MjM5Mzg4NzExMQ==&amp;mid=2651245919&amp;idx=2&amp;sn=748f11a8be552ee7eb4766799460d35d&amp;chksm=bd624bb78a15c2a167e01d018e847723695af9eca0c271fdf51c70b6c5eff4dc2a6ceb9a4947&amp;scene=27#wechat_redirect\",\"source_url\":\"\",\"cover\":\"http:\/\/mmbiz.qpic.cn\/mmbiz_jpg\/YTI67xfsN510KXJCiay61HhTNGDWhHRYFtEaMnxbbU4HQbwJfrN11ICh5mkpc27Ge7JJfXVtz9fquy7cx7Z0vNQ\/0?wx_fmt=jpeg\",\"author\":\"IT之家\",\"copyright_stat\":100,\"del_flag\":1,\"item_show_type\":0,\"audio_fileid\":0,\"duration\":0,\"play_url\":\"\",\"malicious_title_reason_id\":0,\"malicious_content_type\":0},{\"title\":\"快手带货一哥再翻车，卖的燕窝竟是糖水？\",\"digest\":\"反正我不买\",\"content\":\"\",\"fileid\":0,\"content_url\":\"http:\/\/mp.weixin.qq.com\/s?__biz=MjM5Mzg4NzExMQ==&amp;mid=2651245919&amp;idx=3&amp;sn=1aa92a56015efd555af677c566415651&amp;chksm=bd624bb78a15c2a1c01b08dc044e271c7b8cc4469d983f8e7fc89cd81e719680e1ac75a799ad&amp;scene=27#wechat_redirect\",\"source_url\":\"\",\"cover\":\"http:\/\/mmbiz.qpic.cn\/mmbiz_jpg\/YTI67xfsN510KXJCiay61HhTNGDWhHRYFPICdjYTuSmcLb8hLDGJr0GnS5KdwbPxNibtqLjkiaq2hKDqnO2WWnQiaA\/0?wx_fmt=jpeg\",\"author\":\"IT之家\",\"copyright_stat\":11,\"del_flag\":1,\"item_show_type\":0,\"audio_fileid\":0,\"duration\":0,\"play_url\":\"\",\"malicious_title_reason_id\":0,\"malicious_content_type\":0},{\"title\":\"男子“薅羊毛”，爱奇艺充值到2111年，抓了\",\"digest\":\"嗯...\",\"content\":\"\",\"fileid\":0,\"content_url\":\"http:\/\/mp.weixin.qq.com\/s?__biz=MjM5Mzg4NzExMQ==&amp;mid=2651245919&amp;idx=4&amp;sn=8bb303abc0f8e2e90a94452ded5055af&amp;chksm=bd624bb78a15c2a13827a965623758f943bd216b0a7fcdd18aa2594e27c2e279e961d5eebc7c&amp;scene=27#wechat_redirect\",\"source_url\":\"\",\"cover\":\"http:\/\/mmbiz.qpic.cn\/mmbiz_jpg\/YTI67xfsN510KXJCiay61HhTNGDWhHRYFZWBp4EwqHuGVRWcVDayx3mNvDXjroNE3h816skibHcqB3eHus5IZ1jQ\/0?wx_fmt=jpeg\",\"author\":\"IT之家\",\"copyright_stat\":100,\"del_flag\":1,\"item_show_type\":0,\"audio_fileid\":0,\"duration\":0,\"play_url\":\"\",\"malicious_title_reason_id\":0,\"malicious_content_type\":0},{\"title\":\"华为台式机上线：搭载AMD R7，配智慧键盘\",\"digest\":\".\",\"content\":\"\",\"fileid\":0,\"content_url\":\"http:\/\/mp.weixin.qq.com\/s?__biz=MjM5Mzg4NzExMQ==&amp;mid=2651245919&amp;idx=5&amp;sn=3ff0dcad8c880a7e7d48d450cfe4ae8a&amp;chksm=bd624bb78a15c2a14dc69df4111334f629446a43a7908f97df7d751ebc057b80b538c988f8a9&amp;scene=27#wechat_redirect\",\"source_url\":\"\",\"cover\":\"http:\/\/mmbiz.qpic.cn\/mmbiz_jpg\/YTI67xfsN510KXJCiay61HhTNGDWhHRYFYv0QWxGpicPz4CzNXhlt0xYd8OicXWV7xjlCx4v7YM98K9vQfXX8eVMQ\/0?wx_fmt=jpeg\",\"author\":\"IT之家\",\"copyright_stat\":100,\"del_flag\":1,\"item_show_type\":0,\"audio_fileid\":0,\"duration\":0,\"play_url\":\"\",\"malicious_title_reason_id\":0,\"malicious_content_type\":0},{\"title\":\"辣榜 | 独立装医用口罩，每片仅需0.2元\",\"digest\":\"手慢无！\",\"content\":\"\",\"fileid\":503762226,\"content_url\":\"http:\/\/mp.weixin.qq.com\/s?__biz=MjM5Mzg4NzExMQ==&amp;mid=2651245919&amp;idx=6&amp;sn=b7d28560faa63e8bbf8a3e945d4d85be&amp;chksm=bd624bb78a15c2a110aff3f71568fdc73e5b380913947e56023e1d6f728d940892da0c335143&amp;scene=27#wechat_redirect\",\"source_url\":\"https:\/\/u.jd.com\/td63ydP\",\"cover\":\"http:\/\/mmbiz.qpic.cn\/mmbiz_jpg\/YTI67xfsN510KXJCiay61HhTNGDWhHRYFoSNAPDKwWopRj6GmqUbcJ1rHKWzLs38qZf63YjwLDswiabUMibgW5nXw\/0?wx_fmt=jpeg\",\"author\":\"辣品\",\"copyright_stat\":100,\"del_flag\":1,\"item_show_type\":0,\"audio_fileid\":0,\"duration\":0,\"play_url\":\"\",\"malicious_title_reason_id\":0,\"malicious_content_type\":0}],\"author\":\"伍声\",\"copyright_stat\":11,\"duration\":0,\"del_flag\":1,\"item_show_type\":0,\"audio_fileid\":0,\"play_url\":\"\",\"malicious_title_reason_id\":0,\"malicious_content_type\":0}},{\"comm_msg_info\":{\"id\":1000001670,\"type\":49,\"datetime\":1605795451,\"fakeid\":\"2393887111\",\"status\":2,\"content\":\"\"},\"app_msg_ext_info\":{\"title\":\"iPhone 12被破解，绿屏频现，iOS优势不再？\",\"digest\":\"拉胯了\",\"content\":\"\",\"fileid\":503762061,\"content_url\":\"http:\/\/mp.weixin.qq.com\/s?__biz=MjM5Mzg4NzExMQ==&amp;mid=2651245807&amp;idx=1&amp;sn=e2efe35b34c9020abab91f9029423679&amp;chksm=bd624a078a15c311b7bb8229989659c6790d7609ce41b1ff5606d80a9a2ffa171a9654ea76ce&amp;scene=27#wechat_redirect\",\"source_url\":\"\",\"cover\":\"http:\/\/mmbiz.qpic.cn\/mmbiz_jpg\/YTI67xfsN51PIy3GsicBPVaibjTMOHf9Yr6x2LicUj5cvwNox2bGicPxOdNGkO3nvAEvuyVMWLUJnzicHn5BDVMWCtg\/0?wx_fmt=jpeg\",\"subtype\":9,\"is_multi\":1,\"multi_app_msg_item_list\":[{\"title\":\"学微信？QQ也能自定义ID了，快抢！\",\"digest\":\"QQ可以自定义ID了\",\"content\":\"\",\"fileid\":0,\"content_url\":\"http:\/\/mp.weixin.qq.com\/s?__biz=MjM5Mzg4NzExMQ==&amp;mid=2651245807&amp;idx=2&amp;sn=0025859e472f1580aa710a55e921addc&amp;chksm=bd624a078a15c3116821512e36b0365b58a4d2cc202db5ff58aa433375a97281edf3b36d3c62&amp;scene=27#wechat_redirect\",\"source_url\":\"\",\"cover\":\"http:\/\/mmbiz.qpic.cn\/mmbiz_jpg\/YTI67xfsN51PIy3GsicBPVaibjTMOHf9YrC1bdBBVSpJG3um5l7mCyr2nbicoputia9eXY2ZdIEZJUEg4XDrKH0H2A\/0?wx_fmt=jpeg\",\"author\":\"\",\"copyright_stat\":100,\"del_flag\":1,\"item_show_type\":0,\"audio_fileid\":0,\"duration\":0,\"play_url\":\"\",\"malicious_title_reason_id\":0,\"malicious_content_type\":0},{\"title\":\"“小米手机低端没技术”，雷军正面回应\",\"digest\":\"雷军听了直摇头\",\"content\":\"\",\"fileid\":503762121,\"content_url\":\"http:\/\/mp.weixin.qq.com\/s?__biz=MjM5Mzg4NzExMQ==&amp;mid=2651245807&amp;idx=3&amp;sn=822f871d0f37be91a2a284b99d7ec707&amp;chksm=bd624a078a15c31183793a727724aced9da71096d3e8a8a00091cb1923747d855389bf91f487&amp;scene=27#wechat_redirect\",\"source_url\":\"\",\"cover\":\"http:\/\/mmbiz.qpic.cn\/mmbiz_jpg\/YTI67xfsN51PIy3GsicBPVaibjTMOHf9YrNibwoqmpUP4gfPdCkvGnRlZofxibBRuuJGx95t8fW0qwWOUau1gl0fLQ\/0?wx_fmt=jpeg\",\"author\":\"新浪科技 张俊\",\"copyright_stat\":100,\"del_flag\":1,\"item_show_type\":0,\"audio_fileid\":0,\"duration\":0,\"play_url\":\"\",\"malicious_title_reason_id\":0,\"malicious_content_type\":0},{\"title\":\"什么样的人才叫懂生活？\",\"digest\":\"荐号\",\"content\":\"\",\"fileid\":503762136,\"content_url\":\"http:\/\/mp.weixin.qq.com\/s?__biz=MjM5Mzg4NzExMQ==&amp;mid=2651245807&amp;idx=4&amp;sn=14b276ba7a002baa4f40b62809f78cc5&amp;chksm=bd624a078a15c3110cbfe237bdac50aa8564d3bf3f5158408534f0035eabdb9b5c31ca094b6c&amp;scene=27#wechat_redirect\",\"source_url\":\"\",\"cover\":\"http:\/\/mmbiz.qpic.cn\/mmbiz_jpg\/YTI67xfsN51PIy3GsicBPVaibjTMOHf9Yrj1ia6faSY1rdJFoInUriaBBOZASiaMLjPE1RjpyibRf5ud5RtfV98sNNRg\/0?wx_fmt=jpeg\",\"author\":\"荐号\",\"copyright_stat\":100,\"del_flag\":1,\"item_show_type\":0,\"audio_fileid\":0,\"duration\":0,\"play_url\":\"\",\"malicious_title_reason_id\":0,\"malicious_content_type\":0},{\"title\":\"​因未发项目奖金，一名程序员决定删代码泄愤\",\"digest\":\"奖励未兑现，愤而删代码\",\"content\":\"\",\"fileid\":503762112,\"content_url\":\"http:\/\/mp.weixin.qq.com\/s?__biz=MjM5Mzg4NzExMQ==&amp;mid=2651245807&amp;idx=5&amp;sn=76c168167e7ed68f4453802463c1a245&amp;chksm=bd624a078a15c31194a9b5812cbdefbbe680842f65499d4f0fab2da1f025dc1d7d376ce7567a&amp;scene=27#wechat_redirect\",\"source_url\":\"\",\"cover\":\"http:\/\/mmbiz.qpic.cn\/mmbiz_jpg\/YTI67xfsN51PIy3GsicBPVaibjTMOHf9YrKrFQezZPTPSaIL7yqgoeHvvAXvsMm3Zq9DSYqUib1lCcrZKEyOVfWGw\/0?wx_fmt=jpeg\",\"author\":\"雷锋网 刘琳\",\"copyright_stat\":100,\"del_flag\":1,\"item_show_type\":0,\"audio_fileid\":0,\"duration\":0,\"play_url\":\"\",\"malicious_title_reason_id\":0,\"malicious_content_type\":0},{\"title\":\"辣榜 | 苹果芯片：Anker 20W充电器68.9元发车\",\"digest\":\"手慢无！\",\"content\":\"\",\"fileid\":503762108,\"content_url\":\"http:\/\/mp.weixin.qq.com\/s?__biz=MjM5Mzg4NzExMQ==&amp;mid=2651245807&amp;idx=6&amp;sn=6af10309b87f5f2425ad2fa0039a898c&amp;chksm=bd624a078a15c3117ab105aa243da95d6dff46b2b6651e1a70e222b1b771110289cd1195b98c&amp;scene=27#wechat_redirect\",\"source_url\":\"https:\/\/u.jd.com\/td63ydP\",\"cover\":\"http:\/\/mmbiz.qpic.cn\/mmbiz_jpg\/YTI67xfsN51PIy3GsicBPVaibjTMOHf9Yrod2CmJ1E9yxz7y8LkSxY3N97gmVuZuFMJSbESkzicT5UuibsJggSVWgQ\/0?wx_fmt=jpeg\",\"author\":\"\",\"copyright_stat\":100,\"del_flag\":1,\"item_show_type\":0,\"audio_fileid\":0,\"duration\":0,\"play_url\":\"\",\"malicious_title_reason_id\":0,\"malicious_content_type\":0}],\"author\":\"启人\",\"copyright_stat\":11,\"duration\":0,\"del_flag\":1,\"item_show_type\":0,\"audio_fileid\":0,\"play_url\":\"\",\"malicious_title_reason_id\":0,\"malicious_content_type\":0}},{\"comm_msg_info\":{\"id\":1000001669,\"type\":49,\"datetime\":1605708164,\"fakeid\":\"2393887111\",\"status\":2,\"content\":\"\"},\"app_msg_ext_info\":{\"title\":\"微信大改版，这次真的裂开了\",\"digest\":\"一步到位\",\"content\":\"\",\"fileid\":503761915,\"content_url\":\"http:\/\/mp.weixin.qq.com\/s?__biz=MjM5Mzg4NzExMQ==&amp;mid=2651245625&amp;idx=1&amp;sn=e907bef4da0533f9d2cba63229fe1305&amp;chksm=bd624ad18a15c3c7dc0895ff447c921a6f0bb9a6f3fb91e173240bfe5b7ffe294783e839261b&amp;scene=27#wechat_redirect\",\"source_url\":\"\",\"cover\":\"http:\/\/mmbiz.qpic.cn\/mmbiz_jpg\/YTI67xfsN50fyrxFSv6T9h4TnjCHfegh89iaw7y02DRiae4tbhR2rCt9CD9z6ic4IbHH6o8Fz3gD3Pkpk3mw8RtEA\/0?wx_fmt=jpeg\",\"subtype\":9,\"is_multi\":1,\"multi_app_msg_item_list\":[{\"title\":\"淘宝出手封杀，这些手机都买不到了？\",\"digest\":\"方法还不有的是\",\"content\":\"\",\"fileid\":0,\"content_url\":\"http:\/\/mp.weixin.qq.com\/s?__biz=MjM5Mzg4NzExMQ==&amp;mid=2651245625&amp;idx=2&amp;sn=59a4e5ecaeaeb3a21ce007b515b551a3&amp;chksm=bd624ad18a15c3c77f050d65898f99410ee88966982e2b882c5d4f417fa58239db2dd70ba44e&amp;scene=27#wechat_redirect\",\"source_url\":\"\",\"cover\":\"http:\/\/mmbiz.qpic.cn\/mmbiz_jpg\/YTI67xfsN50fyrxFSv6T9h4TnjCHfeghvMD1yPZTHfLgMoEBoRHQJ1Rag3CiatGZsDdq4oh2TQ8B0sfJa9cmfCw\/0?wx_fmt=jpeg\",\"author\":\"IT之家\",\"copyright_stat\":100,\"del_flag\":1,\"item_show_type\":0,\"audio_fileid\":0,\"duration\":0,\"play_url\":\"\",\"malicious_title_reason_id\":0,\"malicious_content_type\":0},{\"title\":\"没想到这么强，M1版MacBook Pro 13上手体验\",\"digest\":\"真强，续航还长\",\"content\":\"\",\"fileid\":0,\"content_url\":\"http:\/\/mp.weixin.qq.com\/s?__biz=MjM5Mzg4NzExMQ==&amp;mid=2651245625&amp;idx=3&amp;sn=fe871634db93c55cb8950114d80c2242&amp;chksm=bd624ad18a15c3c74a1f39dca3963cb4e42ca43b6aea7e7d7c3dac8b3c19f6d16cf65ace1309&amp;scene=27#wechat_redirect\",\"source_url\":\"\",\"cover\":\"http:\/\/puui.qpic.cn\/vpic\/0\/z3204s0ljyl.png\/0\",\"author\":\"\",\"copyright_stat\":100,\"del_flag\":1,\"item_show_type\":5,\"audio_fileid\":0,\"duration\":0,\"play_url\":\"\",\"malicious_title_reason_id\":0,\"malicious_content_type\":0},{\"title\":\"呵呵，6千显示器运碎，顺丰只赔280\",\"digest\":\"贵重物品不保价，悲催了\",\"content\":\"\",\"fileid\":503761859,\"content_url\":\"http:\/\/mp.weixin.qq.com\/s?__biz=MjM5Mzg4NzExMQ==&amp;mid=2651245625&amp;idx=4&amp;sn=f718ba8ced63297e1c5d42348343b25b&amp;chksm=bd624ad18a15c3c7162285edefa89b5666f2f1ed1e8144159ca9008638449564b2f41d0062d6&amp;scene=27#wechat_redirect\",\"source_url\":\"\",\"cover\":\"http:\/\/mmbiz.qpic.cn\/mmbiz_jpg\/YTI67xfsN50fyrxFSv6T9h4TnjCHfeghNRBibVNxLYw1SaLDBhlUYRToQ1KatSEsn52pNcmiaYOxCibJN7UazwsJg\/0?wx_fmt=jpeg\",\"author\":\"IT之家\",\"copyright_stat\":100,\"del_flag\":1,\"item_show_type\":0,\"audio_fileid\":0,\"duration\":0,\"play_url\":\"\",\"malicious_title_reason_id\":0,\"malicious_content_type\":0},{\"title\":\"辣榜 | 周黑鸭卤味组合，39.9元大满足\",\"digest\":\"手慢无！\",\"content\":\"\",\"fileid\":503761904,\"content_url\":\"http:\/\/mp.weixin.qq.com\/s?__biz=MjM5Mzg4NzExMQ==&amp;mid=2651245625&amp;idx=5&amp;sn=ec044cb3b707115d86f32409f5106e3e&amp;chksm=bd624ad18a15c3c7b74bffaae72d5fd00b31bb97cdfaf8b511c07ad1b005c6997611be4afd56&amp;scene=27#wechat_redirect\",\"source_url\":\"https:\/\/u.jd.com\/td63ydP\",\"cover\":\"http:\/\/mmbiz.qpic.cn\/mmbiz_jpg\/YTI67xfsN50fyrxFSv6T9h4TnjCHfeghPuuREH6WFbO6H0tYOdBg9enqbOn40icY9twb3wAIJfAN5mvWYbTDsqA\/0?wx_fmt=jpeg\",\"author\":\"辣品\",\"copyright_stat\":100,\"del_flag\":1,\"item_show_type\":0,\"audio_fileid\":0,\"duration\":0,\"play_url\":\"\",\"malicious_title_reason_id\":0,\"malicious_content_type\":0}],\"author\":\"伍声\",\"copyright_stat\":11,\"duration\":0,\"del_flag\":1,\"item_show_type\":0,\"audio_fileid\":0,\"play_url\":\"\",\"malicious_title_reason_id\":0,\"malicious_content_type\":0}},{\"comm_msg_info\":{\"id\":1000001668,\"type\":49,\"datetime\":1605621874,\"fakeid\":\"2393887111\",\"status\":2,\"content\":\"\"},\"app_msg_ext_info\":{\"title\":\"华为正式出售荣耀：相关产业链发起自救\",\"digest\":\"新荣耀诞生\",\"content\":\"\",\"fileid\":0,\"content_url\":\"http:\/\/mp.weixin.qq.com\/s?__biz=MjM5Mzg4NzExMQ==&amp;mid=2651245486&amp;idx=1&amp;sn=94b1c525f4ec01a87538b2e5ad313efa&amp;chksm=bd624d468a15c45054054f536987c1ecfdf4f06b76ca3bfc6669073161d14923c77776ea6803&amp;scene=27#wechat_redirect\",\"source_url\":\"\",\"cover\":\"http:\/\/mmbiz.qpic.cn\/mmbiz_jpg\/YTI67xfsN53Er8MkDdqDtW6gXhlV4DJswfNMoMg2u8lol3uq8QWlia7tia5XHSmUKGib5ic8oicmaib5lXzj0kdHARjQ\/0?wx_fmt=jpeg\",\"subtype\":9,\"is_multi\":1,\"multi_app_msg_item_list\":[{\"title\":\"手机新形态，OPPO X 2021卷轴屏手机发布！\",\"digest\":\"有意思\",\"content\":\"\",\"fileid\":0,\"content_url\":\"http:\/\/mp.weixin.qq.com\/s?__biz=MjM5Mzg4NzExMQ==&amp;mid=2651245486&amp;idx=2&amp;sn=a9089c0fc99a2ec8809d6370b1076acf&amp;chksm=bd624d468a15c4506e1bab0bb84fa779126ebf4a2f4138d55e462433b5f9c8ad40e8b745ced2&amp;scene=27#wechat_redirect\",\"source_url\":\"\",\"cover\":\"http:\/\/mmbiz.qpic.cn\/mmbiz_jpg\/YTI67xfsN53Er8MkDdqDtW6gXhlV4DJs8SY5ictLPA0akS3dyBm7G1JWBY7vzmZlbQMP5XM6l3FjBcHEJ9xV7cg\/0?wx_fmt=jpeg\",\"author\":\"IT之家\",\"copyright_stat\":100,\"del_flag\":1,\"item_show_type\":0,\"audio_fileid\":0,\"duration\":0,\"play_url\":\"\",\"malicious_title_reason_id\":0,\"malicious_content_type\":0},{\"title\":\"牛x了，腾讯攻破人类脱发密码\",\"digest\":\"有救了有救了\",\"content\":\"\",\"fileid\":0,\"content_url\":\"http:\/\/mp.weixin.qq.com\/s?__biz=MjM5Mzg4NzExMQ==&amp;mid=2651245486&amp;idx=3&amp;sn=4da0e89ae52420796789711b377100a2&amp;chksm=bd624d468a15c4502c344266d1e1ea2ebd18498463d8c23a74a9f5c57a422063b15122b63349&amp;scene=27#wechat_redirect\",\"source_url\":\"\",\"cover\":\"http:\/\/mmbiz.qpic.cn\/mmbiz_jpg\/YTI67xfsN53Er8MkDdqDtW6gXhlV4DJsAAALVBuHyLSic7Jkh0iapfwpwfA4CibSrfjOzbic8UEXlyQQKelkZGtO0w\/0?wx_fmt=jpeg\",\"author\":\"IT之家\",\"copyright_stat\":100,\"del_flag\":1,\"item_show_type\":0,\"audio_fileid\":0,\"duration\":0,\"play_url\":\"\",\"malicious_title_reason_id\":0,\"malicious_content_type\":0},{\"title\":\"夫妻俩U盘卖片3000部，抓了\",\"digest\":\".\",\"content\":\"\",\"fileid\":0,\"content_url\":\"http:\/\/mp.weixin.qq.com\/s?__biz=MjM5Mzg4NzExMQ==&amp;mid=2651245486&amp;idx=4&amp;sn=ee814b76aada9d502d2ffc0411c8be3d&amp;chksm=bd624d468a15c45007dacba34c33e4825399e79611086fa2a1b66691facfe61bb4da76509517&amp;scene=27#wechat_redirect\",\"source_url\":\"\",\"cover\":\"http:\/\/mmbiz.qpic.cn\/mmbiz_jpg\/YTI67xfsN53Er8MkDdqDtW6gXhlV4DJscrg4PYxMTDxLBS7K90HTz5eo7OfXpicVbjxOMvytatbW1iaaKIVq0Bug\/0?wx_fmt=jpeg\",\"author\":\"IT之家\",\"copyright_stat\":100,\"del_flag\":1,\"item_show_type\":0,\"audio_fileid\":0,\"duration\":0,\"play_url\":\"\",\"malicious_title_reason_id\":0,\"malicious_content_type\":0},{\"title\":\"神评 | 爱奇艺这涨价理由，太扯了吧\",\"digest\":\"IT之家，看的就是评论\",\"content\":\"\",\"fileid\":503721447,\"content_url\":\"http:\/\/mp.weixin.qq.com\/s?__biz=MjM5Mzg4NzExMQ==&amp;mid=2651245486&amp;idx=5&amp;sn=04d74b6929d0234a6729ffe43ced8f65&amp;chksm=bd624d468a15c4500077ebf34af18b0d4b94cccf7eaae428d5444a1138023a94164407c305c2&amp;scene=27#wechat_redirect\",\"source_url\":\"https:\/\/m.ithome.com\/hotcommentm\/\",\"cover\":\"http:\/\/mmbiz.qpic.cn\/mmbiz_jpg\/YTI67xfsN50k8MGah9xNdAWzhqQU2b7kznIkLuW5l4b4m9dAmCMXib2zib0TzUCusohbPT7gND8iacPOO2go7gUPA\/0?wx_fmt=jpeg\",\"author\":\"IT之家\",\"copyright_stat\":100,\"del_flag\":1,\"item_show_type\":0,\"audio_fileid\":0,\"duration\":0,\"play_url\":\"\",\"malicious_title_reason_id\":0,\"malicious_content_type\":0},{\"title\":\"辣榜 | 小米65W充电套装，79.9元近期新低\",\"digest\":\"手慢无！\",\"content\":\"\",\"fileid\":503761805,\"content_url\":\"http:\/\/mp.weixin.qq.com\/s?__biz=MjM5Mzg4NzExMQ==&amp;mid=2651245486&amp;idx=6&amp;sn=b3547d51f18770935241aa703bbf6932&amp;chksm=bd624d468a15c45001c1c41e541dc254c30d9617a8494438f033cda93a36b0ec5a23e8dad5e2&amp;scene=27#wechat_redirect\",\"source_url\":\"https:\/\/u.jd.com\/td63ydP\",\"cover\":\"http:\/\/mmbiz.qpic.cn\/mmbiz_jpg\/YTI67xfsN53Er8MkDdqDtW6gXhlV4DJsDWu5nJMYz5FqMiaeTzyfGr8mia8gS5Cbc8nAUwkW0nYz2lQZr6ngLFFg\/0?wx_fmt=jpeg\",\"author\":\"辣品\",\"copyright_stat\":100,\"del_flag\":1,\"item_show_type\":0,\"audio_fileid\":0,\"duration\":0,\"play_url\":\"\",\"malicious_title_reason_id\":0,\"malicious_content_type\":0}],\"author\":\"伍声\",\"copyright_stat\":11,\"duration\":0,\"del_flag\":1,\"item_show_type\":0,\"audio_fileid\":0,\"play_url\":\"\",\"malicious_title_reason_id\":0,\"malicious_content_type\":0}},{\"comm_msg_info\":{\"id\":1000001667,\"type\":49,\"datetime\":1605535750,\"fakeid\":\"2393887111\",\"status\":2,\"content\":\"\"},\"app_msg_ext_info\":{\"title\":\"讲武德的马保国，人生励志的像本书\",\"digest\":\"太拼了\",\"content\":\"\",\"fileid\":503761714,\"content_url\":\"http:\/\/mp.weixin.qq.com\/s?__biz=MjM5Mzg4NzExMQ==&amp;mid=2651245366&amp;idx=1&amp;sn=2dba3de73afd36b0854b214a1a7858be&amp;chksm=bd624dde8a15c4c85d41b89a5505189c6a6f212612f4ccbbb90e8c65af8dd474fb810793e63f&amp;scene=27#wechat_redirect\",\"source_url\":\"\",\"cover\":\"http:\/\/mmbiz.qpic.cn\/mmbiz_jpg\/YTI67xfsN50vSzq8Gz4634TyLyJx5K1yibH9iaKTdtswARXw7ibNXlWzLWicklYyN3P6FnJZdcicr51QZ2ge8T43IYw\/0?wx_fmt=jpeg\",\"subtype\":9,\"is_multi\":1,\"multi_app_msg_item_list\":[{\"title\":\"小米11 Pro爆料，快来了\",\"digest\":\"哇哦\",\"content\":\"\",\"fileid\":0,\"content_url\":\"http:\/\/mp.weixin.qq.com\/s?__biz=MjM5Mzg4NzExMQ==&amp;mid=2651245366&amp;idx=2&amp;sn=dd8314dc989549419646a2ed207875db&amp;chksm=bd624dde8a15c4c8ae6cefd63eb6fb929460eb399f28d03d578e19059df898673f6999e97789&amp;scene=27#wechat_redirect\",\"source_url\":\"\",\"cover\":\"http:\/\/mmbiz.qpic.cn\/mmbiz_jpg\/YTI67xfsN50vSzq8Gz4634TyLyJx5K1yXQt68nia1aYKSF8tfuyDHuR5ZYAYxSY0m8tfWGa9tFrVcpgvBSn0G4A\/0?wx_fmt=jpeg\",\"author\":\"IT之家\",\"copyright_stat\":100,\"del_flag\":1,\"item_show_type\":0,\"audio_fileid\":0,\"duration\":0,\"play_url\":\"\",\"malicious_title_reason_id\":0,\"malicious_content_type\":0},{\"title\":\"苹果可折叠iPhone，即将送测\",\"digest\":\"还是外翻好...\",\"content\":\"\",\"fileid\":0,\"content_url\":\"http:\/\/mp.weixin.qq.com\/s?__biz=MjM5Mzg4NzExMQ==&amp;mid=2651245366&amp;idx=3&amp;sn=2e041856026fa9160cce6f2540454dec&amp;chksm=bd624dde8a15c4c8d094b0c45f9f768847997ff880f55c5a46214b800d3036350d8ab9e06d29&amp;scene=27#wechat_redirect\",\"source_url\":\"\",\"cover\":\"http:\/\/mmbiz.qpic.cn\/mmbiz_jpg\/YTI67xfsN50vSzq8Gz4634TyLyJx5K1yXml0sJkbBALsz6bjIL0YATVOwaIhw7Og69UYtLicVYIKNZYcmJCYjrQ\/0?wx_fmt=jpeg\",\"author\":\"IT之家\",\"copyright_stat\":100,\"del_flag\":1,\"item_show_type\":0,\"audio_fileid\":0,\"duration\":0,\"play_url\":\"\",\"malicious_title_reason_id\":0,\"malicious_content_type\":0},{\"title\":\"动森、原神等20款游戏，获得游戏界奥斯卡提名\",\"digest\":\"哦\",\"content\":\"\",\"fileid\":0,\"content_url\":\"http:\/\/mp.weixin.qq.com\/s?__biz=MjM5Mzg4NzExMQ==&amp;mid=2651245366&amp;idx=4&amp;sn=394fd5780b3173dcbbccaab5118a809b&amp;chksm=bd624dde8a15c4c8c4274253c2b7ea1e6130a9847990a4f5e3dbdeae471f13cc6bc02708bbe4&amp;scene=27#wechat_redirect\",\"source_url\":\"\",\"cover\":\"http:\/\/mmbiz.qpic.cn\/mmbiz_jpg\/YTI67xfsN50vSzq8Gz4634TyLyJx5K1yUdFkODEFoeHjTG2CCibo58fib8BvFmrVPuPStVd6urtOrt1IXzmYPYrA\/0?wx_fmt=jpeg\",\"author\":\"IT之家\",\"copyright_stat\":100,\"del_flag\":1,\"item_show_type\":0,\"audio_fileid\":0,\"duration\":0,\"play_url\":\"\",\"malicious_title_reason_id\":0,\"malicious_content_type\":0},{\"title\":\"神评 | 真的没想到，这都能涉黄？\",\"digest\":\"IT之家，看的就是评论\",\"content\":\"\",\"fileid\":503721447,\"content_url\":\"http:\/\/mp.weixin.qq.com\/s?__biz=MjM5Mzg4NzExMQ==&amp;mid=2651245366&amp;idx=5&amp;sn=76e60bf7890224a77b2c6648bb6821e8&amp;chksm=bd624dde8a15c4c894dd8bcb87b8b1b96f46bc91d0f4e88b28a08f6f8c90a11999347d146ede&amp;scene=27#wechat_redirect\",\"source_url\":\"https:\/\/m.ithome.com\/hotcommentm\/\",\"cover\":\"http:\/\/mmbiz.qpic.cn\/mmbiz_jpg\/YTI67xfsN50k8MGah9xNdAWzhqQU2b7kznIkLuW5l4b4m9dAmCMXib2zib0TzUCusohbPT7gND8iacPOO2go7gUPA\/0?wx_fmt=jpeg\",\"author\":\"IT之家\",\"copyright_stat\":100,\"del_flag\":1,\"item_show_type\":0,\"audio_fileid\":0,\"duration\":0,\"play_url\":\"\",\"malicious_title_reason_id\":0,\"malicious_content_type\":0},{\"title\":\"辣榜 | 红米 WiFi6 路由器，仅需179元！\",\"digest\":\"手慢无！\",\"content\":\"\",\"fileid\":503761629,\"content_url\":\"http:\/\/mp.weixin.qq.com\/s?__biz=MjM5Mzg4NzExMQ==&amp;mid=2651245366&amp;idx=6&amp;sn=9bd6e38bec36189315ff91608b7c160a&amp;chksm=bd624dde8a15c4c8d2b666ffc527b1c84da186b1cbf637900ff147804788879d8c5de5d1a6d2&amp;scene=27#wechat_redirect\",\"source_url\":\"https:\/\/u.jd.com\/td63ydP\",\"cover\":\"http:\/\/mmbiz.qpic.cn\/mmbiz_jpg\/YTI67xfsN50vSzq8Gz4634TyLyJx5K1yv9aVss0L3GxFwVhgXFicTJHXTicGL7p5Ka2XfcRU8QmmbgcNgmJ8iaT7Q\/0?wx_fmt=jpeg\",\"author\":\"辣品\",\"copyright_stat\":100,\"del_flag\":1,\"item_show_type\":0,\"audio_fileid\":0,\"duration\":0,\"play_url\":\"\",\"malicious_title_reason_id\":0,\"malicious_content_type\":0}],\"author\":\"伍声\",\"copyright_stat\":11,\"duration\":0,\"del_flag\":1,\"item_show_type\":0,\"audio_fileid\":0,\"play_url\":\"\",\"malicious_title_reason_id\":0,\"malicious_content_type\":0}},{\"comm_msg_info\":{\"id\":1000001666,\"type\":49,\"datetime\":1605449691,\"fakeid\":\"2393887111\",\"status\":2,\"content\":\"\"},\"app_msg_ext_info\":{\"title\":\"找片方便，能被装满，百度网盘上线500人填充功能\",\"digest\":\"找片效率大大提高\",\"content\":\"\",\"fileid\":503761548,\"content_url\":\"http:\/\/mp.weixin.qq.com\/s?__biz=MjM5Mzg4NzExMQ==&amp;mid=2651245207&amp;idx=1&amp;sn=2a64cae1493011cc0b65079738fdbe80&amp;chksm=bd624c7f8a15c56927aa2d31f4c8c5882c7ab4b026b166df66e056fd82bde06d0b08078a3f1f&amp;scene=27#wechat_redirect\",\"source_url\":\"\",\"cover\":\"http:\/\/mmbiz.qpic.cn\/mmbiz_jpg\/YTI67xfsN51B89zEKVEb6cBr99UdxiaVXwADQMBxuiaDibm8u6X7wOMBGEZK1QXP9GYgnpsYLQePwRRngegNLdhicA\/0?wx_fmt=jpeg\",\"subtype\":9,\"is_multi\":1,\"multi_app_msg_item_list\":[{\"title\":\"屈居第四，iPhone 12 Pro Max相机评分出炉\",\"digest\":\"ProMax第五、Pro第四\",\"content\":\"\",\"fileid\":503761546,\"content_url\":\"http:\/\/mp.weixin.qq.com\/s?__biz=MjM5Mzg4NzExMQ==&amp;mid=2651245207&amp;idx=2&amp;sn=f5c2119680a574e60828b786fc0f6bc3&amp;chksm=bd624c7f8a15c569e31e49a415f07af32cd51f24c3f52570468be0b37895b245f2663154406a&amp;scene=27#wechat_redirect\",\"source_url\":\"\",\"cover\":\"http:\/\/mmbiz.qpic.cn\/mmbiz_jpg\/YTI67xfsN51B89zEKVEb6cBr99UdxiaVXPuyzsIlMmw39AVGJwFxtwkNeaJMPss7QWv23anN7cnOoGOKLsEiaquQ\/0?wx_fmt=jpeg\",\"author\":\"IT之家\",\"copyright_stat\":11,\"del_flag\":1,\"item_show_type\":0,\"audio_fileid\":0,\"duration\":0,\"play_url\":\"\",\"malicious_title_reason_id\":0,\"malicious_content_type\":0},{\"title\":\"“汪涵直播带货退货率超70%”引热议，坑位费10万元不退，签约方回应\",\"digest\":\"直播带货套路多\",\"content\":\"\",\"fileid\":503761539,\"content_url\":\"http:\/\/mp.weixin.qq.com\/s?__biz=MjM5Mzg4NzExMQ==&amp;mid=2651245207&amp;idx=3&amp;sn=cad150a63bfe863fe3b14a3ca75a2c0d&amp;chksm=bd624c7f8a15c5692e390021bf766eaf5d45b85d957ff4c1644baf40162594e9d2fb872ebd28&amp;scene=27#wechat_redirect\",\"source_url\":\"\",\"cover\":\"http:\/\/mmbiz.qpic.cn\/mmbiz_jpg\/YTI67xfsN51B89zEKVEb6cBr99UdxiaVXw28hXhb7EQTRaP19J7VMSkI1SPCt3LZChBl1AVTFB43jViaDSn5UFSA\/0?wx_fmt=jpeg\",\"author\":\"TechWeb (靖锅)\",\"copyright_stat\":100,\"del_flag\":1,\"item_show_type\":0,\"audio_fileid\":0,\"duration\":0,\"play_url\":\"\",\"malicious_title_reason_id\":0,\"malicious_content_type\":0},{\"title\":\"大量用户反馈：iPhone 12 mini锁屏触控不灵，原因不明\",\"digest\":\"mini也翻车，触屏不灵\",\"content\":\"\",\"fileid\":503761406,\"content_url\":\"http:\/\/mp.weixin.qq.com\/s?__biz=MjM5Mzg4NzExMQ==&amp;mid=2651245207&amp;idx=4&amp;sn=aa2a55b3c26b4c504709a37b645962dd&amp;chksm=bd624c7f8a15c569857dc8e39ac7b5fc1da079c0e3bb7f1655d37b7c4969c70e3b1f21683f56&amp;scene=27#wechat_redirect\",\"source_url\":\"\",\"cover\":\"http:\/\/mmbiz.qpic.cn\/mmbiz_jpg\/YTI67xfsN51B89zEKVEb6cBr99UdxiaVXLLWGKHkkAq1SPcrMbjWKLxolKEcCppSIZXicibc6T2P8amxTbmG4WeyQ\/0?wx_fmt=jpeg\",\"author\":\"IT之家\",\"copyright_stat\":100,\"del_flag\":1,\"item_show_type\":0,\"audio_fileid\":0,\"duration\":0,\"play_url\":\"\",\"malicious_title_reason_id\":0,\"malicious_content_type\":0},{\"title\":\"神评 | 老罗：M1是我设计的耻辱\",\"digest\":\"IT之家，看的就是评论\",\"content\":\"\",\"fileid\":503721447,\"content_url\":\"http:\/\/mp.weixin.qq.com\/s?__biz=MjM5Mzg4NzExMQ==&amp;mid=2651245207&amp;idx=5&amp;sn=3ba1eaf4a13ed1b31704f171831f3a98&amp;chksm=bd624c7f8a15c5692494d719bb619144db12cf6cb8b5b7520108071551fcf60ee1aa7d1edc48&amp;scene=27#wechat_redirect\",\"source_url\":\"https:\/\/m.ithome.com\/hotcommentm\/\",\"cover\":\"http:\/\/mmbiz.qpic.cn\/mmbiz_jpg\/YTI67xfsN50k8MGah9xNdAWzhqQU2b7kznIkLuW5l4b4m9dAmCMXib2zib0TzUCusohbPT7gND8iacPOO2go7gUPA\/0?wx_fmt=jpeg\",\"author\":\"IT之家\",\"copyright_stat\":100,\"del_flag\":1,\"item_show_type\":0,\"audio_fileid\":0,\"duration\":0,\"play_url\":\"\",\"malicious_title_reason_id\":0,\"malicious_content_type\":0},{\"title\":\"辣榜 | 12.5元\/G，棘蛇32G内存条狂促\",\"digest\":\"手慢无！\",\"content\":\"\",\"fileid\":503761474,\"content_url\":\"http:\/\/mp.weixin.qq.com\/s?__biz=MjM5Mzg4NzExMQ==&amp;mid=2651245207&amp;idx=6&amp;sn=d8662b7d607972d65313b525ed364cf2&amp;chksm=bd624c7f8a15c5691241c73fc5e0d90d84c078c8d53df7bba95c9024b02cb30a70b90f077a3e&amp;scene=27#wechat_redirect\",\"source_url\":\"https:\/\/u.jd.com\/td63ydP\",\"cover\":\"http:\/\/mmbiz.qpic.cn\/mmbiz_jpg\/YTI67xfsN51B89zEKVEb6cBr99UdxiaVXvYCqH7xOiaUEibjZGyMQoQOLs51tLVRYEibjNncvOWyeGsiaPiaqa596hTA\/0?wx_fmt=jpeg\",\"author\":\"辣品\",\"copyright_stat\":100,\"del_flag\":1,\"item_show_type\":0,\"audio_fileid\":0,\"duration\":0,\"play_url\":\"\",\"malicious_title_reason_id\":0,\"malicious_content_type\":0}],\"author\":\"IT之家\",\"copyright_stat\":100,\"duration\":0,\"del_flag\":1,\"item_show_type\":0,\"audio_fileid\":0,\"play_url\":\"\",\"malicious_title_reason_id\":0,\"malicious_content_type\":0}},{\"comm_msg_info\":{\"id\":1000001665,\"type\":49,\"datetime\":1605364627,\"fakeid\":\"2393887111\",\"status\":2,\"content\":\"\"},\"app_msg_ext_info\":{\"title\":\"苹果禁令无效，拼多多又降500！\",\"digest\":\"来货有道\",\"content\":\"\",\"fileid\":503761406,\"content_url\":\"http:\/\/mp.weixin.qq.com\/s?__biz=MjM5Mzg4NzExMQ==&amp;mid=2651245098&amp;idx=1&amp;sn=3f98ddb219a16c488cae8a38071a3ec4&amp;chksm=bd624cc28a15c5d4c7256b7a8c752fa02c8be38639b277538e89a1fba36b2cbb135c27a41aa1&amp;scene=27#wechat_redirect\",\"source_url\":\"\",\"cover\":\"http:\/\/mmbiz.qpic.cn\/mmbiz_jpg\/YTI67xfsN50mpRnT2s53np51PnRJoNg1KfT0CUaHnovMufnHXbiaA3k5e4Hm3siaAdjjyPgeDzicEfRv7XaklPF1g\/0?wx_fmt=jpeg\",\"subtype\":9,\"is_multi\":1,\"multi_app_msg_item_list\":[{\"title\":\"微信悄悄更新，聊天升级\",\"digest\":\"妙啊\",\"content\":\"\",\"fileid\":0,\"content_url\":\"http:\/\/mp.weixin.qq.com\/s?__biz=MjM5Mzg4NzExMQ==&amp;mid=2651245098&amp;idx=2&amp;sn=a54b10f37d3d77b1d3480e58d4955492&amp;chksm=bd624cc28a15c5d44f75598aa7bea052b1ba5bd55ecf574c83b717777b920843e20c34a33581&amp;scene=27#wechat_redirect\",\"source_url\":\"\",\"cover\":\"http:\/\/mmbiz.qpic.cn\/mmbiz_jpg\/YTI67xfsN50mpRnT2s53np51PnRJoNg13nNe4rzmcTB5y41vQrAD5h6rPAItJMrfrDsThLdAbc14JOIxv4asMQ\/0?wx_fmt=jpeg\",\"author\":\"IT之家\",\"copyright_stat\":100,\"del_flag\":1,\"item_show_type\":0,\"audio_fileid\":0,\"duration\":0,\"play_url\":\"\",\"malicious_title_reason_id\":0,\"malicious_content_type\":0},{\"title\":\"华为高管警告，不要用这种手机壳\",\"digest\":\"耗电，屏蔽信号\",\"content\":\"\",\"fileid\":0,\"content_url\":\"http:\/\/mp.weixin.qq.com\/s?__biz=MjM5Mzg4NzExMQ==&amp;mid=2651245098&amp;idx=3&amp;sn=8d735aea01a73afa4a6479293079e9ac&amp;chksm=bd624cc28a15c5d41355c4d5036844cb307dc6efbc5ee01e3cbce6273f5649b566e5ada8a4a6&amp;scene=27#wechat_redirect\",\"source_url\":\"\",\"cover\":\"http:\/\/mmbiz.qpic.cn\/mmbiz_jpg\/YTI67xfsN50mpRnT2s53np51PnRJoNg1icicUgZRMIbTYibV6WFxgMh0YVSA7R5wTnk41lf538L5SH0LGhop5hArQ\/0?wx_fmt=jpeg\",\"author\":\"IT之家\",\"copyright_stat\":100,\"del_flag\":1,\"item_show_type\":0,\"audio_fileid\":0,\"duration\":0,\"play_url\":\"\",\"malicious_title_reason_id\":0,\"malicious_content_type\":0},{\"title\":\"“凡尔赛文学”刷屏，太做作了...\",\"digest\":\"IT之家公众号一般吧，也就是500强而已\",\"content\":\"\",\"fileid\":0,\"content_url\":\"http:\/\/mp.weixin.qq.com\/s?__biz=MjM5Mzg4NzExMQ==&amp;mid=2651245098&amp;idx=4&amp;sn=c67fa4b0d9fa8cdd9ba5d1337f658bf9&amp;chksm=bd624cc28a15c5d4b26875339e24e6cce4a8e445b4cd848558d3a4275833cbca4bbf53cca76d&amp;scene=27#wechat_redirect\",\"source_url\":\"\",\"cover\":\"http:\/\/mmbiz.qpic.cn\/mmbiz_jpg\/YTI67xfsN50mpRnT2s53np51PnRJoNg1LwSRuYUX3NWaCAicO9atic4NsIVKHwYEjJBb3xibrtOKicib0A3Fn0cJ5IA\/0?wx_fmt=jpeg\",\"author\":\"IT之家\",\"copyright_stat\":100,\"del_flag\":1,\"item_show_type\":0,\"audio_fileid\":0,\"duration\":0,\"play_url\":\"\",\"malicious_title_reason_id\":0,\"malicious_content_type\":0},{\"title\":\"神评 | 今年的黄牛手机，只有这一台\",\"digest\":\"IT之家，看的就是评论\",\"content\":\"\",\"fileid\":503721447,\"content_url\":\"http:\/\/mp.weixin.qq.com\/s?__biz=MjM5Mzg4NzExMQ==&amp;mid=2651245098&amp;idx=5&amp;sn=3cb3d558e1bb18436919ee6df9c10683&amp;chksm=bd624cc28a15c5d41894e943caf988a7bb64069dd28bdfe8a3c7a869984398c6f82e4636942d&amp;scene=27#wechat_redirect\",\"source_url\":\"https:\/\/m.ithome.com\/hotcommentm\/\",\"cover\":\"http:\/\/mmbiz.qpic.cn\/mmbiz_jpg\/YTI67xfsN50k8MGah9xNdAWzhqQU2b7kznIkLuW5l4b4m9dAmCMXib2zib0TzUCusohbPT7gND8iacPOO2go7gUPA\/0?wx_fmt=jpeg\",\"author\":\"IT之家\",\"copyright_stat\":100,\"del_flag\":1,\"item_show_type\":0,\"audio_fileid\":0,\"duration\":0,\"play_url\":\"\",\"malicious_title_reason_id\":0,\"malicious_content_type\":0},{\"title\":\"辣榜 | 朗科64G内存卡，仅需29.9元！\",\"digest\":\"手慢无！\",\"content\":\"\",\"fileid\":503761401,\"content_url\":\"http:\/\/mp.weixin.qq.com\/s?__biz=MjM5Mzg4NzExMQ==&amp;mid=2651245098&amp;idx=6&amp;sn=62d1aec467d4d783742cfd4a67fa4119&amp;chksm=bd624cc28a15c5d449176a49cf1eb8415e990aac4cd42934e3d5d897aea80ad651f642e12faf&amp;scene=27#wechat_redirect\",\"source_url\":\"https:\/\/u.jd.com\/td63ydP\",\"cover\":\"http:\/\/mmbiz.qpic.cn\/mmbiz_jpg\/YTI67xfsN50mpRnT2s53np51PnRJoNg1obzy4KIvW52ut13JlgTLV0X8icZwUMkWq2E5p5NwgtrPzeCib2MJJ2mQ\/0?wx_fmt=jpeg\",\"author\":\"辣品\",\"copyright_stat\":100,\"del_flag\":1,\"item_show_type\":0,\"audio_fileid\":0,\"duration\":0,\"play_url\":\"\",\"malicious_title_reason_id\":0,\"malicious_content_type\":0}],\"author\":\"IT之家\",\"copyright_stat\":100,\"duration\":0,\"del_flag\":1,\"item_show_type\":0,\"audio_fileid\":0,\"play_url\":\"\",\"malicious_title_reason_id\":0,\"malicious_content_type\":0}},{\"comm_msg_info\":{\"id\":1000001664,\"type\":49,\"datetime\":1605276254,\"fakeid\":\"2393887111\",\"status\":2,\"content\":\"\"},\"app_msg_ext_info\":{\"title\":\"腾讯发力，微信版花呗开放！\",\"digest\":\"蚂蚁借呗遭遇强敌\",\"content\":\"\",\"fileid\":503761293,\"content_url\":\"http:\/\/mp.weixin.qq.com\/s?__biz=MjM5Mzg4NzExMQ==&amp;mid=2651245024&amp;idx=1&amp;sn=141a980a95f90d3dfd8472e05d64a5a6&amp;chksm=bd624f088a15c61e0fe89bb8122c611dc42de3a7d0493b5fde9b98b7bf2a7bc2c61caa38e534&amp;scene=27#wechat_redirect\",\"source_url\":\"\",\"cover\":\"http:\/\/mmbiz.qpic.cn\/mmbiz_jpg\/YTI67xfsN52QZXKRprpnnmGdU6Io9s6I8thrmqeS9coopLkg98rMCicUxHSujpia3Mgv3ZwSIRVApbCHZyfacnKw\/0?wx_fmt=jpeg\",\"subtype\":9,\"is_multi\":1,\"multi_app_msg_item_list\":[{\"title\":\"偷电瓶的窃格瓦拉，出任电瓶车公司联合创始人\",\"digest\":\"哈哈哈哈哈\",\"content\":\"\",\"fileid\":0,\"content_url\":\"http:\/\/mp.weixin.qq.com\/s?__biz=MjM5Mzg4NzExMQ==&amp;mid=2651245024&amp;idx=2&amp;sn=630f09daa685f8c4732aac6fcbf376de&amp;chksm=bd624f088a15c61ea281886076b8ce0112c5f7f9978b25873e7c4fb4c327e23b0c59e2826a95&amp;scene=27#wechat_redirect\",\"source_url\":\"\",\"cover\":\"http:\/\/mmbiz.qpic.cn\/mmbiz_jpg\/YTI67xfsN52QZXKRprpnnmGdU6Io9s6Il7Tvq4jsw6fr880tGtckfAbwH6amQbNza2hFAuHOOib220gCOdQib2FQ\/0?wx_fmt=jpeg\",\"author\":\"IT之家\",\"copyright_stat\":100,\"del_flag\":1,\"item_show_type\":0,\"audio_fileid\":0,\"duration\":0,\"play_url\":\"\",\"malicious_title_reason_id\":0,\"malicious_content_type\":0},{\"title\":\"人这一生，渡你的只有两个人\",\"digest\":\"荐号\",\"content\":\"\",\"fileid\":0,\"content_url\":\"http:\/\/mp.weixin.qq.com\/s?__biz=MjM5Mzg4NzExMQ==&amp;mid=2651245024&amp;idx=3&amp;sn=6e87206eb2902cc119613b8dbd1e30a3&amp;chksm=bd624f088a15c61ed86ea8c2cc3ee13c4deec5c8ab82f13b7c48f341caed66643e988a773e15&amp;scene=27#wechat_redirect\",\"source_url\":\"\",\"cover\":\"http:\/\/mmbiz.qpic.cn\/mmbiz_jpg\/dAoaj7gYwDN7rRvZsJxnC9s5gnTq0rPVC7AcWZJSjvsOUOYP9mCa5gictJaZA8LjAHCI7IwQJ8fXw8e8sDNk7icg\/0?wx_fmt=jpeg\",\"author\":\"荐号\",\"copyright_stat\":100,\"del_flag\":1,\"item_show_type\":0,\"audio_fileid\":0,\"duration\":0,\"play_url\":\"\",\"malicious_title_reason_id\":0,\"malicious_content_type\":0},{\"title\":\"爱奇艺后，腾讯视频或将跟涨：现价偏低\",\"digest\":\"广告还是太少\",\"content\":\"\",\"fileid\":0,\"content_url\":\"http:\/\/mp.weixin.qq.com\/s?__biz=MjM5Mzg4NzExMQ==&amp;mid=2651245024&amp;idx=4&amp;sn=38305c6e2c7274c651f56317b3945d76&amp;chksm=bd624f088a15c61e450b89c40d21c33ec9c763ed26a1494c13224f6444dda9aaa58028e1dd5a&amp;scene=27#wechat_redirect\",\"source_url\":\"\",\"cover\":\"http:\/\/mmbiz.qpic.cn\/mmbiz_jpg\/YTI67xfsN52QZXKRprpnnmGdU6Io9s6ILajwlcTBDnRYibqRYfM8Ak1FVyqIGnPEAVLibf6PUYhDO7esfLDc8Rhg\/0?wx_fmt=jpeg\",\"author\":\"IT之家\",\"copyright_stat\":100,\"del_flag\":1,\"item_show_type\":0,\"audio_fileid\":0,\"duration\":0,\"play_url\":\"\",\"malicious_title_reason_id\":0,\"malicious_content_type\":0},{\"title\":\"PS5正式发售，炒到8000元！\",\"digest\":\"等4000！\",\"content\":\"\",\"fileid\":0,\"content_url\":\"http:\/\/mp.weixin.qq.com\/s?__biz=MjM5Mzg4NzExMQ==&amp;mid=2651245024&amp;idx=5&amp;sn=95aa0c0400481bc094d5a5aa8ba58e03&amp;chksm=bd624f088a15c61e3f1280eb1f831b45f99e530870d4871ac98f9de9b37b590ec349309ed29e&amp;scene=27#wechat_redirect\",\"source_url\":\"\",\"cover\":\"http:\/\/mmbiz.qpic.cn\/mmbiz_jpg\/YTI67xfsN52QZXKRprpnnmGdU6Io9s6I94qXZkqb5jiaUyNBISfs66RKN6j0Vkmgh3wCxRlbdE8k1SApffrepug\/0?wx_fmt=jpeg\",\"author\":\"TechWeb (Suky)\",\"copyright_stat\":100,\"del_flag\":1,\"item_show_type\":0,\"audio_fileid\":0,\"duration\":0,\"play_url\":\"\",\"malicious_title_reason_id\":0,\"malicious_content_type\":0},{\"title\":\"神评 | 拟物来了，母公司意志没错\",\"digest\":\"IT之家，看的就是评论\",\"content\":\"\",\"fileid\":503721447,\"content_url\":\"http:\/\/mp.weixin.qq.com\/s?__biz=MjM5Mzg4NzExMQ==&amp;mid=2651245024&amp;idx=6&amp;sn=7b76aa9d3bf53986d8451230b63657a3&amp;chksm=bd624f088a15c61e1054c678df6e417b2c0e736dd953e70c50ebd12e0a05083d98457602fcb9&amp;scene=27#wechat_redirect\",\"source_url\":\"https:\/\/m.ithome.com\/hotcommentm\/\",\"cover\":\"http:\/\/mmbiz.qpic.cn\/mmbiz_jpg\/YTI67xfsN50k8MGah9xNdAWzhqQU2b7kznIkLuW5l4b4m9dAmCMXib2zib0TzUCusohbPT7gND8iacPOO2go7gUPA\/0?wx_fmt=jpeg\",\"author\":\"IT之家\",\"copyright_stat\":100,\"del_flag\":1,\"item_show_type\":0,\"audio_fileid\":0,\"duration\":0,\"play_url\":\"\",\"malicious_title_reason_id\":0,\"malicious_content_type\":0},{\"title\":\"辣榜 | 三星 Galaxy Buds+ 耳机，仅需699元+6期免息！\",\"digest\":\"手慢无！\",\"content\":\"\",\"fileid\":503761374,\"content_url\":\"http:\/\/mp.weixin.qq.com\/s?__biz=MjM5Mzg4NzExMQ==&amp;mid=2651245024&amp;idx=7&amp;sn=a8c63d005a789142179b18c0bf9a892a&amp;chksm=bd624f088a15c61ebee1404bcae0f08879e19efdfcbc4169acdac9a2f3c86bc7b4cabee380e2&amp;scene=27#wechat_redirect\",\"source_url\":\"https:\/\/u.jd.com\/td63ydP\",\"cover\":\"http:\/\/mmbiz.qpic.cn\/mmbiz_jpg\/YTI67xfsN52QZXKRprpnnmGdU6Io9s6IIJ6S1YvKGicOk1TTTCbSmIjuP4eztviaBibcOsFq0heXIiaK1HWl8KXveg\/0?wx_fmt=jpeg\",\"author\":\"辣品\",\"copyright_stat\":100,\"del_flag\":1,\"item_show_type\":0,\"audio_fileid\":0,\"duration\":0,\"play_url\":\"\",\"malicious_title_reason_id\":0,\"malicious_content_type\":0}],\"author\":\"伍声\",\"copyright_stat\":11,\"duration\":0,\"del_flag\":1,\"item_show_type\":0,\"audio_fileid\":0,\"play_url\":\"\",\"malicious_title_reason_id\":0,\"malicious_content_type\":0}},{\"comm_msg_info\":{\"id\":1000001663,\"type\":49,\"datetime\":1605189774,\"fakeid\":\"2393887111\",\"status\":2,\"content\":\"\"},\"app_msg_ext_info\":{\"title\":\"对话阿里巴巴CTO程立：没有双11的极限压强，许多创新不可能发生\",\"digest\":\".\",\"content\":\"\",\"fileid\":503761197,\"content_url\":\"http:\/\/mp.weixin.qq.com\/s?__biz=MjM5Mzg4NzExMQ==&amp;mid=2651244928&amp;idx=1&amp;sn=c2bec84a0eb28759f42d5a713593875e&amp;chksm=bd624f688a15c67eb1e79e3d22f7d320e93fbd8748ec48a61c8e531eeb9b78434218fa4152df&amp;scene=27#wechat_redirect\",\"source_url\":\"\",\"cover\":\"http:\/\/mmbiz.qpic.cn\/mmbiz_jpg\/YTI67xfsN535X60I5ia1VFXWnVMfSQ6w9P43QLyxSyQACzq9Qt7n9z22sDJicqJGlvmzyib5wiaR5oxgiacgWMOKAQA\/0?wx_fmt=jpeg\",\"subtype\":9,\"is_multi\":1,\"multi_app_msg_item_list\":[{\"title\":\"iPhone 12 mini价格破发！Pro Max仍需加价\",\"digest\":\"mini光速破发\",\"content\":\"\",\"fileid\":503761270,\"content_url\":\"http:\/\/mp.weixin.qq.com\/s?__biz=MjM5Mzg4NzExMQ==&amp;mid=2651244928&amp;idx=2&amp;sn=c14604e114b78ec9e11587ab7e8fe624&amp;chksm=bd624f688a15c67ecaeec0ca9c05f4adcf062e1123b1b4cb23994f535e580593b83a172ca863&amp;scene=27#wechat_redirect\",\"source_url\":\"\",\"cover\":\"http:\/\/mmbiz.qpic.cn\/mmbiz_jpg\/YTI67xfsN535X60I5ia1VFXWnVMfSQ6w9conkYDxUR9AruQowhEiaiblPz4eWFYjyeDqpnbMPDqy6s9UhI4pibqmuw\/0?wx_fmt=jpeg\",\"author\":\"IT之家\",\"copyright_stat\":100,\"del_flag\":1,\"item_show_type\":0,\"audio_fileid\":0,\"duration\":0,\"play_url\":\"\",\"malicious_title_reason_id\":0,\"malicious_content_type\":0},{\"title\":\"苹果M1芯片跑分出炉，吊打英特尔i9\",\"digest\":\"大人，时代变了\",\"content\":\"\",\"fileid\":0,\"content_url\":\"http:\/\/mp.weixin.qq.com\/s?__biz=MjM5Mzg4NzExMQ==&amp;mid=2651244928&amp;idx=3&amp;sn=1fb3df868c8e3258db020a01892acc67&amp;chksm=bd624f688a15c67e75ee5f9e8cc8bd93e1d7f818cbae163a99657e2d7a3684cd0f54ac737547&amp;scene=27#wechat_redirect\",\"source_url\":\"\",\"cover\":\"http:\/\/mmbiz.qpic.cn\/mmbiz_jpg\/YTI67xfsN535X60I5ia1VFXWnVMfSQ6w9BkWn1TSjSkstwx2JIiaibnkey1bdBxXyDQe81PlYKuzIIUzibdhkgKibyQ\/0?wx_fmt=jpeg\",\"author\":\"IT之家\",\"copyright_stat\":100,\"del_flag\":1,\"item_show_type\":0,\"audio_fileid\":0,\"duration\":0,\"play_url\":\"\",\"malicious_title_reason_id\":0,\"malicious_content_type\":0},{\"title\":\"双十一中国人花了多少钱，央行公布\",\"digest\":\"单笔平均789元\",\"content\":\"\",\"fileid\":503761278,\"content_url\":\"http:\/\/mp.weixin.qq.com\/s?__biz=MjM5Mzg4NzExMQ==&amp;mid=2651244928&amp;idx=4&amp;sn=ee4c65a1b2daa3cfceff077c8e3ce7f1&amp;chksm=bd624f688a15c67ee99680f11d4193dedfef0379ae42dc8cf23fffad3271773effc425ddb8fb&amp;scene=27#wechat_redirect\",\"source_url\":\"\",\"cover\":\"http:\/\/mmbiz.qpic.cn\/mmbiz_jpg\/YTI67xfsN535X60I5ia1VFXWnVMfSQ6w9NW3OyqAnyCGQQQgOQoeaPjo6f2IdjDSce4lWbiagODqrDyaQC9Tic48g\/0?wx_fmt=jpeg\",\"author\":\"IT之家\",\"copyright_stat\":100,\"del_flag\":1,\"item_show_type\":0,\"audio_fileid\":0,\"duration\":0,\"play_url\":\"\",\"malicious_title_reason_id\":0,\"malicious_content_type\":0},{\"title\":\"神评 | 老婆，这真的是加湿器\",\"digest\":\"IT之家，看的就是评论\",\"content\":\"\",\"fileid\":503721447,\"content_url\":\"http:\/\/mp.weixin.qq.com\/s?__biz=MjM5Mzg4NzExMQ==&amp;mid=2651244928&amp;idx=5&amp;sn=1d37469e25ac6c73dc0068729aa17e45&amp;chksm=bd624f688a15c67e466ed71c91e16d1a237768d4f87aff07343d0a3cd10cca756e1cb782276b&amp;scene=27#wechat_redirect\",\"source_url\":\"https:\/\/m.ithome.com\/hotcommentm\/\",\"cover\":\"http:\/\/mmbiz.qpic.cn\/mmbiz_jpg\/YTI67xfsN50k8MGah9xNdAWzhqQU2b7kznIkLuW5l4b4m9dAmCMXib2zib0TzUCusohbPT7gND8iacPOO2go7gUPA\/0?wx_fmt=jpeg\",\"author\":\"IT之家\",\"copyright_stat\":100,\"del_flag\":1,\"item_show_type\":0,\"audio_fileid\":0,\"duration\":0,\"play_url\":\"\",\"malicious_title_reason_id\":0,\"malicious_content_type\":0},{\"title\":\"辣榜 | 4合1扩展坞，仅需58.9元！\",\"digest\":\"手慢无！\",\"content\":\"\",\"fileid\":503761192,\"content_url\":\"http:\/\/mp.weixin.qq.com\/s?__biz=MjM5Mzg4NzExMQ==&amp;mid=2651244928&amp;idx=6&amp;sn=bc67b683a011f5711617e72f855d096b&amp;chksm=bd624f688a15c67e8335929c1c0242f4232b80499b814e71550d19ea11c536de816c0aab0aff&amp;scene=27#wechat_redirect\",\"source_url\":\"https:\/\/u.jd.com\/td63ydP\",\"cover\":\"http:\/\/mmbiz.qpic.cn\/mmbiz_jpg\/YTI67xfsN535X60I5ia1VFXWnVMfSQ6w93LOZVrZJRHK3Zea8B6uf7A7KwVZXPROgTjAUqnMknpx1Kicaef34rkg\/0?wx_fmt=jpeg\",\"author\":\"辣品\",\"copyright_stat\":100,\"del_flag\":1,\"item_show_type\":0,\"audio_fileid\":0,\"duration\":0,\"play_url\":\"\",\"malicious_title_reason_id\":0,\"malicious_content_type\":0}],\"author\":\"茜茜\",\"copyright_stat\":101,\"duration\":0,\"del_flag\":1,\"item_show_type\":0,\"audio_fileid\":0,\"play_url\":\"\",\"malicious_title_reason_id\":0,\"malicious_content_type\":0}},{\"comm_msg_info\":{\"id\":1000001662,\"type\":49,\"datetime\":1605048300,\"fakeid\":\"2393887111\",\"status\":2,\"content\":\"\"},\"app_msg_ext_info\":{\"title\":\"重新定义电脑，苹果连发3款重磅新品\",\"digest\":\"大iPad...\",\"content\":\"\",\"fileid\":503761097,\"content_url\":\"http:\/\/mp.weixin.qq.com\/s?__biz=MjM5Mzg4NzExMQ==&amp;mid=2651244770&amp;idx=1&amp;sn=b413c123a219bf29d51366373751ec26&amp;chksm=bd624e0a8a15c71ce9b683285239895b66b94080465b740b2fad2a4f28dc54c5dd068917c753&amp;scene=27#wechat_redirect\",\"source_url\":\"\",\"cover\":\"http:\/\/mmbiz.qpic.cn\/mmbiz_jpg\/YTI67xfsN53rfKf5LWDAZQETsRmRvkztqQoqEmUps4DlBfIQT3rp8JmG4Z9BRIGOahPkHXCTXvaiaXtax6IqRXw\/0?wx_fmt=jpeg\",\"subtype\":9,\"is_multi\":1,\"multi_app_msg_item_list\":[{\"title\":\"京东巅峰狂促，3C数码好价\",\"digest\":\"手慢无！\",\"content\":\"\",\"fileid\":503761090,\"content_url\":\"http:\/\/mp.weixin.qq.com\/s?__biz=MjM5Mzg4NzExMQ==&amp;mid=2651244770&amp;idx=2&amp;sn=c70ef4ed8103acaa11ce718308208974&amp;chksm=bd624e0a8a15c71c532e854e90f9c6a9388f04112d6e51bd8993e0779280dd99a3127498d4ae&amp;scene=27#wechat_redirect\",\"source_url\":\"https:\/\/u.jd.com\/td63ydP\",\"cover\":\"http:\/\/mmbiz.qpic.cn\/mmbiz_jpg\/YTI67xfsN53rfKf5LWDAZQETsRmRvkztss32t2yt8uESQLfoGmEZDoECwJ1uHkC23vrQYia0jd7mHbMksYnXxAg\/0?wx_fmt=jpeg\",\"author\":\"辣品\",\"copyright_stat\":100,\"del_flag\":1,\"item_show_type\":0,\"audio_fileid\":0,\"duration\":0,\"play_url\":\"\",\"malicious_title_reason_id\":0,\"malicious_content_type\":0},{\"title\":\"多消息源称：华为计划1000亿出售荣耀\",\"digest\":\"华为或将出售荣耀手机股权\",\"content\":\"\",\"fileid\":503761036,\"content_url\":\"http:\/\/mp.weixin.qq.com\/s?__biz=MjM5Mzg4NzExMQ==&amp;mid=2651244770&amp;idx=3&amp;sn=bc06577b6c9c2854d562553bfb83985c&amp;chksm=bd624e0a8a15c71ca7bc2f3014f321c35b7e2269ba996d58e06d710781485c27ff3cfc904ed8&amp;scene=27#wechat_redirect\",\"source_url\":\"\",\"cover\":\"http:\/\/mmbiz.qpic.cn\/mmbiz_jpg\/YTI67xfsN53rfKf5LWDAZQETsRmRvkztdDkkNMIc9icw6IckLqCkhQ2HTUcHCCbNXCDz0KZo83DcYcOUhyC0Xjg\/0?wx_fmt=jpeg\",\"author\":\"IT之家\",\"copyright_stat\":100,\"del_flag\":4,\"item_show_type\":0,\"audio_fileid\":0,\"duration\":0,\"play_url\":\"\",\"malicious_title_reason_id\":0,\"malicious_content_type\":0},{\"title\":\"看完这8张图后，我马上停止了刷朋友圈\",\"digest\":\"荐号\",\"content\":\"\",\"fileid\":503761047,\"content_url\":\"http:\/\/mp.weixin.qq.com\/s?__biz=MjM5Mzg4NzExMQ==&amp;mid=2651244770&amp;idx=4&amp;sn=3baa65ef65b1733f518bc780feb80585&amp;chksm=bd624e0a8a15c71c9430fb9f72de138d617b3efd37c81bec93399c104c9a4db255882f63d8de&amp;scene=27#wechat_redirect\",\"source_url\":\"\",\"cover\":\"http:\/\/mmbiz.qpic.cn\/mmbiz_jpg\/YTI67xfsN53rfKf5LWDAZQETsRmRvkztGrOtAYyc3nhTwZSgZdtU44qicuGqrbSaIoJamh9PT9a6n6NPqQ9v9sQ\/0?wx_fmt=jpeg\",\"author\":\"荐号\",\"copyright_stat\":100,\"del_flag\":1,\"item_show_type\":0,\"audio_fileid\":0,\"duration\":0,\"play_url\":\"\",\"malicious_title_reason_id\":0,\"malicious_content_type\":0},{\"title\":\"2020十大热词出炉，这些都上榜\",\"digest\":\"双节棍尾款人，后浪集美打工人\",\"content\":\"\",\"fileid\":503761052,\"content_url\":\"http:\/\/mp.weixin.qq.com\/s?__biz=MjM5Mzg4NzExMQ==&amp;mid=2651244770&amp;idx=5&amp;sn=3c0c0c5f18cd18fdfd0fc0ac6f928d7a&amp;chksm=bd624e0a8a15c71cd82a37c9658dc31e7cb6294dcb1ef53d3e172ae3e850f89908b307ae2d7d&amp;scene=27#wechat_redirect\",\"source_url\":\"\",\"cover\":\"http:\/\/mmbiz.qpic.cn\/mmbiz_jpg\/YTI67xfsN53rfKf5LWDAZQETsRmRvkztbMKW5WwX8G9M8EHyibYZBFhua3lYN3jhgffn2dbGAjN4muZLbyRfwxA\/0?wx_fmt=jpeg\",\"author\":\"IT之家\",\"copyright_stat\":100,\"del_flag\":1,\"item_show_type\":0,\"audio_fileid\":0,\"duration\":0,\"play_url\":\"\",\"malicious_title_reason_id\":0,\"malicious_content_type\":0},{\"title\":\"神评 | 只要你努力，老板法拉利\",\"digest\":\"IT之家，看的就是评论\",\"content\":\"\",\"fileid\":503721447,\"content_url\":\"http:\/\/mp.weixin.qq.com\/s?__biz=MjM5Mzg4NzExMQ==&amp;mid=2651244770&amp;idx=6&amp;sn=bc70b7b788c4010d9a6d565273abc1e6&amp;chksm=bd624e0a8a15c71cb207de98cdb0398d6a00882dceab56e34f13bee891c32f718b177401daf3&amp;scene=27#wechat_redirect\",\"source_url\":\"https:\/\/m.ithome.com\/hotcommentm\/\",\"cover\":\"http:\/\/mmbiz.qpic.cn\/mmbiz_jpg\/YTI67xfsN50k8MGah9xNdAWzhqQU2b7kznIkLuW5l4b4m9dAmCMXib2zib0TzUCusohbPT7gND8iacPOO2go7gUPA\/0?wx_fmt=jpeg\",\"author\":\"IT之家\",\"copyright_stat\":100,\"del_flag\":1,\"item_show_type\":0,\"audio_fileid\":0,\"duration\":0,\"play_url\":\"\",\"malicious_title_reason_id\":0,\"malicious_content_type\":0}],\"author\":\"启人\",\"copyright_stat\":11,\"duration\":0,\"del_flag\":1,\"item_show_type\":0,\"audio_fileid\":0,\"play_url\":\"\",\"malicious_title_reason_id\":0,\"malicious_content_type\":0}}]}","next_offset":211,"video_count":1,"use_video_tab":1,"real_type":0,"home_page_list":[]}