{"ret":0,"errmsg":"ok","msg_count":10,"can_msg_continue":1,"general_msg_list":"{\"list\":[{\"comm_msg_info\":{\"id\":1000001852,\"type\":49,\"datetime\":1620913680,\"fakeid\":\"2393887111\",\"status\":2,\"content\":\"\"},\"app_msg_ext_info\":{\"title\":\"iPhone致命漏洞！用户被变态骚扰，隐私全曝光\",\"digest\":\"痴汉也会高科技\",\"content\":\"\",\"fileid\":0,\"content_url\":\"http:\/\/mp.weixin.qq.com\/s?__biz=MjM5Mzg4NzExMQ==&amp;mid=2651262715&amp;idx=1&amp;sn=946029f44cf415a3a75480453c847a54&amp;chksm=bd6388138a140105ecd5675f2027c819e89646d68d598692b884a97513c3396315b63061018b&amp;scene=27#wechat_redirect\",\"source_url\":\"\",\"cover\":\"http:\/\/mmbiz.qpic.cn\/mmbiz_jpg\/YTI67xfsN52zPBKtUMrgzBRR049ev9icZ00jqk18qk4vyvhTdewmYVRey1fBibzHriaC5NBhPRbTLtWq5tQSUvT5w\/0?wx_fmt=jpeg\",\"subtype\":9,\"is_multi\":1,\"multi_app_msg_item_list\":[{\"title\":\"新一代MacBook设计巨变，方正外型，七彩配色\",\"digest\":\"配色骚断腿\",\"content\":\"\",\"fileid\":0,\"content_url\":\"http:\/\/mp.weixin.qq.com\/s?__biz=MjM5Mzg4NzExMQ==&amp;mid=2651262715&amp;idx=2&amp;sn=8c9f1277ea4f974b796eed7e201cf7b7&amp;chksm=bd6388138a1401058af6c190f50341e8c0de9d05d35d5acda978ea6fa1809dee790fd4279490&amp;scene=27#wechat_redirect\",\"source_url\":\"\",\"cover\":\"http:\/\/mmbiz.qpic.cn\/mmbiz_jpg\/YTI67xfsN52zPBKtUMrgzBRR049ev9icZbhUn3GuJiaINFzVSWmicrriaB9jvSib81Qc87dbl4trQYKknqz8yBZ3UvA\/0?wx_fmt=jpeg\",\"author\":\"IT之家\",\"copyright_stat\":100,\"del_flag\":1,\"item_show_type\":0,\"audio_fileid\":0,\"duration\":0,\"play_url\":\"\",\"malicious_title_reason_id\":0,\"malicious_content_type\":0},{\"title\":\"男孩沉迷女主播，70天打赏158万\",\"digest\":\"直播乱象\",\"content\":\"\",\"fileid\":503779061,\"content_url\":\"http:\/\/mp.weixin.qq.com\/s?__biz=MjM5Mzg4NzExMQ==&amp;mid=2651262715&amp;idx=3&amp;sn=55bc061c50a7c3f45a77ac9096413afc&amp;chksm=bd6388138a1401058dc05fa03f09b4ba172e6e98a04b226615e53d610cbacf3a3ed313c4764a&amp;scene=27#wechat_redirect\",\"source_url\":\"\",\"cover\":\"http:\/\/mmbiz.qpic.cn\/mmbiz_jpg\/YTI67xfsN52zPBKtUMrgzBRR049ev9icZsyD7Lr3LBvgIZJVAibFN7ibLRuiahAUWGwuQ0pfbia9evicV5IV5qWlKqaQ\/0?wx_fmt=jpeg\",\"author\":\"IT之家\",\"copyright_stat\":100,\"del_flag\":1,\"item_show_type\":0,\"audio_fileid\":0,\"duration\":0,\"play_url\":\"\",\"malicious_title_reason_id\":0,\"malicious_content_type\":0},{\"title\":\"网信办点名360多款产品：违规收集用户信息\",\"digest\":\"安全软件不安全\",\"content\":\"\",\"fileid\":503779064,\"content_url\":\"http:\/\/mp.weixin.qq.com\/s?__biz=MjM5Mzg4NzExMQ==&amp;mid=2651262715&amp;idx=4&amp;sn=d848467d0bc2d2fb97f69aae647bcb4f&amp;chksm=bd6388138a1401052297d2048724fbd2b4d1d6a63db25edbd9bf273851ba84936e6b3d572d26&amp;scene=27#wechat_redirect\",\"source_url\":\"\",\"cover\":\"http:\/\/mmbiz.qpic.cn\/mmbiz_jpg\/YTI67xfsN52zPBKtUMrgzBRR049ev9icZXiad6mWJzTFcnUtIF6eG8QSq84rBb8mdcmibqBSWibXvE9Ra3qrK2mZLA\/0?wx_fmt=jpeg\",\"author\":\"IT之家\",\"copyright_stat\":100,\"del_flag\":1,\"item_show_type\":0,\"audio_fileid\":0,\"duration\":0,\"play_url\":\"\",\"malicious_title_reason_id\":0,\"malicious_content_type\":0},{\"title\":\"神评 | 不怕大哥真有钱，就怕大哥未成年\",\"digest\":\"IT之家，看的就是评论\",\"content\":\"\",\"fileid\":503721447,\"content_url\":\"http:\/\/mp.weixin.qq.com\/s?__biz=MjM5Mzg4NzExMQ==&amp;mid=2651262715&amp;idx=5&amp;sn=847ecdde0bad649f8997a8797a3d99f1&amp;chksm=bd6388138a1401056284fbb8a9d7e80b9df0aa3a45a939f4a0aadf6ca7c85f2c93063adadf46&amp;scene=27#wechat_redirect\",\"source_url\":\"https:\/\/m.ithome.com\/hotcommentm\/\",\"cover\":\"http:\/\/mmbiz.qpic.cn\/mmbiz_jpg\/YTI67xfsN50k8MGah9xNdAWzhqQU2b7kznIkLuW5l4b4m9dAmCMXib2zib0TzUCusohbPT7gND8iacPOO2go7gUPA\/0?wx_fmt=jpeg\",\"author\":\"IT之家\",\"copyright_stat\":100,\"del_flag\":1,\"item_show_type\":0,\"audio_fileid\":0,\"duration\":0,\"play_url\":\"\",\"malicious_title_reason_id\":0,\"malicious_content_type\":0},{\"title\":\"辣榜 | 京东精选高性价比清单 TOP 20\",\"digest\":\"手慢无哦~\",\"content\":\"\",\"fileid\":503778977,\"content_url\":\"http:\/\/mp.weixin.qq.com\/s?__biz=MjM5Mzg4NzExMQ==&amp;mid=2651262715&amp;idx=6&amp;sn=bd5d8f46d1d2a7fe5d7d72607f10ffe3&amp;chksm=bd6388138a140105e770f698164f524fa0806d23f1cc0021e7503db06f55c0dd08cc1587a82c&amp;scene=27#wechat_redirect\",\"source_url\":\"https:\/\/www.zuihuimai.com\/download\",\"cover\":\"http:\/\/mmbiz.qpic.cn\/mmbiz_jpg\/YTI67xfsN52zPBKtUMrgzBRR049ev9icZUpXvGuzkJf6QhAia8zoUWwNNuMqdr6ec30vOxkP2rJcapqUBYdPoMNA\/0?wx_fmt=jpeg\",\"author\":\"辣品\",\"copyright_stat\":100,\"del_flag\":1,\"item_show_type\":0,\"audio_fileid\":0,\"duration\":0,\"play_url\":\"\",\"malicious_title_reason_id\":0,\"malicious_content_type\":0}],\"author\":\"铁马\",\"copyright_stat\":11,\"duration\":0,\"del_flag\":1,\"item_show_type\":0,\"audio_fileid\":0,\"play_url\":\"\",\"malicious_title_reason_id\":0,\"malicious_content_type\":0}},{\"comm_msg_info\":{\"id\":1000001851,\"type\":49,\"datetime\":1620827280,\"fakeid\":\"2393887111\",\"status\":2,\"content\":\"\"},\"app_msg_ext_info\":{\"title\":\"狗币、屎币、嫩模币，币币要命\",\"digest\":\"我也想发行虚拟币了，就叫ShaB吧\",\"content\":\"\",\"fileid\":503778926,\"content_url\":\"http:\/\/mp.weixin.qq.com\/s?__biz=MjM5Mzg4NzExMQ==&amp;mid=2651262596&amp;idx=1&amp;sn=54ed651386d970618e2906ead5694284&amp;chksm=bd63886c8a14017a1a99bc0e8d2316b4ded861bd1781144481ab209f052e75c30812cb4f8286&amp;scene=27#wechat_redirect\",\"source_url\":\"\",\"cover\":\"http:\/\/mmbiz.qpic.cn\/mmbiz_jpg\/YTI67xfsN53AvRLqznVtb3ar7JZuYccQvLDT4xJOhdtv7gL54ytUPpib6gA1XSZ7pAMciaj3bPAvAuazrmU45ukA\/0?wx_fmt=jpeg\",\"subtype\":9,\"is_multi\":1,\"multi_app_msg_item_list\":[{\"title\":\"重磅：小米和美国政府达成和解\",\"digest\":\"...\",\"content\":\"\",\"fileid\":0,\"content_url\":\"http:\/\/mp.weixin.qq.com\/s?__biz=MjM5Mzg4NzExMQ==&amp;mid=2651262596&amp;idx=2&amp;sn=f6438067ea1d5a29f5a8d0bfb130aeeb&amp;chksm=bd63886c8a14017acc79ca4eefc3ee89400aca218a3b5f0966d72a387d16cd3dad1798bd42a8&amp;scene=27#wechat_redirect\",\"source_url\":\"\",\"cover\":\"http:\/\/mmbiz.qpic.cn\/mmbiz_jpg\/YTI67xfsN53AvRLqznVtb3ar7JZuYccQfMq3mc3RmINrhdrJ29ph5Eibhkrq7iaU1AVGDNHQLOgiamddprBicDPnBQ\/0?wx_fmt=jpeg\",\"author\":\"IT之家\",\"copyright_stat\":100,\"del_flag\":1,\"item_show_type\":0,\"audio_fileid\":0,\"duration\":0,\"play_url\":\"\",\"malicious_title_reason_id\":0,\"malicious_content_type\":0},{\"title\":\"大学生白嫖肯德基20万套餐，获刑两年半\",\"digest\":\"不要贪心\",\"content\":\"\",\"fileid\":503778839,\"content_url\":\"http:\/\/mp.weixin.qq.com\/s?__biz=MjM5Mzg4NzExMQ==&amp;mid=2651262596&amp;idx=3&amp;sn=b777ccb044c8ca65044ecf94787e1286&amp;chksm=bd63886c8a14017ad97d1b0a6f8200c9bd2e690cfa908e26dcc73a542492f6367e305484afbf&amp;scene=27#wechat_redirect\",\"source_url\":\"\",\"cover\":\"http:\/\/mmbiz.qpic.cn\/mmbiz_jpg\/YTI67xfsN53AvRLqznVtb3ar7JZuYccQfChFhYV7a1eQjDLV2E9ZcU2wgz08SY499xyKWvf7qkNGYibAaQIWQyw\/0?wx_fmt=jpeg\",\"author\":\"IT之家\",\"copyright_stat\":100,\"del_flag\":1,\"item_show_type\":0,\"audio_fileid\":0,\"duration\":0,\"play_url\":\"\",\"malicious_title_reason_id\":0,\"malicious_content_type\":0},{\"title\":\"把时间花在更有价值的地方，这几个优质公众号帮你轻松涨知识\",\"digest\":\"荐号\",\"content\":\"\",\"fileid\":0,\"content_url\":\"http:\/\/mp.weixin.qq.com\/s?__biz=MjM5Mzg4NzExMQ==&amp;mid=2651262596&amp;idx=4&amp;sn=0ffa755f9ad7117bcfe3e1ad95d09e3e&amp;chksm=bd63886c8a14017a16678d1bdc35e47b70b5a82280d422faf40499496572566468fac9f9e18c&amp;scene=27#wechat_redirect\",\"source_url\":\"\",\"cover\":\"http:\/\/mmbiz.qpic.cn\/mmbiz_jpg\/nycP9Kdiaeo3h0eJxUpT2G6Rh0XQo7RjaOpX09L6yjNRMFEDN81VBFfXNDE9ric6dP7yum9GiansibmkLFcGPXibQVQ\/0?wx_fmt=jpeg\",\"author\":\"荐号\",\"copyright_stat\":100,\"del_flag\":1,\"item_show_type\":0,\"audio_fileid\":0,\"duration\":0,\"play_url\":\"\",\"malicious_title_reason_id\":0,\"malicious_content_type\":0},{\"title\":\"Switch Pro被厂商泄密，塞尔达旷野之息2要来喽\",\"digest\":\"相当脐带\",\"content\":\"\",\"fileid\":0,\"content_url\":\"http:\/\/mp.weixin.qq.com\/s?__biz=MjM5Mzg4NzExMQ==&amp;mid=2651262596&amp;idx=5&amp;sn=db59110d04634d76d11104bef21a5b71&amp;chksm=bd63886c8a14017ab8755675b45545ee967fb660aa5887a7ae4a2a75f3248aaca0bf19846ac1&amp;scene=27#wechat_redirect\",\"source_url\":\"\",\"cover\":\"http:\/\/mmbiz.qpic.cn\/mmbiz_jpg\/YTI67xfsN53AvRLqznVtb3ar7JZuYccQHUibh6LLTzWjDTOR1uP06792QOzTYRbPicYqcZNWK8L3OhgibLjwrIPmQ\/0?wx_fmt=jpeg\",\"author\":\"IT之家\",\"copyright_stat\":100,\"del_flag\":1,\"item_show_type\":0,\"audio_fileid\":0,\"duration\":0,\"play_url\":\"\",\"malicious_title_reason_id\":0,\"malicious_content_type\":0},{\"title\":\"神评 | 美国官方认证：没核心技术\",\"digest\":\"IT之家，看的就是评论\",\"content\":\"\",\"fileid\":503721447,\"content_url\":\"http:\/\/mp.weixin.qq.com\/s?__biz=MjM5Mzg4NzExMQ==&amp;mid=2651262596&amp;idx=6&amp;sn=95d0679c6c13bbfb1ccb80a62b642bfd&amp;chksm=bd63886c8a14017a0fd67ab1662f47d17dbfb2a673bbf800e8c4d0c3d550f91030090e471305&amp;scene=27#wechat_redirect\",\"source_url\":\"https:\/\/m.ithome.com\/hotcommentm\/\",\"cover\":\"http:\/\/mmbiz.qpic.cn\/mmbiz_jpg\/YTI67xfsN50k8MGah9xNdAWzhqQU2b7kznIkLuW5l4b4m9dAmCMXib2zib0TzUCusohbPT7gND8iacPOO2go7gUPA\/0?wx_fmt=jpeg\",\"author\":\"IT之家\",\"copyright_stat\":100,\"del_flag\":1,\"item_show_type\":0,\"audio_fileid\":0,\"duration\":0,\"play_url\":\"\",\"malicious_title_reason_id\":0,\"malicious_content_type\":0},{\"title\":\"辣榜 | 京东精选高性价比清单 TOP 20\",\"digest\":\"手慢无哦~\",\"content\":\"\",\"fileid\":503778920,\"content_url\":\"http:\/\/mp.weixin.qq.com\/s?__biz=MjM5Mzg4NzExMQ==&amp;mid=2651262596&amp;idx=7&amp;sn=0e16f18269335bee18c23b7f14e44354&amp;chksm=bd63886c8a14017a65c4be3014b4f8d38680ce42bd1c620c4cceac619f0fe269ae3a311a6297&amp;scene=27#wechat_redirect\",\"source_url\":\"https:\/\/www.zuihuimai.com\/download\",\"cover\":\"http:\/\/mmbiz.qpic.cn\/mmbiz_jpg\/YTI67xfsN53AvRLqznVtb3ar7JZuYccQX9kgOsYGZF1G4Yd6QAaYGicfFWsZAwibaDZhSPibTvWw5jJM0ZPoBmkbA\/0?wx_fmt=jpeg\",\"author\":\"辣品\",\"copyright_stat\":100,\"del_flag\":1,\"item_show_type\":0,\"audio_fileid\":0,\"duration\":0,\"play_url\":\"\",\"malicious_title_reason_id\":0,\"malicious_content_type\":0}],\"author\":\"铁马\",\"copyright_stat\":11,\"duration\":0,\"del_flag\":1,\"item_show_type\":0,\"audio_fileid\":0,\"play_url\":\"\",\"malicious_title_reason_id\":0,\"malicious_content_type\":0}},{\"comm_msg_info\":{\"id\":1000001850,\"type\":49,\"datetime\":1620740950,\"fakeid\":\"2393887111\",\"status\":2,\"content\":\"\"},\"app_msg_ext_info\":{\"title\":\"刚刚，全网销量第一！今年最超值的新机，就是它了\",\"digest\":\"太香了\",\"content\":\"\",\"fileid\":503778775,\"content_url\":\"http:\/\/mp.weixin.qq.com\/s?__biz=MjM5Mzg4NzExMQ==&amp;mid=2651262477&amp;idx=1&amp;sn=8691d5ae32dcb461d1a920ae2a50b2f7&amp;chksm=bd6388e58a1401f3984fdff0b74c634ce360c28f6bf689fbf27fa4ee0f2e00e1c749aa0e52a5&amp;scene=27#wechat_redirect\",\"source_url\":\"\",\"cover\":\"http:\/\/mmbiz.qpic.cn\/mmbiz_jpg\/YTI67xfsN52ol1urbNzkgS0bfiasHKmDC5ctzcs9eY4Joae3Je3JCickt4RKFnSZicepIWmVYjYfHH2MpxJrjteKA\/0?wx_fmt=jpeg\",\"subtype\":9,\"is_multi\":1,\"multi_app_msg_item_list\":[{\"title\":\"技嘉凉了！辱华惊动团中央，全网下架，人人喊打\",\"digest\":\"吃中国的饭，砸中国的锅\",\"content\":\"\",\"fileid\":0,\"content_url\":\"http:\/\/mp.weixin.qq.com\/s?__biz=MjM5Mzg4NzExMQ==&amp;mid=2651262477&amp;idx=2&amp;sn=852f9c54bc9996479aa25bd13e8c383a&amp;chksm=bd6388e58a1401f348aa3dbcceb9dece769d1b01096f4844e71f02b10f763546e29beb3c0c14&amp;scene=27#wechat_redirect\",\"source_url\":\"\",\"cover\":\"http:\/\/mmbiz.qpic.cn\/mmbiz_jpg\/YTI67xfsN52ol1urbNzkgS0bfiasHKmDCmmyVpePNMp7V7ibeFgAYuTczqLHzXekbOYPp5wicubrQZnD2Gup1eSHQ\/0?wx_fmt=jpeg\",\"author\":\"铁马\",\"copyright_stat\":11,\"del_flag\":1,\"item_show_type\":0,\"audio_fileid\":0,\"duration\":0,\"play_url\":\"\",\"malicious_title_reason_id\":0,\"malicious_content_type\":0},{\"title\":\"腾讯推出看片软件“片多多”，主打看片赚钱\",\"digest\":\"PDD不会告它嘛？\",\"content\":\"\",\"fileid\":0,\"content_url\":\"http:\/\/mp.weixin.qq.com\/s?__biz=MjM5Mzg4NzExMQ==&amp;mid=2651262477&amp;idx=3&amp;sn=06a11879f19e94870f1b4ff0c7b647e4&amp;chksm=bd6388e58a1401f33b6637a871578ad045ff2a222ff8db948328fcf784f0a7482e340190fa1b&amp;scene=27#wechat_redirect\",\"source_url\":\"\",\"cover\":\"http:\/\/mmbiz.qpic.cn\/mmbiz_jpg\/YTI67xfsN52ol1urbNzkgS0bfiasHKmDCJ0vW2L8mjf4h961ib4fCeaNY8TwtM2raauemgqEuFiaZz7yrMHs3xcyQ\/0?wx_fmt=jpeg\",\"author\":\"IT之家\",\"copyright_stat\":100,\"del_flag\":1,\"item_show_type\":0,\"audio_fileid\":0,\"duration\":0,\"play_url\":\"\",\"malicious_title_reason_id\":0,\"malicious_content_type\":0},{\"title\":\"特斯拉男车主起诉维权女车主：因为她，自己受尽歧视\",\"digest\":\"我想起诉王思聪，因为他太有钱了\",\"content\":\"\",\"fileid\":0,\"content_url\":\"http:\/\/mp.weixin.qq.com\/s?__biz=MjM5Mzg4NzExMQ==&amp;mid=2651262477&amp;idx=4&amp;sn=ba84660e19ca62b2dc0f3a55844c9c21&amp;chksm=bd6388e58a1401f3154f101db7dbb4911a7794703e3a4c540c176533327e43bbb82f71104a50&amp;scene=27#wechat_redirect\",\"source_url\":\"\",\"cover\":\"http:\/\/mmbiz.qpic.cn\/mmbiz_jpg\/YTI67xfsN52ol1urbNzkgS0bfiasHKmDC5RXUI8dDLNicK7lVFqslLSVIWjMfjOialVI2lBpFvvo7hSKib9Rq3PIFA\/0?wx_fmt=jpeg\",\"author\":\"IT之家\",\"copyright_stat\":100,\"del_flag\":1,\"item_show_type\":0,\"audio_fileid\":0,\"duration\":0,\"play_url\":\"\",\"malicious_title_reason_id\":0,\"malicious_content_type\":0},{\"title\":\"神评 | 给大家表演一个贼喊捉贼\",\"digest\":\"IT之家，看的就是评论\",\"content\":\"\",\"fileid\":503721447,\"content_url\":\"http:\/\/mp.weixin.qq.com\/s?__biz=MjM5Mzg4NzExMQ==&amp;mid=2651262477&amp;idx=5&amp;sn=b35162884a2ad4b7ba1972dc36067505&amp;chksm=bd6388e58a1401f3cadae24560d77993522df7a8193436178be45c6cc90a4ef1901b43080b34&amp;scene=27#wechat_redirect\",\"source_url\":\"https:\/\/m.ithome.com\/hotcommentm\/\",\"cover\":\"http:\/\/mmbiz.qpic.cn\/mmbiz_jpg\/YTI67xfsN50k8MGah9xNdAWzhqQU2b7kznIkLuW5l4b4m9dAmCMXib2zib0TzUCusohbPT7gND8iacPOO2go7gUPA\/0?wx_fmt=jpeg\",\"author\":\"IT之家\",\"copyright_stat\":100,\"del_flag\":1,\"item_show_type\":0,\"audio_fileid\":0,\"duration\":0,\"play_url\":\"\",\"malicious_title_reason_id\":0,\"malicious_content_type\":0},{\"title\":\"辣榜 | 京东精选高性价比清单 TOP 20\",\"digest\":\"手慢无哦~\",\"content\":\"\",\"fileid\":503778770,\"content_url\":\"http:\/\/mp.weixin.qq.com\/s?__biz=MjM5Mzg4NzExMQ==&amp;mid=2651262477&amp;idx=6&amp;sn=4de9037045ad27cfab9d9da830054448&amp;chksm=bd6388e58a1401f39be2a89f3ec991cfc1ae17e105a1ad93bb5d5c43d8164b0ef5d8ae44808e&amp;scene=27#wechat_redirect\",\"source_url\":\"https:\/\/www.zuihuimai.com\/download\",\"cover\":\"http:\/\/mmbiz.qpic.cn\/mmbiz_jpg\/YTI67xfsN52ol1urbNzkgS0bfiasHKmDCxSMcMZNaogG22vWcJCxE8sBbel5wk5XeGUEEXWAW4GO9R7YOTOD57g\/0?wx_fmt=jpeg\",\"author\":\"辣品\",\"copyright_stat\":100,\"del_flag\":1,\"item_show_type\":0,\"audio_fileid\":0,\"duration\":0,\"play_url\":\"\",\"malicious_title_reason_id\":0,\"malicious_content_type\":0}],\"author\":\"IT之家\",\"copyright_stat\":11,\"duration\":0,\"del_flag\":1,\"item_show_type\":0,\"audio_fileid\":0,\"play_url\":\"\",\"malicious_title_reason_id\":0,\"malicious_content_type\":0}},{\"comm_msg_info\":{\"id\":1000001849,\"type\":49,\"datetime\":1620654480,\"fakeid\":\"2393887111\",\"status\":2,\"content\":\"\"},\"app_msg_ext_info\":{\"title\":\"千万骑手均外包，二选一，杀熟，美团良心何在？\",\"digest\":\"美团全都要\",\"content\":\"\",\"fileid\":503778651,\"content_url\":\"http:\/\/mp.weixin.qq.com\/s?__biz=MjM5Mzg4NzExMQ==&amp;mid=2651262346&amp;idx=1&amp;sn=2fc78258d4624221edba57bf54ab8f60&amp;chksm=bd638b628a14027483341d28461e060d53423cc2f840affe7cb4da927d49727d51542afcabf1&amp;scene=27#wechat_redirect\",\"source_url\":\"\",\"cover\":\"http:\/\/mmbiz.qpic.cn\/mmbiz_jpg\/YTI67xfsN538oyOyhT09xpq23Bzr5EG6eiapmw0GuPA09gvhlGsAZ0j5qVGicwOPRBSumeXjISUPIW5yPeicBeMbQ\/0?wx_fmt=jpeg\",\"subtype\":9,\"is_multi\":1,\"multi_app_msg_item_list\":[{\"title\":\"支付宝重大更新，数字人民币上线！\",\"digest\":\"这回方便了\",\"content\":\"\",\"fileid\":0,\"content_url\":\"http:\/\/mp.weixin.qq.com\/s?__biz=MjM5Mzg4NzExMQ==&amp;mid=2651262346&amp;idx=2&amp;sn=02a6210dfa4bef239e767a2046694655&amp;chksm=bd638b628a140274f6f11d08be0161ba7bd7e8155f779597e165df2cded4ff2f7846b3023fb5&amp;scene=27#wechat_redirect\",\"source_url\":\"\",\"cover\":\"http:\/\/mmbiz.qpic.cn\/mmbiz_jpg\/YTI67xfsN538oyOyhT09xpq23Bzr5EG6WCHXL94pzKnhHicXE6Nxialha5k3IS7VrXicmw09UQoHDuOUCcrlHYzPQ\/0?wx_fmt=jpeg\",\"author\":\"IT之家\",\"copyright_stat\":100,\"del_flag\":1,\"item_show_type\":0,\"audio_fileid\":0,\"duration\":0,\"play_url\":\"\",\"malicious_title_reason_id\":0,\"malicious_content_type\":0},{\"title\":\"苹果新品被破解：跟踪、钓鱼、被侵入，太可怕了\",\"digest\":\"可怕\",\"content\":\"\",\"fileid\":0,\"content_url\":\"http:\/\/mp.weixin.qq.com\/s?__biz=MjM5Mzg4NzExMQ==&amp;mid=2651262346&amp;idx=3&amp;sn=03d54e89920cfefba39604f1f0721763&amp;chksm=bd638b628a14027419decf9672148786c8eb885b6e7a530a275a0d5d6d431110158d3b94ca89&amp;scene=27#wechat_redirect\",\"source_url\":\"\",\"cover\":\"http:\/\/mmbiz.qpic.cn\/mmbiz_jpg\/YTI67xfsN538oyOyhT09xpq23Bzr5EG64Zhcp8OTRs6lwKqteWSo7aF85V901DM9fGX41DGBUDFkqJiaOhXBgDw\/0?wx_fmt=jpeg\",\"author\":\"IT之家\",\"copyright_stat\":100,\"del_flag\":1,\"item_show_type\":0,\"audio_fileid\":0,\"duration\":0,\"play_url\":\"\",\"malicious_title_reason_id\":0,\"malicious_content_type\":0},{\"title\":\"三星耳机引发耳部炎症，过敏用户小心！\",\"digest\":\"千万小心\",\"content\":\"\",\"fileid\":0,\"content_url\":\"http:\/\/mp.weixin.qq.com\/s?__biz=MjM5Mzg4NzExMQ==&amp;mid=2651262346&amp;idx=4&amp;sn=72993e095ad2b4d2bae2fbc233ac78ef&amp;chksm=bd638b628a1402740f1268bc5c1a15bbf7999c7d7c0659e850a22a4a25037176f32bbb83e02d&amp;scene=27#wechat_redirect\",\"source_url\":\"\",\"cover\":\"http:\/\/mmbiz.qpic.cn\/mmbiz_jpg\/YTI67xfsN538oyOyhT09xpq23Bzr5EG6qV7TFoYsm4r7hdDh3iaiaG0Pho1s3VWweMjLxhlNSWdlMrDEhYjQXCjg\/0?wx_fmt=jpeg\",\"author\":\"IT之家\",\"copyright_stat\":100,\"del_flag\":1,\"item_show_type\":0,\"audio_fileid\":0,\"duration\":0,\"play_url\":\"\",\"malicious_title_reason_id\":0,\"malicious_content_type\":0},{\"title\":\"神评 | 我从未见到如此强大的社交软件\",\"digest\":\"IT之家，看的就是评论\",\"content\":\"\",\"fileid\":503721447,\"content_url\":\"http:\/\/mp.weixin.qq.com\/s?__biz=MjM5Mzg4NzExMQ==&amp;mid=2651262346&amp;idx=5&amp;sn=6483841f0570bfffd88fb55921ad7f33&amp;chksm=bd638b628a1402745be424fa916b89e592a9735db8a1011709c2f034fc9e7bb38aa8f4630aff&amp;scene=27#wechat_redirect\",\"source_url\":\"https:\/\/m.ithome.com\/hotcommentm\/\",\"cover\":\"http:\/\/mmbiz.qpic.cn\/mmbiz_jpg\/YTI67xfsN50k8MGah9xNdAWzhqQU2b7kznIkLuW5l4b4m9dAmCMXib2zib0TzUCusohbPT7gND8iacPOO2go7gUPA\/0?wx_fmt=jpeg\",\"author\":\"IT之家\",\"copyright_stat\":100,\"del_flag\":1,\"item_show_type\":0,\"audio_fileid\":0,\"duration\":0,\"play_url\":\"\",\"malicious_title_reason_id\":0,\"malicious_content_type\":0},{\"title\":\"辣榜 | 京东精选高性价比清单 TOP 20\",\"digest\":\"手慢无哦~\",\"content\":\"\",\"fileid\":503778599,\"content_url\":\"http:\/\/mp.weixin.qq.com\/s?__biz=MjM5Mzg4NzExMQ==&amp;mid=2651262346&amp;idx=6&amp;sn=daa2dfaf4a7782a10b46606cde4ccaab&amp;chksm=bd638b628a140274394f4e88a422d8b16c47306ac0695428404af2957a143ee7945f2f04dd57&amp;scene=27#wechat_redirect\",\"source_url\":\"https:\/\/www.zuihuimai.com\/download\",\"cover\":\"http:\/\/mmbiz.qpic.cn\/mmbiz_jpg\/YTI67xfsN538oyOyhT09xpq23Bzr5EG6iaqd1vQU4msKBej0ibgyf5XTJSZMloENjB1ppYAWy8fd8TlEwtGzDLrQ\/0?wx_fmt=jpeg\",\"author\":\"辣品\",\"copyright_stat\":100,\"del_flag\":1,\"item_show_type\":0,\"audio_fileid\":0,\"duration\":0,\"play_url\":\"\",\"malicious_title_reason_id\":0,\"malicious_content_type\":0}],\"author\":\"铁马\",\"copyright_stat\":11,\"duration\":0,\"del_flag\":1,\"item_show_type\":0,\"audio_fileid\":0,\"play_url\":\"\",\"malicious_title_reason_id\":0,\"malicious_content_type\":0}},{\"comm_msg_info\":{\"id\":1000001848,\"type\":49,\"datetime\":1620568163,\"fakeid\":\"2393887111\",\"status\":2,\"content\":\"\"},\"app_msg_ext_info\":{\"title\":\"iPhone 13 Pro被国产抢发！\",\"digest\":\"太恶心人了。。。\",\"content\":\"\",\"fileid\":503778484,\"content_url\":\"http:\/\/mp.weixin.qq.com\/s?__biz=MjM5Mzg4NzExMQ==&amp;mid=2651262198&amp;idx=1&amp;sn=66937da5022d50fd02b97e323815da67&amp;chksm=bd638a1e8a1403081d75619b331dd0a542e9c869ebe7fd68d5399c606bc2bb7689253b41aed0&amp;scene=27#wechat_redirect\",\"source_url\":\"\",\"cover\":\"http:\/\/mmbiz.qpic.cn\/mmbiz_jpg\/YTI67xfsN52qny7KYNOAdRyXtHtlAsSr9WebMobl5dyeiahsGuPBeJteJhBjicFt1ajjCdZ7a24B67iagd2dVeKfA\/0?wx_fmt=jpeg\",\"subtype\":9,\"is_multi\":1,\"multi_app_msg_item_list\":[{\"title\":\"女乘客带“假XX”被安检公开，广州地铁紧急道歉\",\"digest\":\"毫无下限\",\"content\":\"\",\"fileid\":0,\"content_url\":\"http:\/\/mp.weixin.qq.com\/s?__biz=MjM5Mzg4NzExMQ==&amp;mid=2651262198&amp;idx=2&amp;sn=5dc7ce9b0180a2f0fb9df550e0277477&amp;chksm=bd638a1e8a140308a2216c40184387c7daa26d9145e3b9d1be4bdd635f0f548afdb20e32b389&amp;scene=27#wechat_redirect\",\"source_url\":\"\",\"cover\":\"http:\/\/mmbiz.qpic.cn\/mmbiz_jpg\/YTI67xfsN52zqHmQZlYZicYxKOicyLSYp9C5MWlWp6rooSR9RXYGgSyyfkKjhodPRibKTAHYO2tJfXkBumwmAicbtw\/0?wx_fmt=jpeg\",\"author\":\"IT之家\",\"copyright_stat\":11,\"del_flag\":1,\"item_show_type\":0,\"audio_fileid\":0,\"duration\":0,\"play_url\":\"\",\"malicious_title_reason_id\":0,\"malicious_content_type\":0},{\"title\":\"库克喊你买iPhone 13，升级iOS 14.5.1后iPhone 12性能下降\",\"digest\":\"新系统修复了iPhone速度过快的Bug\",\"content\":\"\",\"fileid\":0,\"content_url\":\"http:\/\/mp.weixin.qq.com\/s?__biz=MjM5Mzg4NzExMQ==&amp;mid=2651262198&amp;idx=3&amp;sn=ab65bbc046819a3cccf32c97d3aa1b32&amp;chksm=bd638a1e8a140308334535be2852bd73238a7d642e36efd47b507b463e32347afe36628c2261&amp;scene=27#wechat_redirect\",\"source_url\":\"\",\"cover\":\"http:\/\/mmbiz.qpic.cn\/mmbiz_jpg\/YTI67xfsN52qny7KYNOAdRyXtHtlAsSrroh1HS8wflQO4oGu3YUNtHreYiaL51URYiaRPsOHyGreiayJDU1tOQEPQ\/0?wx_fmt=jpeg\",\"author\":\"IT之家\",\"copyright_stat\":100,\"del_flag\":1,\"item_show_type\":0,\"audio_fileid\":0,\"duration\":0,\"play_url\":\"\",\"malicious_title_reason_id\":0,\"malicious_content_type\":0},{\"title\":\"特斯拉车主当场死亡，专家组对特斯拉车辆24小时看管\",\"digest\":\"特斯拉车主太惨了\",\"content\":\"\",\"fileid\":0,\"content_url\":\"http:\/\/mp.weixin.qq.com\/s?__biz=MjM5Mzg4NzExMQ==&amp;mid=2651262198&amp;idx=4&amp;sn=b89bae22789195f1e05d7af887284c24&amp;chksm=bd638a1e8a1403083d77028666f0fcff4ac0425d9f0d3b8784c0b34a38f4d904bc434f77c2dc&amp;scene=27#wechat_redirect\",\"source_url\":\"\",\"cover\":\"http:\/\/mmbiz.qpic.cn\/mmbiz_jpg\/YTI67xfsN52qny7KYNOAdRyXtHtlAsSrAa9fuamhQX6ibbuibkakVI7hCpfXEunUXYMldD35XeXJDaUzKf8lVptQ\/0?wx_fmt=jpeg\",\"author\":\"IT之家\",\"copyright_stat\":100,\"del_flag\":1,\"item_show_type\":0,\"audio_fileid\":0,\"duration\":0,\"play_url\":\"\",\"malicious_title_reason_id\":0,\"malicious_content_type\":0},{\"title\":\"神评 | 小米新Logo登上高考数学模拟卷，这200万值翻了\",\"digest\":\"IT之家，看的就是评论\",\"content\":\"\",\"fileid\":503721447,\"content_url\":\"http:\/\/mp.weixin.qq.com\/s?__biz=MjM5Mzg4NzExMQ==&amp;mid=2651262198&amp;idx=5&amp;sn=dd7fe61afe3989a321b174cc6440b956&amp;chksm=bd638a1e8a140308c0e70d9b738433831b94dc566265cbed82bec043ea374e37c13dacb2393e&amp;scene=27#wechat_redirect\",\"source_url\":\"https:\/\/m.ithome.com\/hotcommentm\/\",\"cover\":\"http:\/\/mmbiz.qpic.cn\/mmbiz_jpg\/YTI67xfsN50k8MGah9xNdAWzhqQU2b7kznIkLuW5l4b4m9dAmCMXib2zib0TzUCusohbPT7gND8iacPOO2go7gUPA\/0?wx_fmt=jpeg\",\"author\":\"IT之家\",\"copyright_stat\":100,\"del_flag\":1,\"item_show_type\":0,\"audio_fileid\":0,\"duration\":0,\"play_url\":\"\",\"malicious_title_reason_id\":0,\"malicious_content_type\":0},{\"title\":\"辣榜 | 京东精选高性价比清单 TOP 20\",\"digest\":\"手慢无哦~\",\"content\":\"\",\"fileid\":503778547,\"content_url\":\"http:\/\/mp.weixin.qq.com\/s?__biz=MjM5Mzg4NzExMQ==&amp;mid=2651262198&amp;idx=6&amp;sn=7f8150a972f022a9ab5c51c0942053f1&amp;chksm=bd638a1e8a140308c38f99992c650bb61c3f3c0f94c936536177cec53198b2947d7deb4698da&amp;scene=27#wechat_redirect\",\"source_url\":\"https:\/\/www.zuihuimai.com\/download\",\"cover\":\"http:\/\/mmbiz.qpic.cn\/mmbiz_jpg\/YTI67xfsN52qny7KYNOAdRyXtHtlAsSrIic6M2qCsibtIeB1FdHoLnv6qCCyEntnob4xLxrbliaTwyPflFl251Few\/0?wx_fmt=jpeg\",\"author\":\"辣品\",\"copyright_stat\":100,\"del_flag\":1,\"item_show_type\":0,\"audio_fileid\":0,\"duration\":0,\"play_url\":\"\",\"malicious_title_reason_id\":0,\"malicious_content_type\":0}],\"author\":\"IT之家\",\"copyright_stat\":100,\"duration\":0,\"del_flag\":1,\"item_show_type\":0,\"audio_fileid\":0,\"play_url\":\"\",\"malicious_title_reason_id\":0,\"malicious_content_type\":0}},{\"comm_msg_info\":{\"id\":1000001847,\"type\":49,\"datetime\":1620481680,\"fakeid\":\"2393887111\",\"status\":2,\"content\":\"\"},\"app_msg_ext_info\":{\"title\":\"让资本低头有多难？被全网痛批的《青春有你3》还不下架，爱奇艺死扛到何时\",\"digest\":\"怎么还不下架？\",\"content\":\"\",\"fileid\":503778434,\"content_url\":\"http:\/\/mp.weixin.qq.com\/s?__biz=MjM5Mzg4NzExMQ==&amp;mid=2651262131&amp;idx=1&amp;sn=ca2819b91384e847c492be00ac8b1841&amp;chksm=bd638a5b8a14034d4ad8085acd818eb45d21b56303be9fa237eee192ff8cf76963d21ace6c9c&amp;scene=27#wechat_redirect\",\"source_url\":\"\",\"cover\":\"http:\/\/mmbiz.qpic.cn\/mmbiz_jpg\/YTI67xfsN52zqHmQZlYZicYxKOicyLSYp9Wncic3aMM2WYF4P7Nrbypyia9GEXSiaK8EpPHZrrUl1lqeT0ApxNckibSQ\/0?wx_fmt=jpeg\",\"subtype\":9,\"is_multi\":1,\"multi_app_msg_item_list\":[{\"title\":\"疯狂反转，杭州豹子逃跑，背后隐瞒了什么？\",\"digest\":\"今天太神奇了！\",\"content\":\"\",\"fileid\":0,\"content_url\":\"http:\/\/mp.weixin.qq.com\/s?__biz=MjM5Mzg4NzExMQ==&amp;mid=2651262131&amp;idx=2&amp;sn=28df03169ac5cf16e9724813668edaf8&amp;chksm=bd638a5b8a14034d1e4f2fa136595d7856f73d341904bb8e45b7084717890ac23161b1165965&amp;scene=27#wechat_redirect\",\"source_url\":\"\",\"cover\":\"http:\/\/mmbiz.qpic.cn\/mmbiz_jpg\/YTI67xfsN52zqHmQZlYZicYxKOicyLSYp97ZIh4ibr97EZBV83YvWRws3LIib97kThC2qSWm4JlCga3PgyQO3wyJ7A\/0?wx_fmt=jpeg\",\"author\":\"IT之家\",\"copyright_stat\":11,\"del_flag\":1,\"item_show_type\":0,\"audio_fileid\":0,\"duration\":0,\"play_url\":\"\",\"malicious_title_reason_id\":0,\"malicious_content_type\":0},{\"title\":\"小米一加三星受影响，高通芯片漏洞可导致用户被监听\",\"digest\":\"该漏洞影响全球30%的手机\",\"content\":\"\",\"fileid\":0,\"content_url\":\"http:\/\/mp.weixin.qq.com\/s?__biz=MjM5Mzg4NzExMQ==&amp;mid=2651262131&amp;idx=3&amp;sn=b40c02085a77aed8eb393afb043a5aa6&amp;chksm=bd638a5b8a14034d199846aa6dc701dee103d83b612c2429afd1bb4229b5418eca7cfd7ae034&amp;scene=27#wechat_redirect\",\"source_url\":\"\",\"cover\":\"http:\/\/mmbiz.qpic.cn\/mmbiz_jpg\/YTI67xfsN52zqHmQZlYZicYxKOicyLSYp9aKA6OFzOZ7keUxZFrgTrbECeh7dR9pl1CJHX4Fq2hic4rICTz0GNEpQ\/0?wx_fmt=jpeg\",\"author\":\"IT之家\",\"copyright_stat\":100,\"del_flag\":1,\"item_show_type\":0,\"audio_fileid\":0,\"duration\":0,\"play_url\":\"\",\"malicious_title_reason_id\":0,\"malicious_content_type\":0},{\"title\":\"享受高质量独处时，推荐看一些硬核公众号\",\"digest\":\"荐号\",\"content\":\"\",\"fileid\":0,\"content_url\":\"http:\/\/mp.weixin.qq.com\/s?__biz=MjM5Mzg4NzExMQ==&amp;mid=2651262131&amp;idx=4&amp;sn=9af25906fd8a891f9899dd6c88b9bf12&amp;chksm=bd638a5b8a14034db120a1bdacfdf9821b36d98873fae69ab337b0535a5a4d211444d63083f1&amp;scene=27#wechat_redirect\",\"source_url\":\"\",\"cover\":\"http:\/\/mmbiz.qpic.cn\/mmbiz_jpg\/YTI67xfsN52zqHmQZlYZicYxKOicyLSYp9NyiaucVSVvtGtGbmH35zY6Mib1c8KcMznicexaiaPgoPGYgK97lx8zCGhg\/0?wx_fmt=jpeg\",\"author\":\"荐号\",\"copyright_stat\":100,\"del_flag\":1,\"item_show_type\":0,\"audio_fileid\":0,\"duration\":0,\"play_url\":\"\",\"malicious_title_reason_id\":0,\"malicious_content_type\":0},{\"title\":\"配色销魂！华为P50新旗舰设计曝光\",\"digest\":\"你买不买？\",\"content\":\"\",\"fileid\":0,\"content_url\":\"http:\/\/mp.weixin.qq.com\/s?__biz=MjM5Mzg4NzExMQ==&amp;mid=2651262131&amp;idx=5&amp;sn=aba588ecf7374343295baf2354259ab2&amp;chksm=bd638a5b8a14034d5aa59202e3c828592e21ac423a66cf5f2bd4b15376c5200fbac17e23c9db&amp;scene=27#wechat_redirect\",\"source_url\":\"\",\"cover\":\"http:\/\/mmbiz.qpic.cn\/mmbiz_jpg\/YTI67xfsN52zqHmQZlYZicYxKOicyLSYp9T0cw4cvKEYuWN3v1UQZjOMw9boSvURiaibLF9hD0szkEnvKSvrvRJ9Og\/0?wx_fmt=jpeg\",\"author\":\"IT之家\",\"copyright_stat\":100,\"del_flag\":1,\"item_show_type\":0,\"audio_fileid\":0,\"duration\":0,\"play_url\":\"\",\"malicious_title_reason_id\":0,\"malicious_content_type\":0},{\"title\":\"神评 | 一条聋服务\",\"digest\":\"IT之家，看的就是评论\",\"content\":\"\",\"fileid\":503721447,\"content_url\":\"http:\/\/mp.weixin.qq.com\/s?__biz=MjM5Mzg4NzExMQ==&amp;mid=2651262131&amp;idx=6&amp;sn=c1a91847b7bf13be88fab2d4c0855aa1&amp;chksm=bd638a5b8a14034d98c587b5a47041998f1fd05eeb25b26a9648816141238833c1f6ac515f7a&amp;scene=27#wechat_redirect\",\"source_url\":\"https:\/\/m.ithome.com\/hotcommentm\/\",\"cover\":\"http:\/\/mmbiz.qpic.cn\/mmbiz_jpg\/YTI67xfsN50k8MGah9xNdAWzhqQU2b7kznIkLuW5l4b4m9dAmCMXib2zib0TzUCusohbPT7gND8iacPOO2go7gUPA\/0?wx_fmt=jpeg\",\"author\":\"IT之家\",\"copyright_stat\":100,\"del_flag\":1,\"item_show_type\":0,\"audio_fileid\":0,\"duration\":0,\"play_url\":\"\",\"malicious_title_reason_id\":0,\"malicious_content_type\":0},{\"title\":\"辣榜 | 京东精选高性价比清单 TOP 20\",\"digest\":\"手慢无哦~\",\"content\":\"\",\"fileid\":503778431,\"content_url\":\"http:\/\/mp.weixin.qq.com\/s?__biz=MjM5Mzg4NzExMQ==&amp;mid=2651262131&amp;idx=7&amp;sn=608ef000987e7f9d21875c0d75b795d0&amp;chksm=bd638a5b8a14034d42dd4f9052a668bd384793017943a6dde50e470f02333c64f7895a4bc3c4&amp;scene=27#wechat_redirect\",\"source_url\":\"https:\/\/www.zuihuimai.com\/download\",\"cover\":\"http:\/\/mmbiz.qpic.cn\/mmbiz_jpg\/YTI67xfsN52zqHmQZlYZicYxKOicyLSYp9GN0XcCfZhzKRjxHV6Yvv2ialicqjIUTQ6nlB0GKx5rAJsoWKRIhwf84g\/0?wx_fmt=jpeg\",\"author\":\"辣品\",\"copyright_stat\":100,\"del_flag\":1,\"item_show_type\":0,\"audio_fileid\":0,\"duration\":0,\"play_url\":\"\",\"malicious_title_reason_id\":0,\"malicious_content_type\":0}],\"author\":\"铁马\",\"copyright_stat\":11,\"duration\":0,\"del_flag\":1,\"item_show_type\":0,\"audio_fileid\":0,\"play_url\":\"\",\"malicious_title_reason_id\":0,\"malicious_content_type\":0}},{\"comm_msg_info\":{\"id\":1000001846,\"type\":49,\"datetime\":1620395510,\"fakeid\":\"2393887111\",\"status\":2,\"content\":\"\"},\"app_msg_ext_info\":{\"title\":\"降维打击！Pornhub的新对手，竟然不是成人网站？\",\"digest\":\"LSP们有了新去处\",\"content\":\"\",\"fileid\":0,\"content_url\":\"http:\/\/mp.weixin.qq.com\/s?__biz=MjM5Mzg4NzExMQ==&amp;mid=2651261965&amp;idx=1&amp;sn=e44873e41364dd35fc808a19325ee026&amp;chksm=bd638ae58a1403f355dda9d5afce78f95cef9a257b59e25656c96aac32778d4973a4398e135c&amp;scene=27#wechat_redirect\",\"source_url\":\"\",\"cover\":\"http:\/\/mmbiz.qpic.cn\/mmbiz_jpg\/YTI67xfsN52icWbySubKPFdyGZr4qI9xlPeNnRubkL516jcCtK0OgTib92XHZWXmGQMqkDibgRtT3WLGtgYDy3mpA\/0?wx_fmt=jpeg\",\"subtype\":9,\"is_multi\":1,\"multi_app_msg_item_list\":[{\"title\":\"杨幂被围攻，realme被指内涵赵丽颖\",\"digest\":\"嗯...\",\"content\":\"\",\"fileid\":0,\"content_url\":\"http:\/\/mp.weixin.qq.com\/s?__biz=MjM5Mzg4NzExMQ==&amp;mid=2651261965&amp;idx=2&amp;sn=69c72685d6ddbdf8c6e351ba884af82f&amp;chksm=bd638ae58a1403f3ca4dd3c9e0a54bab4e7e6fd90e07fe0edc6c2ccf2bfe30b3afdf6dca5a61&amp;scene=27#wechat_redirect\",\"source_url\":\"\",\"cover\":\"http:\/\/mmbiz.qpic.cn\/mmbiz_jpg\/YTI67xfsN52icWbySubKPFdyGZr4qI9xlJjPYB8icFQUJ1GQQ5JibGWk2Gcvu5kia7bJSeRQ0LjoSQefn99LNITmRA\/0?wx_fmt=jpeg\",\"author\":\"IT之家\",\"copyright_stat\":11,\"del_flag\":1,\"item_show_type\":0,\"audio_fileid\":0,\"duration\":0,\"play_url\":\"\",\"malicious_title_reason_id\":0,\"malicious_content_type\":0},{\"title\":\"爱奇艺、蒙牛为倒奶事件道歉：《青你3》停播，关闭助力通道\",\"digest\":\"浪费粮食，可耻！\",\"content\":\"\",\"fileid\":503778280,\"content_url\":\"http:\/\/mp.weixin.qq.com\/s?__biz=MjM5Mzg4NzExMQ==&amp;mid=2651261965&amp;idx=3&amp;sn=bc96e69b0b9f5a435d8bff30f503669e&amp;chksm=bd638ae58a1403f3a263d46d328a2b0eb87a9ff69019871b6508106e9bfcab5a8ec749d20109&amp;scene=27#wechat_redirect\",\"source_url\":\"\",\"cover\":\"http:\/\/mmbiz.qpic.cn\/mmbiz_jpg\/YTI67xfsN52icWbySubKPFdyGZr4qI9xl5KNfseZQSow9dscUN4Cstm6VYxIVqSKY0uEj1wtldD3eOywyFo6qSQ\/0?wx_fmt=jpeg\",\"author\":\"IT之家\",\"copyright_stat\":100,\"del_flag\":1,\"item_show_type\":0,\"audio_fileid\":0,\"duration\":0,\"play_url\":\"\",\"malicious_title_reason_id\":0,\"malicious_content_type\":0},{\"title\":\"这几个好评率超高的公众号，别告诉我你一个都没关注\",\"digest\":\"荐号\",\"content\":\"\",\"fileid\":0,\"content_url\":\"http:\/\/mp.weixin.qq.com\/s?__biz=MjM5Mzg4NzExMQ==&amp;mid=2651261965&amp;idx=4&amp;sn=3d62ed3ecd036d7382d91edc592241ae&amp;chksm=bd638ae58a1403f31d38a914a4cec00451ee1fba6b898114a0ddf7a3d08e55478688538748eb&amp;scene=27#wechat_redirect\",\"source_url\":\"\",\"cover\":\"http:\/\/mmbiz.qpic.cn\/sz_mmbiz_jpg\/ujpTKgIAlD5wdEicTrN87GIXbicbE6CsuRiadAqnpCzMLnhobzuBzh7ficiaB0KvMdnYibADAnE8iciaaW93l8oAXpgabQ\/0?wx_fmt=jpeg\",\"author\":\"荐号\",\"copyright_stat\":100,\"del_flag\":1,\"item_show_type\":0,\"audio_fileid\":0,\"duration\":0,\"play_url\":\"\",\"malicious_title_reason_id\":0,\"malicious_content_type\":0},{\"title\":\"安卓机都能装鸿蒙？华为计划适配高通平台\",\"digest\":\"牛逼\",\"content\":\"\",\"fileid\":0,\"content_url\":\"http:\/\/mp.weixin.qq.com\/s?__biz=MjM5Mzg4NzExMQ==&amp;mid=2651261965&amp;idx=5&amp;sn=cb86874526142492d77e3c3e2ccb922e&amp;chksm=bd638ae58a1403f32b77cac7842cd88c329db9744605bf5b5a700032fb9345f8c06de4a3c099&amp;scene=27#wechat_redirect\",\"source_url\":\"\",\"cover\":\"http:\/\/mmbiz.qpic.cn\/mmbiz_jpg\/YTI67xfsN52icWbySubKPFdyGZr4qI9xlLvWdrC6gySIX8Leg95WxGyDNCiaYNib5u2NnibmRDYPVnibC8TiaRoLM7AQ\/0?wx_fmt=jpeg\",\"author\":\"IT之家\",\"copyright_stat\":100,\"del_flag\":1,\"item_show_type\":0,\"audio_fileid\":0,\"duration\":0,\"play_url\":\"\",\"malicious_title_reason_id\":0,\"malicious_content_type\":0},{\"title\":\"神评 | 炒作狗币马斯克\",\"digest\":\"IT之家，看的就是评论\",\"content\":\"\",\"fileid\":503721447,\"content_url\":\"http:\/\/mp.weixin.qq.com\/s?__biz=MjM5Mzg4NzExMQ==&amp;mid=2651261965&amp;idx=6&amp;sn=a31477d337ee86e50a87df1ca9b0bb13&amp;chksm=bd638ae58a1403f38c81556b77e8ba0f286b012e8d061b510751d3e9e3c65c4eb3859aec2451&amp;scene=27#wechat_redirect\",\"source_url\":\"https:\/\/m.ithome.com\/hotcommentm\/\",\"cover\":\"http:\/\/mmbiz.qpic.cn\/mmbiz_jpg\/YTI67xfsN50k8MGah9xNdAWzhqQU2b7kznIkLuW5l4b4m9dAmCMXib2zib0TzUCusohbPT7gND8iacPOO2go7gUPA\/0?wx_fmt=jpeg\",\"author\":\"IT之家\",\"copyright_stat\":100,\"del_flag\":1,\"item_show_type\":0,\"audio_fileid\":0,\"duration\":0,\"play_url\":\"\",\"malicious_title_reason_id\":0,\"malicious_content_type\":0},{\"title\":\"辣榜 | 京东精选高性价比清单 TOP 20\",\"digest\":\"手慢无哦~\",\"content\":\"\",\"fileid\":503778219,\"content_url\":\"http:\/\/mp.weixin.qq.com\/s?__biz=MjM5Mzg4NzExMQ==&amp;mid=2651261965&amp;idx=7&amp;sn=7193d526be2f56eebfbd3353c20ac3e3&amp;chksm=bd638ae58a1403f3d45520a5919a4e7058f31e437354d2f0fbcb62fe015d7a857132fcceb996&amp;scene=27#wechat_redirect\",\"source_url\":\"https:\/\/www.zuihuimai.com\/download\",\"cover\":\"http:\/\/mmbiz.qpic.cn\/mmbiz_jpg\/YTI67xfsN52icWbySubKPFdyGZr4qI9xlqOdzBY9H7ib8goz3ereXbRicaRIWJkcVicOP9gJJNyABCG9KN6GO6XRjg\/0?wx_fmt=jpeg\",\"author\":\"辣品\",\"copyright_stat\":100,\"del_flag\":1,\"item_show_type\":0,\"audio_fileid\":0,\"duration\":0,\"play_url\":\"\",\"malicious_title_reason_id\":0,\"malicious_content_type\":0}],\"author\":\"铁马\",\"copyright_stat\":11,\"duration\":0,\"del_flag\":1,\"item_show_type\":0,\"audio_fileid\":0,\"play_url\":\"\",\"malicious_title_reason_id\":0,\"malicious_content_type\":0}},{\"comm_msg_info\":{\"id\":1000001845,\"type\":49,\"datetime\":1620306358,\"fakeid\":\"2393887111\",\"status\":2,\"content\":\"\"},\"app_msg_ext_info\":{\"title\":\"网传：京东贪污用户显卡，高价倒卖获取暴利\",\"digest\":\"岂有此理！\",\"content\":\"\",\"fileid\":503778129,\"content_url\":\"http:\/\/mp.weixin.qq.com\/s?__biz=MjM5Mzg4NzExMQ==&amp;mid=2651261843&amp;idx=1&amp;sn=5fc4a4ef465091ae4df88e86afe97b22&amp;chksm=bd638d7b8a14046d5b041a80b93d913d4c9da33e3831f72e3a755c6e1a08be41499a55d690e4&amp;scene=27#wechat_redirect\",\"source_url\":\"\",\"cover\":\"http:\/\/mmbiz.qpic.cn\/mmbiz_jpg\/YTI67xfsN51pYtK57zS9CzVwIUcaQVhJ8AicqDyrdC8mddicJticZEgAOuYpGOeKtpeX4EA7FuOODia6fTpx9gppRw\/0?wx_fmt=jpeg\",\"subtype\":9,\"is_multi\":1,\"multi_app_msg_item_list\":[{\"title\":\"这丑东西，就是苹果iPhone 13 Pro Max\",\"digest\":\"新刘海竟然还有点好看\",\"content\":\"\",\"fileid\":0,\"content_url\":\"http:\/\/mp.weixin.qq.com\/s?__biz=MjM5Mzg4NzExMQ==&amp;mid=2651261843&amp;idx=2&amp;sn=b91db2d6b646308f5b9fb0203d974b4e&amp;chksm=bd638d7b8a14046da112c0f0fabb4c96f1ceb87f9e9f1146975bebb5190b4a8ef2adcd06932a&amp;scene=27#wechat_redirect\",\"source_url\":\"\",\"cover\":\"http:\/\/mmbiz.qpic.cn\/mmbiz_jpg\/YTI67xfsN51pYtK57zS9CzVwIUcaQVhJ0EfXAYOqDCh1AtY6UQPnVjWic1VWMy7vX1GKibuaS7Ygk36WY8OqL38g\/0?wx_fmt=jpeg\",\"author\":\"IT之家\",\"copyright_stat\":100,\"del_flag\":1,\"item_show_type\":0,\"audio_fileid\":0,\"duration\":0,\"play_url\":\"\",\"malicious_title_reason_id\":0,\"malicious_content_type\":0},{\"title\":\"华为鸿蒙OS 2.0对比苹果iOS 14：哪个更好一点？\",\"digest\":\"中西大战\",\"content\":\"\",\"fileid\":0,\"content_url\":\"http:\/\/mp.weixin.qq.com\/s?__biz=MjM5Mzg4NzExMQ==&amp;mid=2651261843&amp;idx=3&amp;sn=659f4bf9824e98ca00d1548d5637d90d&amp;chksm=bd638d7b8a14046d0957d53f35f2b6cae41233de6073903bbe93e6f2b3ae5ef322cdbbd0b12a&amp;scene=27#wechat_redirect\",\"source_url\":\"\",\"cover\":\"http:\/\/mmbiz.qpic.cn\/mmbiz_jpg\/YTI67xfsN51pYtK57zS9CzVwIUcaQVhJ5Sw7U8CUn7ibIDuVeoQbhACJmpkJB5kYWRfVykrR4YicdF0ZqPdicOHtg\/0?wx_fmt=jpeg\",\"author\":\"IT之家\",\"copyright_stat\":100,\"del_flag\":1,\"item_show_type\":0,\"audio_fileid\":0,\"duration\":0,\"play_url\":\"\",\"malicious_title_reason_id\":0,\"malicious_content_type\":0},{\"title\":\"舍不得放下手机的理由，这算一个\",\"digest\":\"荐号\",\"content\":\"\",\"fileid\":0,\"content_url\":\"http:\/\/mp.weixin.qq.com\/s?__biz=MjM5Mzg4NzExMQ==&amp;mid=2651261843&amp;idx=4&amp;sn=3f108eb19d0b91e596cc418631c517e7&amp;chksm=bd638d7b8a14046df1978ba5a27a3464be0fe4a9fe7b10387fee864d3eaf85910eda7972d490&amp;scene=27#wechat_redirect\",\"source_url\":\"\",\"cover\":\"http:\/\/mmbiz.qpic.cn\/mmbiz_jpg\/Fv75ib75E07F66Ht7B1lHNTcmWaWlib4xvibs7efz9LqLiaEpibPCmHcm5aARn7ibtLAN9lj2aHzT0MDCdkZuGUuyXtw\/0?wx_fmt=jpeg\",\"author\":\"荐号\",\"copyright_stat\":100,\"del_flag\":1,\"item_show_type\":0,\"audio_fileid\":0,\"duration\":0,\"play_url\":\"\",\"malicious_title_reason_id\":0,\"malicious_content_type\":0},{\"title\":\"禁止入内！特斯拉车主欲哭无泪\",\"digest\":\"马斯克要哭了\",\"content\":\"\",\"fileid\":0,\"content_url\":\"http:\/\/mp.weixin.qq.com\/s?__biz=MjM5Mzg4NzExMQ==&amp;mid=2651261843&amp;idx=5&amp;sn=804db77b496f6d5ffd1311af3bf94da7&amp;chksm=bd638d7b8a14046db77ae16254fc6287dce9c8b0964d96d89126c3b810d07ac7ab752b5ab407&amp;scene=27#wechat_redirect\",\"source_url\":\"\",\"cover\":\"http:\/\/mmbiz.qpic.cn\/mmbiz_jpg\/YTI67xfsN51pYtK57zS9CzVwIUcaQVhJ9nFicqXXJEzslNxHE0sbk0upX4shxvnDTWNVtD3wuFKER1Fvcb9ByFQ\/0?wx_fmt=jpeg\",\"author\":\"IT之家\",\"copyright_stat\":100,\"del_flag\":1,\"item_show_type\":0,\"audio_fileid\":0,\"duration\":0,\"play_url\":\"\",\"malicious_title_reason_id\":0,\"malicious_content_type\":0},{\"title\":\"神评 | 在微软上班不是你想的那么轻松\",\"digest\":\"IT之家，看的就是评论\",\"content\":\"\",\"fileid\":503721447,\"content_url\":\"http:\/\/mp.weixin.qq.com\/s?__biz=MjM5Mzg4NzExMQ==&amp;mid=2651261843&amp;idx=6&amp;sn=3768cf1f8cbe576fb8a5701dcf0e7c50&amp;chksm=bd638d7b8a14046d6d07765074e1a90ccb09b50a9602cc09ab6ccbcdac881983e5cf2c6db84f&amp;scene=27#wechat_redirect\",\"source_url\":\"https:\/\/m.ithome.com\/hotcommentm\/\",\"cover\":\"http:\/\/mmbiz.qpic.cn\/mmbiz_jpg\/YTI67xfsN50k8MGah9xNdAWzhqQU2b7kznIkLuW5l4b4m9dAmCMXib2zib0TzUCusohbPT7gND8iacPOO2go7gUPA\/0?wx_fmt=jpeg\",\"author\":\"IT之家\",\"copyright_stat\":100,\"del_flag\":1,\"item_show_type\":0,\"audio_fileid\":0,\"duration\":0,\"play_url\":\"\",\"malicious_title_reason_id\":0,\"malicious_content_type\":0},{\"title\":\"辣榜 | 京东精选高性价比清单 TOP 20\",\"digest\":\"手慢无哦~\",\"content\":\"\",\"fileid\":503778103,\"content_url\":\"http:\/\/mp.weixin.qq.com\/s?__biz=MjM5Mzg4NzExMQ==&amp;mid=2651261843&amp;idx=7&amp;sn=958642dcbdfd74a294669ca1bb29e34e&amp;chksm=bd638d7b8a14046d11167fae292ac54fe35345dbc3c4416b47bcca4a6d479fdcfcadc81af650&amp;scene=27#wechat_redirect\",\"source_url\":\"https:\/\/www.zuihuimai.com\/download\",\"cover\":\"http:\/\/mmbiz.qpic.cn\/mmbiz_jpg\/YTI67xfsN51pYtK57zS9CzVwIUcaQVhJJibBY60nS7iaTPzc8TvicJLA9xMX9ayIpUqWFS8JeE6lyrYGggkg6dqLQ\/0?wx_fmt=jpeg\",\"author\":\"辣品\",\"copyright_stat\":100,\"del_flag\":1,\"item_show_type\":0,\"audio_fileid\":0,\"duration\":0,\"play_url\":\"\",\"malicious_title_reason_id\":0,\"malicious_content_type\":0}],\"author\":\"铁马\",\"copyright_stat\":11,\"duration\":0,\"del_flag\":1,\"item_show_type\":0,\"audio_fileid\":0,\"play_url\":\"\",\"malicious_title_reason_id\":0,\"malicious_content_type\":0}},{\"comm_msg_info\":{\"id\":1000001843,\"type\":49,\"datetime\":1620223849,\"fakeid\":\"2393887111\",\"status\":2,\"content\":\"\"},\"app_msg_ext_info\":{\"title\":\"垃圾中通，给孩子发活鳄鱼，大量运输活体致死\",\"digest\":\"淘宝等网购平台才是源头！\",\"content\":\"\",\"fileid\":503778026,\"content_url\":\"http:\/\/mp.weixin.qq.com\/s?__biz=MjM5Mzg4NzExMQ==&amp;mid=2651261727&amp;idx=1&amp;sn=480377c3c3b051e22966ae040ad099e4&amp;chksm=bd638df78a1404e1a8e2fd9486a30fcd90af930736cc82cda183b31eab94be1a517bac41f010&amp;scene=27#wechat_redirect\",\"source_url\":\"\",\"cover\":\"http:\/\/mmbiz.qpic.cn\/mmbiz_jpg\/YTI67xfsN52X520sUqGhQCl1fBoHicqU3gCqOx0FibU4txJKFGzMe52fan1icqSEEYZUuXWbxcb6RLaicJ3hafoBqg\/0?wx_fmt=jpeg\",\"subtype\":9,\"is_multi\":1,\"multi_app_msg_item_list\":[{\"title\":\"大瓜来了：比尔盖茨离婚前，经常去找前女友\",\"digest\":\"天啊\",\"content\":\"\",\"fileid\":0,\"content_url\":\"http:\/\/mp.weixin.qq.com\/s?__biz=MjM5Mzg4NzExMQ==&amp;mid=2651261727&amp;idx=2&amp;sn=07f81412b353676baa7a5c4653327449&amp;chksm=bd638df78a1404e12adbd9092ceb3bb3117cfcbc16a388f8731ff7342ae3f47f5ec8c6048ba1&amp;scene=27#wechat_redirect\",\"source_url\":\"\",\"cover\":\"http:\/\/mmbiz.qpic.cn\/mmbiz_jpg\/YTI67xfsN52X520sUqGhQCl1fBoHicqU3URpia2w6uiawgw3ib4JXWBHrTHMnGRqC9wCkFBHjGrFPTW98PicibNJFHkA\/0?wx_fmt=jpeg\",\"author\":\"新浪科技\",\"copyright_stat\":100,\"del_flag\":1,\"item_show_type\":0,\"audio_fileid\":0,\"duration\":0,\"play_url\":\"\",\"malicious_title_reason_id\":0,\"malicious_content_type\":0},{\"title\":\"实测：华为鸿蒙OS 2.0 App流畅度对比安卓\",\"digest\":\"...\",\"content\":\"\",\"fileid\":0,\"content_url\":\"http:\/\/mp.weixin.qq.com\/s?__biz=MjM5Mzg4NzExMQ==&amp;mid=2651261727&amp;idx=3&amp;sn=289abe398f8dfc51fd8d64d66d793904&amp;chksm=bd638df78a1404e10a0677418facfb9ea9909664712b718c7adc27ee47c2fd3fa9c445ece85f&amp;scene=27#wechat_redirect\",\"source_url\":\"\",\"cover\":\"http:\/\/mmbiz.qpic.cn\/mmbiz_jpg\/YTI67xfsN52X520sUqGhQCl1fBoHicqU3TTxjHw02pg6kz1nmNAo9EicPG3E38EJCmdibH7JekDFhOv3QZt3ViaR9g\/0?wx_fmt=jpeg\",\"author\":\"IT之家\",\"copyright_stat\":100,\"del_flag\":1,\"item_show_type\":0,\"audio_fileid\":0,\"duration\":0,\"play_url\":\"\",\"malicious_title_reason_id\":0,\"malicious_content_type\":0},{\"title\":\"《青春有你》第三季被停，爱奇艺紧急道歉\",\"digest\":\".\",\"content\":\"\",\"fileid\":0,\"content_url\":\"http:\/\/mp.weixin.qq.com\/s?__biz=MjM5Mzg4NzExMQ==&amp;mid=2651261727&amp;idx=4&amp;sn=81889ce0fee3811aaf8e2a2af362429f&amp;chksm=bd638df78a1404e1d14b8fc58e329ab31d940658fa8b5575be8ac182e6da93d2c30d3d7c99c5&amp;scene=27#wechat_redirect\",\"source_url\":\"\",\"cover\":\"http:\/\/mmbiz.qpic.cn\/mmbiz_jpg\/YTI67xfsN52X520sUqGhQCl1fBoHicqU35M1EakgqCdKFqF4WgeUa6ib7gSM2xhBtNLicPlJB6gkFdGAzziadOzafA\/0?wx_fmt=jpeg\",\"author\":\"IT之家\",\"copyright_stat\":100,\"del_flag\":1,\"item_show_type\":0,\"audio_fileid\":0,\"duration\":0,\"play_url\":\"\",\"malicious_title_reason_id\":0,\"malicious_content_type\":0},{\"title\":\"神评 | 一个是老婆，一个是知己\",\"digest\":\"IT之家，看的就是评论\",\"content\":\"\",\"fileid\":503721447,\"content_url\":\"http:\/\/mp.weixin.qq.com\/s?__biz=MjM5Mzg4NzExMQ==&amp;mid=2651261727&amp;idx=5&amp;sn=4b7d9df835f8d27d2c2a219120de46b2&amp;chksm=bd638df78a1404e1c44028ac939951504170237fdacb15380746bed443ca8b28f375c6b531b6&amp;scene=27#wechat_redirect\",\"source_url\":\"https:\/\/m.ithome.com\/hotcommentm\/\",\"cover\":\"http:\/\/mmbiz.qpic.cn\/mmbiz_jpg\/YTI67xfsN50k8MGah9xNdAWzhqQU2b7kznIkLuW5l4b4m9dAmCMXib2zib0TzUCusohbPT7gND8iacPOO2go7gUPA\/0?wx_fmt=jpeg\",\"author\":\"IT之家\",\"copyright_stat\":100,\"del_flag\":1,\"item_show_type\":0,\"audio_fileid\":0,\"duration\":0,\"play_url\":\"\",\"malicious_title_reason_id\":0,\"malicious_content_type\":0},{\"title\":\"辣榜 | 京东精选高性价比清单 TOP 20\",\"digest\":\"手慢无哦~\",\"content\":\"\",\"fileid\":503778019,\"content_url\":\"http:\/\/mp.weixin.qq.com\/s?__biz=MjM5Mzg4NzExMQ==&amp;mid=2651261727&amp;idx=6&amp;sn=302515df52f68b11c42d3fb2f548e50c&amp;chksm=bd638df78a1404e1420465f28f70189df9e28d664517d12840f524af8f8428c4b282f8069e1e&amp;scene=27#wechat_redirect\",\"source_url\":\"https:\/\/www.zuihuimai.com\/download\",\"cover\":\"http:\/\/mmbiz.qpic.cn\/mmbiz_jpg\/YTI67xfsN52X520sUqGhQCl1fBoHicqU3eTqZ5xehcMI9dZl86vsHlaGicxic66bCxQe2253QxAgMyJDMfWfqiawIg\/0?wx_fmt=jpeg\",\"author\":\"辣品\",\"copyright_stat\":100,\"del_flag\":1,\"item_show_type\":0,\"audio_fileid\":0,\"duration\":0,\"play_url\":\"\",\"malicious_title_reason_id\":0,\"malicious_content_type\":0}],\"author\":\"IT之家\",\"copyright_stat\":100,\"duration\":0,\"del_flag\":1,\"item_show_type\":0,\"audio_fileid\":0,\"play_url\":\"\",\"malicious_title_reason_id\":0,\"malicious_content_type\":0}},{\"comm_msg_info\":{\"id\":1000001842,\"type\":49,\"datetime\":1620137185,\"fakeid\":\"2393887111\",\"status\":2,\"content\":\"\"},\"app_msg_ext_info\":{\"title\":\"会员40万！全球最大儿童色情网站之一被端\",\"digest\":\"童车必死\",\"content\":\"\",\"fileid\":503777942,\"content_url\":\"http:\/\/mp.weixin.qq.com\/s?__biz=MjM5Mzg4NzExMQ==&amp;mid=2651261643&amp;idx=1&amp;sn=1da6ff642dd946742bcda324d8388b35&amp;chksm=bd638c238a1405355ee0144b1f0a9054ee07c1dde7be352806e5d1fe1a07d995cd2385278631&amp;scene=27#wechat_redirect\",\"source_url\":\"\",\"cover\":\"http:\/\/mmbiz.qpic.cn\/mmbiz_jpg\/YTI67xfsN51ogzWLQ4MJWJUAzwYicpM7gpliaF6Xwm3YJhXXpWzwD3UpG1gDG6vvjr8dXhQjHcpG9kBMdjSIr0Aw\/0?wx_fmt=jpeg\",\"subtype\":9,\"is_multi\":1,\"multi_app_msg_item_list\":[{\"title\":\"天天吹鸿蒙，升级鸿蒙后到底有啥变化呢？\",\"digest\":\"“无缝切换”\",\"content\":\"\",\"fileid\":0,\"content_url\":\"http:\/\/mp.weixin.qq.com\/s?__biz=MjM5Mzg4NzExMQ==&amp;mid=2651261643&amp;idx=2&amp;sn=1d4e74e19dd6cb01b11da41063d9b74c&amp;chksm=bd638c238a1405351b12fd0b57f335d6f80c60ab6d54bd50339595b815ba63b11d1022b462af&amp;scene=27#wechat_redirect\",\"source_url\":\"\",\"cover\":\"http:\/\/mmbiz.qpic.cn\/mmbiz_jpg\/YTI67xfsN51ogzWLQ4MJWJUAzwYicpM7gagf9k2an30XzZaiaMoJe8Utsbm13L3prm7nrictuXJwKRdbvHicOHRxEw\/0?wx_fmt=jpeg\",\"author\":\"IT之家\",\"copyright_stat\":100,\"del_flag\":1,\"item_show_type\":0,\"audio_fileid\":0,\"duration\":0,\"play_url\":\"\",\"malicious_title_reason_id\":0,\"malicious_content_type\":0},{\"title\":\"贪官之女宣布复出，网易紧急划清界限\",\"digest\":\"太可恶了\",\"content\":\"\",\"fileid\":0,\"content_url\":\"http:\/\/mp.weixin.qq.com\/s?__biz=MjM5Mzg4NzExMQ==&amp;mid=2651261643&amp;idx=3&amp;sn=022652820abb6c6950ca34980064d519&amp;chksm=bd638c238a1405358e37aa35c7e48deea77373752ab73ba2888a11ee17df1b39db58d412234e&amp;scene=27#wechat_redirect\",\"source_url\":\"\",\"cover\":\"http:\/\/mmbiz.qpic.cn\/mmbiz_jpg\/YTI67xfsN51ogzWLQ4MJWJUAzwYicpM7gticm6UA1wMfZ4rmXLUTuzQLia0CBh8HUpj8ngWicHussuKId3oTAD5ziaA\/0?wx_fmt=jpeg\",\"author\":\"IT之家\",\"copyright_stat\":100,\"del_flag\":1,\"item_show_type\":0,\"audio_fileid\":0,\"duration\":0,\"play_url\":\"\",\"malicious_title_reason_id\":0,\"malicious_content_type\":0},{\"title\":\"比尔盖茨宣布离婚...\",\"digest\":\"都离了\",\"content\":\"\",\"fileid\":0,\"content_url\":\"http:\/\/mp.weixin.qq.com\/s?__biz=MjM5Mzg4NzExMQ==&amp;mid=2651261643&amp;idx=4&amp;sn=c7439b00914d72bc85de7196170e371b&amp;chksm=bd638c238a1405350039f398516ae5de2689ed3c45f6e15dddffdd4312a53dcfc93d1393f92a&amp;scene=27#wechat_redirect\",\"source_url\":\"\",\"cover\":\"http:\/\/mmbiz.qpic.cn\/mmbiz_jpg\/YTI67xfsN51ogzWLQ4MJWJUAzwYicpM7g3LgaicjZWB6fTRzBCZ11icJsGhujTaRhx3HAMTRqcc5EM4ayibmgVB0lg\/0?wx_fmt=jpeg\",\"author\":\"IT之家\",\"copyright_stat\":100,\"del_flag\":1,\"item_show_type\":0,\"audio_fileid\":0,\"duration\":0,\"play_url\":\"\",\"malicious_title_reason_id\":0,\"malicious_content_type\":0},{\"title\":\"神评 | 这可能是种逃税手段...\",\"digest\":\"IT之家，看的就是评论\",\"content\":\"\",\"fileid\":503721447,\"content_url\":\"http:\/\/mp.weixin.qq.com\/s?__biz=MjM5Mzg4NzExMQ==&amp;mid=2651261643&amp;idx=5&amp;sn=fdc7786f9e218a581b9ad18ca16247e0&amp;chksm=bd638c238a1405352aac8493ae4813603644690dbf4de28d0fe77133979be6627e561911d420&amp;scene=27#wechat_redirect\",\"source_url\":\"https:\/\/m.ithome.com\/hotcommentm\/\",\"cover\":\"http:\/\/mmbiz.qpic.cn\/mmbiz_jpg\/YTI67xfsN50k8MGah9xNdAWzhqQU2b7kznIkLuW5l4b4m9dAmCMXib2zib0TzUCusohbPT7gND8iacPOO2go7gUPA\/0?wx_fmt=jpeg\",\"author\":\"IT之家\",\"copyright_stat\":100,\"del_flag\":1,\"item_show_type\":0,\"audio_fileid\":0,\"duration\":0,\"play_url\":\"\",\"malicious_title_reason_id\":0,\"malicious_content_type\":0},{\"title\":\"辣榜 | 京东精选高性价比清单 TOP 20\",\"digest\":\"手慢无哦~\",\"content\":\"\",\"fileid\":503777939,\"content_url\":\"http:\/\/mp.weixin.qq.com\/s?__biz=MjM5Mzg4NzExMQ==&amp;mid=2651261643&amp;idx=6&amp;sn=7332f7cb6978481d2cf94d59af5403fa&amp;chksm=bd638c238a1405356545e7033e047cef13a7cbb178103e6416d3aad86e335da5e277d1742795&amp;scene=27#wechat_redirect\",\"source_url\":\"https:\/\/www.zuihuimai.com\/download\",\"cover\":\"http:\/\/mmbiz.qpic.cn\/mmbiz_jpg\/YTI67xfsN51ogzWLQ4MJWJUAzwYicpM7goBprI1R52MhHvP583YZ84PE288ZCh0bC7ohSTnoSNNc6ZeibDKViaPSg\/0?wx_fmt=jpeg\",\"author\":\"辣品\",\"copyright_stat\":100,\"del_flag\":1,\"item_show_type\":0,\"audio_fileid\":0,\"duration\":0,\"play_url\":\"\",\"malicious_title_reason_id\":0,\"malicious_content_type\":0}],\"author\":\"IT之家\",\"copyright_stat\":100,\"duration\":0,\"del_flag\":1,\"item_show_type\":0,\"audio_fileid\":0,\"play_url\":\"\",\"malicious_title_reason_id\":0,\"malicious_content_type\":0}}]}","next_offset":40,"video_count":1,"use_video_tab":1,"real_type":0,"home_page_list":[]}