{"ret":0,"errmsg":"ok","msg_count":10,"can_msg_continue":1,"general_msg_list":"{\"list\":[{\"comm_msg_info\":{\"id\":1000001806,\"type\":49,\"datetime\":1617457800,\"fakeid\":\"2393887111\",\"status\":2,\"content\":\"\"},\"app_msg_ext_info\":{\"title\":\"苹果想通了，新iPhone被曝采用挖孔屏\",\"digest\":\"打孔屏都来了，屏下指纹还远吗？\",\"content\":\"\",\"fileid\":503774779,\"content_url\":\"http:\/\/mp.weixin.qq.com\/s?__biz=MjM5Mzg4NzExMQ==&amp;mid=2651258498&amp;idx=1&amp;sn=ca3553a00dceafb3ddd9178edeb114b9&amp;chksm=bd62786a8a15f17c9a3767333304c41c4cdbfede78900771cfabafe515eebb0d7ea7a5d3fb71&amp;scene=27#wechat_redirect\",\"source_url\":\"\",\"cover\":\"http:\/\/mmbiz.qpic.cn\/mmbiz_jpg\/YTI67xfsN51gSY892TmUrG1u7ErIRC2kj2DFxsichjTKAaq14fd9Amc9jvLvjiaIhFWQhdrBpjR0z9H3VIqCHXmQ\/0?wx_fmt=jpeg\",\"subtype\":9,\"is_multi\":1,\"multi_app_msg_item_list\":[{\"title\":\"华为海思还能用！ARM最新架构，不受美国制约\",\"digest\":\"道阻且长\",\"content\":\"\",\"fileid\":0,\"content_url\":\"http:\/\/mp.weixin.qq.com\/s?__biz=MjM5Mzg4NzExMQ==&amp;mid=2651258498&amp;idx=2&amp;sn=4f500254d627731b9a9462c6b0fc8616&amp;chksm=bd62786a8a15f17cdc9894e12e008d48c4c160bf1706fe1ad5bc76d7932feecd7ee5415eb087&amp;scene=27#wechat_redirect\",\"source_url\":\"\",\"cover\":\"http:\/\/mmbiz.qpic.cn\/mmbiz_jpg\/YTI67xfsN51pfG8PBc7IQRIvibDnKOnOwUFRTLOsrcUTUtPpibN12B5WpTxXf8uH1ibhPiaD66fdSQibXa5EoloOMzg\/0?wx_fmt=jpeg\",\"author\":\"IT之家\",\"copyright_stat\":100,\"del_flag\":1,\"item_show_type\":0,\"audio_fileid\":0,\"duration\":0,\"play_url\":\"\",\"malicious_title_reason_id\":0,\"malicious_content_type\":0},{\"title\":\"研究显示：安卓手机使用的数据量，是iPhone的20倍\",\"digest\":\"你会选安卓还是iOS?\",\"content\":\"\",\"fileid\":0,\"content_url\":\"http:\/\/mp.weixin.qq.com\/s?__biz=MjM5Mzg4NzExMQ==&amp;mid=2651258498&amp;idx=3&amp;sn=9ab914fcf19e055ed16d48b9cb6afb16&amp;chksm=bd62786a8a15f17cc592916e40ba7e863d642e12dd501fbe545071fda6611c8d847efca9f87b&amp;scene=27#wechat_redirect\",\"source_url\":\"\",\"cover\":\"http:\/\/mmbiz.qpic.cn\/mmbiz_jpg\/YTI67xfsN51pfG8PBc7IQRIvibDnKOnOwL8SZt0bdhvJ6eng5osBMBMLBhOiaBOoFdqY34dXWuEByicSje5Nv3Q2w\/0?wx_fmt=jpeg\",\"author\":\"新浪科技\",\"copyright_stat\":100,\"del_flag\":1,\"item_show_type\":0,\"audio_fileid\":0,\"duration\":0,\"play_url\":\"\",\"malicious_title_reason_id\":0,\"malicious_content_type\":0},{\"title\":\"胡说！快递小哥没那么赚，月入过万只有1.3%\",\"digest\":\"还是赚个辛苦钱\",\"content\":\"\",\"fileid\":0,\"content_url\":\"http:\/\/mp.weixin.qq.com\/s?__biz=MjM5Mzg4NzExMQ==&amp;mid=2651258498&amp;idx=4&amp;sn=852c87aeba6958133f7ed53346464d4c&amp;chksm=bd62786a8a15f17c0582e6c43583bdad066c43e1ebefe111c890713908e81ae0c515541e5b3e&amp;scene=27#wechat_redirect\",\"source_url\":\"\",\"cover\":\"http:\/\/mmbiz.qpic.cn\/mmbiz_jpg\/YTI67xfsN51pfG8PBc7IQRIvibDnKOnOwic8UwK7CicqFxwMOQYsa1bL3GuuaCGIS5z5MRK9X101vG8sRXWedQJBA\/0?wx_fmt=jpeg\",\"author\":\"IT之家\",\"copyright_stat\":100,\"del_flag\":1,\"item_show_type\":0,\"audio_fileid\":0,\"duration\":0,\"play_url\":\"\",\"malicious_title_reason_id\":0,\"malicious_content_type\":0},{\"title\":\"神评 | 我只是馋TA身子，要TA的心干什么？\",\"digest\":\"IT之家，看的就是评论\",\"content\":\"\",\"fileid\":503721447,\"content_url\":\"http:\/\/mp.weixin.qq.com\/s?__biz=MjM5Mzg4NzExMQ==&amp;mid=2651258498&amp;idx=5&amp;sn=f492ad152a388ccac5af1d67943c9cbf&amp;chksm=bd62786a8a15f17ce833b7842011db90d0f6a44f0324410e23d3cb7d9ef3a34975d53e8f3219&amp;scene=27#wechat_redirect\",\"source_url\":\"https:\/\/m.ithome.com\/hotcommentm\/\",\"cover\":\"http:\/\/mmbiz.qpic.cn\/mmbiz_jpg\/YTI67xfsN50k8MGah9xNdAWzhqQU2b7kznIkLuW5l4b4m9dAmCMXib2zib0TzUCusohbPT7gND8iacPOO2go7gUPA\/0?wx_fmt=jpeg\",\"author\":\"IT之家\",\"copyright_stat\":100,\"del_flag\":1,\"item_show_type\":0,\"audio_fileid\":0,\"duration\":0,\"play_url\":\"\",\"malicious_title_reason_id\":0,\"malicious_content_type\":0},{\"title\":\"辣榜 | 京东精选高性价比清单 TOP 20\",\"digest\":\"手慢无哦~\",\"content\":\"\",\"fileid\":503774847,\"content_url\":\"http:\/\/mp.weixin.qq.com\/s?__biz=MjM5Mzg4NzExMQ==&amp;mid=2651258498&amp;idx=6&amp;sn=2b7c992ec7b74d93519bd3f55156f8ee&amp;chksm=bd62786a8a15f17c79311f440639eac3ed1c99161adf0934a8e38f8bad429948d3fbc2371209&amp;scene=27#wechat_redirect\",\"source_url\":\"https:\/\/www.zuihuimai.com\/download\",\"cover\":\"http:\/\/mmbiz.qpic.cn\/mmbiz_jpg\/YTI67xfsN51pfG8PBc7IQRIvibDnKOnOwPt1iamWSyq0JYsQC99xNAhsGrk4OBibk4ekm2EtCfEVq31nWUkSSxjvQ\/0?wx_fmt=jpeg\",\"author\":\"辣品\",\"copyright_stat\":100,\"del_flag\":1,\"item_show_type\":0,\"audio_fileid\":0,\"duration\":0,\"play_url\":\"\",\"malicious_title_reason_id\":0,\"malicious_content_type\":0}],\"author\":\"IT之家\",\"copyright_stat\":100,\"duration\":0,\"del_flag\":1,\"item_show_type\":0,\"audio_fileid\":0,\"play_url\":\"\",\"malicious_title_reason_id\":0,\"malicious_content_type\":0}},{\"comm_msg_info\":{\"id\":1000001805,\"type\":49,\"datetime\":1617371400,\"fakeid\":\"2393887111\",\"status\":2,\"content\":\"\"},\"app_msg_ext_info\":{\"title\":\"微信“小号”开放注册！每号10元1月\",\"digest\":\"这个真的很方便！\",\"content\":\"\",\"fileid\":503774688,\"content_url\":\"http:\/\/mp.weixin.qq.com\/s?__biz=MjM5Mzg4NzExMQ==&amp;mid=2651258426&amp;idx=1&amp;sn=81ec5b443c1ce5b14caf8cc201865fd2&amp;chksm=bd6278d28a15f1c41513cccd0973fcd1631d1d8700b20d34f599d9072a9ac983d33ac90f40e7&amp;scene=27#wechat_redirect\",\"source_url\":\"\",\"cover\":\"http:\/\/mmbiz.qpic.cn\/mmbiz_jpg\/YTI67xfsN51gSY892TmUrG1u7ErIRC2kiaUnoEyHjPnZU6XluPN8JUhqibLce2ljcRaPd6ztNPpaiaicLa3CNmPiaXQ\/0?wx_fmt=jpeg\",\"subtype\":9,\"is_multi\":1,\"multi_app_msg_item_list\":[{\"title\":\"网游新规出台：22点后，不得为未成年人提供服务\",\"digest\":\"为下一代减负\",\"content\":\"\",\"fileid\":503774738,\"content_url\":\"http:\/\/mp.weixin.qq.com\/s?__biz=MjM5Mzg4NzExMQ==&amp;mid=2651258426&amp;idx=2&amp;sn=167d42b54aa56f0cc2f2f909a1f46189&amp;chksm=bd6278d28a15f1c400f4a9262cedb3b8db7792694f7e9641a52705b0588e81ac8b4713ce4eda&amp;scene=27#wechat_redirect\",\"source_url\":\"\",\"cover\":\"http:\/\/mmbiz.qpic.cn\/mmbiz_jpg\/YTI67xfsN51gSY892TmUrG1u7ErIRC2k1LQVJd6ichk6ic3SfHGKMXia5UFZymCnqCRl3wKbOb0ia9euYht7xHXWcA\/0?wx_fmt=jpeg\",\"author\":\"IT之家\",\"copyright_stat\":100,\"del_flag\":1,\"item_show_type\":0,\"audio_fileid\":0,\"duration\":0,\"play_url\":\"\",\"malicious_title_reason_id\":0,\"malicious_content_type\":0},{\"title\":\"男子视频裸聊被敲诈，以劳抵债，越干越起劲\",\"digest\":\"受害人变成了加害人\",\"content\":\"\",\"fileid\":0,\"content_url\":\"http:\/\/mp.weixin.qq.com\/s?__biz=MjM5Mzg4NzExMQ==&amp;mid=2651258426&amp;idx=3&amp;sn=41647cfbe0496305e5027f09a48bb766&amp;chksm=bd6278d28a15f1c42f8b617cd116feb39cab25c1db093b262013ada0ee5b8307013c147af66d&amp;scene=27#wechat_redirect\",\"source_url\":\"\",\"cover\":\"http:\/\/mmbiz.qpic.cn\/mmbiz_jpg\/YTI67xfsN51gSY892TmUrG1u7ErIRC2kNcHp0cZzyroFnZiaXgjQJDMgxWbobDUJXBqZ0MFhcqnCdsMP43Im4PA\/0?wx_fmt=jpeg\",\"author\":\"IT之家\",\"copyright_stat\":100,\"del_flag\":1,\"item_show_type\":0,\"audio_fileid\":0,\"duration\":0,\"play_url\":\"\",\"malicious_title_reason_id\":0,\"malicious_content_type\":0},{\"title\":\"讽刺全开，苹果M1太安静，开发者推出英特尔声音模拟器\",\"digest\":\"凡尔赛模拟器\",\"content\":\"\",\"fileid\":0,\"content_url\":\"http:\/\/mp.weixin.qq.com\/s?__biz=MjM5Mzg4NzExMQ==&amp;mid=2651258426&amp;idx=4&amp;sn=208990c5e9b32d8776161c616832290e&amp;chksm=bd6278d28a15f1c41c411035ac42ce215ac3be9caf53f426d332369819e285687b245e14dc6d&amp;scene=27#wechat_redirect\",\"source_url\":\"\",\"cover\":\"http:\/\/mmbiz.qpic.cn\/mmbiz_jpg\/YTI67xfsN51gSY892TmUrG1u7ErIRC2kOOoKIEcvqaQsHGxZPFpFJOanty2ohFibkQjjutibWXIbR5Ka6nDlXjYQ\/0?wx_fmt=jpeg\",\"author\":\"IT之家\",\"copyright_stat\":100,\"del_flag\":1,\"item_show_type\":0,\"audio_fileid\":0,\"duration\":0,\"play_url\":\"\",\"malicious_title_reason_id\":0,\"malicious_content_type\":0},{\"title\":\"神评 | 你是不是觉得自己很幽默？\",\"digest\":\"IT之家，看的就是评论\",\"content\":\"\",\"fileid\":503721447,\"content_url\":\"http:\/\/mp.weixin.qq.com\/s?__biz=MjM5Mzg4NzExMQ==&amp;mid=2651258426&amp;idx=5&amp;sn=bb686d3046f75454e9e9e7cf0a40ed80&amp;chksm=bd6278d28a15f1c430ac23bdd944d5baf520dbf2de0846f7b192c38ab95602229e3de5e11921&amp;scene=27#wechat_redirect\",\"source_url\":\"https:\/\/m.ithome.com\/hotcommentm\/\",\"cover\":\"http:\/\/mmbiz.qpic.cn\/mmbiz_jpg\/YTI67xfsN50k8MGah9xNdAWzhqQU2b7kznIkLuW5l4b4m9dAmCMXib2zib0TzUCusohbPT7gND8iacPOO2go7gUPA\/0?wx_fmt=jpeg\",\"author\":\"IT之家\",\"copyright_stat\":100,\"del_flag\":1,\"item_show_type\":0,\"audio_fileid\":0,\"duration\":0,\"play_url\":\"\",\"malicious_title_reason_id\":0,\"malicious_content_type\":0},{\"title\":\"辣榜 | 京东精选高性价比清单 TOP 20\",\"digest\":\"手慢无哦~\",\"content\":\"\",\"fileid\":503774776,\"content_url\":\"http:\/\/mp.weixin.qq.com\/s?__biz=MjM5Mzg4NzExMQ==&amp;mid=2651258426&amp;idx=6&amp;sn=06d0bced824cf1192617703d7a519e47&amp;chksm=bd6278d28a15f1c45d4b44bcfa6c1658d01fe06c4d9678b8e28f0d00fb00bf859dfdad6eb373&amp;scene=27#wechat_redirect\",\"source_url\":\"https:\/\/www.zuihuimai.com\/download\",\"cover\":\"http:\/\/mmbiz.qpic.cn\/mmbiz_jpg\/YTI67xfsN51gSY892TmUrG1u7ErIRC2kyic4aEqZTmEspJBViaGm8vIia2yGp6x09pwiavcEiaH0eHxue2KSk6tAW3w\/0?wx_fmt=jpeg\",\"author\":\"辣品\",\"copyright_stat\":100,\"del_flag\":1,\"item_show_type\":0,\"audio_fileid\":0,\"duration\":0,\"play_url\":\"\",\"malicious_title_reason_id\":0,\"malicious_content_type\":0}],\"author\":\"启人\",\"copyright_stat\":11,\"duration\":0,\"del_flag\":1,\"item_show_type\":0,\"audio_fileid\":0,\"play_url\":\"\",\"malicious_title_reason_id\":0,\"malicious_content_type\":0}},{\"comm_msg_info\":{\"id\":1000001804,\"type\":49,\"datetime\":1617285000,\"fakeid\":\"2393887111\",\"status\":2,\"content\":\"\"},\"app_msg_ext_info\":{\"title\":\"HM再发“自杀式”声明！另一家国际巨头也被曝辱华\",\"digest\":\"是可忍，孰不可忍？\",\"content\":\"\",\"fileid\":0,\"content_url\":\"http:\/\/mp.weixin.qq.com\/s?__biz=MjM5Mzg4NzExMQ==&amp;mid=2651258334&amp;idx=1&amp;sn=a35edac53baefc951a9ddbea2fdb92a5&amp;chksm=bd627b368a15f22015a434ca4da677da75fff60d5e806bbca173da9d27b9246ec0e6797c3a24&amp;scene=27#wechat_redirect\",\"source_url\":\"\",\"cover\":\"http:\/\/mmbiz.qpic.cn\/mmbiz_jpg\/YTI67xfsN53a9xDLbj6xCniaUrp2pnCwicemkZS9pTDJ01yRaT9CqT72QMib9yHV35hRPM9UbibbTh4aX6pPXncVHw\/0?wx_fmt=jpeg\",\"subtype\":9,\"is_multi\":1,\"multi_app_msg_item_list\":[{\"title\":\"苹果iOS 14.5预览版发布，女声不再是默认\",\"digest\":\"针不戳\",\"content\":\"\",\"fileid\":503774619,\"content_url\":\"http:\/\/mp.weixin.qq.com\/s?__biz=MjM5Mzg4NzExMQ==&amp;mid=2651258334&amp;idx=2&amp;sn=ca0b177111cda8a7d051303ca650204c&amp;chksm=bd627b368a15f220678a59cdfa92b0b9ca92aac623ac1465cf23d957c56ac4187934f1ac6eec&amp;scene=27#wechat_redirect\",\"source_url\":\"\",\"cover\":\"http:\/\/mmbiz.qpic.cn\/mmbiz_jpg\/YTI67xfsN53a9xDLbj6xCniaUrp2pnCwicXh9ZwK2UfIW25bmvthkS0tWiagwPaMJqias8hUr42gvwsZgibV90A8EGw\/0?wx_fmt=jpeg\",\"author\":\"IT之家\",\"copyright_stat\":11,\"del_flag\":1,\"item_show_type\":0,\"audio_fileid\":0,\"duration\":0,\"play_url\":\"\",\"malicious_title_reason_id\":0,\"malicious_content_type\":0},{\"title\":\"B站会员一夜之间全被“绿”，他们为何遭受如此对待？\",\"digest\":\"哈哈哈哈哈\",\"content\":\"\",\"fileid\":0,\"content_url\":\"http:\/\/mp.weixin.qq.com\/s?__biz=MjM5Mzg4NzExMQ==&amp;mid=2651258334&amp;idx=3&amp;sn=87dfd9bb2ec9ede360dbefcf3244f2eb&amp;chksm=bd627b368a15f2205c14bb3b97e8e571cf8f48a65f86ca6793c7dbd9a3ec3e6542b3b8eaebd3&amp;scene=27#wechat_redirect\",\"source_url\":\"\",\"cover\":\"http:\/\/mmbiz.qpic.cn\/mmbiz_jpg\/YTI67xfsN53a9xDLbj6xCniaUrp2pnCwicnYBqPcZ0YibkO4zjWzFHwCdBB5xlndU9bVC0V09dHkLLNC6sUBsF7Aw\/0?wx_fmt=jpeg\",\"author\":\"IT之家\",\"copyright_stat\":100,\"del_flag\":1,\"item_show_type\":0,\"audio_fileid\":0,\"duration\":0,\"play_url\":\"\",\"malicious_title_reason_id\":0,\"malicious_content_type\":0},{\"title\":\"小米平板5，了解一下\",\"digest\":\"系统可一定要长久更新啊~\",\"content\":\"\",\"fileid\":0,\"content_url\":\"http:\/\/mp.weixin.qq.com\/s?__biz=MjM5Mzg4NzExMQ==&amp;mid=2651258334&amp;idx=4&amp;sn=04d13f1f063ac5c119c9bbc98c4b1ee0&amp;chksm=bd627b368a15f2203e186490af9ee9f5e5dbc9c3f6ab679ebc9b5481622104e97fd4307aad9f&amp;scene=27#wechat_redirect\",\"source_url\":\"\",\"cover\":\"http:\/\/mmbiz.qpic.cn\/mmbiz_jpg\/YTI67xfsN53a9xDLbj6xCniaUrp2pnCwic3ScYS9rHibv0hBmosKQDkJkB2QsW0ia5szNdxiarZAt8P5T3GN1Q5NZsg\/0?wx_fmt=jpeg\",\"author\":\"IT之家\",\"copyright_stat\":100,\"del_flag\":1,\"item_show_type\":0,\"audio_fileid\":0,\"duration\":0,\"play_url\":\"\",\"malicious_title_reason_id\":0,\"malicious_content_type\":0},{\"title\":\"神评 | 雷军做梦都能笑醒\",\"digest\":\"IT之家，看的就是评论\",\"content\":\"\",\"fileid\":503721447,\"content_url\":\"http:\/\/mp.weixin.qq.com\/s?__biz=MjM5Mzg4NzExMQ==&amp;mid=2651258334&amp;idx=5&amp;sn=7e656c78e774b4c7dec03a48458f11d9&amp;chksm=bd627b368a15f22084297d8e34e632411e98ca342387aba5be7e292f34bb7a62aa8579ae66ef&amp;scene=27#wechat_redirect\",\"source_url\":\"https:\/\/m.ithome.com\/hotcommentm\/\",\"cover\":\"http:\/\/mmbiz.qpic.cn\/mmbiz_jpg\/YTI67xfsN50k8MGah9xNdAWzhqQU2b7kznIkLuW5l4b4m9dAmCMXib2zib0TzUCusohbPT7gND8iacPOO2go7gUPA\/0?wx_fmt=jpeg\",\"author\":\"IT之家\",\"copyright_stat\":100,\"del_flag\":1,\"item_show_type\":0,\"audio_fileid\":0,\"duration\":0,\"play_url\":\"\",\"malicious_title_reason_id\":0,\"malicious_content_type\":0},{\"title\":\"辣榜 | 京东精选高性价比清单 TOP 20\",\"digest\":\"荐号\",\"content\":\"\",\"fileid\":503774654,\"content_url\":\"http:\/\/mp.weixin.qq.com\/s?__biz=MjM5Mzg4NzExMQ==&amp;mid=2651258334&amp;idx=6&amp;sn=9a4071efc2b6920b3d4f0f6ab5e38c1f&amp;chksm=bd627b368a15f2208e9688f017970d008506eb01faf55aa92581a1e35ae2263d318bc48bb30c&amp;scene=27#wechat_redirect\",\"source_url\":\"https:\/\/www.zuihuimai.com\/download\",\"cover\":\"http:\/\/mmbiz.qpic.cn\/mmbiz_jpg\/YTI67xfsN53a9xDLbj6xCniaUrp2pnCwicfnesxNSUCMFr2cPLzEablVzs2p7S1jRaGibibkpeVzM7vjQ9WibCucegQ\/0?wx_fmt=jpeg\",\"author\":\"辣品\",\"copyright_stat\":100,\"del_flag\":1,\"item_show_type\":0,\"audio_fileid\":0,\"duration\":0,\"play_url\":\"\",\"malicious_title_reason_id\":0,\"malicious_content_type\":0}],\"author\":\"铁马\",\"copyright_stat\":11,\"duration\":0,\"del_flag\":1,\"item_show_type\":0,\"audio_fileid\":0,\"play_url\":\"\",\"malicious_title_reason_id\":0,\"malicious_content_type\":0}},{\"comm_msg_info\":{\"id\":1000001803,\"type\":49,\"datetime\":1617199010,\"fakeid\":\"2393887111\",\"status\":2,\"content\":\"\"},\"app_msg_ext_info\":{\"title\":\"快手一哥复出当天，道路被封不让过，回应来了！\",\"digest\":\"为直播封路，请问这路是你家的吗？\",\"content\":\"\",\"fileid\":503774576,\"content_url\":\"http:\/\/mp.weixin.qq.com\/s?__biz=MjM5Mzg4NzExMQ==&amp;mid=2651258241&amp;idx=1&amp;sn=7c0b4493a414170cc9230ccb821c06c2&amp;chksm=bd627b698a15f27f5f2ea89d2ea6e24ca286e589fddd5444927449651d6d38efa13d23c41c3a&amp;scene=27#wechat_redirect\",\"source_url\":\"\",\"cover\":\"http:\/\/mmbiz.qpic.cn\/mmbiz_jpg\/YTI67xfsN51vGS8tuVOHibLbpdJPL4a4vh8J2tG7WicITJ2Ix8RAmSGuIhdKHBUDVicAxzkN5jv8Hyv3Hojkticyqg\/0?wx_fmt=jpeg\",\"subtype\":9,\"is_multi\":1,\"multi_app_msg_item_list\":[{\"title\":\"全网热议小米新Logo，给大师200万，真值\",\"digest\":\"哈哈哈哈哈\",\"content\":\"\",\"fileid\":0,\"content_url\":\"http:\/\/mp.weixin.qq.com\/s?__biz=MjM5Mzg4NzExMQ==&amp;mid=2651258241&amp;idx=2&amp;sn=e500c40e1769a04f7c9bcd1268263aed&amp;chksm=bd627b698a15f27fa3ae20d7a95a5e5c4bb27efcb5f90b37e972cf408c01f913814c8d13b2db&amp;scene=27#wechat_redirect\",\"source_url\":\"\",\"cover\":\"http:\/\/mmbiz.qpic.cn\/mmbiz_jpg\/YTI67xfsN51vGS8tuVOHibLbpdJPL4a4vTEqiaib4AtElXpvY9Xm3rGlfz3Ym0I7nMiaXT0aHhWOu5nVSViaaFqwtGw\/0?wx_fmt=jpeg\",\"author\":\"IT之家\",\"copyright_stat\":100,\"del_flag\":1,\"item_show_type\":0,\"audio_fileid\":0,\"duration\":0,\"play_url\":\"\",\"malicious_title_reason_id\":0,\"malicious_content_type\":0},{\"title\":\"最贵2299，realme GT Neo全球首发天玑1200\",\"digest\":\"针不戳\",\"content\":\"\",\"fileid\":0,\"content_url\":\"http:\/\/mp.weixin.qq.com\/s?__biz=MjM5Mzg4NzExMQ==&amp;mid=2651258241&amp;idx=3&amp;sn=e9f158ff7db1786cce2a162f8635ebee&amp;chksm=bd627b698a15f27f3e5a886e5884b0d9f2f73531305428aeb572e13b248bc65bbe1702319c00&amp;scene=27#wechat_redirect\",\"source_url\":\"\",\"cover\":\"http:\/\/mmbiz.qpic.cn\/mmbiz_jpg\/YTI67xfsN51vGS8tuVOHibLbpdJPL4a4vwyotu6JrROCEvpF0XQqkmOJMcqPA85rWX4qt80PPFzdw4RjEuNAhjQ\/0?wx_fmt=jpeg\",\"author\":\"IT之家\",\"copyright_stat\":100,\"del_flag\":1,\"item_show_type\":0,\"audio_fileid\":0,\"duration\":0,\"play_url\":\"\",\"malicious_title_reason_id\":0,\"malicious_content_type\":0},{\"title\":\"研究显示：iPhone用户平均存储量比安卓用户高47%\",\"digest\":\"和预期差不多\",\"content\":\"\",\"fileid\":0,\"content_url\":\"http:\/\/mp.weixin.qq.com\/s?__biz=MjM5Mzg4NzExMQ==&amp;mid=2651258241&amp;idx=4&amp;sn=57e7fe690035c45e7c22875c3610db96&amp;chksm=bd627b698a15f27fbf3fe487feb4992fca25c1dd605e912d40cc392dbc3a6336be8774d276f0&amp;scene=27#wechat_redirect\",\"source_url\":\"\",\"cover\":\"http:\/\/mmbiz.qpic.cn\/mmbiz_jpg\/YTI67xfsN51vGS8tuVOHibLbpdJPL4a4v1GkYZiaCiaf2MibZveZh5MiccIRbxz6yUWSyJ1X4niaYicaSeyCSwpwicnxZA\/0?wx_fmt=jpeg\",\"author\":\"TechWeb\",\"copyright_stat\":100,\"del_flag\":1,\"item_show_type\":0,\"audio_fileid\":0,\"duration\":0,\"play_url\":\"\",\"malicious_title_reason_id\":0,\"malicious_content_type\":0},{\"title\":\"神评 | 苹果快把这功能砍了吧，烦死了\",\"digest\":\"IT之家，看的就是评论\",\"content\":\"\",\"fileid\":503721447,\"content_url\":\"http:\/\/mp.weixin.qq.com\/s?__biz=MjM5Mzg4NzExMQ==&amp;mid=2651258241&amp;idx=5&amp;sn=e4d225971e451f9d6ffb179e2f8b21c2&amp;chksm=bd627b698a15f27ff8d4452df186f5a60eb5a5908a197a19bed9c9d8244c82d686d0062f2efd&amp;scene=27#wechat_redirect\",\"source_url\":\"https:\/\/m.ithome.com\/hotcommentm\/\",\"cover\":\"http:\/\/mmbiz.qpic.cn\/mmbiz_jpg\/YTI67xfsN50k8MGah9xNdAWzhqQU2b7kznIkLuW5l4b4m9dAmCMXib2zib0TzUCusohbPT7gND8iacPOO2go7gUPA\/0?wx_fmt=jpeg\",\"author\":\"IT之家\",\"copyright_stat\":100,\"del_flag\":1,\"item_show_type\":0,\"audio_fileid\":0,\"duration\":0,\"play_url\":\"\",\"malicious_title_reason_id\":0,\"malicious_content_type\":0},{\"title\":\"辣榜 | 京东精选高性价比清单 TOP 20\",\"digest\":\"荐号\",\"content\":\"\",\"fileid\":503774508,\"content_url\":\"http:\/\/mp.weixin.qq.com\/s?__biz=MjM5Mzg4NzExMQ==&amp;mid=2651258241&amp;idx=6&amp;sn=f532a162646907a057dfa7fc0c19daae&amp;chksm=bd627b698a15f27f7748994595e789c8b7ad439f697ec3ee9a02c2d7a4b6a7c94951da921339&amp;scene=27#wechat_redirect\",\"source_url\":\"https:\/\/www.zuihuimai.com\/download\",\"cover\":\"http:\/\/mmbiz.qpic.cn\/mmbiz_jpg\/YTI67xfsN51vGS8tuVOHibLbpdJPL4a4vpnI0Lp0ag7Ej3Ribed1JUEc9XR3vLpcDyxBeGpm9PWbygV94tLt7sMA\/0?wx_fmt=jpeg\",\"author\":\"辣品\",\"copyright_stat\":100,\"del_flag\":1,\"item_show_type\":0,\"audio_fileid\":0,\"duration\":0,\"play_url\":\"\",\"malicious_title_reason_id\":0,\"malicious_content_type\":0}],\"author\":\"铁马\",\"copyright_stat\":11,\"duration\":0,\"del_flag\":1,\"item_show_type\":0,\"audio_fileid\":0,\"play_url\":\"\",\"malicious_title_reason_id\":0,\"malicious_content_type\":0}},{\"comm_msg_info\":{\"id\":1000001802,\"type\":49,\"datetime\":1617114234,\"fakeid\":\"2393887111\",\"status\":2,\"content\":\"\"},\"app_msg_ext_info\":{\"title\":\"上市三年考：B站用什么撑起百亿美元市值？\",\"digest\":\"支撑起B站价值的仍然是当年的那个故事\",\"content\":\"\",\"fileid\":503774360,\"content_url\":\"http:\/\/mp.weixin.qq.com\/s?__biz=MjM5Mzg4NzExMQ==&amp;mid=2651258117&amp;idx=1&amp;sn=ed6bc228ca6a86748199b2ef238dd8b5&amp;chksm=bd627bed8a15f2fb1b97379498bc14ca340397c9d6b958b971f12b92be139f74a43fe0372535&amp;scene=27#wechat_redirect\",\"source_url\":\"\",\"cover\":\"http:\/\/mmbiz.qpic.cn\/mmbiz_jpg\/YTI67xfsN53caHKK00ib2FbNkGLWpwOMSEKPPm0uqnCX077yjx6C1y490MCj0ITh3WLEgDtnxiauyY0ehIA62V6w\/0?wx_fmt=jpeg\",\"subtype\":9,\"is_multi\":1,\"multi_app_msg_item_list\":[{\"title\":\"12999！小米MIX正式发布，搭载澎湃C1芯片，用微信有加成\",\"digest\":\"场景实用很多\",\"content\":\"\",\"fileid\":0,\"content_url\":\"http:\/\/mp.weixin.qq.com\/s?__biz=MjM5Mzg4NzExMQ==&amp;mid=2651258117&amp;idx=2&amp;sn=b1c40470656bd54d2f285ac3649a4627&amp;chksm=bd627bed8a15f2fb9189626843b1bc3e8ec2c8b981916b6a4ad56b7df26ca47905696ad6c90b&amp;scene=27#wechat_redirect\",\"source_url\":\"\",\"cover\":\"http:\/\/mmbiz.qpic.cn\/mmbiz_jpg\/YTI67xfsN53caHKK00ib2FbNkGLWpwOMSWkxickah3hpsXSobxL4UfuicZQTbFBAHTfs09RVPtgZ0gKicJfhqCqMoQ\/0?wx_fmt=jpeg\",\"author\":\"IT之家\",\"copyright_stat\":11,\"del_flag\":1,\"item_show_type\":0,\"audio_fileid\":0,\"duration\":0,\"play_url\":\"\",\"malicious_title_reason_id\":0,\"malicious_content_type\":0},{\"title\":\"华为MatePad Pro 2平板入网：鸿蒙OS、麒麟9000、12.6吋大屏\",\"digest\":\"麒麟9000周期也太长了。。。\",\"content\":\"\",\"fileid\":0,\"content_url\":\"http:\/\/mp.weixin.qq.com\/s?__biz=MjM5Mzg4NzExMQ==&amp;mid=2651258117&amp;idx=3&amp;sn=bb0e20f46275091835926735680ee51e&amp;chksm=bd627bed8a15f2fb3f10504700650afd2722df04ae2607be1a334a1c3fbc8a767ec453b063e7&amp;scene=27#wechat_redirect\",\"source_url\":\"\",\"cover\":\"http:\/\/mmbiz.qpic.cn\/mmbiz_jpg\/YTI67xfsN53caHKK00ib2FbNkGLWpwOMS0UUMs3aNhYZ1I3oZ73picibOfZpPDukVIZa0W27PGdDJFeztru97t58w\/0?wx_fmt=jpeg\",\"author\":\"IT之家\",\"copyright_stat\":100,\"del_flag\":1,\"item_show_type\":0,\"audio_fileid\":0,\"duration\":0,\"play_url\":\"\",\"malicious_title_reason_id\":0,\"malicious_content_type\":0},{\"title\":\"拓宽视野，放大格局，就靠这几个微信号了\",\"digest\":\"荐号\",\"content\":\"\",\"fileid\":0,\"content_url\":\"http:\/\/mp.weixin.qq.com\/s?__biz=MjM5Mzg4NzExMQ==&amp;mid=2651258117&amp;idx=4&amp;sn=377f448e823f3ee16f0c3c235fa14b4c&amp;chksm=bd627bed8a15f2fb3e5d9fcfd2d760cf7325f11c3b3a07987ed70f5f0780830549d853fe3dd3&amp;scene=27#wechat_redirect\",\"source_url\":\"\",\"cover\":\"http:\/\/mmbiz.qpic.cn\/mmbiz_jpg\/JKGRibgYlPnBwQuiconpW8iaAxbqH6WJa7dZoDW3ia2H8jcMOwHYDNFuyqYJictEQm73UZuofoiaiaeOjbchpias5vRLqg\/0?wx_fmt=jpeg\",\"author\":\"荐号\",\"copyright_stat\":100,\"del_flag\":1,\"item_show_type\":0,\"audio_fileid\":0,\"duration\":0,\"play_url\":\"\",\"malicious_title_reason_id\":0,\"malicious_content_type\":0},{\"title\":\"联想发布三款拯救者游戏本，配满血版RTX3080\",\"digest\":\"顶配一万五，你买吗？\",\"content\":\"\",\"fileid\":0,\"content_url\":\"http:\/\/mp.weixin.qq.com\/s?__biz=MjM5Mzg4NzExMQ==&amp;mid=2651258117&amp;idx=5&amp;sn=3e348ec1aa7c86db34f94ce92b81305d&amp;chksm=bd627bed8a15f2fbeedb9174365a047d408dee36019cdd0cfeda6ecffb118f04ca3e25ef78c8&amp;scene=27#wechat_redirect\",\"source_url\":\"\",\"cover\":\"http:\/\/mmbiz.qpic.cn\/mmbiz_jpg\/YTI67xfsN53caHKK00ib2FbNkGLWpwOMSBFiavLDfEqwXM61Xn7x6UNGB7ic5P1odTQ35dChSeaeJ7HW8cwpufKOg\/0?wx_fmt=jpeg\",\"author\":\"IT之家\",\"copyright_stat\":100,\"del_flag\":1,\"item_show_type\":0,\"audio_fileid\":0,\"duration\":0,\"play_url\":\"\",\"malicious_title_reason_id\":0,\"malicious_content_type\":0},{\"title\":\"神评 | 我能骂脏话吗？\",\"digest\":\"IT之家，看的就是评论\",\"content\":\"\",\"fileid\":503721447,\"content_url\":\"http:\/\/mp.weixin.qq.com\/s?__biz=MjM5Mzg4NzExMQ==&amp;mid=2651258117&amp;idx=6&amp;sn=409ea5b42a0cd3da38715498b6d90d9b&amp;chksm=bd627bed8a15f2fbe8b3265e9dbefc80a86073291413a62c5cb41c61332768443eaa961555f2&amp;scene=27#wechat_redirect\",\"source_url\":\"https:\/\/m.ithome.com\/hotcommentm\/\",\"cover\":\"http:\/\/mmbiz.qpic.cn\/mmbiz_jpg\/YTI67xfsN50k8MGah9xNdAWzhqQU2b7kznIkLuW5l4b4m9dAmCMXib2zib0TzUCusohbPT7gND8iacPOO2go7gUPA\/0?wx_fmt=jpeg\",\"author\":\"IT之家\",\"copyright_stat\":100,\"del_flag\":1,\"item_show_type\":0,\"audio_fileid\":0,\"duration\":0,\"play_url\":\"\",\"malicious_title_reason_id\":0,\"malicious_content_type\":0},{\"title\":\"辣榜 | 京东精选高性价比清单 TOP 20\",\"digest\":\"荐号\",\"content\":\"\",\"fileid\":503774438,\"content_url\":\"http:\/\/mp.weixin.qq.com\/s?__biz=MjM5Mzg4NzExMQ==&amp;mid=2651258117&amp;idx=7&amp;sn=ea3013f1ab658179c954e9d8b2ed021e&amp;chksm=bd627bed8a15f2fb5cff6513303aa1ac3b4c67f224bf64213c6e45699e84f7c7b8b0623eb98c&amp;scene=27#wechat_redirect\",\"source_url\":\"https:\/\/www.zuihuimai.com\/download\",\"cover\":\"http:\/\/mmbiz.qpic.cn\/mmbiz_jpg\/YTI67xfsN53caHKK00ib2FbNkGLWpwOMS4MlrFznEsx0QKcsYiaan4rsNsN8Wl9KF9LFS9Dxcbb1gJN1ZG1j8JHQ\/0?wx_fmt=jpeg\",\"author\":\"辣品\",\"copyright_stat\":100,\"del_flag\":1,\"item_show_type\":0,\"audio_fileid\":0,\"duration\":0,\"play_url\":\"\",\"malicious_title_reason_id\":0,\"malicious_content_type\":0}],\"author\":\"余木\",\"copyright_stat\":100,\"duration\":0,\"del_flag\":1,\"item_show_type\":0,\"audio_fileid\":0,\"play_url\":\"\",\"malicious_title_reason_id\":0,\"malicious_content_type\":0}},{\"comm_msg_info\":{\"id\":1000001801,\"type\":49,\"datetime\":1617027320,\"fakeid\":\"2393887111\",\"status\":2,\"content\":\"\"},\"app_msg_ext_info\":{\"title\":\"\",\"digest\":\"\",\"content\":\"\",\"fileid\":0,\"content_url\":\"\",\"source_url\":\"\",\"cover\":\"\",\"subtype\":0,\"is_multi\":1,\"multi_app_msg_item_list\":[{\"title\":\"微信重要更新：斗图功能增强，时长上限翻倍\",\"digest\":\"这回舒服了\",\"content\":\"\",\"fileid\":0,\"content_url\":\"http:\/\/mp.weixin.qq.com\/s?__biz=MjM5Mzg4NzExMQ==&amp;mid=2651257959&amp;idx=2&amp;sn=746922fec90ac7ab40f5fa7e1e9776f7&amp;chksm=bd627a8f8a15f399c01d6453cad6496cc081b3bdd29d14cb6984db22cbf60721513322a26882&amp;scene=27#wechat_redirect\",\"source_url\":\"\",\"cover\":\"http:\/\/mmbiz.qpic.cn\/mmbiz_jpg\/YTI67xfsN53tnX46ryk2E0WbuBGINy8hEPibicVq8nak6lbHsa01iciaWIrYokBK9PLNcajMGge2zWOGcbYAzV9COQ\/0?wx_fmt=jpeg\",\"author\":\"IT之家\",\"copyright_stat\":100,\"del_flag\":1,\"item_show_type\":0,\"audio_fileid\":0,\"duration\":0,\"play_url\":\"\",\"malicious_title_reason_id\":0,\"malicious_content_type\":0},{\"title\":\"小米手环6发布，支持血氧检测、全面屏\",\"digest\":\"竟然还涨价了\",\"content\":\"\",\"fileid\":0,\"content_url\":\"http:\/\/mp.weixin.qq.com\/s?__biz=MjM5Mzg4NzExMQ==&amp;mid=2651257959&amp;idx=3&amp;sn=78bbb61ec01f5c54e0b160eaf01c450f&amp;chksm=bd627a8f8a15f39988f7e16d79016631dd334636b94e68a0011726397e51ef2c0cc485223ca3&amp;scene=27#wechat_redirect\",\"source_url\":\"\",\"cover\":\"http:\/\/mmbiz.qpic.cn\/mmbiz_jpg\/YTI67xfsN53tnX46ryk2E0WbuBGINy8hzYiaSLeUxPzvE8yibwMibxLFfMgghUL3EpRTweOQbcZz3HTEVxkn4zpMg\/0?wx_fmt=jpeg\",\"author\":\"IT之家\",\"copyright_stat\":100,\"del_flag\":1,\"item_show_type\":0,\"audio_fileid\":0,\"duration\":0,\"play_url\":\"\",\"malicious_title_reason_id\":0,\"malicious_content_type\":0},{\"title\":\"男子起诉苹果，称iPad起火烧了自家房子\",\"digest\":\"用电器安全一定要注意\",\"content\":\"\",\"fileid\":0,\"content_url\":\"http:\/\/mp.weixin.qq.com\/s?__biz=MjM5Mzg4NzExMQ==&amp;mid=2651257959&amp;idx=4&amp;sn=17705d8031b765c53a2d53574c7e899b&amp;chksm=bd627a8f8a15f399304d86a336c795b47719b9ddb89f3f87fb484a2a7e5afb20b4edc1408e4f&amp;scene=27#wechat_redirect\",\"source_url\":\"\",\"cover\":\"http:\/\/mmbiz.qpic.cn\/mmbiz_jpg\/YTI67xfsN53tnX46ryk2E0WbuBGINy8heibRZrvhXIurC8QrzAghuAFeOPX1nRBjRcu4aMKpth222U0RUROT6tw\/0?wx_fmt=jpeg\",\"author\":\"TechWeb\",\"copyright_stat\":100,\"del_flag\":1,\"item_show_type\":0,\"audio_fileid\":0,\"duration\":0,\"play_url\":\"\",\"malicious_title_reason_id\":0,\"malicious_content_type\":0},{\"title\":\"2499起，石头年度旗舰款扫拖机器人T7S系列正式发布\",\"digest\":\"买它\",\"content\":\"\",\"fileid\":0,\"content_url\":\"http:\/\/mp.weixin.qq.com\/s?__biz=MjM5Mzg4NzExMQ==&amp;mid=2651257959&amp;idx=5&amp;sn=7a045d135ef431149b79b533fbf1e35f&amp;chksm=bd627a8f8a15f39943acc4b252275106ef1974ccbacdce3b8c1412c8091f5c03f1d5445a90f8&amp;scene=27#wechat_redirect\",\"source_url\":\"https:\/\/u.jd.com\/bSdkdtX\",\"cover\":\"http:\/\/mmbiz.qpic.cn\/mmbiz_jpg\/YTI67xfsN53tnX46ryk2E0WbuBGINy8hwc9udLPKCPPhQWrEs4QOlJomJsGIKnaabluuTJ3CDXk0T36IOE1Xfw\/0?wx_fmt=jpeg\",\"author\":\"IT之家\",\"copyright_stat\":100,\"del_flag\":1,\"item_show_type\":0,\"audio_fileid\":0,\"duration\":0,\"play_url\":\"\",\"malicious_title_reason_id\":0,\"malicious_content_type\":0},{\"title\":\"神评 | 某些主播，专坑家人\",\"digest\":\"IT之家，看的就是评论\",\"content\":\"\",\"fileid\":503721447,\"content_url\":\"http:\/\/mp.weixin.qq.com\/s?__biz=MjM5Mzg4NzExMQ==&amp;mid=2651257959&amp;idx=6&amp;sn=7fcb7dec56a96fcb09a6f15aa15ff77b&amp;chksm=bd627a8f8a15f399602f603a2b5100357f62449c606f1ea719dca12f96cf2cbc3bfb818144a1&amp;scene=27#wechat_redirect\",\"source_url\":\"https:\/\/m.ithome.com\/hotcommentm\/\",\"cover\":\"http:\/\/mmbiz.qpic.cn\/mmbiz_jpg\/YTI67xfsN50k8MGah9xNdAWzhqQU2b7kznIkLuW5l4b4m9dAmCMXib2zib0TzUCusohbPT7gND8iacPOO2go7gUPA\/0?wx_fmt=jpeg\",\"author\":\"IT之家\",\"copyright_stat\":100,\"del_flag\":1,\"item_show_type\":0,\"audio_fileid\":0,\"duration\":0,\"play_url\":\"\",\"malicious_title_reason_id\":0,\"malicious_content_type\":0},{\"title\":\"辣榜 | 京东精选高性价比清单 TOP 20\",\"digest\":\"荐号\",\"content\":\"\",\"fileid\":503774253,\"content_url\":\"http:\/\/mp.weixin.qq.com\/s?__biz=MjM5Mzg4NzExMQ==&amp;mid=2651257959&amp;idx=7&amp;sn=237238b515d2fbfdad93dbb01d693fe7&amp;chksm=bd627a8f8a15f399d74ab2e313bc5169f1104ce0522c01f3fb6b58b7885ca0477fbe2e5b79b3&amp;scene=27#wechat_redirect\",\"source_url\":\"https:\/\/www.zuihuimai.com\/download\",\"cover\":\"http:\/\/mmbiz.qpic.cn\/mmbiz_jpg\/YTI67xfsN53tnX46ryk2E0WbuBGINy8h2fR2sOAobFoUw7micgxu904iaiatqYAE9UUnCUGUpeQ1pTicx0Jqs9ltCw\/0?wx_fmt=jpeg\",\"author\":\"辣品\",\"copyright_stat\":100,\"del_flag\":1,\"item_show_type\":0,\"audio_fileid\":0,\"duration\":0,\"play_url\":\"\",\"malicious_title_reason_id\":0,\"malicious_content_type\":0}],\"author\":\"\"}},{\"comm_msg_info\":{\"id\":1000001800,\"type\":49,\"datetime\":1616940029,\"fakeid\":\"2393887111\",\"status\":2,\"content\":\"\"},\"app_msg_ext_info\":{\"title\":\"微信记录花钱就能查？腾讯回应了\",\"digest\":\"小心被骗\",\"content\":\"\",\"fileid\":503774160,\"content_url\":\"http:\/\/mp.weixin.qq.com\/s?__biz=MjM5Mzg4NzExMQ==&amp;mid=2651257859&amp;idx=1&amp;sn=5905cdbdfe896ccb90fa362896f6b3a0&amp;chksm=bd627aeb8a15f3fdf2692528a54e23cdba4f7cc9ffbf6ab128447399a34e8780d20342dba078&amp;scene=27#wechat_redirect\",\"source_url\":\"\",\"cover\":\"http:\/\/mmbiz.qpic.cn\/mmbiz_jpg\/YTI67xfsN50EdyyUxEViaMY225YpaEAGmXgC0xqghPuJxgI8SNOQp4byZGAJ3puhKkDR5SmsCJtLEDLEA76rvHA\/0?wx_fmt=jpeg\",\"subtype\":9,\"is_multi\":1,\"multi_app_msg_item_list\":[{\"title\":\"雷军确认，明日亲自发布4款小米手机，MIX在列\",\"digest\":\"就在明天\",\"content\":\"\",\"fileid\":0,\"content_url\":\"http:\/\/mp.weixin.qq.com\/s?__biz=MjM5Mzg4NzExMQ==&amp;mid=2651257859&amp;idx=2&amp;sn=029a879032bd9d788e5188ad63099af4&amp;chksm=bd627aeb8a15f3fdd47ed8d08ff0f8a14a7d4d927f7bf727421d8b4f3d2c7b4255eeee0521d5&amp;scene=27#wechat_redirect\",\"source_url\":\"\",\"cover\":\"http:\/\/mmbiz.qpic.cn\/mmbiz_jpg\/YTI67xfsN50EdyyUxEViaMY225YpaEAGm3xgm3wCDhzUOiab0Cc0wiaX7P42Blp7AGNKJhhAYtYXfSmrgB9a07uww\/0?wx_fmt=jpeg\",\"author\":\"IT之家\",\"copyright_stat\":100,\"del_flag\":1,\"item_show_type\":0,\"audio_fileid\":0,\"duration\":0,\"play_url\":\"\",\"malicious_title_reason_id\":0,\"malicious_content_type\":0},{\"title\":\"779元的特斯拉闪电酒瓶，卖光了...\",\"digest\":\"里面有酒就好了\",\"content\":\"\",\"fileid\":0,\"content_url\":\"http:\/\/mp.weixin.qq.com\/s?__biz=MjM5Mzg4NzExMQ==&amp;mid=2651257859&amp;idx=3&amp;sn=ae95f2be86363813cb0145a35d1ea484&amp;chksm=bd627aeb8a15f3fdf1eeab899df052267258bfc8bd477770159b08b6a2acb514a7b90930cc4e&amp;scene=27#wechat_redirect\",\"source_url\":\"\",\"cover\":\"http:\/\/mmbiz.qpic.cn\/mmbiz_jpg\/YTI67xfsN50EdyyUxEViaMY225YpaEAGmmcIDPPjFQ06BRQceypzAPKar02g0AwddTX9axBupHujReI4XGDw23w\/0?wx_fmt=jpeg\",\"author\":\"IT之家\",\"copyright_stat\":100,\"del_flag\":1,\"item_show_type\":0,\"audio_fileid\":0,\"duration\":0,\"play_url\":\"\",\"malicious_title_reason_id\":0,\"malicious_content_type\":0},{\"title\":\"绝不限速的阿里云盘，送永久空间了\",\"digest\":\"就是功能太简陋了\",\"content\":\"\",\"fileid\":0,\"content_url\":\"http:\/\/mp.weixin.qq.com\/s?__biz=MjM5Mzg4NzExMQ==&amp;mid=2651257859&amp;idx=4&amp;sn=b54d72866b286496c0018ae944fa7654&amp;chksm=bd627aeb8a15f3fd7cd5fff4650f67a943e4530e2c06d29c955ea82e8a294108052324456b51&amp;scene=27#wechat_redirect\",\"source_url\":\"\",\"cover\":\"http:\/\/mmbiz.qpic.cn\/mmbiz_jpg\/YTI67xfsN50EdyyUxEViaMY225YpaEAGm21YS9iaWY0kYFE3ibicb3u78FQHR42UfH4O9ichjKISu3q2g7xT2icUZ2Kw\/0?wx_fmt=jpeg\",\"author\":\"IT之家\",\"copyright_stat\":100,\"del_flag\":1,\"item_show_type\":0,\"audio_fileid\":0,\"duration\":0,\"play_url\":\"\",\"malicious_title_reason_id\":0,\"malicious_content_type\":0},{\"title\":\"神评 | 充电宝受限，西安地铁拟禁移动充电物品\",\"digest\":\"IT之家，看的就是评论\",\"content\":\"\",\"fileid\":503721447,\"content_url\":\"http:\/\/mp.weixin.qq.com\/s?__biz=MjM5Mzg4NzExMQ==&amp;mid=2651257859&amp;idx=5&amp;sn=ff3a444fca9641eb74d3c5b1a46f0080&amp;chksm=bd627aeb8a15f3fd436d9264328eb412b129fc1e2ee6e4bcf734ab0e48e82eb5bd3a6eb9ca21&amp;scene=27#wechat_redirect\",\"source_url\":\"https:\/\/m.ithome.com\/hotcommentm\/\",\"cover\":\"http:\/\/mmbiz.qpic.cn\/mmbiz_jpg\/YTI67xfsN50k8MGah9xNdAWzhqQU2b7kznIkLuW5l4b4m9dAmCMXib2zib0TzUCusohbPT7gND8iacPOO2go7gUPA\/0?wx_fmt=jpeg\",\"author\":\"IT之家\",\"copyright_stat\":100,\"del_flag\":1,\"item_show_type\":0,\"audio_fileid\":0,\"duration\":0,\"play_url\":\"\",\"malicious_title_reason_id\":0,\"malicious_content_type\":0},{\"title\":\"辣榜 | 京东精选高性价比清单 TOP 20\",\"digest\":\"荐号\",\"content\":\"\",\"fileid\":503774158,\"content_url\":\"http:\/\/mp.weixin.qq.com\/s?__biz=MjM5Mzg4NzExMQ==&amp;mid=2651257859&amp;idx=6&amp;sn=9555c49549bebcd5dbb99abe62ae2978&amp;chksm=bd627aeb8a15f3fd44a9c6fafec35778d3a2958cff3c46f74f9636d972e15d5963e412a3c3bd&amp;scene=27#wechat_redirect\",\"source_url\":\"https:\/\/www.zuihuimai.com\/download\",\"cover\":\"http:\/\/mmbiz.qpic.cn\/mmbiz_jpg\/YTI67xfsN50EdyyUxEViaMY225YpaEAGm4ew6LuRmXDdBbjs9q4dgzclOlEtpz8OCsbI5bJdBj2un08hnWOibLAA\/0?wx_fmt=jpeg\",\"author\":\"辣品\",\"copyright_stat\":100,\"del_flag\":1,\"item_show_type\":0,\"audio_fileid\":0,\"duration\":0,\"play_url\":\"\",\"malicious_title_reason_id\":0,\"malicious_content_type\":0}],\"author\":\"IT之家\",\"copyright_stat\":100,\"duration\":0,\"del_flag\":1,\"item_show_type\":0,\"audio_fileid\":0,\"play_url\":\"\",\"malicious_title_reason_id\":0,\"malicious_content_type\":0}},{\"comm_msg_info\":{\"id\":1000001799,\"type\":49,\"datetime\":1616853060,\"fakeid\":\"2393887111\",\"status\":2,\"content\":\"\"},\"app_msg_ext_info\":{\"title\":\"315也不管用！监管立案后，名创优品还在偷脸！\",\"digest\":\"太猖狂了！\",\"content\":\"\",\"fileid\":503774098,\"content_url\":\"http:\/\/mp.weixin.qq.com\/s?__biz=MjM5Mzg4NzExMQ==&amp;mid=2651257782&amp;idx=1&amp;sn=944eef853c156bc5535c6ab7bf2b1bd3&amp;chksm=bd627d5e8a15f448f395d4dd29f67026e8126bbbf0809fd91cdd78af5563f310dcf25918deab&amp;scene=27#wechat_redirect\",\"source_url\":\"\",\"cover\":\"http:\/\/mmbiz.qpic.cn\/mmbiz_jpg\/YTI67xfsN53JqeZosA5qeATqRqViawJ5YriaV9Gvm0VIFocBP0RpEJiaOicSAYUpqZrRaSluRTEJR9w3VqbPRZGz3w\/0?wx_fmt=jpeg\",\"subtype\":9,\"is_multi\":1,\"multi_app_msg_item_list\":[{\"title\":\"苹果iOS 14.4.2发布：重要安全更新，一定要升级\",\"digest\":\"一定要更新！\",\"content\":\"\",\"fileid\":0,\"content_url\":\"http:\/\/mp.weixin.qq.com\/s?__biz=MjM5Mzg4NzExMQ==&amp;mid=2651257782&amp;idx=2&amp;sn=e4ac5bd42c113f5210a4d98e54730d6e&amp;chksm=bd627d5e8a15f4487fd8a6c11132dbe50120e098b07568d4c9bc6cbbb20dc2e40f48639be76c&amp;scene=27#wechat_redirect\",\"source_url\":\"\",\"cover\":\"http:\/\/mmbiz.qpic.cn\/mmbiz_jpg\/YTI67xfsN53JqeZosA5qeATqRqViawJ5YEUdcvsqUkSicdQb1RdIhggibnfFBFuKALHU7FGPwakuGheSiaT4Yx7uJA\/0?wx_fmt=jpeg\",\"author\":\"IT之家\",\"copyright_stat\":100,\"del_flag\":1,\"item_show_type\":0,\"audio_fileid\":0,\"duration\":0,\"play_url\":\"\",\"malicious_title_reason_id\":0,\"malicious_content_type\":0},{\"title\":\"全球最大《和平精英》外挂被捣毁，嫌疑人资产庞大，却深藏不露\",\"digest\":\"真正的大佬...\",\"content\":\"\",\"fileid\":0,\"content_url\":\"http:\/\/mp.weixin.qq.com\/s?__biz=MjM5Mzg4NzExMQ==&amp;mid=2651257782&amp;idx=3&amp;sn=b97ad13545cdbf34d8f6f36db1520dee&amp;chksm=bd627d5e8a15f448c5acdb878e7b1d0aad9f185f0860ab163e454d16da027430243b6fcf4079&amp;scene=27#wechat_redirect\",\"source_url\":\"\",\"cover\":\"http:\/\/mmbiz.qpic.cn\/mmbiz_jpg\/YTI67xfsN53JqeZosA5qeATqRqViawJ5YlkP66M5o1MmtXamnev7tMpoPKfGlrziavgxoRZZjrOsSy6rPqu0ZDaw\/0?wx_fmt=jpeg\",\"author\":\"IT之家\",\"copyright_stat\":100,\"del_flag\":1,\"item_show_type\":0,\"audio_fileid\":0,\"duration\":0,\"play_url\":\"\",\"malicious_title_reason_id\":0,\"malicious_content_type\":0},{\"title\":\"小米手环6官宣，这回用上“全面屏”\",\"digest\":\"这个还不错~\",\"content\":\"\",\"fileid\":0,\"content_url\":\"http:\/\/mp.weixin.qq.com\/s?__biz=MjM5Mzg4NzExMQ==&amp;mid=2651257782&amp;idx=4&amp;sn=a4d52e7a6f5ee1af4dacc6b03c8b744a&amp;chksm=bd627d5e8a15f448639359096c043178f20f8275a29bbdf33857e63ecbffb82951845d1b64c1&amp;scene=27#wechat_redirect\",\"source_url\":\"\",\"cover\":\"http:\/\/mmbiz.qpic.cn\/mmbiz_jpg\/YTI67xfsN53JqeZosA5qeATqRqViawJ5YNAmeDRbFSMibW7FwXianfCTEEtJtvYBOVzRicRZv7yIvCDZnK69Liaeh2w\/0?wx_fmt=jpeg\",\"author\":\"IT之家\",\"copyright_stat\":100,\"del_flag\":1,\"item_show_type\":0,\"audio_fileid\":0,\"duration\":0,\"play_url\":\"\",\"malicious_title_reason_id\":0,\"malicious_content_type\":0},{\"title\":\"神评 | 米粉真正想要的，是1999\",\"digest\":\"IT之家，看的就是评论\",\"content\":\"\",\"fileid\":503721447,\"content_url\":\"http:\/\/mp.weixin.qq.com\/s?__biz=MjM5Mzg4NzExMQ==&amp;mid=2651257782&amp;idx=5&amp;sn=dbf70a7a05422b00b9a0bb695dbe3b8b&amp;chksm=bd627d5e8a15f4487f62e7269f360563ef415340033fe7f7103587bddca07b934ba0ed99d7ca&amp;scene=27#wechat_redirect\",\"source_url\":\"https:\/\/m.ithome.com\/hotcommentm\/\",\"cover\":\"http:\/\/mmbiz.qpic.cn\/mmbiz_jpg\/YTI67xfsN50k8MGah9xNdAWzhqQU2b7kznIkLuW5l4b4m9dAmCMXib2zib0TzUCusohbPT7gND8iacPOO2go7gUPA\/0?wx_fmt=jpeg\",\"author\":\"IT之家\",\"copyright_stat\":100,\"del_flag\":1,\"item_show_type\":0,\"audio_fileid\":0,\"duration\":0,\"play_url\":\"\",\"malicious_title_reason_id\":0,\"malicious_content_type\":0},{\"title\":\"辣榜 | 京东精选高性价比清单 TOP 20\",\"digest\":\"。\",\"content\":\"\",\"fileid\":503774081,\"content_url\":\"http:\/\/mp.weixin.qq.com\/s?__biz=MjM5Mzg4NzExMQ==&amp;mid=2651257782&amp;idx=6&amp;sn=50797d4db669a54074451ea8799d818b&amp;chksm=bd627d5e8a15f4488440fbd385035192713ca15be8150cc362ed3db4704a29cbd99eed019cbf&amp;scene=27#wechat_redirect\",\"source_url\":\"https:\/\/www.zuihuimai.com\/download\",\"cover\":\"http:\/\/mmbiz.qpic.cn\/mmbiz_jpg\/YTI67xfsN53JqeZosA5qeATqRqViawJ5Y7C1icu9agZhxjsfcNtQOwFu4nEBhQ0Tus8zFFibYNZeCZvsIMSlAmU9Q\/0?wx_fmt=jpeg\",\"author\":\"辣品\",\"copyright_stat\":100,\"del_flag\":1,\"item_show_type\":0,\"audio_fileid\":0,\"duration\":0,\"play_url\":\"\",\"malicious_title_reason_id\":0,\"malicious_content_type\":0}],\"author\":\"启人\",\"copyright_stat\":100,\"duration\":0,\"del_flag\":1,\"item_show_type\":0,\"audio_fileid\":0,\"play_url\":\"\",\"malicious_title_reason_id\":0,\"malicious_content_type\":0}},{\"comm_msg_info\":{\"id\":1000001798,\"type\":49,\"datetime\":1616766745,\"fakeid\":\"2393887111\",\"status\":2,\"content\":\"\"},\"app_msg_ext_info\":{\"title\":\"苹果福利机服务曝光，这样做能免费拿iPhone\",\"digest\":\"天了噜，苹果也太壕了吧。\",\"content\":\"\",\"fileid\":503774008,\"content_url\":\"http:\/\/mp.weixin.qq.com\/s?__biz=MjM5Mzg4NzExMQ==&amp;mid=2651257705&amp;idx=1&amp;sn=a4ac707bd17b74767c4cf196e3c58659&amp;chksm=bd627d818a15f497ae9b53eaf9d6b0b3f600ef9e91a07bf8440cae4b1e7681a6cfec152af55a&amp;scene=27#wechat_redirect\",\"source_url\":\"\",\"cover\":\"http:\/\/mmbiz.qpic.cn\/mmbiz_jpg\/YTI67xfsN52NRfhWJXtCxKnmKHdjGj2Jp76OfQkDeC8jTgIgz95SsbYpnDBYhVLUibibJzklPj4kkqX1Hwh4diaCg\/0?wx_fmt=jpeg\",\"subtype\":9,\"is_multi\":1,\"multi_app_msg_item_list\":[{\"title\":\"【B站】资料抄袭实锤，竟把自己写成【百度】\",\"digest\":\"律所先来自罚三杯\",\"content\":\"\",\"fileid\":503773995,\"content_url\":\"http:\/\/mp.weixin.qq.com\/s?__biz=MjM5Mzg4NzExMQ==&amp;mid=2651257705&amp;idx=2&amp;sn=c3b35826e1d97f9ed5bc8cd1495fefbb&amp;chksm=bd627d818a15f497062aaefdbea9e7b2efea53230b857181a1c8c87ab02a305e3d61eeee210a&amp;scene=27#wechat_redirect\",\"source_url\":\"\",\"cover\":\"http:\/\/mmbiz.qpic.cn\/mmbiz_jpg\/YTI67xfsN52NRfhWJXtCxKnmKHdjGj2JDibjfP3Ib25q87EjzF2tFlRglL6fPQWCnmXBm1dSQvup6ExG6vticcHw\/0?wx_fmt=jpeg\",\"author\":\"IT之家\",\"copyright_stat\":100,\"del_flag\":1,\"item_show_type\":0,\"audio_fileid\":0,\"duration\":0,\"play_url\":\"\",\"malicious_title_reason_id\":0,\"malicious_content_type\":0},{\"title\":\"小米官宣自研芯片，澎湃S2要来了？\",\"digest\":\"小米始终没有放弃自研芯片\",\"content\":\"\",\"fileid\":0,\"content_url\":\"http:\/\/mp.weixin.qq.com\/s?__biz=MjM5Mzg4NzExMQ==&amp;mid=2651257705&amp;idx=3&amp;sn=250a0cafaa17d0d3ce8be04bd5413dd8&amp;chksm=bd627d818a15f497e7f676573a29952fe882e65c64bc6a5fc8a7af8e748bb70cfe34eab009f5&amp;scene=27#wechat_redirect\",\"source_url\":\"\",\"cover\":\"http:\/\/mmbiz.qpic.cn\/mmbiz_jpg\/YTI67xfsN52NRfhWJXtCxKnmKHdjGj2JNhaRKp1FE6KDBeBbStjw6Zk1CxJ6Qd2ic6hs7uJoOUiaMibW0icZ1siaVmQ\/0?wx_fmt=jpeg\",\"author\":\"IT之家\",\"copyright_stat\":100,\"del_flag\":1,\"item_show_type\":0,\"audio_fileid\":0,\"duration\":0,\"play_url\":\"\",\"malicious_title_reason_id\":0,\"malicious_content_type\":0},{\"title\":\"京东员工被猝死，看了简历，让人心酸\",\"digest\":\"居心叵测\",\"content\":\"\",\"fileid\":0,\"content_url\":\"http:\/\/mp.weixin.qq.com\/s?__biz=MjM5Mzg4NzExMQ==&amp;mid=2651257705&amp;idx=4&amp;sn=c07c9cc360dfdef2041776405f249081&amp;chksm=bd627d818a15f497090e5774f69648c228bfc27bacffb34cae5330b62af0c8dc8737453aad11&amp;scene=27#wechat_redirect\",\"source_url\":\"\",\"cover\":\"http:\/\/mmbiz.qpic.cn\/mmbiz_jpg\/YTI67xfsN52NRfhWJXtCxKnmKHdjGj2JibFptRHp71ickJ5OoDRKbdicKg8QI0tkFWwf9uyngIAhPNHnTTzricCYYg\/0?wx_fmt=jpeg\",\"author\":\"IT之家\",\"copyright_stat\":100,\"del_flag\":1,\"item_show_type\":0,\"audio_fileid\":0,\"duration\":0,\"play_url\":\"\",\"malicious_title_reason_id\":0,\"malicious_content_type\":0},{\"title\":\"神评 | 华为是我的启蒙老师\",\"digest\":\"IT之家，看的就是评论\",\"content\":\"\",\"fileid\":503721447,\"content_url\":\"http:\/\/mp.weixin.qq.com\/s?__biz=MjM5Mzg4NzExMQ==&amp;mid=2651257705&amp;idx=5&amp;sn=1577061bda2677d223896733246bb294&amp;chksm=bd627d818a15f4976aed4dfe85236b261521c812e2a3225d693d782e184cd668bc460a70bc42&amp;scene=27#wechat_redirect\",\"source_url\":\"https:\/\/m.ithome.com\/hotcommentm\/\",\"cover\":\"http:\/\/mmbiz.qpic.cn\/mmbiz_jpg\/YTI67xfsN50k8MGah9xNdAWzhqQU2b7kznIkLuW5l4b4m9dAmCMXib2zib0TzUCusohbPT7gND8iacPOO2go7gUPA\/0?wx_fmt=jpeg\",\"author\":\"IT之家\",\"copyright_stat\":100,\"del_flag\":1,\"item_show_type\":0,\"audio_fileid\":0,\"duration\":0,\"play_url\":\"\",\"malicious_title_reason_id\":0,\"malicious_content_type\":0},{\"title\":\"辣榜 | 京东百亿补贴开启，全场精选TOP 20\",\"digest\":\"荐号\",\"content\":\"\",\"fileid\":503773957,\"content_url\":\"http:\/\/mp.weixin.qq.com\/s?__biz=MjM5Mzg4NzExMQ==&amp;mid=2651257705&amp;idx=6&amp;sn=87097163b13d128abdbe3992e30ffe4f&amp;chksm=bd627d818a15f497598ff3fb0f3a01ffa58a12aa67d4bd07c5bb90cc5755d28f71064119c31e&amp;scene=27#wechat_redirect\",\"source_url\":\"https:\/\/www.zuihuimai.com\/download\",\"cover\":\"http:\/\/mmbiz.qpic.cn\/mmbiz_jpg\/YTI67xfsN50qXk7s3d0FHy5t8do3ttszt8FFz9J8Ryf8Paj8UI2zqzMF02r9glypXryAmdGr2Vbg1wUJXuhNDg\/0?wx_fmt=jpeg\",\"author\":\"辣品\",\"copyright_stat\":100,\"del_flag\":1,\"item_show_type\":0,\"audio_fileid\":0,\"duration\":0,\"play_url\":\"\",\"malicious_title_reason_id\":0,\"malicious_content_type\":0}],\"author\":\"铁马\",\"copyright_stat\":11,\"duration\":0,\"del_flag\":1,\"item_show_type\":0,\"audio_fileid\":0,\"play_url\":\"\",\"malicious_title_reason_id\":0,\"malicious_content_type\":0}},{\"comm_msg_info\":{\"id\":1000001797,\"type\":49,\"datetime\":1616679540,\"fakeid\":\"2393887111\",\"status\":2,\"content\":\"\"},\"app_msg_ext_info\":{\"title\":\"iPhone13信息全泄露，苹果要抓内鬼\",\"digest\":\"你满意这些升级吗？\",\"content\":\"\",\"fileid\":503773933,\"content_url\":\"http:\/\/mp.weixin.qq.com\/s?__biz=MjM5Mzg4NzExMQ==&amp;mid=2651257636&amp;idx=1&amp;sn=5875a6a4b66e26e677f4d0e6fd5c36a2&amp;chksm=bd627dcc8a15f4da45243d6509e9cb81b3af41bd1dae9495e569a4e99cb486a29807a6464515&amp;scene=27#wechat_redirect\",\"source_url\":\"\",\"cover\":\"http:\/\/mmbiz.qpic.cn\/mmbiz_jpg\/YTI67xfsN50qXk7s3d0FHy5t8do3ttszk5FL4qgYT4cwOLxHAwMSJpQFx8pVHVl2Utd2VFVtfLxr9V78wmNJ7Q\/0?wx_fmt=jpeg\",\"subtype\":9,\"is_multi\":1,\"multi_app_msg_item_list\":[{\"title\":\"公然辱华！HM耐克阿迪再见，国货的机会来了\",\"digest\":\"中国本土品牌的机会，来了！\",\"content\":\"\",\"fileid\":0,\"content_url\":\"http:\/\/mp.weixin.qq.com\/s?__biz=MjM5Mzg4NzExMQ==&amp;mid=2651257636&amp;idx=2&amp;sn=e0e839f2416637cf75ca6dc86f51de61&amp;chksm=bd627dcc8a15f4da9319ed766937c6537677b5b90f50f2bec2d4674e4ad5372c6e534bf3dc38&amp;scene=27#wechat_redirect\",\"source_url\":\"\",\"cover\":\"http:\/\/mmbiz.qpic.cn\/mmbiz_jpg\/YTI67xfsN50qXk7s3d0FHy5t8do3ttsz29jaYagBxbyvUX9lQkru2by6rBST4wwTjrqBf89RwuUsUYPtgTIWyA\/0?wx_fmt=jpeg\",\"author\":\"启人\",\"copyright_stat\":11,\"del_flag\":1,\"item_show_type\":0,\"audio_fileid\":0,\"duration\":0,\"play_url\":\"\",\"malicious_title_reason_id\":0,\"malicious_content_type\":0},{\"title\":\"小米MIX新机超10000元，首发液态镜头\",\"digest\":\"这价格，你还买吗？\",\"content\":\"\",\"fileid\":0,\"content_url\":\"http:\/\/mp.weixin.qq.com\/s?__biz=MjM5Mzg4NzExMQ==&amp;mid=2651257636&amp;idx=3&amp;sn=cfa9060f5e9900bb63e0941e06085c20&amp;chksm=bd627dcc8a15f4da8c6aa4c07bf838ea399c777ba430a187d5f96571c0772413ffc4daa405c7&amp;scene=27#wechat_redirect\",\"source_url\":\"\",\"cover\":\"http:\/\/mmbiz.qpic.cn\/mmbiz_jpg\/YTI67xfsN50qXk7s3d0FHy5t8do3ttszNqCP4SaJfqEvibWUVN9Svtap4VsfpJnB8V8SpUGoOsTUhDk2T08bgYQ\/0?wx_fmt=jpeg\",\"author\":\"IT之家\",\"copyright_stat\":100,\"del_flag\":1,\"item_show_type\":0,\"audio_fileid\":0,\"duration\":0,\"play_url\":\"\",\"malicious_title_reason_id\":0,\"malicious_content_type\":0},{\"title\":\"又当又立，英特尔骂完苹果后寻求为其代工M1芯片\",\"digest\":\"乙方骂完甲方后，竟然还想赚甲方的钱？\",\"content\":\"\",\"fileid\":0,\"content_url\":\"http:\/\/mp.weixin.qq.com\/s?__biz=MjM5Mzg4NzExMQ==&amp;mid=2651257636&amp;idx=4&amp;sn=2d3950e4121857818da9395e0835fb6e&amp;chksm=bd627dcc8a15f4da8d6c66b35f2812ad9b6c5e391abfb6e38a706902b9ea92ed8f04ad504879&amp;scene=27#wechat_redirect\",\"source_url\":\"\",\"cover\":\"http:\/\/mmbiz.qpic.cn\/mmbiz_jpg\/YTI67xfsN50qXk7s3d0FHy5t8do3ttszfQKLParlQhgZsepzkwy0PUeLnuOygvD3oN2MkyqTvgUj3EWs0iaWcCA\/0?wx_fmt=jpeg\",\"author\":\"IT之家\",\"copyright_stat\":100,\"del_flag\":1,\"item_show_type\":0,\"audio_fileid\":0,\"duration\":0,\"play_url\":\"\",\"malicious_title_reason_id\":0,\"malicious_content_type\":0},{\"title\":\"神评 | 你家的空调能玩王者荣耀吗？\",\"digest\":\"IT之家，看的就是评论\",\"content\":\"\",\"fileid\":503721447,\"content_url\":\"http:\/\/mp.weixin.qq.com\/s?__biz=MjM5Mzg4NzExMQ==&amp;mid=2651257636&amp;idx=5&amp;sn=e24bc42dc05b504b392152821261ec55&amp;chksm=bd627dcc8a15f4da547e84f7c3db8309940b0e32835b563590292811e9098d44070a97b45d7e&amp;scene=27#wechat_redirect\",\"source_url\":\"https:\/\/m.ithome.com\/hotcommentm\/\",\"cover\":\"http:\/\/mmbiz.qpic.cn\/mmbiz_jpg\/YTI67xfsN50k8MGah9xNdAWzhqQU2b7kznIkLuW5l4b4m9dAmCMXib2zib0TzUCusohbPT7gND8iacPOO2go7gUPA\/0?wx_fmt=jpeg\",\"author\":\"IT之家\",\"copyright_stat\":100,\"del_flag\":1,\"item_show_type\":0,\"audio_fileid\":0,\"duration\":0,\"play_url\":\"\",\"malicious_title_reason_id\":0,\"malicious_content_type\":0},{\"title\":\"辣榜 | 京东PLUS+爱奇艺VIP年卡=138元，限时狂促！\",\"digest\":\"荐号\",\"content\":\"\",\"fileid\":503773957,\"content_url\":\"http:\/\/mp.weixin.qq.com\/s?__biz=MjM5Mzg4NzExMQ==&amp;mid=2651257636&amp;idx=6&amp;sn=a658f563676c617f4b1edccceb112d4a&amp;chksm=bd627dcc8a15f4daea1099b37f48b59a4503d67d50c60ed2b86ea65663eb28221ac3ecc1cd1a&amp;scene=27#wechat_redirect\",\"source_url\":\"https:\/\/www.zuihuimai.com\/download\",\"cover\":\"http:\/\/mmbiz.qpic.cn\/mmbiz_jpg\/YTI67xfsN50qXk7s3d0FHy5t8do3ttszt8FFz9J8Ryf8Paj8UI2zqzMF02r9glypXryAmdGr2Vbg1wUJXuhNDg\/0?wx_fmt=jpeg\",\"author\":\"辣品\",\"copyright_stat\":100,\"del_flag\":1,\"item_show_type\":0,\"audio_fileid\":0,\"duration\":0,\"play_url\":\"\",\"malicious_title_reason_id\":0,\"malicious_content_type\":0}],\"author\":\"铁马\",\"copyright_stat\":11,\"duration\":0,\"del_flag\":1,\"item_show_type\":0,\"audio_fileid\":0,\"play_url\":\"\",\"malicious_title_reason_id\":0,\"malicious_content_type\":0}}]}","next_offset":80,"video_count":1,"use_video_tab":1,"real_type":0,"home_page_list":[]}