{"ret":0,"errmsg":"ok","msg_count":10,"can_msg_continue":1,"general_msg_list":"{\"list\":[{\"comm_msg_info\":{\"id\":1000001775,\"type\":49,\"datetime\":1614864687,\"fakeid\":\"2393887111\",\"status\":2,\"content\":\"\"},\"app_msg_ext_info\":{\"title\":\"价格战开打！最便宜的888手机发布，比K40 Pro还便宜200\",\"digest\":\".\",\"content\":\"\",\"fileid\":503771822,\"content_url\":\"http:\/\/mp.weixin.qq.com\/s?__biz=MjM5Mzg4NzExMQ==&amp;mid=2651255579&amp;idx=1&amp;sn=e22d77fd56bdd235ea43a612f80f8b4c&amp;chksm=bd6275f38a15fce59d1a1290a1a2536a6fbdd05dcb892dba8a1961ea5a57b2e9b5343ab7301d&amp;scene=27#wechat_redirect\",\"source_url\":\"\",\"cover\":\"http:\/\/mmbiz.qpic.cn\/mmbiz_jpg\/YTI67xfsN52WbF5J4Ft8WWKc1fL2ib0O3iaOju7pymS2xd4TQicyuy7WpjXOAFNgEfxAV3IXgyFd0yXsMCsxyz6Vw\/0?wx_fmt=jpeg\",\"subtype\":9,\"is_multi\":1,\"multi_app_msg_item_list\":[{\"title\":\"苹果上架官翻MacBook Air，降价1630元\",\"digest\":\"合适~\",\"content\":\"\",\"fileid\":0,\"content_url\":\"http:\/\/mp.weixin.qq.com\/s?__biz=MjM5Mzg4NzExMQ==&amp;mid=2651255579&amp;idx=2&amp;sn=01ff5b1afd77fcc2eb9e8a29dcf60e00&amp;chksm=bd6275f38a15fce57a8655bfb75a65e764e731bb16ff9df3b3c23f8cd770f84b20d60f96fa8a&amp;scene=27#wechat_redirect\",\"source_url\":\"\",\"cover\":\"http:\/\/mmbiz.qpic.cn\/mmbiz_jpg\/YTI67xfsN52WbF5J4Ft8WWKc1fL2ib0O3z4mJE3ia17NsiaYldQicHA7GUIsX9kMRsdsFuQ9sahU9gstszj29XhEibg\/0?wx_fmt=jpeg\",\"author\":\"IT之家\",\"copyright_stat\":100,\"del_flag\":1,\"item_show_type\":0,\"audio_fileid\":0,\"duration\":0,\"play_url\":\"\",\"malicious_title_reason_id\":0,\"malicious_content_type\":0},{\"title\":\"微软开启强制升级，Win10用户都得装...\",\"digest\":\"我的电脑？不，是你的电脑\",\"content\":\"\",\"fileid\":0,\"content_url\":\"http:\/\/mp.weixin.qq.com\/s?__biz=MjM5Mzg4NzExMQ==&amp;mid=2651255579&amp;idx=3&amp;sn=6b627c7d008436f354536a02e275d1e4&amp;chksm=bd6275f38a15fce5fd9263bfd687a6e3a1cacdaf86dd0844307d5e0cc854676efbe5a8f2b669&amp;scene=27#wechat_redirect\",\"source_url\":\"\",\"cover\":\"http:\/\/mmbiz.qpic.cn\/mmbiz_jpg\/YTI67xfsN52WbF5J4Ft8WWKc1fL2ib0O3nAibdLE7Z7aP6qUI7VlWBianNicG0u6q9H6VA6vNiaM5N4GBwXFYW0zbyg\/0?wx_fmt=jpeg\",\"author\":\"IT之家\",\"copyright_stat\":100,\"del_flag\":1,\"item_show_type\":0,\"audio_fileid\":0,\"duration\":0,\"play_url\":\"\",\"malicious_title_reason_id\":0,\"malicious_content_type\":0},{\"title\":\"口碑绝佳的9个公众号，越早知道越好\",\"digest\":\"荐号\",\"content\":\"\",\"fileid\":0,\"content_url\":\"http:\/\/mp.weixin.qq.com\/s?__biz=MjM5Mzg4NzExMQ==&amp;mid=2651255579&amp;idx=4&amp;sn=0ad8794ab9687f861c87d33ffed853e8&amp;chksm=bd6275f38a15fce55a1cdc3b5c7800db9db1af335c7fbae63ce6f63717580765f38cc42aa0c2&amp;scene=27#wechat_redirect\",\"source_url\":\"\",\"cover\":\"http:\/\/mmbiz.qpic.cn\/mmbiz_jpg\/IPvE4pgMkK2b7OAUsuicag9rz8eY5qwKoeA31EcOkI3TW5iaBItN60ichU4720PjvS9I8ibhrYTMMQx0OTsVNaeJgA\/0?wx_fmt=jpeg\",\"author\":\"荐号\",\"copyright_stat\":100,\"del_flag\":1,\"item_show_type\":0,\"audio_fileid\":0,\"duration\":0,\"play_url\":\"\",\"malicious_title_reason_id\":0,\"malicious_content_type\":0},{\"title\":\"新Switch，采用三星OLED 7英寸屏，支持4K游戏\",\"digest\":\"有意思了\",\"content\":\"\",\"fileid\":0,\"content_url\":\"http:\/\/mp.weixin.qq.com\/s?__biz=MjM5Mzg4NzExMQ==&amp;mid=2651255579&amp;idx=5&amp;sn=ce94b6ee6999cec69155a11189e383a1&amp;chksm=bd6275f38a15fce533b051a7f8af49e55a4749544087ca5250de2c39398e5e9f2d5c7bfff956&amp;scene=27#wechat_redirect\",\"source_url\":\"\",\"cover\":\"http:\/\/mmbiz.qpic.cn\/mmbiz_jpg\/YTI67xfsN52WbF5J4Ft8WWKc1fL2ib0O3iashzyoLn6KB5vYaA451VCRmnPBUbsrINxqzYemznrIFX9IdE47Oz5w\/0?wx_fmt=jpeg\",\"author\":\"IT之家\",\"copyright_stat\":100,\"del_flag\":1,\"item_show_type\":0,\"audio_fileid\":0,\"duration\":0,\"play_url\":\"\",\"malicious_title_reason_id\":0,\"malicious_content_type\":0},{\"title\":\"神评 | 程序员违反《竞业协议》，赔偿腾讯97.6万元\",\"digest\":\"IT之家，看的就是评论\",\"content\":\"\",\"fileid\":503721447,\"content_url\":\"http:\/\/mp.weixin.qq.com\/s?__biz=MjM5Mzg4NzExMQ==&amp;mid=2651255579&amp;idx=6&amp;sn=7088dbcb9434ff7e50491120caa70c90&amp;chksm=bd6275f38a15fce5d53ad0df3a9cb9582a0814cec49c0ae8ebf282afc00de8d33db42196905b&amp;scene=27#wechat_redirect\",\"source_url\":\"https:\/\/m.ithome.com\/hotcommentm\/\",\"cover\":\"http:\/\/mmbiz.qpic.cn\/mmbiz_jpg\/YTI67xfsN50k8MGah9xNdAWzhqQU2b7kznIkLuW5l4b4m9dAmCMXib2zib0TzUCusohbPT7gND8iacPOO2go7gUPA\/0?wx_fmt=jpeg\",\"author\":\"IT之家\",\"copyright_stat\":100,\"del_flag\":1,\"item_show_type\":0,\"audio_fileid\":0,\"duration\":0,\"play_url\":\"\",\"malicious_title_reason_id\":0,\"malicious_content_type\":0},{\"title\":\"辣榜 | 京东3.8她的节5日开启，天猫超级红包0点可用\",\"digest\":\"值到家啦~\",\"content\":\"\",\"fileid\":0,\"content_url\":\"http:\/\/mp.weixin.qq.com\/s?__biz=MjM5Mzg4NzExMQ==&amp;mid=2651255579&amp;idx=7&amp;sn=8b76da2bef304272beb827cf528ab459&amp;chksm=bd6275f38a15fce5f1eee9c7d6351317aaf8e3c97ccffd546b24acd275163305de1d0a48f8dd&amp;scene=27#wechat_redirect\",\"source_url\":\"https:\/\/www.zuihuimai.com\/download\",\"cover\":\"http:\/\/mmbiz.qpic.cn\/mmbiz_jpg\/YTI67xfsN52WbF5J4Ft8WWKc1fL2ib0O3lAympic80XvwxOhS8iaz28gRssiagebBu2kdInZWanqpNzAGaMEOLEficQ\/0?wx_fmt=jpeg\",\"author\":\"辣品\",\"copyright_stat\":100,\"del_flag\":1,\"item_show_type\":0,\"audio_fileid\":0,\"duration\":0,\"play_url\":\"\",\"malicious_title_reason_id\":0,\"malicious_content_type\":0}],\"author\":\"IT之家\",\"copyright_stat\":11,\"duration\":0,\"del_flag\":1,\"item_show_type\":0,\"audio_fileid\":0,\"play_url\":\"\",\"malicious_title_reason_id\":0,\"malicious_content_type\":0}},{\"comm_msg_info\":{\"id\":1000001773,\"type\":49,\"datetime\":1614781458,\"fakeid\":\"2393887111\",\"status\":2,\"content\":\"\"},\"app_msg_ext_info\":{\"title\":\"颠覆手机营利模式！魅族18\/Pro正式发布：全球独一份\",\"digest\":\"有良心！\",\"content\":\"\",\"fileid\":503771767,\"content_url\":\"http:\/\/mp.weixin.qq.com\/s?__biz=MjM5Mzg4NzExMQ==&amp;mid=2651255468&amp;idx=1&amp;sn=98b3201aa77b91c5bc48651a012e7c5a&amp;chksm=bd6274448a15fd523e2ef40e4b032f0f0ec3998402738d295d65539c97a8b7f46d996c287f37&amp;scene=27#wechat_redirect\",\"source_url\":\"\",\"cover\":\"http:\/\/mmbiz.qpic.cn\/mmbiz_jpg\/YTI67xfsN52ZaSZqw5MBFU7dZH7Z6ProsGvm7CWeITj9eejb7jniaXwW3dicrMxWiaica7H4ibWqrum18yG4mk1DTibg\/0?wx_fmt=jpeg\",\"subtype\":9,\"is_multi\":1,\"multi_app_msg_item_list\":[{\"title\":\"微信表情别再乱发，已成为法院证据\",\"digest\":\"表情不算数啊...\",\"content\":\"\",\"fileid\":0,\"content_url\":\"http:\/\/mp.weixin.qq.com\/s?__biz=MjM5Mzg4NzExMQ==&amp;mid=2651255468&amp;idx=2&amp;sn=002b4a6c1b0f00065f0135a14183ee48&amp;chksm=bd6274448a15fd52cd6efd02f4ebbf326b5c720eea4df7809dbb31ff2192e803606a261e0a72&amp;scene=27#wechat_redirect\",\"source_url\":\"\",\"cover\":\"http:\/\/mmbiz.qpic.cn\/mmbiz_jpg\/YTI67xfsN52ZaSZqw5MBFU7dZH7Z6Pro5szM3crb24E1xHgOdmTxXn75ad0piaWWqGSkibciaxezluYf15NV2iaocQ\/0?wx_fmt=jpeg\",\"author\":\"IT之家\",\"copyright_stat\":100,\"del_flag\":1,\"item_show_type\":0,\"audio_fileid\":0,\"duration\":0,\"play_url\":\"\",\"malicious_title_reason_id\":0,\"malicious_content_type\":0},{\"title\":\"手机越贵，计费越高，大数据杀熟实锤\",\"digest\":\"坑爹啊\",\"content\":\"\",\"fileid\":0,\"content_url\":\"http:\/\/mp.weixin.qq.com\/s?__biz=MjM5Mzg4NzExMQ==&amp;mid=2651255468&amp;idx=3&amp;sn=2381cee9bec3392dbfec85cb0b8dc56b&amp;chksm=bd6274448a15fd52aba4d965aba28211b7cb6c1eca56d9b348a9b418c42ee0fd246e1651d674&amp;scene=27#wechat_redirect\",\"source_url\":\"\",\"cover\":\"http:\/\/mmbiz.qpic.cn\/mmbiz_jpg\/YTI67xfsN52ZaSZqw5MBFU7dZH7Z6ProgocdCDsmX9ysceKbfGAN4QnRLW8H1FsTFOMkwph8geCBTrq6Mrib8ng\/0?wx_fmt=jpeg\",\"author\":\"IT之家\",\"copyright_stat\":100,\"del_flag\":1,\"item_show_type\":0,\"audio_fileid\":0,\"duration\":0,\"play_url\":\"\",\"malicious_title_reason_id\":0,\"malicious_content_type\":0},{\"title\":\"货拉拉司机，刑拘了\",\"digest\":\"。\",\"content\":\"\",\"fileid\":0,\"content_url\":\"http:\/\/mp.weixin.qq.com\/s?__biz=MjM5Mzg4NzExMQ==&amp;mid=2651255468&amp;idx=4&amp;sn=13de3207d6591fc57235f7334fdeb2e3&amp;chksm=bd6274448a15fd52cebd13999d481692cdf637f41d29d8281c9dbba7ab9ce80e930b3e568dcb&amp;scene=27#wechat_redirect\",\"source_url\":\"\",\"cover\":\"http:\/\/mmbiz.qpic.cn\/mmbiz_jpg\/YTI67xfsN52ZaSZqw5MBFU7dZH7Z6ProxJFTVGd4mdicqkhm7ibqM3cbRA2BFgVcnEcCj9OWygOkRu10yUPmm7lQ\/0?wx_fmt=jpeg\",\"author\":\"IT之家\",\"copyright_stat\":100,\"del_flag\":1,\"item_show_type\":0,\"audio_fileid\":0,\"duration\":0,\"play_url\":\"\",\"malicious_title_reason_id\":0,\"malicious_content_type\":0},{\"title\":\"神评 | 儿子，帮爸爸退个款\",\"digest\":\"IT之家，看的就是评论\",\"content\":\"\",\"fileid\":503721447,\"content_url\":\"http:\/\/mp.weixin.qq.com\/s?__biz=MjM5Mzg4NzExMQ==&amp;mid=2651255468&amp;idx=5&amp;sn=1b2b371252cf68413e40082f359f0c81&amp;chksm=bd6274448a15fd52137d2976d0de5ee46b2b328a5bbc96a383db54ced05df88d0ed6ebb81f6b&amp;scene=27#wechat_redirect\",\"source_url\":\"https:\/\/m.ithome.com\/hotcommentm\/\",\"cover\":\"http:\/\/mmbiz.qpic.cn\/mmbiz_jpg\/YTI67xfsN50k8MGah9xNdAWzhqQU2b7kznIkLuW5l4b4m9dAmCMXib2zib0TzUCusohbPT7gND8iacPOO2go7gUPA\/0?wx_fmt=jpeg\",\"author\":\"IT之家\",\"copyright_stat\":100,\"del_flag\":1,\"item_show_type\":0,\"audio_fileid\":0,\"duration\":0,\"play_url\":\"\",\"malicious_title_reason_id\":0,\"malicious_content_type\":0},{\"title\":\"辣榜 | 就是好写，6支中性笔+40支替芯只要5.9元！\",\"digest\":\"值到家啦~\",\"content\":\"\",\"fileid\":503771747,\"content_url\":\"http:\/\/mp.weixin.qq.com\/s?__biz=MjM5Mzg4NzExMQ==&amp;mid=2651255468&amp;idx=6&amp;sn=3ddeb7095856823249e62360328b7957&amp;chksm=bd6274448a15fd52419537287732b67d6f0d281842f9edb8bda42759161a50322e0428f08a87&amp;scene=27#wechat_redirect\",\"source_url\":\"https:\/\/www.zuihuimai.com\/download\",\"cover\":\"http:\/\/mmbiz.qpic.cn\/mmbiz_jpg\/YTI67xfsN52ZaSZqw5MBFU7dZH7Z6ProltDo5ZmoIhibbCOfEHd1Fd6qsicwoDI9WJEOia9aHN6JUOiaBOD4XQTianw\/0?wx_fmt=jpeg\",\"author\":\"辣品\",\"copyright_stat\":100,\"del_flag\":1,\"item_show_type\":0,\"audio_fileid\":0,\"duration\":0,\"play_url\":\"\",\"malicious_title_reason_id\":0,\"malicious_content_type\":0}],\"author\":\"IT之家\",\"copyright_stat\":11,\"duration\":0,\"del_flag\":1,\"item_show_type\":0,\"audio_fileid\":0,\"play_url\":\"\",\"malicious_title_reason_id\":0,\"malicious_content_type\":0}},{\"comm_msg_info\":{\"id\":1000001772,\"type\":49,\"datetime\":1614693271,\"fakeid\":\"2393887111\",\"status\":2,\"content\":\"\"},\"app_msg_ext_info\":{\"title\":\"果然，还是iPhone 13香！\",\"digest\":\"13香\",\"content\":\"\",\"fileid\":503771651,\"content_url\":\"http:\/\/mp.weixin.qq.com\/s?__biz=MjM5Mzg4NzExMQ==&amp;mid=2651255341&amp;idx=1&amp;sn=5d42c50dd27a1c9217d0702364d155f9&amp;chksm=bd6274c58a15fdd3c2ae5d3c49eb18321bb3c70f3daba636c8096f5af917664aafb55428024c&amp;scene=27#wechat_redirect\",\"source_url\":\"\",\"cover\":\"http:\/\/mmbiz.qpic.cn\/mmbiz_jpg\/YTI67xfsN53RDpFUEJpRGltb28pjVrodX21vleRVgO2yLFekkApghcVFB5Zttp8Cyx8Jz60Hm5LsLcyRfwiaBMA\/0?wx_fmt=jpeg\",\"subtype\":9,\"is_multi\":1,\"multi_app_msg_item_list\":[{\"title\":\"互联网行业平均工资曝光，你拖后腿了吗？\",\"digest\":\"拖后腿了...\",\"content\":\"\",\"fileid\":0,\"content_url\":\"http:\/\/mp.weixin.qq.com\/s?__biz=MjM5Mzg4NzExMQ==&amp;mid=2651255341&amp;idx=3&amp;sn=b0c2b02c56d96d0e272cc28925cb20e0&amp;chksm=bd6274c58a15fdd3601bb31de065371f2fb42e0d1805efae568ce1b0668225d308481e9f0bc8&amp;scene=27#wechat_redirect\",\"source_url\":\"\",\"cover\":\"http:\/\/mmbiz.qpic.cn\/mmbiz_jpg\/YTI67xfsN53RDpFUEJpRGltb28pjVrodKfrOzWLz7mQvGqiajTr5SYtttX8INAib0Iy3AAvgZmHQWZweOaToqN9A\/0?wx_fmt=jpeg\",\"author\":\"TechWeb​\",\"copyright_stat\":100,\"del_flag\":1,\"item_show_type\":0,\"audio_fileid\":0,\"duration\":0,\"play_url\":\"\",\"malicious_title_reason_id\":0,\"malicious_content_type\":0},{\"title\":\"注意啦，家电价格上涨，多厂宣布涨价\",\"digest\":\"钱毛了\",\"content\":\"\",\"fileid\":0,\"content_url\":\"http:\/\/mp.weixin.qq.com\/s?__biz=MjM5Mzg4NzExMQ==&amp;mid=2651255341&amp;idx=4&amp;sn=29975e10479098cb91533e2a4e8f0d88&amp;chksm=bd6274c58a15fdd37806258e6be4a93056bd3c7247dd15388ed4b8e8d51c6a42a779a0db7a70&amp;scene=27#wechat_redirect\",\"source_url\":\"\",\"cover\":\"http:\/\/mmbiz.qpic.cn\/mmbiz_jpg\/YTI67xfsN53RDpFUEJpRGltb28pjVrodj2FLFY2VIMKggAlGo6ibySe880HoHGkYJA4LxibIswsOgHC7Nzia6fw0w\/0?wx_fmt=jpeg\",\"author\":\"IT之家\",\"copyright_stat\":100,\"del_flag\":1,\"item_show_type\":0,\"audio_fileid\":0,\"duration\":0,\"play_url\":\"\",\"malicious_title_reason_id\":0,\"malicious_content_type\":0},{\"title\":\"神评 | 关掉、关掉，一定要关掉\",\"digest\":\"IT之家，看的就是评论\",\"content\":\"\",\"fileid\":503721447,\"content_url\":\"http:\/\/mp.weixin.qq.com\/s?__biz=MjM5Mzg4NzExMQ==&amp;mid=2651255341&amp;idx=5&amp;sn=7b38adccb70ba4010f5be1ee9e55903b&amp;chksm=bd6274c58a15fdd38b06b1e93c584e80f9d3f35c33bc7e23d4c46f26ba883863202c1df316a8&amp;scene=27#wechat_redirect\",\"source_url\":\"https:\/\/m.ithome.com\/hotcommentm\/\",\"cover\":\"http:\/\/mmbiz.qpic.cn\/mmbiz_jpg\/YTI67xfsN50k8MGah9xNdAWzhqQU2b7kznIkLuW5l4b4m9dAmCMXib2zib0TzUCusohbPT7gND8iacPOO2go7gUPA\/0?wx_fmt=jpeg\",\"author\":\"IT之家\",\"copyright_stat\":100,\"del_flag\":1,\"item_show_type\":0,\"audio_fileid\":0,\"duration\":0,\"play_url\":\"\",\"malicious_title_reason_id\":0,\"malicious_content_type\":0},{\"title\":\"辣榜 | 釉下彩碗+碟+勺+筷，每套仅需7.5元\",\"digest\":\"值到家啦~\",\"content\":\"\",\"fileid\":503771642,\"content_url\":\"http:\/\/mp.weixin.qq.com\/s?__biz=MjM5Mzg4NzExMQ==&amp;mid=2651255341&amp;idx=6&amp;sn=a4253a467ecfb4b734edfe8f57db02c5&amp;chksm=bd6274c58a15fdd3349ddd01afebfcdf208083cd8e2e0ad11b266444c79d94a34f5967691240&amp;scene=27#wechat_redirect\",\"source_url\":\"https:\/\/www.zuihuimai.com\/download\",\"cover\":\"http:\/\/mmbiz.qpic.cn\/mmbiz_jpg\/YTI67xfsN53RDpFUEJpRGltb28pjVrodNn40gVYo9UYOYr7XGpfKo4bpVC7b7TeDlxv0fehuOUtK2oZaBEibIBA\/0?wx_fmt=jpeg\",\"author\":\"辣品\",\"copyright_stat\":100,\"del_flag\":1,\"item_show_type\":0,\"audio_fileid\":0,\"duration\":0,\"play_url\":\"\",\"malicious_title_reason_id\":0,\"malicious_content_type\":0}],\"author\":\"IT之家\",\"copyright_stat\":100,\"duration\":0,\"del_flag\":1,\"item_show_type\":0,\"audio_fileid\":0,\"play_url\":\"\",\"malicious_title_reason_id\":0,\"malicious_content_type\":0}},{\"comm_msg_info\":{\"id\":1000001771,\"type\":49,\"datetime\":1614608095,\"fakeid\":\"2393887111\",\"status\":2,\"content\":\"\"},\"app_msg_ext_info\":{\"title\":\"刷爆朋友圈的[蚂蚁呀嘿]，居然还能这么玩！\",\"digest\":\"好玩，哈哈哈哈\",\"content\":\"\",\"fileid\":503771577,\"content_url\":\"http:\/\/mp.weixin.qq.com\/s?__biz=MjM5Mzg4NzExMQ==&amp;mid=2651255265&amp;idx=1&amp;sn=c78b5a67b59ee88abd398158963a50e5&amp;chksm=bd6277098a15fe1fcb9c3067c5d5744b72e8bb179f22b011066e43c46a96a64515a111acdda8&amp;scene=27#wechat_redirect\",\"source_url\":\"\",\"cover\":\"http:\/\/mmbiz.qpic.cn\/mmbiz_jpg\/YTI67xfsN51J8vRkxXu0VicQs6x3ZVvDsmASlBbBwpicSrblBBjGtrrbZbnNaAM0IYaoFPN5114XzTs3lScfHbxQ\/0?wx_fmt=jpeg\",\"subtype\":9,\"is_multi\":1,\"multi_app_msg_item_list\":[{\"title\":\"芯片全面缺货，手机涨价了\",\"digest\":\"不买了，不能让你们缺货啊\",\"content\":\"\",\"fileid\":0,\"content_url\":\"http:\/\/mp.weixin.qq.com\/s?__biz=MjM5Mzg4NzExMQ==&amp;mid=2651255265&amp;idx=2&amp;sn=9cb4de52aceea75e3afd22db777ad2de&amp;chksm=bd6277098a15fe1f2b6660e31420baaf5402863e2b584ac3cc429fa2cc39f4e27e9c12626c38&amp;scene=27#wechat_redirect\",\"source_url\":\"\",\"cover\":\"http:\/\/mmbiz.qpic.cn\/mmbiz_jpg\/YTI67xfsN51J8vRkxXu0VicQs6x3ZVvDstiaQxT2ZtqI3kOYDmjicGNA5L6wL2Aur7HP8nTdIecvjuP64msoTlBdw\/0?wx_fmt=jpeg\",\"author\":\"IT之家\",\"copyright_stat\":100,\"del_flag\":1,\"item_show_type\":0,\"audio_fileid\":0,\"duration\":0,\"play_url\":\"\",\"malicious_title_reason_id\":0,\"malicious_content_type\":0},{\"title\":\"国家退税啦！这才是打工人的最大红包\",\"digest\":\"棒！\",\"content\":\"\",\"fileid\":0,\"content_url\":\"http:\/\/mp.weixin.qq.com\/s?__biz=MjM5Mzg4NzExMQ==&amp;mid=2651255265&amp;idx=3&amp;sn=27efb8ec5bf31346d6b7f2e8139652dd&amp;chksm=bd6277098a15fe1fe4632de1d18247e31162b86dbe8cfb69b15fb3b861ebb9a66c3da9b604e9&amp;scene=27#wechat_redirect\",\"source_url\":\"\",\"cover\":\"http:\/\/mmbiz.qpic.cn\/mmbiz_jpg\/YTI67xfsN51J8vRkxXu0VicQs6x3ZVvDsUSkGqpys8WnrUjZXGpiaVTUjxUSGZygd0WjSg6SZXBrGpygunUohYcQ\/0?wx_fmt=jpeg\",\"author\":\"IT之家\",\"copyright_stat\":100,\"del_flag\":1,\"item_show_type\":0,\"audio_fileid\":0,\"duration\":0,\"play_url\":\"\",\"malicious_title_reason_id\":0,\"malicious_content_type\":0},{\"title\":\"推荐几个能影响你的经典公众号，总有一个舍不得取关\",\"digest\":\"荐号\",\"content\":\"\",\"fileid\":0,\"content_url\":\"http:\/\/mp.weixin.qq.com\/s?__biz=MjM5Mzg4NzExMQ==&amp;mid=2651255265&amp;idx=4&amp;sn=c6ef4bba1d1593989d1a4a7d6d84f957&amp;chksm=bd6277098a15fe1f4679940a71e4ef93c12d35338c6e4f6509048cc90e31657e1d1dde291fa7&amp;scene=27#wechat_redirect\",\"source_url\":\"\",\"cover\":\"http:\/\/mmbiz.qpic.cn\/mmbiz_jpg\/PBZ7TIiciaib916CcN6JPqGCIzrJNH5XuFQadpQahfXzibH6lkzxRXGTyMtiaAryMByn3tOyedGLxaRk7TxMbBGn1ew\/0?wx_fmt=jpeg\",\"author\":\"IT之家\",\"copyright_stat\":100,\"del_flag\":1,\"item_show_type\":0,\"audio_fileid\":0,\"duration\":0,\"play_url\":\"\",\"malicious_title_reason_id\":0,\"malicious_content_type\":0},{\"title\":\"魅族18小屏旗舰：外观跑分曝光\",\"digest\":\"啧啧啧\",\"content\":\"\",\"fileid\":0,\"content_url\":\"http:\/\/mp.weixin.qq.com\/s?__biz=MjM5Mzg4NzExMQ==&amp;mid=2651255265&amp;idx=5&amp;sn=9c667c17f15dd0e99f51531fa809c7c8&amp;chksm=bd6277098a15fe1fd26c27c909aa2eb9d8876f3ea795275a8f948a6237603ac8595dec150868&amp;scene=27#wechat_redirect\",\"source_url\":\"\",\"cover\":\"http:\/\/mmbiz.qpic.cn\/mmbiz_jpg\/YTI67xfsN51J8vRkxXu0VicQs6x3ZVvDsqKrIHZiaHoaYmZMIS8icZE5oIWexDiaA90x1LTquuuYc0VZNlyyxIQjcA\/0?wx_fmt=jpeg\",\"author\":\"IT之家\",\"copyright_stat\":100,\"del_flag\":1,\"item_show_type\":0,\"audio_fileid\":0,\"duration\":0,\"play_url\":\"\",\"malicious_title_reason_id\":0,\"malicious_content_type\":0},{\"title\":\"神评 | 美团两头赚：骑手嫌钱少，顾客嫌钱多\",\"digest\":\"IT之家，看的就是评论\",\"content\":\"\",\"fileid\":503721447,\"content_url\":\"http:\/\/mp.weixin.qq.com\/s?__biz=MjM5Mzg4NzExMQ==&amp;mid=2651255265&amp;idx=6&amp;sn=8a7a0db3228fc7c3580bc283a4d1afd4&amp;chksm=bd6277098a15fe1f9bea2f07baed2b26d6a5023494c12ebba4879910e78c0379c1ee63874765&amp;scene=27#wechat_redirect\",\"source_url\":\"https:\/\/m.ithome.com\/hotcommentm\/\",\"cover\":\"http:\/\/mmbiz.qpic.cn\/mmbiz_jpg\/YTI67xfsN50k8MGah9xNdAWzhqQU2b7kznIkLuW5l4b4m9dAmCMXib2zib0TzUCusohbPT7gND8iacPOO2go7gUPA\/0?wx_fmt=jpeg\",\"author\":\"IT之家\",\"copyright_stat\":100,\"del_flag\":1,\"item_show_type\":0,\"audio_fileid\":0,\"duration\":0,\"play_url\":\"\",\"malicious_title_reason_id\":0,\"malicious_content_type\":0},{\"title\":\"辣榜 | 维达抽纸，低至1.69元\/包\",\"digest\":\"值到家啦~\",\"content\":\"\",\"fileid\":503771548,\"content_url\":\"http:\/\/mp.weixin.qq.com\/s?__biz=MjM5Mzg4NzExMQ==&amp;mid=2651255265&amp;idx=7&amp;sn=939b501280e7e9d3f82ba7fcca96927b&amp;chksm=bd6277098a15fe1f9820608f330b87e56aa553ee0b150ad011d06f3cc4ae749190140b787ddf&amp;scene=27#wechat_redirect\",\"source_url\":\"https:\/\/www.zuihuimai.com\/download\",\"cover\":\"http:\/\/mmbiz.qpic.cn\/mmbiz_jpg\/YTI67xfsN51J8vRkxXu0VicQs6x3ZVvDsDKAEJe4nF9TLwnnhQBz11xAdYklicnLnibAHXggLhN1enM28EYB32X9A\/0?wx_fmt=jpeg\",\"author\":\"辣品\",\"copyright_stat\":100,\"del_flag\":1,\"item_show_type\":0,\"audio_fileid\":0,\"duration\":0,\"play_url\":\"\",\"malicious_title_reason_id\":0,\"malicious_content_type\":0}],\"author\":\"IT之家\",\"copyright_stat\":11,\"duration\":0,\"del_flag\":1,\"item_show_type\":0,\"audio_fileid\":0,\"play_url\":\"\",\"malicious_title_reason_id\":0,\"malicious_content_type\":0}},{\"comm_msg_info\":{\"id\":1000001770,\"type\":49,\"datetime\":1614522093,\"fakeid\":\"2393887111\",\"status\":2,\"content\":\"\"},\"app_msg_ext_info\":{\"title\":\"华为新机Mate 40E，了解一下\",\"digest\":\"这回能抢到吗？\",\"content\":\"\",\"fileid\":503771482,\"content_url\":\"http:\/\/mp.weixin.qq.com\/s?__biz=MjM5Mzg4NzExMQ==&amp;mid=2651255172&amp;idx=1&amp;sn=8a25191290a51d7b17c4f82283998a27&amp;chksm=bd62776c8a15fe7a9e10f294a03def25c94bf7d6e8c738333d13373dea05a0f5b80e1b7b14ba&amp;scene=27#wechat_redirect\",\"source_url\":\"\",\"cover\":\"http:\/\/mmbiz.qpic.cn\/mmbiz_jpg\/YTI67xfsN517un7Xia7dkiasB90tBJ46R1KON1W9TnvTezxvN2Fv4U25YU6vUdJTX7FDPgbBicIp0vSJggPvSLVDA\/0?wx_fmt=jpeg\",\"subtype\":9,\"is_multi\":1,\"multi_app_msg_item_list\":[{\"title\":\"微信也戒烟了！\",\"digest\":\"哈哈哈哈\",\"content\":\"\",\"fileid\":0,\"content_url\":\"http:\/\/mp.weixin.qq.com\/s?__biz=MjM5Mzg4NzExMQ==&amp;mid=2651255172&amp;idx=2&amp;sn=80f3e1ee2a27b9656d43e27174b48eed&amp;chksm=bd62776c8a15fe7a0514539e50664b179ab8708d4ab4bc03b6532973cf4487d88188108f1745&amp;scene=27#wechat_redirect\",\"source_url\":\"\",\"cover\":\"http:\/\/mmbiz.qpic.cn\/mmbiz_jpg\/YTI67xfsN517un7Xia7dkiasB90tBJ46R1bgQzP9d8FHSSibaOYd8K47DUAqy33u9XKL0cZA7cqnAlXiafCib2bVlfA\/0?wx_fmt=jpeg\",\"author\":\"IT之家\",\"copyright_stat\":100,\"del_flag\":1,\"item_show_type\":0,\"audio_fileid\":0,\"duration\":0,\"play_url\":\"\",\"malicious_title_reason_id\":0,\"malicious_content_type\":0},{\"title\":\"董明珠又给格力员工分房3700套：来了就是一套房\",\"digest\":\"一辈子换一套房啊...\",\"content\":\"\",\"fileid\":0,\"content_url\":\"http:\/\/mp.weixin.qq.com\/s?__biz=MjM5Mzg4NzExMQ==&amp;mid=2651255172&amp;idx=3&amp;sn=7d0b8f929610eba3a538db19708425d3&amp;chksm=bd62776c8a15fe7a841055160e9c432b6a35baf62df2be495f9866ac28b5c9b6c13dbdfa726a&amp;scene=27#wechat_redirect\",\"source_url\":\"\",\"cover\":\"http:\/\/mmbiz.qpic.cn\/mmbiz_jpg\/YTI67xfsN517un7Xia7dkiasB90tBJ46R1mhtNfbhia2dv3sG1tVChgJYuXfHlP6hf8Rxh7HicgDcmeRgQ92DH4Hmw\/0?wx_fmt=jpeg\",\"author\":\"IT之家\",\"copyright_stat\":100,\"del_flag\":1,\"item_show_type\":0,\"audio_fileid\":0,\"duration\":0,\"play_url\":\"\",\"malicious_title_reason_id\":0,\"malicious_content_type\":0},{\"title\":\"2021年各圈子排名第一的公众号\",\"digest\":\"荐号\",\"content\":\"\",\"fileid\":0,\"content_url\":\"http:\/\/mp.weixin.qq.com\/s?__biz=MjM5Mzg4NzExMQ==&amp;mid=2651255172&amp;idx=4&amp;sn=bb2c6f973b7acbb6fede2ce41d808e5d&amp;chksm=bd62776c8a15fe7a4796dfa7bc9550db2d6648c3175ee997b17ea2db3f4e639cc12abb89e089&amp;scene=27#wechat_redirect\",\"source_url\":\"\",\"cover\":\"http:\/\/mmbiz.qpic.cn\/mmbiz_jpg\/PBZ7TIiciaib916CcN6JPqGCIzrJNH5XuFQKVthEDBKDopfwkHJDKQYIQIaSjLx8SwJO0V56SL5J9m50MbK4hxw8A\/0?wx_fmt=jpeg\",\"author\":\"荐号\",\"copyright_stat\":100,\"del_flag\":1,\"item_show_type\":0,\"audio_fileid\":0,\"duration\":0,\"play_url\":\"\",\"malicious_title_reason_id\":0,\"malicious_content_type\":0},{\"title\":\"官网购买iPhone变成苹果饮料，通过定位，找到嫌疑人了\",\"digest\":\"伊利听了直呼内行\",\"content\":\"\",\"fileid\":0,\"content_url\":\"http:\/\/mp.weixin.qq.com\/s?__biz=MjM5Mzg4NzExMQ==&amp;mid=2651255172&amp;idx=5&amp;sn=2b8a54af6d523e50e0e838c3b5d251d9&amp;chksm=bd62776c8a15fe7a61a908e25bc702849945878ffdd4629d2bf1ca488d8889a9c4f92af6ea4a&amp;scene=27#wechat_redirect\",\"source_url\":\"\",\"cover\":\"http:\/\/mmbiz.qpic.cn\/mmbiz_jpg\/YTI67xfsN517un7Xia7dkiasB90tBJ46R1VOMLqdLGtYvyAslvZft7YYh6rLhMibibnWoMiba6WHtnlG7QKYwiaXibZPg\/0?wx_fmt=jpeg\",\"author\":\"IT之家\",\"copyright_stat\":100,\"del_flag\":1,\"item_show_type\":0,\"audio_fileid\":0,\"duration\":0,\"play_url\":\"\",\"malicious_title_reason_id\":0,\"malicious_content_type\":0},{\"title\":\"神评 | 荣耀赵明：今年所有手机供不应求\",\"digest\":\"IT之家，看的就是评论\",\"content\":\"\",\"fileid\":503721447,\"content_url\":\"http:\/\/mp.weixin.qq.com\/s?__biz=MjM5Mzg4NzExMQ==&amp;mid=2651255172&amp;idx=6&amp;sn=e3694ec42b07bd5d19ff97e7937a45a4&amp;chksm=bd62776c8a15fe7ad19bfba293605532b0cd72607f13a2de85adf0ba15ecfd48f6023a18523f&amp;scene=27#wechat_redirect\",\"source_url\":\"https:\/\/m.ithome.com\/hotcommentm\/\",\"cover\":\"http:\/\/mmbiz.qpic.cn\/mmbiz_jpg\/YTI67xfsN50k8MGah9xNdAWzhqQU2b7kznIkLuW5l4b4m9dAmCMXib2zib0TzUCusohbPT7gND8iacPOO2go7gUPA\/0?wx_fmt=jpeg\",\"author\":\"IT之家\",\"copyright_stat\":100,\"del_flag\":1,\"item_show_type\":0,\"audio_fileid\":0,\"duration\":0,\"play_url\":\"\",\"malicious_title_reason_id\":0,\"malicious_content_type\":0},{\"title\":\"辣榜 | 洁丽雅提缎毛巾，2条仅需14.9元！\",\"digest\":\"值到家啦~\",\"content\":\"\",\"fileid\":503771480,\"content_url\":\"http:\/\/mp.weixin.qq.com\/s?__biz=MjM5Mzg4NzExMQ==&amp;mid=2651255172&amp;idx=7&amp;sn=0ae09ba83ff6e2e5e67b2b68eefa1301&amp;chksm=bd62776c8a15fe7af3d9b88ed69ed0ff17b0e24dabeda32bd9089895b4789a3238ea69f8f9e8&amp;scene=27#wechat_redirect\",\"source_url\":\"https:\/\/www.zuihuimai.com\/download\",\"cover\":\"http:\/\/mmbiz.qpic.cn\/mmbiz_jpg\/YTI67xfsN517un7Xia7dkiasB90tBJ46R1A2LiciaIOuuss7gHo4Mxj8NC4clnOyO0MMora8kS7ZImbyZvMHNkkzlA\/0?wx_fmt=jpeg\",\"author\":\"辣品\",\"copyright_stat\":100,\"del_flag\":1,\"item_show_type\":0,\"audio_fileid\":0,\"duration\":0,\"play_url\":\"\",\"malicious_title_reason_id\":0,\"malicious_content_type\":0}],\"author\":\"IT之家\",\"copyright_stat\":100,\"duration\":0,\"del_flag\":1,\"item_show_type\":0,\"audio_fileid\":0,\"play_url\":\"\",\"malicious_title_reason_id\":0,\"malicious_content_type\":0}},{\"comm_msg_info\":{\"id\":1000001769,\"type\":49,\"datetime\":1614433860,\"fakeid\":\"2393887111\",\"status\":2,\"content\":\"\"},\"app_msg_ext_info\":{\"title\":\"苹果摊大事，被中国用户告了\",\"digest\":\"交易自由\",\"content\":\"\",\"fileid\":503771397,\"content_url\":\"http:\/\/mp.weixin.qq.com\/s?__biz=MjM5Mzg4NzExMQ==&amp;mid=2651255081&amp;idx=1&amp;sn=6f855b4a12bf20924652a0626d6e7e05&amp;chksm=bd6277c18a15fed792eb08502af93a04c38d1f6c79d02093e5e898869245935bf421eaf49eb2&amp;scene=27#wechat_redirect\",\"source_url\":\"\",\"cover\":\"http:\/\/mmbiz.qpic.cn\/mmbiz_jpg\/YTI67xfsN53vu3hMiarib8VyCzdlewQ8JnUJziaBFD8STKczziblfE2xAr4iaL0lahZbIW4he9ptUg8WUJAcY7geQbQ\/0?wx_fmt=jpeg\",\"subtype\":9,\"is_multi\":1,\"multi_app_msg_item_list\":[{\"title\":\"国内第二家！魅族18官宣：不送充电器\",\"digest\":\"快了\",\"content\":\"\",\"fileid\":0,\"content_url\":\"http:\/\/mp.weixin.qq.com\/s?__biz=MjM5Mzg4NzExMQ==&amp;mid=2651255081&amp;idx=2&amp;sn=97eb7cfa32761daaef732980249f3c1a&amp;chksm=bd6277c18a15fed7f286bd691e6d3724a84b6c638d2b1c837c80c78eed90e58626487da16486&amp;scene=27#wechat_redirect\",\"source_url\":\"\",\"cover\":\"http:\/\/mmbiz.qpic.cn\/mmbiz_jpg\/YTI67xfsN53vu3hMiarib8VyCzdlewQ8JnuZXNEI7uXGgIKA3icG7qEVNHKo9oMuXJUBa3h1iatueS5ic4Y3sicav4sg\/0?wx_fmt=jpeg\",\"author\":\"IT之家\",\"copyright_stat\":100,\"del_flag\":1,\"item_show_type\":0,\"audio_fileid\":0,\"duration\":0,\"play_url\":\"\",\"malicious_title_reason_id\":0,\"malicious_content_type\":0},{\"title\":\"避雷，百世快递部分地区网点疑似倒闭\",\"digest\":\"大家小心！\",\"content\":\"\",\"fileid\":0,\"content_url\":\"http:\/\/mp.weixin.qq.com\/s?__biz=MjM5Mzg4NzExMQ==&amp;mid=2651255081&amp;idx=3&amp;sn=48d876b65941ed3daa3e2488620b05c6&amp;chksm=bd6277c18a15fed764019177d0ba700d552505bdc01765ea368ad5bb876750975b21b09e2c2e&amp;scene=27#wechat_redirect\",\"source_url\":\"\",\"cover\":\"http:\/\/mmbiz.qpic.cn\/mmbiz_jpg\/YTI67xfsN53vu3hMiarib8VyCzdlewQ8Jn35cP5lEMLoXthMGy2dQ8QicpbeWmYMQVyVJ0OuPJFdrTA7RRzib1Dc4A\/0?wx_fmt=jpeg\",\"author\":\"IT之家\",\"copyright_stat\":100,\"del_flag\":1,\"item_show_type\":0,\"audio_fileid\":0,\"duration\":0,\"play_url\":\"\",\"malicious_title_reason_id\":0,\"malicious_content_type\":0},{\"title\":\"2021，手机里舍不得删的8个公众号，你关注了吗？\",\"digest\":\"荐号\",\"content\":\"\",\"fileid\":0,\"content_url\":\"http:\/\/mp.weixin.qq.com\/s?__biz=MjM5Mzg4NzExMQ==&amp;mid=2651255081&amp;idx=4&amp;sn=e4f396f823f949d5b1e4c8956feeae77&amp;chksm=bd6277c18a15fed705913f75d74a7a8605dc81bf3ccb798b8ec16200eb6e3b677db0feccc07d&amp;scene=27#wechat_redirect\",\"source_url\":\"\",\"cover\":\"http:\/\/mmbiz.qpic.cn\/mmbiz_jpg\/RtiaTeLIibmM6ZHGOqORqFibhc0lFtO9iaO4dGiaL6XrTypJMCuMBylzjtsY3MNlibD2xp9UX2XAIeNSNnypttE7SYTg\/0?wx_fmt=jpeg\",\"author\":\"荐号\",\"copyright_stat\":100,\"del_flag\":1,\"item_show_type\":0,\"audio_fileid\":0,\"duration\":0,\"play_url\":\"\",\"malicious_title_reason_id\":0,\"malicious_content_type\":0},{\"title\":\"“小霸王”涉非法集资，被警方通报\",\"digest\":\"成龙代言魔咒\",\"content\":\"\",\"fileid\":0,\"content_url\":\"http:\/\/mp.weixin.qq.com\/s?__biz=MjM5Mzg4NzExMQ==&amp;mid=2651255081&amp;idx=5&amp;sn=eae252a78734678372e219fd4a8e290f&amp;chksm=bd6277c18a15fed7820a052f27d2fab85578c48b2e118ff007d22d055dc64ee0fd7139cd06c2&amp;scene=27#wechat_redirect\",\"source_url\":\"\",\"cover\":\"http:\/\/mmbiz.qpic.cn\/mmbiz_jpg\/YTI67xfsN53vu3hMiarib8VyCzdlewQ8JnTib19vicauqXjjcLAwibwictD6RV2potx3Rw07SrUaQAGM30vewj5qGWVg\/0?wx_fmt=jpeg\",\"author\":\"IT之家\",\"copyright_stat\":100,\"del_flag\":1,\"item_show_type\":0,\"audio_fileid\":0,\"duration\":0,\"play_url\":\"\",\"malicious_title_reason_id\":0,\"malicious_content_type\":0},{\"title\":\"神评 | 我来帮魅族环保\",\"digest\":\"IT之家，看的就是评论\",\"content\":\"\",\"fileid\":503721447,\"content_url\":\"http:\/\/mp.weixin.qq.com\/s?__biz=MjM5Mzg4NzExMQ==&amp;mid=2651255081&amp;idx=6&amp;sn=fdb2a9d454a1196989d4191f79a2bc8d&amp;chksm=bd6277c18a15fed783f57b93b84602e1bc6018e0e650f425bfcf9c71639ca86d9d4f2ca072e9&amp;scene=27#wechat_redirect\",\"source_url\":\"https:\/\/m.ithome.com\/hotcommentm\/\",\"cover\":\"http:\/\/mmbiz.qpic.cn\/mmbiz_jpg\/YTI67xfsN50k8MGah9xNdAWzhqQU2b7kznIkLuW5l4b4m9dAmCMXib2zib0TzUCusohbPT7gND8iacPOO2go7gUPA\/0?wx_fmt=jpeg\",\"author\":\"IT之家\",\"copyright_stat\":100,\"del_flag\":1,\"item_show_type\":0,\"audio_fileid\":0,\"duration\":0,\"play_url\":\"\",\"malicious_title_reason_id\":0,\"malicious_content_type\":0},{\"title\":\"辣榜 | 加促2天：腾讯视频VIP年卡99元\",\"digest\":\"值到家啦~\",\"content\":\"\",\"fileid\":503771392,\"content_url\":\"http:\/\/mp.weixin.qq.com\/s?__biz=MjM5Mzg4NzExMQ==&amp;mid=2651255081&amp;idx=7&amp;sn=eef87459af60111751519de47ec815eb&amp;chksm=bd6277c18a15fed776976e6cb98c1ee6ada300d8ecf9116b8cd017e860b420d8e76f89c2450c&amp;scene=27#wechat_redirect\",\"source_url\":\"https:\/\/www.zuihuimai.com\/download\",\"cover\":\"http:\/\/mmbiz.qpic.cn\/mmbiz_jpg\/YTI67xfsN53vu3hMiarib8VyCzdlewQ8JnF0qqJbva6q1ZJ2JZFowFsD5KoticjpicSxwKcLgUJ8A4vSjNNKSzbYjg\/0?wx_fmt=jpeg\",\"author\":\"辣品\",\"copyright_stat\":100,\"del_flag\":1,\"item_show_type\":0,\"audio_fileid\":0,\"duration\":0,\"play_url\":\"\",\"malicious_title_reason_id\":0,\"malicious_content_type\":0}],\"author\":\"IT之家\",\"copyright_stat\":100,\"duration\":0,\"del_flag\":1,\"item_show_type\":0,\"audio_fileid\":0,\"play_url\":\"\",\"malicious_title_reason_id\":0,\"malicious_content_type\":0}},{\"comm_msg_info\":{\"id\":1000001768,\"type\":49,\"datetime\":1614347700,\"fakeid\":\"2393887111\",\"status\":2,\"content\":\"\"},\"app_msg_ext_info\":{\"title\":\"iPhone 12全系降价\",\"digest\":\"真便宜\",\"content\":\"\",\"fileid\":503771343,\"content_url\":\"http:\/\/mp.weixin.qq.com\/s?__biz=MjM5Mzg4NzExMQ==&amp;mid=2651255015&amp;idx=1&amp;sn=4983e6c58db96233523e182dce303eee&amp;chksm=bd62760f8a15ff19510b0f1168759d618b2a248035945a122ca698fda839a260f39b4bea96f8&amp;scene=27#wechat_redirect\",\"source_url\":\"https:\/\/mobile.yangkeduo.com\/brand_activity_subsidy.html?_pdd_fs=1&amp;_pdd_tc=ffffff&amp;_pdd_sbs=1&amp;_x_src=wechat&amp;_x_campaign=subsidy&amp;_x_cid=itzhijia\",\"cover\":\"http:\/\/mmbiz.qpic.cn\/mmbiz_jpg\/YTI67xfsN531BGEavmw7EiaScDlHuicNPHTdbw1CwvIOMJkHfYIlgiaqlgaibyQ521qnruBXyUD9DEuW33QbZkNKOQ\/0?wx_fmt=jpeg\",\"subtype\":9,\"is_multi\":1,\"multi_app_msg_item_list\":[{\"title\":\"华为P40 4G版发布：麒麟990，3998起\",\"digest\":\"缺货...\",\"content\":\"\",\"fileid\":0,\"content_url\":\"http:\/\/mp.weixin.qq.com\/s?__biz=MjM5Mzg4NzExMQ==&amp;mid=2651255015&amp;idx=2&amp;sn=43e2b1d83309e03f190784c9afd1cf68&amp;chksm=bd62760f8a15ff19b2ab5db689d24e3b5a8b2c50d7ad3bc651fe33cfeb1dc726d7f3284cec28&amp;scene=27#wechat_redirect\",\"source_url\":\"\",\"cover\":\"http:\/\/mmbiz.qpic.cn\/mmbiz_jpg\/YTI67xfsN531BGEavmw7EiaScDlHuicNPHjOfumolCnxwXanwTlpVpRLpJ3Fry9mGxQQib86fOREqADwf2xPDPHdg\/0?wx_fmt=jpeg\",\"author\":\"IT之家\",\"copyright_stat\":100,\"del_flag\":1,\"item_show_type\":0,\"audio_fileid\":0,\"duration\":0,\"play_url\":\"\",\"malicious_title_reason_id\":0,\"malicious_content_type\":0},{\"title\":\"报警了！苹果官网买iPhone 12 Pro，却收到EMS送来的苹果味饮料\",\"digest\":\"日防夜防，家贼难防\",\"content\":\"\",\"fileid\":0,\"content_url\":\"http:\/\/mp.weixin.qq.com\/s?__biz=MjM5Mzg4NzExMQ==&amp;mid=2651255015&amp;idx=3&amp;sn=77af88aed1e0fb7ff7ac98ff24de4e50&amp;chksm=bd62760f8a15ff1931a29cbe1f4f6f45cbeeb96e3ba9414c86acba31dc43e8c0bfd94cd741eb&amp;scene=27#wechat_redirect\",\"source_url\":\"\",\"cover\":\"http:\/\/mmbiz.qpic.cn\/mmbiz_jpg\/YTI67xfsN531BGEavmw7EiaScDlHuicNPHkucbic7PazdickjEJhesBx2zAA5JribTAOzv91n5f9oSfunmVHvicibfndg\/0?wx_fmt=jpeg\",\"author\":\"IT之家\",\"copyright_stat\":100,\"del_flag\":1,\"item_show_type\":0,\"audio_fileid\":0,\"duration\":0,\"play_url\":\"\",\"malicious_title_reason_id\":0,\"malicious_content_type\":0},{\"title\":\"有趣的人，每天都在看什么？\",\"digest\":\"荐号\",\"content\":\"\",\"fileid\":0,\"content_url\":\"http:\/\/mp.weixin.qq.com\/s?__biz=MjM5Mzg4NzExMQ==&amp;mid=2651255015&amp;idx=4&amp;sn=5fefae7cde9eb29adabf9454c8c20880&amp;chksm=bd62760f8a15ff1903047e0ee101fb086fd59cff011499172d2933feba5efc44bd2b890d4fda&amp;scene=27#wechat_redirect\",\"source_url\":\"\",\"cover\":\"http:\/\/mmbiz.qpic.cn\/mmbiz_jpg\/0MrG2GSRiaIBt6SGZTdZzicGbob3n5WUSpL84BkMRXMN1pC9iaQtAZoH7ADw6gtTKwibwHK35C03HhvDwfFg2gqOCQ\/0?wx_fmt=jpeg\",\"author\":\"荐号\",\"copyright_stat\":100,\"del_flag\":1,\"item_show_type\":0,\"audio_fileid\":0,\"duration\":0,\"play_url\":\"\",\"malicious_title_reason_id\":0,\"malicious_content_type\":0},{\"title\":\"坑爹啊，50%网约车会多计费、多收费\",\"digest\":\"赚了多少黑心钱\",\"content\":\"\",\"fileid\":0,\"content_url\":\"http:\/\/mp.weixin.qq.com\/s?__biz=MjM5Mzg4NzExMQ==&amp;mid=2651255015&amp;idx=5&amp;sn=d63f71b585e68383b464db67cef0d1bd&amp;chksm=bd62760f8a15ff195fe8e12ed2118f68353cf1c2cdbf22def8269127d72caeb5004e5651ec5f&amp;scene=27#wechat_redirect\",\"source_url\":\"\",\"cover\":\"http:\/\/mmbiz.qpic.cn\/mmbiz_jpg\/YTI67xfsN531BGEavmw7EiaScDlHuicNPHN0R1rxuKrpszooHSkicTBspLOuGMdPC36ib3gKgPxp6b5xtELKHuricrg\/0?wx_fmt=jpeg\",\"author\":\"IT之家\",\"copyright_stat\":100,\"del_flag\":1,\"item_show_type\":0,\"audio_fileid\":0,\"duration\":0,\"play_url\":\"\",\"malicious_title_reason_id\":0,\"malicious_content_type\":0},{\"title\":\"神评 | 2021，啥手机你都抢不到\",\"digest\":\"IT之家，看的就是评论\",\"content\":\"\",\"fileid\":503721447,\"content_url\":\"http:\/\/mp.weixin.qq.com\/s?__biz=MjM5Mzg4NzExMQ==&amp;mid=2651255015&amp;idx=6&amp;sn=942da93987ce622f9a99a516ebeaab6f&amp;chksm=bd62760f8a15ff19be206e65539ad3dc92a9a15ccc163afc9e732248c94b6b97477dee8ce577&amp;scene=27#wechat_redirect\",\"source_url\":\"https:\/\/m.ithome.com\/hotcommentm\/\",\"cover\":\"http:\/\/mmbiz.qpic.cn\/mmbiz_jpg\/YTI67xfsN50k8MGah9xNdAWzhqQU2b7kznIkLuW5l4b4m9dAmCMXib2zib0TzUCusohbPT7gND8iacPOO2go7gUPA\/0?wx_fmt=jpeg\",\"author\":\"IT之家\",\"copyright_stat\":100,\"del_flag\":1,\"item_show_type\":0,\"audio_fileid\":0,\"duration\":0,\"play_url\":\"\",\"malicious_title_reason_id\":0,\"malicious_content_type\":0},{\"title\":\"辣榜 | 倍量40节电池，仅需9.9元！\",\"digest\":\"值到家啦~\",\"content\":\"\",\"fileid\":503771325,\"content_url\":\"http:\/\/mp.weixin.qq.com\/s?__biz=MjM5Mzg4NzExMQ==&amp;mid=2651255015&amp;idx=7&amp;sn=9264bb0026ba82d84a219ab60931ec28&amp;chksm=bd62760f8a15ff19d7c9118a3fd938ab3c257daadc0f99a209c52907cfe546e4f701ddc11504&amp;scene=27#wechat_redirect\",\"source_url\":\"https:\/\/www.zuihuimai.com\/download\",\"cover\":\"http:\/\/mmbiz.qpic.cn\/mmbiz_jpg\/YTI67xfsN531BGEavmw7EiaScDlHuicNPHYziaKvZepUlSfOgPX7WxCvXicyzibPILVHNzYriaVYic1Owf5oI91WianwXg\/0?wx_fmt=jpeg\",\"author\":\"辣品\",\"copyright_stat\":100,\"del_flag\":1,\"item_show_type\":0,\"audio_fileid\":0,\"duration\":0,\"play_url\":\"\",\"malicious_title_reason_id\":0,\"malicious_content_type\":0}],\"author\":\"IT之家\",\"copyright_stat\":11,\"duration\":0,\"del_flag\":1,\"item_show_type\":0,\"audio_fileid\":0,\"play_url\":\"\",\"malicious_title_reason_id\":0,\"malicious_content_type\":0}},{\"comm_msg_info\":{\"id\":1000001767,\"type\":49,\"datetime\":1614261052,\"fakeid\":\"2393887111\",\"status\":2,\"content\":\"\"},\"app_msg_ext_info\":{\"title\":\"预售秒没！K40正式发布1999，K40 Pro 2799！\",\"digest\":\"梦回1999\",\"content\":\"\",\"fileid\":503771282,\"content_url\":\"http:\/\/mp.weixin.qq.com\/s?__biz=MjM5Mzg4NzExMQ==&amp;mid=2651254933&amp;idx=1&amp;sn=aabedc8a6ad3ee1122b756c43b99b3b6&amp;chksm=bd62767d8a15ff6b91d838a5e144354654373b64e494ec46c941d8237714e236bc3dfbe98744&amp;scene=27#wechat_redirect\",\"source_url\":\"\",\"cover\":\"http:\/\/mmbiz.qpic.cn\/mmbiz_jpg\/YTI67xfsN52Uj3LDEXPOVibzB33llz9q5jicLmjIpMn1ibM9g3y7Pyvs4QvUpCuIEs3licR5mAOXNqYYUepweRz8TA\/0?wx_fmt=jpeg\",\"subtype\":9,\"is_multi\":1,\"multi_app_msg_item_list\":[{\"title\":\"2021手机价格战开打，realme旗舰低于2999\",\"digest\":\"不错\",\"content\":\"\",\"fileid\":0,\"content_url\":\"http:\/\/mp.weixin.qq.com\/s?__biz=MjM5Mzg4NzExMQ==&amp;mid=2651254933&amp;idx=2&amp;sn=4a56f677d1ca6df4eb6e104fa0f922a4&amp;chksm=bd62767d8a15ff6b766e255ada4b72a01e2be2497c27f6c877732eadcea20be79e3a1722ffc7&amp;scene=27#wechat_redirect\",\"source_url\":\"\",\"cover\":\"http:\/\/mmbiz.qpic.cn\/mmbiz_jpg\/YTI67xfsN52Uj3LDEXPOVibzB33llz9q5NMZ3GTIFIl2Fh0HdIISEhBibnAQuQIsrSATFOAVG2Kndvl9flZNaa2A\/0?wx_fmt=jpeg\",\"author\":\"IT之家\",\"copyright_stat\":100,\"del_flag\":1,\"item_show_type\":0,\"audio_fileid\":0,\"duration\":0,\"play_url\":\"\",\"malicious_title_reason_id\":0,\"malicious_content_type\":0},{\"title\":\"iPhone 13将使用高通骁龙5G基带X60：5纳米工艺，功耗更低\",\"digest\":\"没有刘海就好了\",\"content\":\"\",\"fileid\":0,\"content_url\":\"http:\/\/mp.weixin.qq.com\/s?__biz=MjM5Mzg4NzExMQ==&amp;mid=2651254933&amp;idx=3&amp;sn=651ddf7ff90f4e337e82d27132c66479&amp;chksm=bd62767d8a15ff6bd386de210c4aaaade81a3d148162567e12a2818578e0354277ce66bc4384&amp;scene=27#wechat_redirect\",\"source_url\":\"\",\"cover\":\"http:\/\/mmbiz.qpic.cn\/mmbiz_jpg\/YTI67xfsN52Uj3LDEXPOVibzB33llz9q50IzpwPaVpGfFH7A2UphyPXVyXKElyNog2BX2Em10BDZ9NwSroCjYbA\/0?wx_fmt=jpeg\",\"author\":\"IT之家\",\"copyright_stat\":100,\"del_flag\":1,\"item_show_type\":0,\"audio_fileid\":0,\"duration\":0,\"play_url\":\"\",\"malicious_title_reason_id\":0,\"malicious_content_type\":0},{\"title\":\"朋友圈每日一个经典优质号，句句精辟走心\",\"digest\":\"荐号\",\"content\":\"\",\"fileid\":0,\"content_url\":\"http:\/\/mp.weixin.qq.com\/s?__biz=MjM5Mzg4NzExMQ==&amp;mid=2651254933&amp;idx=4&amp;sn=0227a11348110b3c3b50297913bb7ddc&amp;chksm=bd62767d8a15ff6b66f6c4af5c32d22bc4555a8153a590dd50ac74c773177d8d4965121da12f&amp;scene=27#wechat_redirect\",\"source_url\":\"\",\"cover\":\"http:\/\/mmbiz.qpic.cn\/mmbiz_jpg\/PBZ7TIiciaib91ePNibpaHD7KSdr0IzwsLPiaTiceNO5AuSfDiallnekK155HAQzaSKichPL4pGACQ2za4PkqUKpw6TZUg\/0?wx_fmt=jpeg\",\"author\":\"荐号\",\"copyright_stat\":100,\"del_flag\":1,\"item_show_type\":0,\"audio_fileid\":0,\"duration\":0,\"play_url\":\"\",\"malicious_title_reason_id\":0,\"malicious_content_type\":0},{\"title\":\"魅族18预热：888、2K屏\",\"digest\":\"小厂加油\",\"content\":\"\",\"fileid\":0,\"content_url\":\"http:\/\/mp.weixin.qq.com\/s?__biz=MjM5Mzg4NzExMQ==&amp;mid=2651254933&amp;idx=5&amp;sn=e1b9306e850008e8ae366d81c0621342&amp;chksm=bd62767d8a15ff6bf47ebf0309779fa0269f0b895df0c592ed93ae4d7a0d606a6bc80645654a&amp;scene=27#wechat_redirect\",\"source_url\":\"\",\"cover\":\"http:\/\/mmbiz.qpic.cn\/mmbiz_jpg\/YTI67xfsN52Uj3LDEXPOVibzB33llz9q5pCWxylUKzo8dXSBU8moRS3vicuc5fHWERA2D4eicJTDiaYRjkMBcVA3zg\/0?wx_fmt=jpeg\",\"author\":\"IT之家\",\"copyright_stat\":100,\"del_flag\":1,\"item_show_type\":0,\"audio_fileid\":0,\"duration\":0,\"play_url\":\"\",\"malicious_title_reason_id\":0,\"malicious_content_type\":0},{\"title\":\"神评 | 我想支持华为，心意送到了\",\"digest\":\"IT之家，看的就是评论\",\"content\":\"\",\"fileid\":503721447,\"content_url\":\"http:\/\/mp.weixin.qq.com\/s?__biz=MjM5Mzg4NzExMQ==&amp;mid=2651254933&amp;idx=6&amp;sn=f6c28f8819268537ddb7a5e2b9c5d43b&amp;chksm=bd62767d8a15ff6b218e88a9642252af22afb240839178c031dd10a5c9fb79609164e362312a&amp;scene=27#wechat_redirect\",\"source_url\":\"https:\/\/m.ithome.com\/hotcommentm\/\",\"cover\":\"http:\/\/mmbiz.qpic.cn\/mmbiz_jpg\/YTI67xfsN50k8MGah9xNdAWzhqQU2b7kznIkLuW5l4b4m9dAmCMXib2zib0TzUCusohbPT7gND8iacPOO2go7gUPA\/0?wx_fmt=jpeg\",\"author\":\"IT之家\",\"copyright_stat\":100,\"del_flag\":1,\"item_show_type\":0,\"audio_fileid\":0,\"duration\":0,\"play_url\":\"\",\"malicious_title_reason_id\":0,\"malicious_content_type\":0},{\"title\":\"辣榜 | 随时结束，腾讯视频VIP年卡79元手慢无\",\"digest\":\"值到家啦~\",\"content\":\"\",\"fileid\":503771261,\"content_url\":\"http:\/\/mp.weixin.qq.com\/s?__biz=MjM5Mzg4NzExMQ==&amp;mid=2651254933&amp;idx=7&amp;sn=aa7bc427b0fab1667bef49fd81f339fd&amp;chksm=bd62767d8a15ff6bc6e0f0a8532dfaffb7b22fc1cdcd04b16284bd3ccd14df5a0ca0941092f2&amp;scene=27#wechat_redirect\",\"source_url\":\"https:\/\/www.zuihuimai.com\/download\",\"cover\":\"http:\/\/mmbiz.qpic.cn\/mmbiz_jpg\/YTI67xfsN52Uj3LDEXPOVibzB33llz9q5OOu5ib3fUjZIh1STjlDvDXRR48jfWWtEQu5wOTQ51GY9wjKiaudeUnIQ\/0?wx_fmt=jpeg\",\"author\":\"辣品\",\"copyright_stat\":100,\"del_flag\":1,\"item_show_type\":0,\"audio_fileid\":0,\"duration\":0,\"play_url\":\"\",\"malicious_title_reason_id\":0,\"malicious_content_type\":0}],\"author\":\"IT之家\",\"copyright_stat\":11,\"duration\":0,\"del_flag\":1,\"item_show_type\":0,\"audio_fileid\":0,\"play_url\":\"\",\"malicious_title_reason_id\":0,\"malicious_content_type\":0}},{\"comm_msg_info\":{\"id\":1000001766,\"type\":49,\"datetime\":1614176730,\"fakeid\":\"2393887111\",\"status\":2,\"content\":\"\"},\"app_msg_ext_info\":{\"title\":\"日本最大飞机杯生产商，要做太空也能用的产品...\",\"digest\":\"啧啧啧\",\"content\":\"\",\"fileid\":503771136,\"content_url\":\"http:\/\/mp.weixin.qq.com\/s?__biz=MjM5Mzg4NzExMQ==&amp;mid=2651254841&amp;idx=1&amp;sn=edb1f1140cd09052bea8c6de5be754fc&amp;chksm=bd6276d18a15ffc73433c0d2b3e16408ba1f1e21247715e95472846f21a979164e6c12097c48&amp;scene=27#wechat_redirect\",\"source_url\":\"\",\"cover\":\"http:\/\/mmbiz.qpic.cn\/mmbiz_jpg\/YTI67xfsN524nlfUg898FlvW0eflH3aoYVaSD4nAoPy2HI85UJAjvamOgiaYibibg8aYNAkuQc2qKaHt6DaP7nO1A\/0?wx_fmt=jpeg\",\"subtype\":9,\"is_multi\":1,\"multi_app_msg_item_list\":[{\"title\":\"至少加价一万！华为Mate X2遭黄牛热抢\",\"digest\":\"抢到就是赚到\",\"content\":\"\",\"fileid\":0,\"content_url\":\"http:\/\/mp.weixin.qq.com\/s?__biz=MjM5Mzg4NzExMQ==&amp;mid=2651254841&amp;idx=2&amp;sn=3fb4fe008d56294b9fbe912e070c6057&amp;chksm=bd6276d18a15ffc7d471ff99d6fa309c131fe77f89a5095600a7b001556187aac208e2ea8a79&amp;scene=27#wechat_redirect\",\"source_url\":\"\",\"cover\":\"http:\/\/mmbiz.qpic.cn\/mmbiz_jpg\/YTI67xfsN524nlfUg898FlvW0eflH3aoAQJw7GfibUiamT3CElzSTysx2REzWia2Sicc30txoh3X4icFhDP5wPkadoA\/0?wx_fmt=jpeg\",\"author\":\"搜狐科技张雅婷\",\"copyright_stat\":100,\"del_flag\":1,\"item_show_type\":0,\"audio_fileid\":0,\"duration\":0,\"play_url\":\"\",\"malicious_title_reason_id\":0,\"malicious_content_type\":0},{\"title\":\"央视痛批货拉拉；已和家属和解，赔偿金额不方便说\",\"digest\":\"真相何在\",\"content\":\"\",\"fileid\":503771142,\"content_url\":\"http:\/\/mp.weixin.qq.com\/s?__biz=MjM5Mzg4NzExMQ==&amp;mid=2651254841&amp;idx=3&amp;sn=b64deeff25082c52aca3436ca3c858b9&amp;chksm=bd6276d18a15ffc7dc8b4d076f4e7d2ebab200f94e2e8077282ee5f43dd95a3623958bdcdf30&amp;scene=27#wechat_redirect\",\"source_url\":\"\",\"cover\":\"http:\/\/mmbiz.qpic.cn\/mmbiz_jpg\/YTI67xfsN524nlfUg898FlvW0eflH3aotr3jU89VIx2Kzo1eSJJgJRngMWFsntyAMhaQjFLLI9TiaDhniampF1kw\/0?wx_fmt=jpeg\",\"author\":\"IT之家\",\"copyright_stat\":100,\"del_flag\":1,\"item_show_type\":0,\"audio_fileid\":0,\"duration\":0,\"play_url\":\"\",\"malicious_title_reason_id\":0,\"malicious_content_type\":0},{\"title\":\"被点赞最拼“90后”：开挂的人生，与平时订阅优质号有关\",\"digest\":\"荐号\",\"content\":\"\",\"fileid\":0,\"content_url\":\"http:\/\/mp.weixin.qq.com\/s?__biz=MjM5Mzg4NzExMQ==&amp;mid=2651254841&amp;idx=4&amp;sn=97591aa6e5fbf23d931d67545eaacafe&amp;chksm=bd6276d18a15ffc774b83060fd850f786f08fa7424e5ba2d6463c6951a0a36fd638552bf0223&amp;scene=27#wechat_redirect\",\"source_url\":\"\",\"cover\":\"http:\/\/mmbiz.qpic.cn\/mmbiz_jpg\/PBZ7TIiciaib916CcN6JPqGCIzrJNH5XuFQyg4M2zcroQmTH8e8rTXRBVbt78QM7KmO1n6CJJvrftXrwo9Xz9JkmA\/0?wx_fmt=jpeg\",\"author\":\"荐号\",\"copyright_stat\":100,\"del_flag\":1,\"item_show_type\":0,\"audio_fileid\":0,\"duration\":0,\"play_url\":\"\",\"malicious_title_reason_id\":0,\"malicious_content_type\":0},{\"title\":\"国内最好公务机离奇被砸穿，维修费要两个亿\",\"digest\":\"碎碎平安\",\"content\":\"\",\"fileid\":0,\"content_url\":\"http:\/\/mp.weixin.qq.com\/s?__biz=MjM5Mzg4NzExMQ==&amp;mid=2651254841&amp;idx=5&amp;sn=4263154a808ed4227d918e3b1133b726&amp;chksm=bd6276d18a15ffc7b8e140ab6ec77bd3b9e68eaf30f2ac912e873d87071a91a75fa08b80c105&amp;scene=27#wechat_redirect\",\"source_url\":\"\",\"cover\":\"http:\/\/mmbiz.qpic.cn\/mmbiz_jpg\/YTI67xfsN524nlfUg898FlvW0eflH3aoToC6odl57OpwJe0buiaGbdq12tLDt9qh2wZ7JebywQ0wtvQ587EP3Aw\/0?wx_fmt=jpeg\",\"author\":\"IT之家\",\"copyright_stat\":100,\"del_flag\":1,\"item_show_type\":0,\"audio_fileid\":0,\"duration\":0,\"play_url\":\"\",\"malicious_title_reason_id\":0,\"malicious_content_type\":0},{\"title\":\"神评 | 苹果M1笔记本，寿命很短...\",\"digest\":\"IT之家，看的就是评论\",\"content\":\"\",\"fileid\":503721447,\"content_url\":\"http:\/\/mp.weixin.qq.com\/s?__biz=MjM5Mzg4NzExMQ==&amp;mid=2651254841&amp;idx=6&amp;sn=b2957fa9e88fba1993f3abd1be39fe6b&amp;chksm=bd6276d18a15ffc7685f1db8ceb24363f223f43fce99a719b31b28fe23957c13613e2fbf8a86&amp;scene=27#wechat_redirect\",\"source_url\":\"https:\/\/m.ithome.com\/hotcommentm\/\",\"cover\":\"http:\/\/mmbiz.qpic.cn\/mmbiz_jpg\/YTI67xfsN50k8MGah9xNdAWzhqQU2b7kznIkLuW5l4b4m9dAmCMXib2zib0TzUCusohbPT7gND8iacPOO2go7gUPA\/0?wx_fmt=jpeg\",\"author\":\"IT之家\",\"copyright_stat\":100,\"del_flag\":1,\"item_show_type\":0,\"audio_fileid\":0,\"duration\":0,\"play_url\":\"\",\"malicious_title_reason_id\":0,\"malicious_content_type\":0},{\"title\":\"辣榜 | 独立包装+环氧乙烷灭菌，医用外科口罩5毛\/只\",\"digest\":\"值到家啦~\",\"content\":\"\",\"fileid\":503771133,\"content_url\":\"http:\/\/mp.weixin.qq.com\/s?__biz=MjM5Mzg4NzExMQ==&amp;mid=2651254841&amp;idx=7&amp;sn=0b39f8a61c34b11f8f5ac1becc889af1&amp;chksm=bd6276d18a15ffc7d81520ebc4d298a48e4adcbca98a62f72eda61d6870cf2bf44eb6d6a5337&amp;scene=27#wechat_redirect\",\"source_url\":\"https:\/\/www.zuihuimai.com\/download\",\"cover\":\"http:\/\/mmbiz.qpic.cn\/mmbiz_jpg\/YTI67xfsN524nlfUg898FlvW0eflH3aoPClG35AKib2BT9TuqoHxJGsnSF1Q2K02ichuUibOtv9VcNjWSEVicjV4yQ\/0?wx_fmt=jpeg\",\"author\":\"辣品\",\"copyright_stat\":100,\"del_flag\":1,\"item_show_type\":0,\"audio_fileid\":0,\"duration\":0,\"play_url\":\"\",\"malicious_title_reason_id\":0,\"malicious_content_type\":0}],\"author\":\"IT之家\",\"copyright_stat\":11,\"duration\":0,\"del_flag\":1,\"item_show_type\":0,\"audio_fileid\":0,\"play_url\":\"\",\"malicious_title_reason_id\":0,\"malicious_content_type\":0}},{\"comm_msg_info\":{\"id\":1000001765,\"type\":49,\"datetime\":1614090737,\"fakeid\":\"2393887111\",\"status\":2,\"content\":\"\"},\"app_msg_ext_info\":{\"title\":\"第一，小米新机皇，稳了\",\"digest\":\"稳了\",\"content\":\"\",\"fileid\":503771060,\"content_url\":\"http:\/\/mp.weixin.qq.com\/s?__biz=MjM5Mzg4NzExMQ==&amp;mid=2651254756&amp;idx=1&amp;sn=ea2ae0e5c976e0ea26facfd3fa17a415&amp;chksm=bd62690c8a15e01ae12b6957cecdd0f73d3c50adf101e56cc4e884e88285b87a11773e3ad374&amp;scene=27#wechat_redirect\",\"source_url\":\"\",\"cover\":\"http:\/\/mmbiz.qpic.cn\/mmbiz_jpg\/YTI67xfsN52FYygFUNzdm6mGvk7nt0r0lxDtHgHVUqic5AGP1zqcJues6X7NZia9PAgpM5ae5hnuvBsFYZWdMqVw\/0?wx_fmt=jpeg\",\"subtype\":9,\"is_multi\":1,\"multi_app_msg_item_list\":[{\"title\":\"10万买个北京户口，真值\",\"digest\":\"值爆了\",\"content\":\"\",\"fileid\":0,\"content_url\":\"http:\/\/mp.weixin.qq.com\/s?__biz=MjM5Mzg4NzExMQ==&amp;mid=2651254756&amp;idx=2&amp;sn=c222d82c72db2f601cc3635be722f3f8&amp;chksm=bd62690c8a15e01a123ead5d8ef76d78fee662501e8d1f7c02b4ff56b262878ce166e004b5e8&amp;scene=27#wechat_redirect\",\"source_url\":\"\",\"cover\":\"http:\/\/mmbiz.qpic.cn\/mmbiz_jpg\/YTI67xfsN52FYygFUNzdm6mGvk7nt0r0M3dwSbjoshDRTB6yic4FsqU94mdpoDdvFEqBEkl38NlJT8tG3poZjcg\/0?wx_fmt=jpeg\",\"author\":\"IT之家\",\"copyright_stat\":100,\"del_flag\":1,\"item_show_type\":0,\"audio_fileid\":0,\"duration\":0,\"play_url\":\"\",\"malicious_title_reason_id\":0,\"malicious_content_type\":0},{\"title\":\"魅族18官宣！\",\"digest\":\"18th\",\"content\":\"\",\"fileid\":0,\"content_url\":\"http:\/\/mp.weixin.qq.com\/s?__biz=MjM5Mzg4NzExMQ==&amp;mid=2651254756&amp;idx=3&amp;sn=a17be1f5c5e4793084c8da7967eb3797&amp;chksm=bd62690c8a15e01ad90eaa3d87ad37606cf9e06caf09782caa1115cf5a44dee74900f426d88c&amp;scene=27#wechat_redirect\",\"source_url\":\"\",\"cover\":\"http:\/\/mmbiz.qpic.cn\/mmbiz_jpg\/YTI67xfsN52FYygFUNzdm6mGvk7nt0r08zL4FvdyCYrzquNdvoMQe9BYn1Wr4yux7P051WVXZVmc2tHvM3ibiasA\/0?wx_fmt=jpeg\",\"author\":\"IT之家\",\"copyright_stat\":100,\"del_flag\":1,\"item_show_type\":0,\"audio_fileid\":0,\"duration\":0,\"play_url\":\"\",\"malicious_title_reason_id\":0,\"malicious_content_type\":0},{\"title\":\"口碑绝佳的9个公众号，越早知道越好\",\"digest\":\"荐号\",\"content\":\"\",\"fileid\":0,\"content_url\":\"http:\/\/mp.weixin.qq.com\/s?__biz=MjM5Mzg4NzExMQ==&amp;mid=2651254756&amp;idx=4&amp;sn=ebf75914745d8fe3be062e260c269d6c&amp;chksm=bd62690c8a15e01a31f661260cb6f7d7c180943a2a98cb2ce06ee6a3e379df06709f2dc0b61d&amp;scene=27#wechat_redirect\",\"source_url\":\"\",\"cover\":\"http:\/\/mmbiz.qpic.cn\/mmbiz_jpg\/IPvE4pgMkK0rhbrFgkzIqTO5yGEH4vnlbFnJkxn7syzDcFBAML9U3tjQD6OKfMJn1qng70LK4qHiauXIqJEZKVA\/0?wx_fmt=jpeg\",\"author\":\"荐号\",\"copyright_stat\":100,\"del_flag\":1,\"item_show_type\":0,\"audio_fileid\":0,\"duration\":0,\"play_url\":\"\",\"malicious_title_reason_id\":0,\"malicious_content_type\":0},{\"title\":\"厉害了，第二代屏下摄像头手机，搭载全球首发屏下3D结构光技术\",\"digest\":\"加油！\",\"content\":\"\",\"fileid\":0,\"content_url\":\"http:\/\/mp.weixin.qq.com\/s?__biz=MjM5Mzg4NzExMQ==&amp;mid=2651254756&amp;idx=5&amp;sn=c4def7cc10fd6715b70ef1697f71fe26&amp;chksm=bd62690c8a15e01a68f1f2d0e0f9a2ff74e38cf25a4a31a9fcd7f3a12b9c565f1378dceca995&amp;scene=27#wechat_redirect\",\"source_url\":\"\",\"cover\":\"http:\/\/mmbiz.qpic.cn\/mmbiz_jpg\/YTI67xfsN52FYygFUNzdm6mGvk7nt0r0ob8ibQOQ3ojXKsWfGHrlJdYqmvyiawojqNS5aC40ZjoDsZcexXlskibAQ\/0?wx_fmt=jpeg\",\"author\":\"IT之家\",\"copyright_stat\":100,\"del_flag\":1,\"item_show_type\":0,\"audio_fileid\":0,\"duration\":0,\"play_url\":\"\",\"malicious_title_reason_id\":0,\"malicious_content_type\":0},{\"title\":\"神评 | 华为重新定义“平价”手机\",\"digest\":\"IT之家，看的就是评论\",\"content\":\"\",\"fileid\":503721447,\"content_url\":\"http:\/\/mp.weixin.qq.com\/s?__biz=MjM5Mzg4NzExMQ==&amp;mid=2651254756&amp;idx=6&amp;sn=7b4d6f3633230f64274b36d31cebff81&amp;chksm=bd62690c8a15e01aa279b589beb813cba5ddf0dfd59a58c35c017a55baac28153d511b085dad&amp;scene=27#wechat_redirect\",\"source_url\":\"https:\/\/m.ithome.com\/hotcommentm\/\",\"cover\":\"http:\/\/mmbiz.qpic.cn\/mmbiz_jpg\/YTI67xfsN50k8MGah9xNdAWzhqQU2b7kznIkLuW5l4b4m9dAmCMXib2zib0TzUCusohbPT7gND8iacPOO2go7gUPA\/0?wx_fmt=jpeg\",\"author\":\"IT之家\",\"copyright_stat\":100,\"del_flag\":1,\"item_show_type\":0,\"audio_fileid\":0,\"duration\":0,\"play_url\":\"\",\"malicious_title_reason_id\":0,\"malicious_content_type\":0},{\"title\":\"辣榜 | 精装四大名著，仅需26元！\",\"digest\":\"值到家啦~\",\"content\":\"\",\"fileid\":503771056,\"content_url\":\"http:\/\/mp.weixin.qq.com\/s?__biz=MjM5Mzg4NzExMQ==&amp;mid=2651254756&amp;idx=7&amp;sn=336c2ecb846867e738ef5c1865a5e3de&amp;chksm=bd62690c8a15e01a7d38f6030489ca0c7838d07406f9e7bb65185796cdb50e39b23e8df66aa2&amp;scene=27#wechat_redirect\",\"source_url\":\"https:\/\/www.zuihuimai.com\/download\",\"cover\":\"http:\/\/mmbiz.qpic.cn\/mmbiz_jpg\/YTI67xfsN52FYygFUNzdm6mGvk7nt0r012otv2Dxk8gN5UU2KVIA4wQ5Wtweea9C6QPc4klR7tVScZNI92RETA\/0?wx_fmt=jpeg\",\"author\":\"辣品\",\"copyright_stat\":100,\"del_flag\":1,\"item_show_type\":0,\"audio_fileid\":0,\"duration\":0,\"play_url\":\"\",\"malicious_title_reason_id\":0,\"malicious_content_type\":0}],\"author\":\"IT之家\",\"copyright_stat\":11,\"duration\":0,\"del_flag\":1,\"item_show_type\":0,\"audio_fileid\":0,\"play_url\":\"\",\"malicious_title_reason_id\":0,\"malicious_content_type\":0}}]}","next_offset":111,"video_count":1,"use_video_tab":1,"real_type":0,"home_page_list":[]}