{"ret":0,"errmsg":"ok","msg_count":10,"can_msg_continue":1,"general_msg_list":"{\"list\":[{\"comm_msg_info\":{\"id\":1000001764,\"type\":49,\"datetime\":1614002080,\"fakeid\":\"2393887111\",\"status\":2,\"content\":\"\"},\"app_msg_ext_info\":{\"title\":\"华为最贵旗舰发布，业界首发+鸿蒙系统，又是理财产品\",\"digest\":\"麒麟9000还有多少？？？\",\"content\":\"\",\"fileid\":503771028,\"content_url\":\"http:\/\/mp.weixin.qq.com\/s?__biz=MjM5Mzg4NzExMQ==&amp;mid=2651254679&amp;idx=1&amp;sn=b250458d1492dc47a00cb2d112ebf238&amp;chksm=bd62697f8a15e069f7f4ed2145e9010b467d01aababf40bc88fb4a1b945317df8acba7e41664&amp;scene=27#wechat_redirect\",\"source_url\":\"\",\"cover\":\"http:\/\/mmbiz.qpic.cn\/mmbiz_jpg\/YTI67xfsN50ebrBl6ibfGCRJw2haZ6LE6nUjWQqB9Arn3blMs9m4p7RTOMF5pDSIagcrXh4u3ULcEnXwAOYibbfQ\/0?wx_fmt=jpeg\",\"subtype\":9,\"is_multi\":1,\"multi_app_msg_item_list\":[{\"title\":\"女子跳车身亡，货拉拉连句道歉都没有\",\"digest\":\"连个摄像头都没有\",\"content\":\"\",\"fileid\":0,\"content_url\":\"http:\/\/mp.weixin.qq.com\/s?__biz=MjM5Mzg4NzExMQ==&amp;mid=2651254679&amp;idx=2&amp;sn=be4c5973ad2742f7bc3cf639c2c71782&amp;chksm=bd62697f8a15e069d22149f47e53d7640f887067d3a20ff78704892147a4069d5642c0c462fd&amp;scene=27#wechat_redirect\",\"source_url\":\"\",\"cover\":\"http:\/\/mmbiz.qpic.cn\/mmbiz_jpg\/YTI67xfsN50ebrBl6ibfGCRJw2haZ6LE6swsOhWJia7friaBNkaVx7ffYDk45FRsVRziczHJ5NfaaA6kOu2gicYcUSQ\/0?wx_fmt=jpeg\",\"author\":\"IT之家\",\"copyright_stat\":11,\"del_flag\":1,\"item_show_type\":0,\"audio_fileid\":0,\"duration\":0,\"play_url\":\"\",\"malicious_title_reason_id\":0,\"malicious_content_type\":0},{\"title\":\"盗版《李焕英》高清资源出现，网上5元一部\",\"digest\":\"有条件的去影院支持一下吧\",\"content\":\"\",\"fileid\":0,\"content_url\":\"http:\/\/mp.weixin.qq.com\/s?__biz=MjM5Mzg4NzExMQ==&amp;mid=2651254679&amp;idx=3&amp;sn=114d4ebb9d414f4c7a710827f85054c4&amp;chksm=bd62697f8a15e0694cd587a318c79b3041dd04c679db1d96dcf4e9d10e036be80d70c9164efc&amp;scene=27#wechat_redirect\",\"source_url\":\"\",\"cover\":\"http:\/\/mmbiz.qpic.cn\/mmbiz_jpg\/YTI67xfsN50ebrBl6ibfGCRJw2haZ6LE6iar35icYibsmicAsF5tPy5qDKqzTkNGQ3HjHp5rhuOLiaUOwWRwO3pGz4sw\/0?wx_fmt=jpeg\",\"author\":\"IT之家\",\"copyright_stat\":100,\"del_flag\":1,\"item_show_type\":0,\"audio_fileid\":0,\"duration\":0,\"play_url\":\"\",\"malicious_title_reason_id\":0,\"malicious_content_type\":0},{\"title\":\"生活最高级的修养，莫过于闲暇时品读这些优质订阅号！\",\"digest\":\"荐号\",\"content\":\"\",\"fileid\":0,\"content_url\":\"http:\/\/mp.weixin.qq.com\/s?__biz=MjM5Mzg4NzExMQ==&amp;mid=2651254679&amp;idx=4&amp;sn=4f769afc4a70c8b926da6dd1e8f939a0&amp;chksm=bd62697f8a15e06977a91b53d5c0a2b15556172aec38eee0299d4ffd2f33d2689e2bbffa9aae&amp;scene=27#wechat_redirect\",\"source_url\":\"\",\"cover\":\"http:\/\/mmbiz.qpic.cn\/mmbiz_jpg\/PBZ7TIiciaib90UNslib1GEoDhJ2wVibYHcWKZ9Iic3500ibaicdeJWnB5wJqiabiaUPXseO2CEW1UemoYSCtZUZC2Wric54g\/0?wx_fmt=jpeg\",\"author\":\"荐号\",\"copyright_stat\":100,\"del_flag\":1,\"item_show_type\":0,\"audio_fileid\":0,\"duration\":0,\"play_url\":\"\",\"malicious_title_reason_id\":0,\"malicious_content_type\":0},{\"title\":\"采用 “不可能曲面”，沈义人：OPPO Find X3真机有惊喜\",\"digest\":\"看着不错\",\"content\":\"\",\"fileid\":0,\"content_url\":\"http:\/\/mp.weixin.qq.com\/s?__biz=MjM5Mzg4NzExMQ==&amp;mid=2651254679&amp;idx=5&amp;sn=faecc6498ed73b37dbefd985b34bff65&amp;chksm=bd62697f8a15e0691644e45a0d322357617ec0da5774c109bb8cebf077c45a9c5cba02c79b6b&amp;scene=27#wechat_redirect\",\"source_url\":\"\",\"cover\":\"http:\/\/mmbiz.qpic.cn\/mmbiz_jpg\/YTI67xfsN50ebrBl6ibfGCRJw2haZ6LE6ic5Jy5OgQZduYMTkGjf58rcjiciahpYFZlia3MTibvNKQIias3KhOjggHESw\/0?wx_fmt=jpeg\",\"author\":\"TechWeb\",\"copyright_stat\":100,\"del_flag\":1,\"item_show_type\":0,\"audio_fileid\":0,\"duration\":0,\"play_url\":\"\",\"malicious_title_reason_id\":0,\"malicious_content_type\":0},{\"title\":\"神评 | 杨幂代言realme手机\",\"digest\":\"IT之家，看的就是评论\",\"content\":\"\",\"fileid\":503721447,\"content_url\":\"http:\/\/mp.weixin.qq.com\/s?__biz=MjM5Mzg4NzExMQ==&amp;mid=2651254679&amp;idx=6&amp;sn=1f02e175563d3ee48f1ecb1094a7836b&amp;chksm=bd62697f8a15e0698b8a4d53ebd0cbf673d081b7f753e3db67ac9308bbf1d414a84473f4f9c1&amp;scene=27#wechat_redirect\",\"source_url\":\"https:\/\/m.ithome.com\/hotcommentm\/\",\"cover\":\"http:\/\/mmbiz.qpic.cn\/mmbiz_jpg\/YTI67xfsN50k8MGah9xNdAWzhqQU2b7kznIkLuW5l4b4m9dAmCMXib2zib0TzUCusohbPT7gND8iacPOO2go7gUPA\/0?wx_fmt=jpeg\",\"author\":\"IT之家\",\"copyright_stat\":100,\"del_flag\":1,\"item_show_type\":0,\"audio_fileid\":0,\"duration\":0,\"play_url\":\"\",\"malicious_title_reason_id\":0,\"malicious_content_type\":0},{\"title\":\"辣榜 | 湿纸不易破，维达抽纸1.45元\/包大促！\",\"digest\":\"值到家啦~\",\"content\":\"\",\"fileid\":503770934,\"content_url\":\"http:\/\/mp.weixin.qq.com\/s?__biz=MjM5Mzg4NzExMQ==&amp;mid=2651254679&amp;idx=7&amp;sn=d727ea5e439f92406c1413db9140f275&amp;chksm=bd62697f8a15e06926b99537717d7fd9f4925a84062752ad8649493c2669d5235c28c6bd8b11&amp;scene=27#wechat_redirect\",\"source_url\":\"https:\/\/www.zuihuimai.com\/download\",\"cover\":\"http:\/\/mmbiz.qpic.cn\/mmbiz_jpg\/YTI67xfsN50ebrBl6ibfGCRJw2haZ6LE6PibLWw1qsaL4RnW6t6wIXIGia9JNvRdtVBKta5NVvOB8VRspkIyCNnlQ\/0?wx_fmt=jpeg\",\"author\":\"辣品\",\"copyright_stat\":100,\"del_flag\":1,\"item_show_type\":0,\"audio_fileid\":0,\"duration\":0,\"play_url\":\"\",\"malicious_title_reason_id\":0,\"malicious_content_type\":0}],\"author\":\"IT之家\",\"copyright_stat\":11,\"duration\":0,\"del_flag\":1,\"item_show_type\":0,\"audio_fileid\":0,\"play_url\":\"\",\"malicious_title_reason_id\":0,\"malicious_content_type\":0}},{\"comm_msg_info\":{\"id\":1000001763,\"type\":49,\"datetime\":1613916298,\"fakeid\":\"2393887111\",\"status\":2,\"content\":\"\"},\"app_msg_ext_info\":{\"title\":\"小米铁心做高端，3款新旗舰，价格又涨了\",\"digest\":\"啧啧啧\",\"content\":\"\",\"fileid\":503770891,\"content_url\":\"http:\/\/mp.weixin.qq.com\/s?__biz=MjM5Mzg4NzExMQ==&amp;mid=2651254558&amp;idx=1&amp;sn=865e3ac7a7823db59f445c5d15d2c643&amp;chksm=bd6269f68a15e0e003e685bdd8e9b4ac5dd1c4e2b4686d24ea81d67d316fe3bee2ed3276e2d0&amp;scene=27#wechat_redirect\",\"source_url\":\"\",\"cover\":\"http:\/\/mmbiz.qpic.cn\/mmbiz_jpg\/YTI67xfsN53cUInVWpR1icJLKUTdgom4M0AlJXsPPzmgqNO2GaSQICBvQ7H65CPMdZypPCtsRIxAtbHmANUdBtA\/0?wx_fmt=jpeg\",\"subtype\":9,\"is_multi\":1,\"multi_app_msg_item_list\":[{\"title\":\"雷军正式回应【小米造车】一事\",\"digest\":\"八字没一撇呢\",\"content\":\"\",\"fileid\":0,\"content_url\":\"http:\/\/mp.weixin.qq.com\/s?__biz=MjM5Mzg4NzExMQ==&amp;mid=2651254558&amp;idx=3&amp;sn=2791b3fa1dd05fbbef6086c25f1457a0&amp;chksm=bd6269f68a15e0e0a29374c101a278e8b4315f88b25bca7ddd9af170506ec6958f5ad094db1b&amp;scene=27#wechat_redirect\",\"source_url\":\"\",\"cover\":\"http:\/\/mmbiz.qpic.cn\/mmbiz_jpg\/YTI67xfsN53cUInVWpR1icJLKUTdgom4Mdgww2wtenGa9D0Xq17kIU3wgOEuZwnx8JLlQdEF8oicMSgu7ZgDB1qA\/0?wx_fmt=jpeg\",\"author\":\"IT之家\",\"copyright_stat\":11,\"del_flag\":1,\"item_show_type\":0,\"audio_fileid\":0,\"duration\":0,\"play_url\":\"\",\"malicious_title_reason_id\":0,\"malicious_content_type\":0},{\"title\":\"刷爆朋友圈的几个霸气热门公众号，建议置顶收藏\",\"digest\":\"荐号\",\"content\":\"\",\"fileid\":0,\"content_url\":\"http:\/\/mp.weixin.qq.com\/s?__biz=MjM5Mzg4NzExMQ==&amp;mid=2651254558&amp;idx=4&amp;sn=7ff17590e7a32b97fdf1d175ca2d90fb&amp;chksm=bd6269f68a15e0e0180b9448ed53d24d302416468e83a62c21de3d1ce0d82d99576ceca35334&amp;scene=27#wechat_redirect\",\"source_url\":\"\",\"cover\":\"http:\/\/mmbiz.qpic.cn\/mmbiz_jpg\/PBZ7TIiciaib93tFsEVZ4ibPg8bzI6aBKmyyvasC2YphXPyA5jl4NtMvq2aoZ4S2XvVD8SuJ4HxZ1TjDJvibibNqpU9A\/0?wx_fmt=jpeg\",\"author\":\"荐号\",\"copyright_stat\":100,\"del_flag\":1,\"item_show_type\":0,\"audio_fileid\":0,\"duration\":0,\"play_url\":\"\",\"malicious_title_reason_id\":0,\"malicious_content_type\":0},{\"title\":\"刺激！飞机引擎空中起火，乘客全程拍下...\",\"digest\":\"天啊\",\"content\":\"\",\"fileid\":0,\"content_url\":\"http:\/\/mp.weixin.qq.com\/s?__biz=MjM5Mzg4NzExMQ==&amp;mid=2651254558&amp;idx=5&amp;sn=8bc82b5f8c81779f0d77840ff9788fd4&amp;chksm=bd6269f68a15e0e03f8f87d7bce99748508a5e178716f5eee9730d3b0b391bfe6d11bce7fef9&amp;scene=27#wechat_redirect\",\"source_url\":\"\",\"cover\":\"http:\/\/mmbiz.qpic.cn\/mmbiz_jpg\/YTI67xfsN53cUInVWpR1icJLKUTdgom4MPsSg2GhzOa7UpLdy3mUymj2WoYticDAQPN1p5tCRJNSDTJdTI1SibsAw\/0?wx_fmt=jpeg\",\"author\":\"IT之家\",\"copyright_stat\":100,\"del_flag\":1,\"item_show_type\":0,\"audio_fileid\":0,\"duration\":0,\"play_url\":\"\",\"malicious_title_reason_id\":0,\"malicious_content_type\":0},{\"title\":\"神评 | 特斯拉在无人坟墓感应到有人经过...\",\"digest\":\"IT之家，看的就是评论\",\"content\":\"\",\"fileid\":503721447,\"content_url\":\"http:\/\/mp.weixin.qq.com\/s?__biz=MjM5Mzg4NzExMQ==&amp;mid=2651254558&amp;idx=6&amp;sn=bc538e150bbe3f7ac7bc4163873e5e32&amp;chksm=bd6269f68a15e0e0c953cf1da43416646b7f3590d3c3e6c69f97281b684bbcf22bd6a69d2ff6&amp;scene=27#wechat_redirect\",\"source_url\":\"https:\/\/m.ithome.com\/hotcommentm\/\",\"cover\":\"http:\/\/mmbiz.qpic.cn\/mmbiz_jpg\/YTI67xfsN50k8MGah9xNdAWzhqQU2b7kznIkLuW5l4b4m9dAmCMXib2zib0TzUCusohbPT7gND8iacPOO2go7gUPA\/0?wx_fmt=jpeg\",\"author\":\"IT之家\",\"copyright_stat\":100,\"del_flag\":1,\"item_show_type\":0,\"audio_fileid\":0,\"duration\":0,\"play_url\":\"\",\"malicious_title_reason_id\":0,\"malicious_content_type\":0},{\"title\":\"辣榜 | 灭菌医用外科口罩，0.5元\/片！\",\"digest\":\"值到家啦~\",\"content\":\"\",\"fileid\":503770863,\"content_url\":\"http:\/\/mp.weixin.qq.com\/s?__biz=MjM5Mzg4NzExMQ==&amp;mid=2651254558&amp;idx=7&amp;sn=ea7c0a48e1f653070eaf95f93ace8ec4&amp;chksm=bd6269f68a15e0e067ae3d82ab15ed48d7d27bb69f08bf2c6f0d822befb7f562af50e9efb92c&amp;scene=27#wechat_redirect\",\"source_url\":\"https:\/\/www.zuihuimai.com\/download\",\"cover\":\"http:\/\/mmbiz.qpic.cn\/mmbiz_jpg\/YTI67xfsN53cUInVWpR1icJLKUTdgom4M39Atx5p6qDOshjIa47wSdxPicOp3Fjta4T1zmpEcicjib7aTy9A8iaFoKA\/0?wx_fmt=jpeg\",\"author\":\"辣品\",\"copyright_stat\":100,\"del_flag\":1,\"item_show_type\":0,\"audio_fileid\":0,\"duration\":0,\"play_url\":\"\",\"malicious_title_reason_id\":0,\"malicious_content_type\":0}],\"author\":\"IT之家\",\"copyright_stat\":100,\"duration\":0,\"del_flag\":1,\"item_show_type\":0,\"audio_fileid\":0,\"play_url\":\"\",\"malicious_title_reason_id\":0,\"malicious_content_type\":0}},{\"comm_msg_info\":{\"id\":1000001762,\"type\":49,\"datetime\":1613829387,\"fakeid\":\"2393887111\",\"status\":2,\"content\":\"\"},\"app_msg_ext_info\":{\"title\":\"能抢到就买！这款旗舰新机，太香了\",\"digest\":\"有本事拿货出来卖啊\",\"content\":\"\",\"fileid\":503770796,\"content_url\":\"http:\/\/mp.weixin.qq.com\/s?__biz=MjM5Mzg4NzExMQ==&amp;mid=2651254485&amp;idx=1&amp;sn=4efe201d11b3315e20ddaadd8cc09398&amp;chksm=bd62683d8a15e12bcebad050667b46207a07fe527c57d4fd33b5cb82338aeb618b75663a8409&amp;scene=27#wechat_redirect\",\"source_url\":\"\",\"cover\":\"http:\/\/mmbiz.qpic.cn\/mmbiz_jpg\/YTI67xfsN51n2eiceeOWXZddKKRmmg8WnUrrz3GRICF4iaxaBas5GOq7cceRexPl3EvZ82HiaVZ5rCK03T6iaiaVvSQ\/0?wx_fmt=jpeg\",\"subtype\":9,\"is_multi\":1,\"multi_app_msg_item_list\":[{\"title\":\"或成绝唱，明年起，无线充电不得高于50W\",\"digest\":\"无线发展好快\",\"content\":\"\",\"fileid\":0,\"content_url\":\"http:\/\/mp.weixin.qq.com\/s?__biz=MjM5Mzg4NzExMQ==&amp;mid=2651254485&amp;idx=2&amp;sn=6bb558b6854fe1787b62c04ca563659f&amp;chksm=bd62683d8a15e12b07b0b79dff5088cfbcb22ccc6039e80e79562c1275ffc083af3f08a00c90&amp;scene=27#wechat_redirect\",\"source_url\":\"\",\"cover\":\"http:\/\/mmbiz.qpic.cn\/mmbiz_jpg\/YTI67xfsN51n2eiceeOWXZddKKRmmg8Wn9rO2kpN4p8icGkFibicWDa2Glic09oY6oxzF0fKPd7FDutsP0PsibCNn0BA\/0?wx_fmt=jpeg\",\"author\":\"IT之家\",\"copyright_stat\":100,\"del_flag\":1,\"item_show_type\":0,\"audio_fileid\":0,\"duration\":0,\"play_url\":\"\",\"malicious_title_reason_id\":0,\"malicious_content_type\":0},{\"title\":\"安兔兔硬扛realme副总：你们跑分不行，散热不好\",\"digest\":\"你们不要再打了啦\",\"content\":\"\",\"fileid\":0,\"content_url\":\"http:\/\/mp.weixin.qq.com\/s?__biz=MjM5Mzg4NzExMQ==&amp;mid=2651254485&amp;idx=3&amp;sn=a77c8ff4f149eaf025a6b3ff81647867&amp;chksm=bd62683d8a15e12bfc55314f73c017a7ebe282bc0f4849111ac46d7aa0323bf0d673c6ec71a8&amp;scene=27#wechat_redirect\",\"source_url\":\"\",\"cover\":\"http:\/\/mmbiz.qpic.cn\/mmbiz_jpg\/YTI67xfsN51n2eiceeOWXZddKKRmmg8WnvTy3UrFxoe2oIm97gicY7lKJ9yDlffA6qmibPeS1cFz56LbME48wc2qA\/0?wx_fmt=jpeg\",\"author\":\"IT之家\",\"copyright_stat\":100,\"del_flag\":1,\"item_show_type\":0,\"audio_fileid\":0,\"duration\":0,\"play_url\":\"\",\"malicious_title_reason_id\":0,\"malicious_content_type\":0},{\"title\":\"几个很现实犀利的公众号，句句戳心\",\"digest\":\"荐号\",\"content\":\"\",\"fileid\":0,\"content_url\":\"http:\/\/mp.weixin.qq.com\/s?__biz=MjM5Mzg4NzExMQ==&amp;mid=2651254485&amp;idx=4&amp;sn=521bce277ea6bc00d65a50e97f3b1497&amp;chksm=bd62683d8a15e12b45cb0e572dc1d5d74fc42768f8a8d8bc3274a23de475cd9377b3f5388072&amp;scene=27#wechat_redirect\",\"source_url\":\"\",\"cover\":\"http:\/\/mmbiz.qpic.cn\/mmbiz_jpg\/PBZ7TIiciaib90UNslib1GEoDhJ2wVibYHcWKgaF3T5fzFK08gicyRH3aSx6IBQLS8eNKNchVjkciaiamfDNhticKW4mjLQ\/0?wx_fmt=jpeg\",\"author\":\"荐号\",\"copyright_stat\":100,\"del_flag\":1,\"item_show_type\":0,\"audio_fileid\":0,\"duration\":0,\"play_url\":\"\",\"malicious_title_reason_id\":0,\"malicious_content_type\":0},{\"title\":\"微软骂人，提示变成：请勿TM关闭计算机\",\"digest\":\"都说了不要关闭！\",\"content\":\"\",\"fileid\":0,\"content_url\":\"http:\/\/mp.weixin.qq.com\/s?__biz=MjM5Mzg4NzExMQ==&amp;mid=2651254485&amp;idx=5&amp;sn=94e423097133b2381d8d9f5d28891f28&amp;chksm=bd62683d8a15e12bbac19b036595116ba371b234f5118908a19845efefa5ce9a645800a387a9&amp;scene=27#wechat_redirect\",\"source_url\":\"\",\"cover\":\"http:\/\/mmbiz.qpic.cn\/mmbiz_jpg\/YTI67xfsN51n2eiceeOWXZddKKRmmg8WnIBAJKaRFM3yoxdjH97OQpVqLaJCGRibyibyMjZ0hsVX3s0d3caLSdCkA\/0?wx_fmt=jpeg\",\"author\":\"IT之家\",\"copyright_stat\":100,\"del_flag\":1,\"item_show_type\":0,\"audio_fileid\":0,\"duration\":0,\"play_url\":\"\",\"malicious_title_reason_id\":0,\"malicious_content_type\":0},{\"title\":\"神评 | 这些手机槽点，在高情商的嘴里，反而成了优点\",\"digest\":\"IT之家，看的就是评论\",\"content\":\"\",\"fileid\":503721447,\"content_url\":\"http:\/\/mp.weixin.qq.com\/s?__biz=MjM5Mzg4NzExMQ==&amp;mid=2651254485&amp;idx=6&amp;sn=7aa96cfe944b69ac687388037594fa41&amp;chksm=bd62683d8a15e12ba8e54c530789d078724da74cc3e8ad26bd81a3bca257133fa14c9aeec77b&amp;scene=27#wechat_redirect\",\"source_url\":\"https:\/\/m.ithome.com\/hotcommentm\/\",\"cover\":\"http:\/\/mmbiz.qpic.cn\/mmbiz_jpg\/YTI67xfsN50k8MGah9xNdAWzhqQU2b7kznIkLuW5l4b4m9dAmCMXib2zib0TzUCusohbPT7gND8iacPOO2go7gUPA\/0?wx_fmt=jpeg\",\"author\":\"IT之家\",\"copyright_stat\":100,\"del_flag\":1,\"item_show_type\":0,\"audio_fileid\":0,\"duration\":0,\"play_url\":\"\",\"malicious_title_reason_id\":0,\"malicious_content_type\":0},{\"title\":\"辣榜 | 唯生活与美食不可辜负，友臣红豆酥10元\/盒！\",\"digest\":\"值到家啦~\",\"content\":\"\",\"fileid\":503770792,\"content_url\":\"http:\/\/mp.weixin.qq.com\/s?__biz=MjM5Mzg4NzExMQ==&amp;mid=2651254485&amp;idx=7&amp;sn=c4624c9abf0f11011fa72c67e1f7497e&amp;chksm=bd62683d8a15e12bed4024cbc8472b36eac3e46d0c8c4246c384a01ee9abe10f9d88dcd3d333&amp;scene=27#wechat_redirect\",\"source_url\":\"https:\/\/www.zuihuimai.com\/download\",\"cover\":\"http:\/\/mmbiz.qpic.cn\/mmbiz_jpg\/YTI67xfsN51n2eiceeOWXZddKKRmmg8Wn9vicjstoj1OqPrAn9zdgBY1nLldgGjym0EDn7hpeMDEXd4gXvUuIHLQ\/0?wx_fmt=jpeg\",\"author\":\"辣品\",\"copyright_stat\":100,\"del_flag\":1,\"item_show_type\":0,\"audio_fileid\":0,\"duration\":0,\"play_url\":\"\",\"malicious_title_reason_id\":0,\"malicious_content_type\":0}],\"author\":\"IT之家\",\"copyright_stat\":11,\"duration\":0,\"del_flag\":1,\"item_show_type\":0,\"audio_fileid\":0,\"play_url\":\"\",\"malicious_title_reason_id\":0,\"malicious_content_type\":0}},{\"comm_msg_info\":{\"id\":1000001761,\"type\":49,\"datetime\":1613746681,\"fakeid\":\"2393887111\",\"status\":2,\"content\":\"\"},\"app_msg_ext_info\":{\"title\":\"小米确定造车，股价暴涨，但我并不看好\",\"digest\":\"不看好，但祝福\",\"content\":\"\",\"fileid\":503770670,\"content_url\":\"http:\/\/mp.weixin.qq.com\/s?__biz=MjM5Mzg4NzExMQ==&amp;mid=2651254398&amp;idx=1&amp;sn=60c05ea60705d7facaa027279b528700&amp;chksm=bd6268968a15e180523226db0691764a4cc2aa417fe0a7fd6d377f8ddd77009eaece746a6a80&amp;scene=27#wechat_redirect\",\"source_url\":\"\",\"cover\":\"http:\/\/mmbiz.qpic.cn\/mmbiz_jpg\/YTI67xfsN50MyBIGW0Omia0UZhdrkCcicPsUf2cjnQ3icpm3ic8via4M6n8ppgmutnbcftC6ayJQq7GR7RicmHwiahkhQ\/0?wx_fmt=jpeg\",\"subtype\":9,\"is_multi\":1,\"multi_app_msg_item_list\":[{\"title\":\"圾皇诞生！DxOMark公布屏下摄像手机自拍得分，不忍直视\",\"digest\":\"虽然垃圾，但也是皇\",\"content\":\"\",\"fileid\":0,\"content_url\":\"http:\/\/mp.weixin.qq.com\/s?__biz=MjM5Mzg4NzExMQ==&amp;mid=2651254398&amp;idx=2&amp;sn=2f8184f229ceaa6955e50f642667283b&amp;chksm=bd6268968a15e180d5e6c9bdeafcac47da2f073c3e0291f81ad1449143e16cd3113bd59d39cd&amp;scene=27#wechat_redirect\",\"source_url\":\"\",\"cover\":\"http:\/\/mmbiz.qpic.cn\/mmbiz_jpg\/YTI67xfsN50MyBIGW0Omia0UZhdrkCcicPMcby1TZV6bC5Q7PG7GRbDrC3V59aQwqJfuM8ibeq1YlFr7tgVHsqj5w\/0?wx_fmt=jpeg\",\"author\":\"IT之家\",\"copyright_stat\":100,\"del_flag\":1,\"item_show_type\":0,\"audio_fileid\":0,\"duration\":0,\"play_url\":\"\",\"malicious_title_reason_id\":0,\"malicious_content_type\":0},{\"title\":\"饿了么又道歉了，被指变相克扣骑手奖金\",\"digest\":\"这是耍猴呢，还是遛狗呢？\",\"content\":\"\",\"fileid\":0,\"content_url\":\"http:\/\/mp.weixin.qq.com\/s?__biz=MjM5Mzg4NzExMQ==&amp;mid=2651254398&amp;idx=3&amp;sn=e764215188720ce60620124c0918009c&amp;chksm=bd6268968a15e18011a86c7d00acd1c8e896263253e21928e57188b6d3479b61322c89c23daf&amp;scene=27#wechat_redirect\",\"source_url\":\"\",\"cover\":\"http:\/\/mmbiz.qpic.cn\/mmbiz_jpg\/YTI67xfsN50MyBIGW0Omia0UZhdrkCcicPDYEO1XF1HN4ck3VGa3Enfcz58sOicmZyicteSklkNAsJSmvh89YM3Hew\/0?wx_fmt=jpeg\",\"author\":\"IT之家\",\"copyright_stat\":100,\"del_flag\":1,\"item_show_type\":0,\"audio_fileid\":0,\"duration\":0,\"play_url\":\"\",\"malicious_title_reason_id\":0,\"malicious_content_type\":0},{\"title\":\"浑浑噩噩和认真生活的人，拥有截然不同的人生，这几个优质号里找答案\",\"digest\":\"荐号\",\"content\":\"\",\"fileid\":0,\"content_url\":\"http:\/\/mp.weixin.qq.com\/s?__biz=MjM5Mzg4NzExMQ==&amp;mid=2651254398&amp;idx=4&amp;sn=9c5a5703a51475a06c0810ce06c39246&amp;chksm=bd6268968a15e180e75858f98d9821ae7c59a2b7fb9d4970b1db20135c8c93eb3ad92b676dcd&amp;scene=27#wechat_redirect\",\"source_url\":\"\",\"cover\":\"http:\/\/mmbiz.qpic.cn\/mmbiz_jpg\/PBZ7TIiciaib90UNslib1GEoDhJ2wVibYHcWKtXbG9icP4Y3lWqjkRPHoAIcvYXAQ15rxTqiafhZskGZTPtCQsGV4u3kA\/0?wx_fmt=jpeg\",\"author\":\"荐号\",\"copyright_stat\":100,\"del_flag\":1,\"item_show_type\":0,\"audio_fileid\":0,\"duration\":0,\"play_url\":\"\",\"malicious_title_reason_id\":0,\"malicious_content_type\":0},{\"title\":\"烂片被打低分，导演怒告豆瓣，法院判决大快人心\",\"digest\":\"大败诉！\",\"content\":\"\",\"fileid\":0,\"content_url\":\"http:\/\/mp.weixin.qq.com\/s?__biz=MjM5Mzg4NzExMQ==&amp;mid=2651254398&amp;idx=5&amp;sn=87afcbe9c5ee831eb1a3ac826838c040&amp;chksm=bd6268968a15e180a864531092adda61a0bdc9f3b0d342d34688bc20edfe5dbcc633233c60cc&amp;scene=27#wechat_redirect\",\"source_url\":\"\",\"cover\":\"http:\/\/mmbiz.qpic.cn\/mmbiz_jpg\/YTI67xfsN50MyBIGW0Omia0UZhdrkCcicPCYGnNvtPGwgYybqB2WlkxDAHq0B3yVfGKia9lk4zCMSia4LL1kD1bVAA\/0?wx_fmt=jpeg\",\"author\":\"IT之家\",\"copyright_stat\":100,\"del_flag\":1,\"item_show_type\":0,\"audio_fileid\":0,\"duration\":0,\"play_url\":\"\",\"malicious_title_reason_id\":0,\"malicious_content_type\":0},{\"title\":\"神评 | 微信最强大对手米聊，今天正式凉凉\",\"digest\":\"IT之家，看的就是评论\",\"content\":\"\",\"fileid\":503721447,\"content_url\":\"http:\/\/mp.weixin.qq.com\/s?__biz=MjM5Mzg4NzExMQ==&amp;mid=2651254398&amp;idx=6&amp;sn=803e49a97a50d95444fde4f000adc629&amp;chksm=bd6268968a15e1808d863ef76e2d8c2e153e4ab40d848f79b4baa5ddbedc47631ab53fdbf3bc&amp;scene=27#wechat_redirect\",\"source_url\":\"https:\/\/m.ithome.com\/hotcommentm\/\",\"cover\":\"http:\/\/mmbiz.qpic.cn\/mmbiz_jpg\/YTI67xfsN50k8MGah9xNdAWzhqQU2b7kznIkLuW5l4b4m9dAmCMXib2zib0TzUCusohbPT7gND8iacPOO2go7gUPA\/0?wx_fmt=jpeg\",\"author\":\"IT之家\",\"copyright_stat\":100,\"del_flag\":1,\"item_show_type\":0,\"audio_fileid\":0,\"duration\":0,\"play_url\":\"\",\"malicious_title_reason_id\":0,\"malicious_content_type\":0},{\"title\":\"辣榜 | 林家铺子黄桃罐头，5元\/罐美滋滋~\",\"digest\":\"值到家啦~\",\"content\":\"\",\"fileid\":503770703,\"content_url\":\"http:\/\/mp.weixin.qq.com\/s?__biz=MjM5Mzg4NzExMQ==&amp;mid=2651254398&amp;idx=7&amp;sn=026f42f24335db77eeacaa7ac47587bc&amp;chksm=bd6268968a15e18069ae25520836c793834a8c9f861b3d9832269db1d972416f76f587c29922&amp;scene=27#wechat_redirect\",\"source_url\":\"https:\/\/www.zuihuimai.com\/download\",\"cover\":\"http:\/\/mmbiz.qpic.cn\/mmbiz_jpg\/YTI67xfsN50MyBIGW0Omia0UZhdrkCcicP0AuOrkCTdcFbOetgx6jcAPeEdKxiaONzOXCIYprnDQSia9JKo0529YjA\/0?wx_fmt=jpeg\",\"author\":\"辣品\",\"copyright_stat\":100,\"del_flag\":1,\"item_show_type\":0,\"audio_fileid\":0,\"duration\":0,\"play_url\":\"\",\"malicious_title_reason_id\":0,\"malicious_content_type\":0}],\"author\":\"启人\",\"copyright_stat\":11,\"duration\":0,\"del_flag\":1,\"item_show_type\":0,\"audio_fileid\":0,\"play_url\":\"\",\"malicious_title_reason_id\":0,\"malicious_content_type\":0}},{\"comm_msg_info\":{\"id\":1000001760,\"type\":49,\"datetime\":1613657818,\"fakeid\":\"2393887111\",\"status\":2,\"content\":\"\"},\"app_msg_ext_info\":{\"title\":\"再等等！苹果、华为、小米发布会，全在3月\",\"digest\":\"值得等！\",\"content\":\"\",\"fileid\":503770595,\"content_url\":\"http:\/\/mp.weixin.qq.com\/s?__biz=MjM5Mzg4NzExMQ==&amp;mid=2651254311&amp;idx=1&amp;sn=7f1fb1a6b7662894657256ea8f0efa69&amp;chksm=bd6268cf8a15e1d9f92d4f92ddba49414861c72b27a8d63ad01173909562f7e11c5579dea884&amp;scene=27#wechat_redirect\",\"source_url\":\"\",\"cover\":\"http:\/\/mmbiz.qpic.cn\/mmbiz_jpg\/YTI67xfsN51ZjlLSnKuvWTIgMKHLYELTOF7v0guDoicAxqIjiacTWjxfoojBLNnDTehAyJ7iafmoePjJJMNfmXqFw\/0?wx_fmt=jpeg\",\"subtype\":9,\"is_multi\":1,\"multi_app_msg_item_list\":[{\"title\":\"厂商放弃苹果，纷纷转战安卓，但我要吹爆苹果\",\"digest\":\"666\",\"content\":\"\",\"fileid\":0,\"content_url\":\"http:\/\/mp.weixin.qq.com\/s?__biz=MjM5Mzg4NzExMQ==&amp;mid=2651254311&amp;idx=2&amp;sn=065ba41b9366e5a97d8d1e2dea45a083&amp;chksm=bd6268cf8a15e1d96f43dc7a0c0a75095eb0d54f47ff12c7a4397a7592a397340ae26b4280cc&amp;scene=27#wechat_redirect\",\"source_url\":\"\",\"cover\":\"http:\/\/mmbiz.qpic.cn\/mmbiz_jpg\/YTI67xfsN51ZjlLSnKuvWTIgMKHLYELTdNZZyvXuiaCCpsl6EwAf5uibicghpuh8PnSQR8VYL5wjcVBNpwktI9SSQ\/0?wx_fmt=jpeg\",\"author\":\"IT之家\",\"copyright_stat\":100,\"del_flag\":1,\"item_show_type\":0,\"audio_fileid\":0,\"duration\":0,\"play_url\":\"\",\"malicious_title_reason_id\":0,\"malicious_content_type\":0},{\"title\":\"终于来了，《塞尔达旷野之息2》，今年年内\",\"digest\":\"激动！！！\",\"content\":\"\",\"fileid\":0,\"content_url\":\"http:\/\/mp.weixin.qq.com\/s?__biz=MjM5Mzg4NzExMQ==&amp;mid=2651254311&amp;idx=3&amp;sn=1081f635323de7f6a19fc263c5d8f3ac&amp;chksm=bd6268cf8a15e1d9a11fc15e4d266a5415dc86c95bd99cbda6012da95c7e792b170077f15c2f&amp;scene=27#wechat_redirect\",\"source_url\":\"\",\"cover\":\"http:\/\/mmbiz.qpic.cn\/mmbiz_jpg\/YTI67xfsN51ZjlLSnKuvWTIgMKHLYELTg8H4O2IpvvMtH8jkzSaIG7XkMf8g4lDiaCNMHRLUrgcibTKNUiboSyfIw\/0?wx_fmt=jpeg\",\"author\":\"IT之家\",\"copyright_stat\":100,\"del_flag\":1,\"item_show_type\":0,\"audio_fileid\":0,\"duration\":0,\"play_url\":\"\",\"malicious_title_reason_id\":0,\"malicious_content_type\":0},{\"title\":\"推荐几个影响人生的必读优质号，不容错过\",\"digest\":\"荐号\",\"content\":\"\",\"fileid\":0,\"content_url\":\"http:\/\/mp.weixin.qq.com\/s?__biz=MjM5Mzg4NzExMQ==&amp;mid=2651254311&amp;idx=4&amp;sn=e6548543402db6ef3aadf933e8e7b3a0&amp;chksm=bd6268cf8a15e1d934aa05ff953424eea5813bceedd9750d8e1dc6d31f07ce720b2c3eb38d84&amp;scene=27#wechat_redirect\",\"source_url\":\"\",\"cover\":\"http:\/\/mmbiz.qpic.cn\/mmbiz_jpg\/PBZ7TIiciaib9091AlziaQ7samMzEYRrKMaSLutKwLpafaHDdHNpoNLdM4Qc31RGz5m1iasNhjVVLtSCs6ILWLWLIHg\/0?wx_fmt=jpeg\",\"author\":\"荐号\",\"copyright_stat\":100,\"del_flag\":1,\"item_show_type\":0,\"audio_fileid\":0,\"duration\":0,\"play_url\":\"\",\"malicious_title_reason_id\":0,\"malicious_content_type\":0},{\"title\":\"屏下摄像头手机，要发布了\",\"digest\":\"“我用就是成熟，你用就是不成熟”\",\"content\":\"\",\"fileid\":0,\"content_url\":\"http:\/\/mp.weixin.qq.com\/s?__biz=MjM5Mzg4NzExMQ==&amp;mid=2651254311&amp;idx=5&amp;sn=80a9068813a8fa9c3ceef1a477646f95&amp;chksm=bd6268cf8a15e1d91cb77496f139890d856ef1bf5ce020db6be4b54c5ff0af671d9046e4c48b&amp;scene=27#wechat_redirect\",\"source_url\":\"\",\"cover\":\"http:\/\/mmbiz.qpic.cn\/mmbiz_jpg\/YTI67xfsN51ZjlLSnKuvWTIgMKHLYELTUMbzPcVfbmPY9YLqDwRqmYBpJ7c1PjfWAEoRRTWGXayiaZVz8tyibpnQ\/0?wx_fmt=jpeg\",\"author\":\"IT之家\",\"copyright_stat\":100,\"del_flag\":1,\"item_show_type\":0,\"audio_fileid\":0,\"duration\":0,\"play_url\":\"\",\"malicious_title_reason_id\":0,\"malicious_content_type\":0},{\"title\":\"神评 | 安卓版爱奇艺涨价，求你再加点会员专属广告\",\"digest\":\"IT之家，看的就是评论\",\"content\":\"\",\"fileid\":503721447,\"content_url\":\"http:\/\/mp.weixin.qq.com\/s?__biz=MjM5Mzg4NzExMQ==&amp;mid=2651254311&amp;idx=6&amp;sn=6865ee7c8f9a832bb0997d64e1d13cd3&amp;chksm=bd6268cf8a15e1d99477223d1674d6a5eb7cdc2de1c7b73f48ca0f4f8d8e132230933de5cce7&amp;scene=27#wechat_redirect\",\"source_url\":\"https:\/\/m.ithome.com\/hotcommentm\/\",\"cover\":\"http:\/\/mmbiz.qpic.cn\/mmbiz_jpg\/YTI67xfsN50k8MGah9xNdAWzhqQU2b7kznIkLuW5l4b4m9dAmCMXib2zib0TzUCusohbPT7gND8iacPOO2go7gUPA\/0?wx_fmt=jpeg\",\"author\":\"IT之家\",\"copyright_stat\":100,\"del_flag\":1,\"item_show_type\":0,\"audio_fileid\":0,\"duration\":0,\"play_url\":\"\",\"malicious_title_reason_id\":0,\"malicious_content_type\":0},{\"title\":\"辣榜 | 网易云音乐黑胶VIP年卡96元，新春4.4折大促！\",\"digest\":\"值到家啦~\",\"content\":\"\",\"fileid\":503770629,\"content_url\":\"http:\/\/mp.weixin.qq.com\/s?__biz=MjM5Mzg4NzExMQ==&amp;mid=2651254311&amp;idx=7&amp;sn=c96eb5983196c90d54a011640ea3594a&amp;chksm=bd6268cf8a15e1d921de134c65d8a2072911e2acb57aaa7211f68dfe63315d015502658d0d41&amp;scene=27#wechat_redirect\",\"source_url\":\"https:\/\/www.zuihuimai.com\/download\",\"cover\":\"http:\/\/mmbiz.qpic.cn\/mmbiz_jpg\/YTI67xfsN51ZjlLSnKuvWTIgMKHLYELT826bVibiaaLmOHundnV91yIPdwq5sI4vdrQUicHrCyZWwpkpu66zmKMuQ\/0?wx_fmt=jpeg\",\"author\":\"辣品\",\"copyright_stat\":100,\"del_flag\":1,\"item_show_type\":0,\"audio_fileid\":0,\"duration\":0,\"play_url\":\"\",\"malicious_title_reason_id\":0,\"malicious_content_type\":0}],\"author\":\"启人\",\"copyright_stat\":11,\"duration\":0,\"del_flag\":1,\"item_show_type\":0,\"audio_fileid\":0,\"play_url\":\"\",\"malicious_title_reason_id\":0,\"malicious_content_type\":0}},{\"comm_msg_info\":{\"id\":1000001759,\"type\":49,\"datetime\":1613569800,\"fakeid\":\"2393887111\",\"status\":2,\"content\":\"\"},\"app_msg_ext_info\":{\"title\":\"华为公开南泥湾计划，要养猪了...\",\"digest\":\"都去养猪了\",\"content\":\"\",\"fileid\":503770537,\"content_url\":\"http:\/\/mp.weixin.qq.com\/s?__biz=MjM5Mzg4NzExMQ==&amp;mid=2651254228&amp;idx=1&amp;sn=1aa8e3e5036f3d3afb63749f00f7fb32&amp;chksm=bd626b3c8a15e22aa20f6ef15242c674e79ecb5f4dd6069eca365f153aa41e3cda26b8ec3396&amp;scene=27#wechat_redirect\",\"source_url\":\"\",\"cover\":\"http:\/\/mmbiz.qpic.cn\/mmbiz_jpg\/YTI67xfsN51ia1w3T60rUyggQCLjiaSR4wdp5Aexv115FKHjic0Q7elekaMC3XbjwHzBPczbicTjpLKicwHxHGsmFLw\/0?wx_fmt=jpeg\",\"subtype\":9,\"is_multi\":1,\"multi_app_msg_item_list\":[{\"title\":\"李荣浩吐槽微信，QQ立马拆台\",\"digest\":\"哈哈哈哈\",\"content\":\"\",\"fileid\":503770550,\"content_url\":\"http:\/\/mp.weixin.qq.com\/s?__biz=MjM5Mzg4NzExMQ==&amp;mid=2651254228&amp;idx=2&amp;sn=2441580a1e40d7144172dc1592cc70be&amp;chksm=bd626b3c8a15e22a250db1eefe02714551e333ac6c0da41800608228686016e645219a7dcbee&amp;scene=27#wechat_redirect\",\"source_url\":\"\",\"cover\":\"http:\/\/mmbiz.qpic.cn\/mmbiz_jpg\/YTI67xfsN51ia1w3T60rUyggQCLjiaSR4wDdf01n85HJCbOgGNjDKc9JMr0IickziaXY6pSe1P0NfjPf46SU1Uo2rw\/0?wx_fmt=jpeg\",\"author\":\"IT之家\",\"copyright_stat\":100,\"del_flag\":1,\"item_show_type\":0,\"audio_fileid\":0,\"duration\":0,\"play_url\":\"\",\"malicious_title_reason_id\":0,\"malicious_content_type\":0},{\"title\":\"iPhone售后缩水，不能整机换新了\",\"digest\":\"\",\"content\":\"\",\"fileid\":0,\"content_url\":\"http:\/\/mp.weixin.qq.com\/s?__biz=MjM5Mzg4NzExMQ==&amp;mid=2651254228&amp;idx=4&amp;sn=c5a15ca7bf8301019df04f27264ca19f&amp;chksm=bd626b3c8a15e22a0420698ed87fe256e6d74721de2e52175ab7c31bef883e4890363fa3c2b8&amp;scene=27#wechat_redirect\",\"source_url\":\"\",\"cover\":\"http:\/\/mmbiz.qpic.cn\/mmbiz_jpg\/YTI67xfsN51ia1w3T60rUyggQCLjiaSR4wtYKCozOeBLDXxRdtEQeumoNia2B3a53bxadSpsyzLoRm3lVnI8eXh7A\/0?wx_fmt=jpeg\",\"author\":\"IT之家\",\"copyright_stat\":100,\"del_flag\":1,\"item_show_type\":0,\"audio_fileid\":0,\"duration\":0,\"play_url\":\"\",\"malicious_title_reason_id\":0,\"malicious_content_type\":0},{\"title\":\"神评 | 英特尔明年新品，有望击败友商去年竞品\",\"digest\":\"IT之家，看的就是评论\",\"content\":\"\",\"fileid\":503721447,\"content_url\":\"http:\/\/mp.weixin.qq.com\/s?__biz=MjM5Mzg4NzExMQ==&amp;mid=2651254228&amp;idx=5&amp;sn=b539d0b80eb201d13ba4c730b53ff67f&amp;chksm=bd626b3c8a15e22a374985739fbb60d59f48a39798ecd550cf8a7f6e1463a8a976e86f85f984&amp;scene=27#wechat_redirect\",\"source_url\":\"https:\/\/m.ithome.com\/hotcommentm\/\",\"cover\":\"http:\/\/mmbiz.qpic.cn\/mmbiz_jpg\/YTI67xfsN50k8MGah9xNdAWzhqQU2b7kznIkLuW5l4b4m9dAmCMXib2zib0TzUCusohbPT7gND8iacPOO2go7gUPA\/0?wx_fmt=jpeg\",\"author\":\"IT之家\",\"copyright_stat\":100,\"del_flag\":1,\"item_show_type\":0,\"audio_fileid\":0,\"duration\":0,\"play_url\":\"\",\"malicious_title_reason_id\":0,\"malicious_content_type\":0},{\"title\":\"辣榜 | 奥妙洗衣凝珠，每颗仅需0.8元\",\"digest\":\"值到家啦~\",\"content\":\"\",\"fileid\":503770532,\"content_url\":\"http:\/\/mp.weixin.qq.com\/s?__biz=MjM5Mzg4NzExMQ==&amp;mid=2651254228&amp;idx=6&amp;sn=7b544063e64c1f8176970e70cefbc228&amp;chksm=bd626b3c8a15e22a6838149b6112046b3ee9157dac029e6a81a17bd90f2e6b6fd5ef0d85bd8b&amp;scene=27#wechat_redirect\",\"source_url\":\"https:\/\/www.zuihuimai.com\/download\",\"cover\":\"http:\/\/mmbiz.qpic.cn\/mmbiz_jpg\/YTI67xfsN51ia1w3T60rUyggQCLjiaSR4w01vmYLf3bvnuvKfr2AHzqQH22klsn6zE2hJX4Luxn7Frt2NfXNbYtg\/0?wx_fmt=jpeg\",\"author\":\"辣品\",\"copyright_stat\":100,\"del_flag\":1,\"item_show_type\":0,\"audio_fileid\":0,\"duration\":0,\"play_url\":\"\",\"malicious_title_reason_id\":0,\"malicious_content_type\":0}],\"author\":\"IT之家\",\"copyright_stat\":100,\"duration\":0,\"del_flag\":1,\"item_show_type\":0,\"audio_fileid\":0,\"play_url\":\"\",\"malicious_title_reason_id\":0,\"malicious_content_type\":0}},{\"comm_msg_info\":{\"id\":1000001758,\"type\":49,\"datetime\":1613137030,\"fakeid\":\"2393887111\",\"status\":2,\"content\":\"\"},\"app_msg_ext_info\":{\"title\":\"小米11 Ultra视频泄密：120倍变焦+背部副屏\",\"digest\":\"这外观...\",\"content\":\"\",\"fileid\":503770375,\"content_url\":\"http:\/\/mp.weixin.qq.com\/s?__biz=MjM5Mzg4NzExMQ==&amp;mid=2651254107&amp;idx=1&amp;sn=3c5f98be602191ce4c25c571ce3bc27b&amp;chksm=bd626bb38a15e2a54429c0d99db78cfc4cb30697ed9eb9db99b5362cfa9206f94bdd161c09ca&amp;scene=27#wechat_redirect\",\"source_url\":\"\",\"cover\":\"http:\/\/mmbiz.qpic.cn\/mmbiz_jpg\/YTI67xfsN52s7qMHWm3HIyicDZbGduosZZyStDYUb0mEVFLxibemmvQAwdIaF3J9YZ2vj31dy7Qtg5UQzmnHDJqQ\/0?wx_fmt=jpeg\",\"subtype\":9,\"is_multi\":1,\"multi_app_msg_item_list\":[{\"title\":\"呵呵，网友中 “清空购物车”大奖，但只有一个8.5元蒸架\",\"digest\":\"啧啧啧\",\"content\":\"\",\"fileid\":0,\"content_url\":\"http:\/\/mp.weixin.qq.com\/s?__biz=MjM5Mzg4NzExMQ==&amp;mid=2651254107&amp;idx=2&amp;sn=717836e26f7139d97481e32007dd0cb4&amp;chksm=bd626bb38a15e2a5297a001760e51843cfccc2a9352a5071ebdb9575668f3c8cfdec7827ad9a&amp;scene=27#wechat_redirect\",\"source_url\":\"\",\"cover\":\"http:\/\/mmbiz.qpic.cn\/mmbiz_jpg\/YTI67xfsN52s7qMHWm3HIyicDZbGduosZY3l5fl6LcJ8jM3ibxBJicgHZAjrf1cKFwUqDcjUyUFD2PTYgbVHA0DzQ\/0?wx_fmt=jpeg\",\"author\":\"IT之家\",\"copyright_stat\":100,\"del_flag\":1,\"item_show_type\":0,\"audio_fileid\":0,\"duration\":0,\"play_url\":\"\",\"malicious_title_reason_id\":0,\"malicious_content_type\":0},{\"title\":\"英特尔急了，疯狂科普苹果M1电脑的缺点\",\"digest\":\"哈哈哈哈哈\",\"content\":\"\",\"fileid\":0,\"content_url\":\"http:\/\/mp.weixin.qq.com\/s?__biz=MjM5Mzg4NzExMQ==&amp;mid=2651254107&amp;idx=3&amp;sn=1c2024baf52123864cdcaf72fff75e05&amp;chksm=bd626bb38a15e2a577101b75c5a8659fd8c87ea4ccf8201e772e2597aaa4d23c91edf57cd41f&amp;scene=27#wechat_redirect\",\"source_url\":\"\",\"cover\":\"http:\/\/mmbiz.qpic.cn\/mmbiz_jpg\/YTI67xfsN52s7qMHWm3HIyicDZbGduosZf08Uz1jsHZQViaX7hSN7ibU3g7XpVFwk0R5WT0aVfwskiatOcuHnzgkCA\/0?wx_fmt=jpeg\",\"author\":\"IT之家\",\"copyright_stat\":100,\"del_flag\":1,\"item_show_type\":0,\"audio_fileid\":0,\"duration\":0,\"play_url\":\"\",\"malicious_title_reason_id\":0,\"malicious_content_type\":0},{\"title\":\"仅重999克！LG Gram 2021电脑开售，7499起\",\"digest\":\"轻就是生产力\",\"content\":\"\",\"fileid\":0,\"content_url\":\"http:\/\/mp.weixin.qq.com\/s?__biz=MjM5Mzg4NzExMQ==&amp;mid=2651254107&amp;idx=4&amp;sn=01225c1b6079508f4b23f8a1185eab87&amp;chksm=bd626bb38a15e2a59c69e2bc2e5749ca1762b573458ae69fea87ccaaf82cf2d55bc6d69724e4&amp;scene=27#wechat_redirect\",\"source_url\":\"\",\"cover\":\"http:\/\/mmbiz.qpic.cn\/mmbiz_jpg\/YTI67xfsN52s7qMHWm3HIyicDZbGduosZtnJvqc3mtmicnJcibo0JxphIXeVI0iaSiagVfSgvtXZe9Az7VE8jhonibbw\/0?wx_fmt=jpeg\",\"author\":\"IT之家\",\"copyright_stat\":100,\"del_flag\":1,\"item_show_type\":0,\"audio_fileid\":0,\"duration\":0,\"play_url\":\"\",\"malicious_title_reason_id\":0,\"malicious_content_type\":0},{\"title\":\"神评 | 支付宝集五福才给1.58元，还不够流量费\",\"digest\":\"IT之家，看的就是评论\",\"content\":\"\",\"fileid\":503721447,\"content_url\":\"http:\/\/mp.weixin.qq.com\/s?__biz=MjM5Mzg4NzExMQ==&amp;mid=2651254107&amp;idx=5&amp;sn=b4b3dbe8ff2f945df5898a14303b6788&amp;chksm=bd626bb38a15e2a580a2297dade971add993984823adacf0a4bdc5fc8110693103e3d0acf7b6&amp;scene=27#wechat_redirect\",\"source_url\":\"https:\/\/m.ithome.com\/hotcommentm\/\",\"cover\":\"http:\/\/mmbiz.qpic.cn\/mmbiz_jpg\/YTI67xfsN50k8MGah9xNdAWzhqQU2b7kznIkLuW5l4b4m9dAmCMXib2zib0TzUCusohbPT7gND8iacPOO2go7gUPA\/0?wx_fmt=jpeg\",\"author\":\"IT之家\",\"copyright_stat\":100,\"del_flag\":1,\"item_show_type\":0,\"audio_fileid\":0,\"duration\":0,\"play_url\":\"\",\"malicious_title_reason_id\":0,\"malicious_content_type\":0},{\"title\":\"辣榜 |  大牌40支笔芯+6支笔，仅需5.9元！\",\"digest\":\"值到家啦~\",\"content\":\"\",\"fileid\":503770428,\"content_url\":\"http:\/\/mp.weixin.qq.com\/s?__biz=MjM5Mzg4NzExMQ==&amp;mid=2651254107&amp;idx=6&amp;sn=f39fbb7fa3ba56796b29255da768222f&amp;chksm=bd626bb38a15e2a59af5eae2229cedee0a3d3c0148095c6529c6b0a6eb69e777b0a960effc80&amp;scene=27#wechat_redirect\",\"source_url\":\"https:\/\/www.zuihuimai.com\/download\",\"cover\":\"http:\/\/mmbiz.qpic.cn\/mmbiz_jpg\/YTI67xfsN52s7qMHWm3HIyicDZbGduosZa6QDcV5MgbiaC9fiaanHFgCDL0pcGQhgKPqRgCIX85TibTsibctUueSyQA\/0?wx_fmt=jpeg\",\"author\":\"辣品\",\"copyright_stat\":100,\"del_flag\":1,\"item_show_type\":0,\"audio_fileid\":0,\"duration\":0,\"play_url\":\"\",\"malicious_title_reason_id\":0,\"malicious_content_type\":0}],\"author\":\"IT之家\",\"copyright_stat\":100,\"duration\":0,\"del_flag\":1,\"item_show_type\":0,\"audio_fileid\":0,\"play_url\":\"\",\"malicious_title_reason_id\":0,\"malicious_content_type\":0}},{\"comm_msg_info\":{\"id\":1000001757,\"type\":49,\"datetime\":1613051519,\"fakeid\":\"2393887111\",\"status\":2,\"content\":\"\"},\"app_msg_ext_info\":{\"title\":\"百度网盘摊事，以后这些文件，都不能分享\",\"digest\":\"版权变成刀了\",\"content\":\"\",\"fileid\":0,\"content_url\":\"http:\/\/mp.weixin.qq.com\/s?__biz=MjM5Mzg4NzExMQ==&amp;mid=2651254021&amp;idx=1&amp;sn=a5544b26a80ad152bd59eb0542bb4302&amp;chksm=bd626bed8a15e2fba82c69ea4913f588d5d897ced96f0c2c1218ca5768f0305f9f7c78b4f190&amp;scene=27#wechat_redirect\",\"source_url\":\"\",\"cover\":\"http:\/\/mmbiz.qpic.cn\/mmbiz_jpg\/YTI67xfsN52PlUMoPXzjHSiaiaMWIcbLKJzJyNQCBBk3UbHn5OqTvSfMd6icJAvnMib4U6j8vbj2zQ49pQXZricMUOg\/0?wx_fmt=jpeg\",\"subtype\":9,\"is_multi\":1,\"multi_app_msg_item_list\":[{\"title\":\"买前要三思！苹果电脑不再支持安装iPhone App\",\"digest\":\"有意思\",\"content\":\"\",\"fileid\":0,\"content_url\":\"http:\/\/mp.weixin.qq.com\/s?__biz=MjM5Mzg4NzExMQ==&amp;mid=2651254021&amp;idx=2&amp;sn=a4531efc720915ce6902ff929036a003&amp;chksm=bd626bed8a15e2fb45e42a256853c9c2766855231b4c835cd90b9035e79b32c4c1032e921750&amp;scene=27#wechat_redirect\",\"source_url\":\"\",\"cover\":\"http:\/\/mmbiz.qpic.cn\/mmbiz_jpg\/YTI67xfsN52PlUMoPXzjHSiaiaMWIcbLKJo4I6tExfVm9iaPesCb6RTWZQzea9REQbcibUxibBoQw7UGSGQjxicxtu9Q\/0?wx_fmt=jpeg\",\"author\":\"IT之家\",\"copyright_stat\":100,\"del_flag\":1,\"item_show_type\":0,\"audio_fileid\":0,\"duration\":0,\"play_url\":\"\",\"malicious_title_reason_id\":0,\"malicious_content_type\":0},{\"title\":\"首批Android 12系统截图曝光：视觉大变，有点像iOS\",\"digest\":\".\",\"content\":\"\",\"fileid\":0,\"content_url\":\"http:\/\/mp.weixin.qq.com\/s?__biz=MjM5Mzg4NzExMQ==&amp;mid=2651254021&amp;idx=3&amp;sn=74d6d4f467b952cdcd1606e403fdeae7&amp;chksm=bd626bed8a15e2fb5470af9af772157fdeecf6fba92364fc9ac1856e9b04c2b721d553cb787a&amp;scene=27#wechat_redirect\",\"source_url\":\"\",\"cover\":\"http:\/\/mmbiz.qpic.cn\/mmbiz_jpg\/YTI67xfsN52PlUMoPXzjHSiaiaMWIcbLKJ3LtqnmQnD5hPIyGpD17Ne2tsZE1VBMbic30LV4noxF6Gf7zdw2KlPmw\/0?wx_fmt=jpeg\",\"author\":\"IT之家\",\"copyright_stat\":100,\"del_flag\":1,\"item_show_type\":0,\"audio_fileid\":0,\"duration\":0,\"play_url\":\"\",\"malicious_title_reason_id\":0,\"malicious_content_type\":0},{\"title\":\"一加9 Pro，确认哈苏加持四摄\",\"digest\":\"就等这款了\",\"content\":\"\",\"fileid\":0,\"content_url\":\"http:\/\/mp.weixin.qq.com\/s?__biz=MjM5Mzg4NzExMQ==&amp;mid=2651254021&amp;idx=4&amp;sn=aaac91e96a10e24e5ebfa3a8a6799de4&amp;chksm=bd626bed8a15e2fb85d03c66d3223fa6d89c0149251e4ad63d2ea1e30ab5ea7f159d2ed6c340&amp;scene=27#wechat_redirect\",\"source_url\":\"\",\"cover\":\"http:\/\/mmbiz.qpic.cn\/mmbiz_jpg\/YTI67xfsN52PlUMoPXzjHSiaiaMWIcbLKJHJd96vCLSKrSRpT4ticXZuMwrVHWzMFYiaJOcJjpqC4s4z92bZeLtMag\/0?wx_fmt=jpeg\",\"author\":\"IT之家\",\"copyright_stat\":100,\"del_flag\":1,\"item_show_type\":0,\"audio_fileid\":0,\"duration\":0,\"play_url\":\"\",\"malicious_title_reason_id\":0,\"malicious_content_type\":0},{\"title\":\"神评 | 拼多多上线iPhone 12半价抢活动，到手2899元\",\"digest\":\"IT之家，看的就是评论\",\"content\":\"\",\"fileid\":503721447,\"content_url\":\"http:\/\/mp.weixin.qq.com\/s?__biz=MjM5Mzg4NzExMQ==&amp;mid=2651254021&amp;idx=5&amp;sn=6e12c3b2a021b90f84829f05b6ff73cd&amp;chksm=bd626bed8a15e2fb8db338b9446d517e64a915aedb6176c6fd3cee010cb39b1a5029b89c937e&amp;scene=27#wechat_redirect\",\"source_url\":\"https:\/\/m.ithome.com\/hotcommentm\/\",\"cover\":\"http:\/\/mmbiz.qpic.cn\/mmbiz_jpg\/YTI67xfsN50k8MGah9xNdAWzhqQU2b7kznIkLuW5l4b4m9dAmCMXib2zib0TzUCusohbPT7gND8iacPOO2go7gUPA\/0?wx_fmt=jpeg\",\"author\":\"IT之家\",\"copyright_stat\":100,\"del_flag\":1,\"item_show_type\":0,\"audio_fileid\":0,\"duration\":0,\"play_url\":\"\",\"malicious_title_reason_id\":0,\"malicious_content_type\":0},{\"title\":\"辣榜 | 18888元微信免费提现券，速领！\",\"digest\":\"值到家啦~\",\"content\":\"\",\"fileid\":503770371,\"content_url\":\"http:\/\/mp.weixin.qq.com\/s?__biz=MjM5Mzg4NzExMQ==&amp;mid=2651254021&amp;idx=6&amp;sn=6f18774e97d081e07630e8a0f47ba3da&amp;chksm=bd626bed8a15e2fbdd241779a5433b92432bb0223c5e8b153d0fb51ce5ec46cc6c17f1e87eeb&amp;scene=27#wechat_redirect\",\"source_url\":\"https:\/\/www.zuihuimai.com\/download\",\"cover\":\"http:\/\/mmbiz.qpic.cn\/mmbiz_jpg\/YTI67xfsN52PlUMoPXzjHSiaiaMWIcbLKJia7jgduZEMMOCUmo1QauUuq39OAlesdg45l8zo0iajYLyr2ibDj90Uib0g\/0?wx_fmt=jpeg\",\"author\":\"\",\"copyright_stat\":100,\"del_flag\":1,\"item_show_type\":0,\"audio_fileid\":0,\"duration\":0,\"play_url\":\"\",\"malicious_title_reason_id\":0,\"malicious_content_type\":0}],\"author\":\"IT之家\",\"copyright_stat\":100,\"duration\":0,\"del_flag\":1,\"item_show_type\":0,\"audio_fileid\":0,\"play_url\":\"\",\"malicious_title_reason_id\":0,\"malicious_content_type\":0}},{\"comm_msg_info\":{\"id\":1000001756,\"type\":49,\"datetime\":1612968129,\"fakeid\":\"2393887111\",\"status\":2,\"content\":\"\"},\"app_msg_ext_info\":{\"title\":\"B站作品被指侮辱女性，被品牌联合拉黑，下架了\",\"digest\":\"啧啧啧\",\"content\":\"\",\"fileid\":0,\"content_url\":\"http:\/\/mp.weixin.qq.com\/s?__biz=MjM5Mzg4NzExMQ==&amp;mid=2651253950&amp;idx=1&amp;sn=8cbc062da40e67376d0a4f7b637404b0&amp;chksm=bd626a568a15e34051157e0711032cd4e09756ed2c13856e50e9e4c4646f0e3c23b022744863&amp;scene=27#wechat_redirect\",\"source_url\":\"\",\"cover\":\"http:\/\/mmbiz.qpic.cn\/mmbiz_jpg\/YTI67xfsN53LXhR2TTbt6UUXqGs92lx3xVN8ibANrgVuicmD6e8wnof9QJAb9ZD6IzQIvyr0Km5zn7ILDguOMmWQ\/0?wx_fmt=jpeg\",\"subtype\":9,\"is_multi\":1,\"multi_app_msg_item_list\":[{\"title\":\"高通骁龙X65基带正式发布：4nm工艺，全球首支持10Gbps 5G，今年新手机将搭载\",\"digest\":\"厉害了\",\"content\":\"\",\"fileid\":0,\"content_url\":\"http:\/\/mp.weixin.qq.com\/s?__biz=MjM5Mzg4NzExMQ==&amp;mid=2651253950&amp;idx=2&amp;sn=a0a0ef828d82e1e750db8a829fe159fd&amp;chksm=bd626a568a15e340e28b4f0602dc12f8a6a73dd8809668535ab3afe6bf7ef7944690fd193e37&amp;scene=27#wechat_redirect\",\"source_url\":\"\",\"cover\":\"http:\/\/mmbiz.qpic.cn\/mmbiz_jpg\/YTI67xfsN53LXhR2TTbt6UUXqGs92lx3ZR7LusVd6Qlib2PckEkMHkicbCB2ebWGFLMvDsTOZ0fzJ57WUKlexM9w\/0?wx_fmt=jpeg\",\"author\":\"IT之家\",\"copyright_stat\":100,\"del_flag\":1,\"item_show_type\":0,\"audio_fileid\":0,\"duration\":0,\"play_url\":\"\",\"malicious_title_reason_id\":0,\"malicious_content_type\":0},{\"title\":\"别骂了，卢伟冰也知道红米K40照片丑\",\"digest\":\"哈哈哈哈哈\",\"content\":\"\",\"fileid\":0,\"content_url\":\"http:\/\/mp.weixin.qq.com\/s?__biz=MjM5Mzg4NzExMQ==&amp;mid=2651253950&amp;idx=3&amp;sn=5b3a2445284540d67330939884f35fad&amp;chksm=bd626a568a15e34097388f8c24f91b6c7649b3281239cb0e4dedd135d5ea26e08d1c3beb1b2e&amp;scene=27#wechat_redirect\",\"source_url\":\"\",\"cover\":\"http:\/\/mmbiz.qpic.cn\/mmbiz_jpg\/YTI67xfsN53LXhR2TTbt6UUXqGs92lx3Y69h9LxehSZ37reMxLdhg4W4PnjUeCHh0wvuWbCTTzLcJrAibZ8elDg\/0?wx_fmt=jpeg\",\"author\":\"IT之家\",\"copyright_stat\":100,\"del_flag\":1,\"item_show_type\":0,\"audio_fileid\":0,\"duration\":0,\"play_url\":\"\",\"malicious_title_reason_id\":0,\"malicious_content_type\":0},{\"title\":\"微博2天7亿阅读，千万人熬夜通宵都在干嘛\",\"digest\":\"荐号\",\"content\":\"\",\"fileid\":0,\"content_url\":\"http:\/\/mp.weixin.qq.com\/s?__biz=MjM5Mzg4NzExMQ==&amp;mid=2651253950&amp;idx=4&amp;sn=49e0d3a098a727d75dde72e67221809b&amp;chksm=bd626a568a15e34068d247f6b4b2ed6d01dac94002fb7c7ee0aed7d754145611c3db93a2dc65&amp;scene=27#wechat_redirect\",\"source_url\":\"\",\"cover\":\"http:\/\/mmbiz.qpic.cn\/mmbiz_jpg\/YTI67xfsN53LXhR2TTbt6UUXqGs92lx35c9uxcQlkwV3VMYvcmRc2iaKbWd8aOCEpBGJNsF3VYVzsjqxyPJfPBg\/0?wx_fmt=jpeg\",\"author\":\"荐号\",\"copyright_stat\":100,\"del_flag\":1,\"item_show_type\":0,\"audio_fileid\":0,\"duration\":0,\"play_url\":\"\",\"malicious_title_reason_id\":0,\"malicious_content_type\":0},{\"title\":\"小屏叫好不叫座，iPhone 12 mini销量扑街，可能停产\",\"digest\":\"终究是错付了\",\"content\":\"\",\"fileid\":0,\"content_url\":\"http:\/\/mp.weixin.qq.com\/s?__biz=MjM5Mzg4NzExMQ==&amp;mid=2651253950&amp;idx=5&amp;sn=a9b806337bb4a40f1a374c83a74ccdf3&amp;chksm=bd626a568a15e3403739a41e611e3b10c5ddb0ed373dad614a3d908c5d550fc831f3bd93a7c2&amp;scene=27#wechat_redirect\",\"source_url\":\"\",\"cover\":\"http:\/\/mmbiz.qpic.cn\/mmbiz_jpg\/YTI67xfsN53LXhR2TTbt6UUXqGs92lx3q9bkGnthSF0wN7ibZeMmj9YGRvBqtu2T6ETg0O01uOR1M68KVJJIOfA\/0?wx_fmt=jpeg\",\"author\":\"IT之家\",\"copyright_stat\":100,\"del_flag\":1,\"item_show_type\":0,\"audio_fileid\":0,\"duration\":0,\"play_url\":\"\",\"malicious_title_reason_id\":0,\"malicious_content_type\":0},{\"title\":\"神评 | 这俩公司，是来蹭热度的吧...\",\"digest\":\"IT之家，看的就是评论\",\"content\":\"\",\"fileid\":503721447,\"content_url\":\"http:\/\/mp.weixin.qq.com\/s?__biz=MjM5Mzg4NzExMQ==&amp;mid=2651253950&amp;idx=6&amp;sn=300169ea362ad084d9bd7fadb4e8f571&amp;chksm=bd626a568a15e3407ab271a0683cdc1cdceb5194ede4abdeda0884ca852aed71fddf6726b337&amp;scene=27#wechat_redirect\",\"source_url\":\"https:\/\/m.ithome.com\/hotcommentm\/\",\"cover\":\"http:\/\/mmbiz.qpic.cn\/mmbiz_jpg\/YTI67xfsN50k8MGah9xNdAWzhqQU2b7kznIkLuW5l4b4m9dAmCMXib2zib0TzUCusohbPT7gND8iacPOO2go7gUPA\/0?wx_fmt=jpeg\",\"author\":\"IT之家\",\"copyright_stat\":100,\"del_flag\":1,\"item_show_type\":0,\"audio_fileid\":0,\"duration\":0,\"play_url\":\"\",\"malicious_title_reason_id\":0,\"malicious_content_type\":0},{\"title\":\"辣榜 | 四大名著全套精装版，仅需26元！\",\"digest\":\"值到家啦~\",\"content\":\"\",\"fileid\":503770228,\"content_url\":\"http:\/\/mp.weixin.qq.com\/s?__biz=MjM5Mzg4NzExMQ==&amp;mid=2651253950&amp;idx=7&amp;sn=ea284171e992d522ca4f907d2faa0d6a&amp;chksm=bd626a568a15e340bbc096fa5ec3d5f46f5395c47c51c3e230a8775b3c0fdefeddbd16a8c355&amp;scene=27#wechat_redirect\",\"source_url\":\"https:\/\/www.zuihuimai.com\/download\",\"cover\":\"http:\/\/mmbiz.qpic.cn\/mmbiz_jpg\/YTI67xfsN53LXhR2TTbt6UUXqGs92lx3FgXJT8IFvUiabhBs6kY69XicibNUhO2LGnic8NA7EXovwk9K327kttckJg\/0?wx_fmt=jpeg\",\"author\":\"辣品\",\"copyright_stat\":100,\"del_flag\":1,\"item_show_type\":0,\"audio_fileid\":0,\"duration\":0,\"play_url\":\"\",\"malicious_title_reason_id\":0,\"malicious_content_type\":0}],\"author\":\"IT之家\",\"copyright_stat\":100,\"duration\":0,\"del_flag\":1,\"item_show_type\":0,\"audio_fileid\":0,\"play_url\":\"\",\"malicious_title_reason_id\":0,\"malicious_content_type\":0}},{\"comm_msg_info\":{\"id\":1000001755,\"type\":49,\"datetime\":1612879080,\"fakeid\":\"2393887111\",\"status\":2,\"content\":\"\"},\"app_msg_ext_info\":{\"title\":\"今年春节一定要玩的6款手游，全部支持手柄！\",\"digest\":\"在【IT之家】微信公众号回复【手柄】即可获得全部下载链接~（放心，不用手柄也能玩）\",\"content\":\"\",\"fileid\":0,\"content_url\":\"http:\/\/mp.weixin.qq.com\/s?__biz=MjM5Mzg4NzExMQ==&amp;mid=2651253852&amp;idx=1&amp;sn=0e34a4fb03960d00c7790a160711fe7e&amp;chksm=bd626ab48a15e3a2394e9c806ef371b4950708337e4dc9c0c8827e8eac38e475c70e280245b0&amp;scene=27#wechat_redirect\",\"source_url\":\"\",\"cover\":\"http:\/\/puui.qpic.cn\/vpic\/0\/i3227nli3cj.png\/0\",\"subtype\":9,\"is_multi\":1,\"multi_app_msg_item_list\":[{\"title\":\"笔记本行业开启新十年，如何抢先2021第一波红利？\",\"digest\":\"笔记本市场，还有很多可挖掘机会\",\"content\":\"\",\"fileid\":0,\"content_url\":\"http:\/\/mp.weixin.qq.com\/s?__biz=MjM5Mzg4NzExMQ==&amp;mid=2651253852&amp;idx=2&amp;sn=2328a45befbc861efb5f227fa9818bfb&amp;chksm=bd626ab48a15e3a2a0171de1d86a70627f48392b8d00e2dc0d4f5eed051649e2737bbe56609b&amp;scene=27#wechat_redirect\",\"source_url\":\"\",\"cover\":\"http:\/\/mmbiz.qpic.cn\/mmbiz_jpg\/YTI67xfsN50FGKUQ5p5dGN3ib6OZ4oSkDEuHd2AOXibmzTwms13QmL8uYEE3A307ZEAFYSKichoODu8YghriaPr5dw\/0?wx_fmt=jpeg\",\"author\":\"IT之家\",\"copyright_stat\":11,\"del_flag\":1,\"item_show_type\":0,\"audio_fileid\":0,\"duration\":0,\"play_url\":\"\",\"malicious_title_reason_id\":0,\"malicious_content_type\":0},{\"title\":\"春节限时：微信发 “新年快乐”等触发表情雨，可获得随机红包封面\",\"digest\":\"有意思了\",\"content\":\"\",\"fileid\":0,\"content_url\":\"http:\/\/mp.weixin.qq.com\/s?__biz=MjM5Mzg4NzExMQ==&amp;mid=2651253852&amp;idx=3&amp;sn=904e40ed2a0ab9266332b4dd6d829c50&amp;chksm=bd626ab48a15e3a2b71c39902063f95eb5f843fc6ab1e310f041280f882ed500fc9825505975&amp;scene=27#wechat_redirect\",\"source_url\":\"\",\"cover\":\"http:\/\/mmbiz.qpic.cn\/mmbiz_jpg\/YTI67xfsN50SkK96uyviat0OJDOOe4KMzib8VdicBt668beEmWicib4P0u1OjSWUgOeQRHqwe6ico1MrAJBicnHODlBqg\/0?wx_fmt=jpeg\",\"author\":\"IT之家\",\"copyright_stat\":100,\"del_flag\":1,\"item_show_type\":0,\"audio_fileid\":0,\"duration\":0,\"play_url\":\"\",\"malicious_title_reason_id\":0,\"malicious_content_type\":0},{\"title\":\"重磅：2021值得一看的几个宝藏公众号，都在这里了\",\"digest\":\"荐号\",\"content\":\"\",\"fileid\":0,\"content_url\":\"http:\/\/mp.weixin.qq.com\/s?__biz=MjM5Mzg4NzExMQ==&amp;mid=2651253852&amp;idx=4&amp;sn=6752a3b96341308273bd8fd994845d3e&amp;chksm=bd626ab48a15e3a289c2aca89f9ae2816add1bd841f0fac89305d3b85c2fd4100cdb2c628d84&amp;scene=27#wechat_redirect\",\"source_url\":\"\",\"cover\":\"http:\/\/mmbiz.qpic.cn\/mmbiz_jpg\/YTI67xfsN50SkK96uyviat0OJDOOe4KMzc8gNsXEibvcdib6fC8IyBxI16SPA5nxicElhe9tOPHlwiahYmHlCB93cNw\/0?wx_fmt=jpeg\",\"author\":\"荐号\",\"copyright_stat\":100,\"del_flag\":1,\"item_show_type\":0,\"audio_fileid\":0,\"duration\":0,\"play_url\":\"\",\"malicious_title_reason_id\":0,\"malicious_content_type\":0},{\"title\":\"特斯拉甩锅“遭报应”，被中国5部门约谈，秒怂\",\"digest\":\"棒\",\"content\":\"\",\"fileid\":0,\"content_url\":\"http:\/\/mp.weixin.qq.com\/s?__biz=MjM5Mzg4NzExMQ==&amp;mid=2651253852&amp;idx=5&amp;sn=043b83b2a67c00ae1d9decfcbb6be55c&amp;chksm=bd626ab48a15e3a20c36430f19772ed8a0d453168a7c6908e4f9dea4a9a6b8f7ed59a6daec6d&amp;scene=27#wechat_redirect\",\"source_url\":\"\",\"cover\":\"http:\/\/mmbiz.qpic.cn\/mmbiz_jpg\/YTI67xfsN50SkK96uyviat0OJDOOe4KMzM6w7OSTObsdFiabibDTgQYSekmUb3wTPBPMmSwB03Xn0FQcfseYcr9VA\/0?wx_fmt=jpeg\",\"author\":\"IT之家\",\"copyright_stat\":100,\"del_flag\":1,\"item_show_type\":0,\"audio_fileid\":0,\"duration\":0,\"play_url\":\"\",\"malicious_title_reason_id\":0,\"malicious_content_type\":0},{\"title\":\"神评 | 你的年终奖发多少钱？\",\"digest\":\"IT之家，看的就是评论\",\"content\":\"\",\"fileid\":503721447,\"content_url\":\"http:\/\/mp.weixin.qq.com\/s?__biz=MjM5Mzg4NzExMQ==&amp;mid=2651253852&amp;idx=6&amp;sn=f088cd28794dadb7a597a1c8fec12368&amp;chksm=bd626ab48a15e3a275c0d667d6a42bc40a13aa7b8a65fe5fc3c02cd28c0c20ba1505af3ea388&amp;scene=27#wechat_redirect\",\"source_url\":\"https:\/\/m.ithome.com\/hotcommentm\/\",\"cover\":\"http:\/\/mmbiz.qpic.cn\/mmbiz_jpg\/YTI67xfsN50k8MGah9xNdAWzhqQU2b7kznIkLuW5l4b4m9dAmCMXib2zib0TzUCusohbPT7gND8iacPOO2go7gUPA\/0?wx_fmt=jpeg\",\"author\":\"IT之家\",\"copyright_stat\":100,\"del_flag\":1,\"item_show_type\":0,\"audio_fileid\":0,\"duration\":0,\"play_url\":\"\",\"malicious_title_reason_id\":0,\"malicious_content_type\":0},{\"title\":\"辣榜 | 童年的味道，北冰洋5.6折大促\",\"digest\":\"值到家啦~\",\"content\":\"\",\"fileid\":503770168,\"content_url\":\"http:\/\/mp.weixin.qq.com\/s?__biz=MjM5Mzg4NzExMQ==&amp;mid=2651253852&amp;idx=7&amp;sn=80c59207f9640627f5d0387ad0271599&amp;chksm=bd626ab48a15e3a2010986d0c929a491315807d491122c00c4f6b338fac5a3f0fd6b76319242&amp;scene=27#wechat_redirect\",\"source_url\":\"https:\/\/www.zuihuimai.com\/download\",\"cover\":\"http:\/\/mmbiz.qpic.cn\/mmbiz_jpg\/YTI67xfsN50SkK96uyviat0OJDOOe4KMzFibfLuHHp9hmuBUo4ZJMibiarfW2slHRiaym3eicIxX1RPGWuXlbq2hu7yA\/0?wx_fmt=jpeg\",\"author\":\"辣品\",\"copyright_stat\":100,\"del_flag\":1,\"item_show_type\":0,\"audio_fileid\":0,\"duration\":0,\"play_url\":\"\",\"malicious_title_reason_id\":0,\"malicious_content_type\":0}],\"author\":\"\",\"copyright_stat\":100,\"duration\":0,\"del_flag\":1,\"item_show_type\":5,\"vid\":\"i3227nli3cj\",\"ckey\":\"8gvEpDwENvKwvb1dboL1hp5foYZB36M7ufD3RsMj6EYf7RTh9y0X1q4BZKmOEiUFzcMz_E-jlgovHWLbMGSixg==\",\"audio_fileid\":0,\"play_url\":\"\",\"malicious_title_reason_id\":0,\"malicious_content_type\":0}}]}","next_offset":121,"video_count":1,"use_video_tab":1,"real_type":0,"home_page_list":[]}