{"ret":0,"errmsg":"ok","msg_count":10,"can_msg_continue":1,"general_msg_list":"{\"list\":[{\"comm_msg_info\":{\"id\":1000001754,\"type\":49,\"datetime\":1612791900,\"fakeid\":\"2393887111\",\"status\":2,\"content\":\"\"},\"app_msg_ext_info\":{\"title\":\"又一款老司机开车神器，诞生了\",\"digest\":\"好棒棒\",\"content\":\"\",\"fileid\":503770063,\"content_url\":\"http:\/\/mp.weixin.qq.com\/s?__biz=MjM5Mzg4NzExMQ==&amp;mid=2651253788&amp;idx=1&amp;sn=e9bdbfb61249c2be3ab26b49e73894cc&amp;chksm=bd626af48a15e3e291193ce099fa41349abd114a01f3241ec92d91a89a09cf90040a079a243f&amp;scene=27#wechat_redirect\",\"source_url\":\"\",\"cover\":\"http:\/\/mmbiz.qpic.cn\/mmbiz_jpg\/YTI67xfsN50FGKUQ5p5dGN3ib6OZ4oSkDB2GXl9xn4qHfbOMIUSqqenyiclY4am6icURctEX3HNNlk09vEhPhRsIg\/0?wx_fmt=jpeg\",\"subtype\":9,\"is_multi\":1,\"multi_app_msg_item_list\":[{\"title\":\"刚刚，微信上线新功能：点亮2021，昵称后面能加【福】！\",\"digest\":\"我要健康快乐！！！\",\"content\":\"\",\"fileid\":0,\"content_url\":\"http:\/\/mp.weixin.qq.com\/s?__biz=MjM5Mzg4NzExMQ==&amp;mid=2651253788&amp;idx=2&amp;sn=4db91d85f6f80c956fd4b248054fa767&amp;chksm=bd626af48a15e3e20148b3038b1f3f8b0dc91b2eb5709b70355e97429a8d019faa6201859099&amp;scene=27#wechat_redirect\",\"source_url\":\"\",\"cover\":\"http:\/\/mmbiz.qpic.cn\/mmbiz_jpg\/YTI67xfsN50FGKUQ5p5dGN3ib6OZ4oSkDZZE1bj8Ghfj7LuKc1HJPIrQR7uP0do0whKAKR3eOStB1OJTicZTEZUA\/0?wx_fmt=jpeg\",\"author\":\"IT之家\",\"copyright_stat\":100,\"del_flag\":1,\"item_show_type\":0,\"audio_fileid\":0,\"duration\":0,\"play_url\":\"\",\"malicious_title_reason_id\":0,\"malicious_content_type\":0},{\"title\":\"搭载麒麟990，华为P40 4G版，要来喽\",\"digest\":\".\",\"content\":\"\",\"fileid\":0,\"content_url\":\"http:\/\/mp.weixin.qq.com\/s?__biz=MjM5Mzg4NzExMQ==&amp;mid=2651253788&amp;idx=3&amp;sn=477981f1f30241cf0d4e3d53185e14b1&amp;chksm=bd626af48a15e3e208abec921fda59a2845225a1f6ffddea8a811d3da793e294d85cff986ab5&amp;scene=27#wechat_redirect\",\"source_url\":\"\",\"cover\":\"http:\/\/mmbiz.qpic.cn\/mmbiz_jpg\/YTI67xfsN50FGKUQ5p5dGN3ib6OZ4oSkDtTjnlnJ7ibMh4XibHy2YQXp3ibUoy874rBrChgh1nzsKWiaZqUlurOUbVg\/0?wx_fmt=jpeg\",\"author\":\"IT之家\",\"copyright_stat\":100,\"del_flag\":1,\"item_show_type\":0,\"audio_fileid\":0,\"duration\":0,\"play_url\":\"\",\"malicious_title_reason_id\":0,\"malicious_content_type\":0},{\"title\":\"那些看起来无聊的东西，最能让人进步！\",\"digest\":\"荐号\",\"content\":\"\",\"fileid\":0,\"content_url\":\"http:\/\/mp.weixin.qq.com\/s?__biz=MjM5Mzg4NzExMQ==&amp;mid=2651253788&amp;idx=4&amp;sn=cccdf8ce92af9edbad3f2e58f8833628&amp;chksm=bd626af48a15e3e23706640202d9dc8752312b78d6819245f70a1d288cb015749c00f5e0396b&amp;scene=27#wechat_redirect\",\"source_url\":\"\",\"cover\":\"http:\/\/mmbiz.qpic.cn\/mmbiz_jpg\/EsHEHK6Pnz3F5ghwCia6IzNnjNy3W2MiaGjAJmSbdibdcN2CS5t7GzBpXNE86vQYIG326dnOr59cfKc045WdOBNNQ\/0?wx_fmt=jpeg\",\"author\":\"荐号\",\"copyright_stat\":100,\"del_flag\":1,\"item_show_type\":0,\"audio_fileid\":0,\"duration\":0,\"play_url\":\"\",\"malicious_title_reason_id\":0,\"malicious_content_type\":0},{\"title\":\"国家出手！唯品会不正当竞争，被罚300万\",\"digest\":\"好！\",\"content\":\"\",\"fileid\":0,\"content_url\":\"http:\/\/mp.weixin.qq.com\/s?__biz=MjM5Mzg4NzExMQ==&amp;mid=2651253788&amp;idx=5&amp;sn=12c8d43f3393cc1ca3fb233ced411e38&amp;chksm=bd626af48a15e3e2781f3546fc690196569035ff546f19508a4d11eec6cb04e06bd8d0c9b5b3&amp;scene=27#wechat_redirect\",\"source_url\":\"\",\"cover\":\"http:\/\/mmbiz.qpic.cn\/mmbiz_jpg\/YTI67xfsN50FGKUQ5p5dGN3ib6OZ4oSkDBmkTXUdFYM9c45k2IViaUe0YAf27d5FXZMRw1Q467ic4kmo3srnwCkKQ\/0?wx_fmt=jpeg\",\"author\":\"IT之家\",\"copyright_stat\":100,\"del_flag\":1,\"item_show_type\":0,\"audio_fileid\":0,\"duration\":0,\"play_url\":\"\",\"malicious_title_reason_id\":0,\"malicious_content_type\":0},{\"title\":\"神评 | 老板们怎么不学学华为多发钱呢？？？\",\"digest\":\"IT之家，看的就是评论\",\"content\":\"\",\"fileid\":503721447,\"content_url\":\"http:\/\/mp.weixin.qq.com\/s?__biz=MjM5Mzg4NzExMQ==&amp;mid=2651253788&amp;idx=6&amp;sn=c069c75e4ea24eee782663686e1ab8d3&amp;chksm=bd626af48a15e3e23c0fe3d677266fed27e4a687da3b534144fba9c5d7a6d0be49ea474feb41&amp;scene=27#wechat_redirect\",\"source_url\":\"https:\/\/m.ithome.com\/hotcommentm\/\",\"cover\":\"http:\/\/mmbiz.qpic.cn\/mmbiz_jpg\/YTI67xfsN50k8MGah9xNdAWzhqQU2b7kznIkLuW5l4b4m9dAmCMXib2zib0TzUCusohbPT7gND8iacPOO2go7gUPA\/0?wx_fmt=jpeg\",\"author\":\"IT之家\",\"copyright_stat\":100,\"del_flag\":1,\"item_show_type\":0,\"audio_fileid\":0,\"duration\":0,\"play_url\":\"\",\"malicious_title_reason_id\":0,\"malicious_content_type\":0},{\"title\":\"辣榜 | 京东PLUS+爱奇艺VIP年卡=138元大促\",\"digest\":\"值到家啦~\",\"content\":\"\",\"fileid\":503770091,\"content_url\":\"http:\/\/mp.weixin.qq.com\/s?__biz=MjM5Mzg4NzExMQ==&amp;mid=2651253788&amp;idx=7&amp;sn=9c9a17ac64fb1cc8f419c783cf9a4efe&amp;chksm=bd626af48a15e3e2edd453d850c409632bc58700c630856fe697fea5fe526710b4186bb8bcd6&amp;scene=27#wechat_redirect\",\"source_url\":\"https:\/\/www.zuihuimai.com\/download\",\"cover\":\"http:\/\/mmbiz.qpic.cn\/mmbiz_jpg\/YTI67xfsN50FGKUQ5p5dGN3ib6OZ4oSkDRybkB1F7u23PG6UmZkoeq8f2lTp9XicQQoxwnjIt0SUk1mbZz9LH1aQ\/0?wx_fmt=jpeg\",\"author\":\"辣品\",\"copyright_stat\":100,\"del_flag\":1,\"item_show_type\":0,\"audio_fileid\":0,\"duration\":0,\"play_url\":\"\",\"malicious_title_reason_id\":0,\"malicious_content_type\":0}],\"author\":\"启人\",\"copyright_stat\":11,\"duration\":0,\"del_flag\":1,\"item_show_type\":0,\"audio_fileid\":0,\"play_url\":\"\",\"malicious_title_reason_id\":0,\"malicious_content_type\":0}},{\"comm_msg_info\":{\"id\":1000001753,\"type\":49,\"datetime\":1612706382,\"fakeid\":\"2393887111\",\"status\":2,\"content\":\"\"},\"app_msg_ext_info\":{\"title\":\"重回1999！这才是年度性价比神机，没有之一\",\"digest\":\"评测部分请直接拉到2分16秒\",\"content\":\"\",\"fileid\":0,\"content_url\":\"http:\/\/mp.weixin.qq.com\/s?__biz=MjM5Mzg4NzExMQ==&amp;mid=2651253693&amp;idx=1&amp;sn=dabfcff4d41378a7a044c214ac7dd3c8&amp;chksm=bd626d558a15e4433f88b3d6192d70743c28c2b2ddc585e5ee74fba8c3fb7c1fcde687e3b552&amp;scene=27#wechat_redirect\",\"source_url\":\"\",\"cover\":\"http:\/\/puui.qpic.cn\/vpic\/0\/j3227079lux.png\/0\",\"subtype\":9,\"is_multi\":1,\"multi_app_msg_item_list\":[{\"title\":\"微信上线过年必备功能，搜一搜升级\",\"digest\":\"好用\",\"content\":\"\",\"fileid\":0,\"content_url\":\"http:\/\/mp.weixin.qq.com\/s?__biz=MjM5Mzg4NzExMQ==&amp;mid=2651253693&amp;idx=2&amp;sn=d808fc1ec75d439434e0af1a15721095&amp;chksm=bd626d558a15e443aefd972e3568e551df257e60425d831082043146d254c99afb428a740ca7&amp;scene=27#wechat_redirect\",\"source_url\":\"\",\"cover\":\"http:\/\/mmbiz.qpic.cn\/mmbiz_jpg\/YTI67xfsN50VsxFx4wE3kt99GfORdzR6a2zgiahUkYnnicX7SGT2k23NGN9YmKlQo8JApEj0PTNLQ7wiaObNwWEgw\/0?wx_fmt=jpeg\",\"author\":\"IT之家\",\"copyright_stat\":100,\"del_flag\":1,\"item_show_type\":0,\"audio_fileid\":0,\"duration\":0,\"play_url\":\"\",\"malicious_title_reason_id\":0,\"malicious_content_type\":0},{\"title\":\"顶级旗舰？一加9 Pro被曝与哈苏合作\",\"digest\":\"我只关心价格\",\"content\":\"\",\"fileid\":0,\"content_url\":\"http:\/\/mp.weixin.qq.com\/s?__biz=MjM5Mzg4NzExMQ==&amp;mid=2651253693&amp;idx=3&amp;sn=78a5f5882681699f1df8f3a7f3d40eb5&amp;chksm=bd626d558a15e443a956a134d11e012ca29b51b905abbd778ad078602141d699a0d45ddfe2fe&amp;scene=27#wechat_redirect\",\"source_url\":\"\",\"cover\":\"http:\/\/mmbiz.qpic.cn\/mmbiz_jpg\/YTI67xfsN50VsxFx4wE3kt99GfORdzR60J0XfXeWiaefb0WGFTRx8xX3NI3lUkU1K8nfianqm9TpVbbfeBHjyhMg\/0?wx_fmt=jpeg\",\"author\":\"IT之家\",\"copyright_stat\":100,\"del_flag\":1,\"item_show_type\":0,\"audio_fileid\":0,\"duration\":0,\"play_url\":\"\",\"malicious_title_reason_id\":0,\"malicious_content_type\":0},{\"title\":\"你关注的圈子，暴露了你的见识和情商\",\"digest\":\"荐号\",\"content\":\"\",\"fileid\":0,\"content_url\":\"http:\/\/mp.weixin.qq.com\/s?__biz=MjM5Mzg4NzExMQ==&amp;mid=2651253693&amp;idx=4&amp;sn=7a1ddf1766706d211f70051da5cdb970&amp;chksm=bd626d558a15e4437d7a904b601f7fbfc6b15cc9bb74b3cfa1d1278f489fbff319f8aab3af1c&amp;scene=27#wechat_redirect\",\"source_url\":\"\",\"cover\":\"http:\/\/mmbiz.qpic.cn\/mmbiz_jpg\/YTI67xfsN50VsxFx4wE3kt99GfORdzR6F61znfWbIGHRDWhicjADl4gtyia6LqyuVjiaib59PibiajXDILDpYaKX0rIg\/0?wx_fmt=jpeg\",\"author\":\"荐号\",\"copyright_stat\":100,\"del_flag\":1,\"item_show_type\":0,\"audio_fileid\":0,\"duration\":0,\"play_url\":\"\",\"malicious_title_reason_id\":0,\"malicious_content_type\":0},{\"title\":\"口碑反转，《合成大西瓜》被指做局骗财，涉及金额或超3000万元\",\"digest\":\"啧啧啧\",\"content\":\"\",\"fileid\":0,\"content_url\":\"http:\/\/mp.weixin.qq.com\/s?__biz=MjM5Mzg4NzExMQ==&amp;mid=2651253693&amp;idx=5&amp;sn=e1272ccb7dc37820a7b86fb07e5d9855&amp;chksm=bd626d558a15e443204518de75952553472ef7435fd91dd2d856bdca264534e07cfb76bf0d2b&amp;scene=27#wechat_redirect\",\"source_url\":\"\",\"cover\":\"http:\/\/mmbiz.qpic.cn\/mmbiz_jpg\/YTI67xfsN50VsxFx4wE3kt99GfORdzR6nrQqq2hHkOGJDAZfe4Fr5kKJ80vvjUnSFE43U8oDWfwKjVwDWM4hDw\/0?wx_fmt=jpeg\",\"author\":\"IT之家\",\"copyright_stat\":100,\"del_flag\":1,\"item_show_type\":0,\"audio_fileid\":0,\"duration\":0,\"play_url\":\"\",\"malicious_title_reason_id\":0,\"malicious_content_type\":0},{\"title\":\"神评 | 冒充朋友发消息，这App真是恶心\",\"digest\":\"IT之家，看的就是评论\",\"content\":\"\",\"fileid\":503721447,\"content_url\":\"http:\/\/mp.weixin.qq.com\/s?__biz=MjM5Mzg4NzExMQ==&amp;mid=2651253693&amp;idx=6&amp;sn=3e31bd4238a9485145017e63a770e25b&amp;chksm=bd626d558a15e44339d09a0a3006a848d219127a968a1fb8784c54a352a753e348af70a96ef8&amp;scene=27#wechat_redirect\",\"source_url\":\"https:\/\/m.ithome.com\/hotcommentm\/\",\"cover\":\"http:\/\/mmbiz.qpic.cn\/mmbiz_jpg\/YTI67xfsN50k8MGah9xNdAWzhqQU2b7kznIkLuW5l4b4m9dAmCMXib2zib0TzUCusohbPT7gND8iacPOO2go7gUPA\/0?wx_fmt=jpeg\",\"author\":\"IT之家\",\"copyright_stat\":100,\"del_flag\":1,\"item_show_type\":0,\"audio_fileid\":0,\"duration\":0,\"play_url\":\"\",\"malicious_title_reason_id\":0,\"malicious_content_type\":0},{\"title\":\"辣榜 | 过年家道菜，佛跳墙仅需369元！\",\"digest\":\"值到家啦~\",\"content\":\"\",\"fileid\":503769973,\"content_url\":\"http:\/\/mp.weixin.qq.com\/s?__biz=MjM5Mzg4NzExMQ==&amp;mid=2651253693&amp;idx=7&amp;sn=32fd966de3b1d394c8c765a4821e7f3e&amp;chksm=bd626d558a15e443f03e3600bc1f444c9fc89ce20975509167c7b2225de61eb19f9670f90204&amp;scene=27#wechat_redirect\",\"source_url\":\"https:\/\/www.zuihuimai.com\/download\",\"cover\":\"http:\/\/mmbiz.qpic.cn\/mmbiz_jpg\/YTI67xfsN50VsxFx4wE3kt99GfORdzR6ZNm5LwiangaxScQFaa5BhqwgTL336qx5UWehWiciakPp5sNVxqG2TiaA0w\/0?wx_fmt=jpeg\",\"author\":\"辣品\",\"copyright_stat\":100,\"del_flag\":1,\"item_show_type\":0,\"audio_fileid\":0,\"duration\":0,\"play_url\":\"\",\"malicious_title_reason_id\":0,\"malicious_content_type\":0}],\"author\":\"\",\"copyright_stat\":100,\"duration\":0,\"del_flag\":1,\"item_show_type\":5,\"vid\":\"j3227079lux\",\"ckey\":\"3h3mB9eFISsguc61JT7cVLp-7Rk6LUul7lOekPdARa_FxYl2ExKDJDRT1rPrvXoNLU6JJzyH5wJkOHH3Bj48yQ==\",\"audio_fileid\":0,\"play_url\":\"\",\"malicious_title_reason_id\":0,\"malicious_content_type\":0}},{\"comm_msg_info\":{\"id\":1000001752,\"type\":49,\"datetime\":1612620569,\"fakeid\":\"2393887111\",\"status\":2,\"content\":\"\"},\"app_msg_ext_info\":{\"title\":\"苹果A15芯片曝光，5nm又又又翻车？\",\"digest\":\"性能上不去，看有没有刘海吧\",\"content\":\"\",\"fileid\":503769900,\"content_url\":\"http:\/\/mp.weixin.qq.com\/s?__biz=MjM5Mzg4NzExMQ==&amp;mid=2651253591&amp;idx=1&amp;sn=dd50da9f56f92383c7c06946dbcfdbda&amp;chksm=bd626dbf8a15e4a914e3817e09cd713eb9658f422ed119426a11bc9530af940835e2640512bd&amp;scene=27#wechat_redirect\",\"source_url\":\"\",\"cover\":\"http:\/\/mmbiz.qpic.cn\/mmbiz_jpg\/YTI67xfsN507vqniaichjDgYkZBUveEYHC7Wriau8fcC7oGIay3DS9MgRMDocx64rdZwglNwFuDhibYngTzHYAnmicw\/0?wx_fmt=jpeg\",\"subtype\":9,\"is_multi\":1,\"multi_app_msg_item_list\":[{\"title\":\"这是最后的安卓小屏旗舰手机，满意吗？\",\"digest\":\"推荐可以，但不会买\",\"content\":\"\",\"fileid\":0,\"content_url\":\"http:\/\/mp.weixin.qq.com\/s?__biz=MjM5Mzg4NzExMQ==&amp;mid=2651253591&amp;idx=2&amp;sn=64f7c65da106f094210f2716bbca496c&amp;chksm=bd626dbf8a15e4a99620768505d903961413e0093ec50c2d6dbc08b3ecc4d6ff6ef66b50936e&amp;scene=27#wechat_redirect\",\"source_url\":\"\",\"cover\":\"http:\/\/mmbiz.qpic.cn\/mmbiz_jpg\/YTI67xfsN507vqniaichjDgYkZBUveEYHC1rOcqzWnQUEs55js5mWQ9E8Uz7ehhiaTNqtUmv8FExThcibtDB4Pnfdg\/0?wx_fmt=jpeg\",\"author\":\"IT之家\",\"copyright_stat\":100,\"del_flag\":1,\"item_show_type\":0,\"audio_fileid\":0,\"duration\":0,\"play_url\":\"\",\"malicious_title_reason_id\":0,\"malicious_content_type\":0},{\"title\":\"讽刺全开：过年不但不撒币，还想骗点钱\",\"digest\":\"哈哈哈哈哈\",\"content\":\"\",\"fileid\":0,\"content_url\":\"http:\/\/mp.weixin.qq.com\/s?__biz=MjM5Mzg4NzExMQ==&amp;mid=2651253591&amp;idx=3&amp;sn=cfee8bb3fa7a0656329f870f8f58cd1b&amp;chksm=bd626dbf8a15e4a9ea9741ed24348e7cc8820507219e4db067f063df8d6fec0bb0e2f22d2766&amp;scene=27#wechat_redirect\",\"source_url\":\"\",\"cover\":\"http:\/\/mmbiz.qpic.cn\/mmbiz_jpg\/YTI67xfsN507vqniaichjDgYkZBUveEYHCT7bJqHTnYHcHNqFR80YJMIcRW6NNnsEqa8FsiabU2wtZUiakSUUaSP6g\/0?wx_fmt=jpeg\",\"author\":\"IT之家\",\"copyright_stat\":100,\"del_flag\":1,\"item_show_type\":0,\"audio_fileid\":0,\"duration\":0,\"play_url\":\"\",\"malicious_title_reason_id\":0,\"malicious_content_type\":0},{\"title\":\"暴雪确认，《魔兽世界》手游正在开发中\",\"digest\":\"我没手机能玩吗\",\"content\":\"\",\"fileid\":0,\"content_url\":\"http:\/\/mp.weixin.qq.com\/s?__biz=MjM5Mzg4NzExMQ==&amp;mid=2651253591&amp;idx=4&amp;sn=afcac21fc15d89c4a332e244bdd0ec66&amp;chksm=bd626dbf8a15e4a9dfca66810b36e6ff00e0d05f2882f5a95fb628e45616256d4fe258755727&amp;scene=27#wechat_redirect\",\"source_url\":\"\",\"cover\":\"http:\/\/mmbiz.qpic.cn\/mmbiz_jpg\/YTI67xfsN507vqniaichjDgYkZBUveEYHCeE6iclxIB3pNXPeiaBTD2Um3cic9nTjhf0cicgibdK382RH4hAA0pZKic0pw\/0?wx_fmt=jpeg\",\"author\":\"IT之家\",\"copyright_stat\":100,\"del_flag\":1,\"item_show_type\":0,\"audio_fileid\":0,\"duration\":0,\"play_url\":\"\",\"malicious_title_reason_id\":0,\"malicious_content_type\":0},{\"title\":\"神评 | 呵呵，外地手机卡，不回家也没流量用\",\"digest\":\"IT之家，看的就是评论\",\"content\":\"\",\"fileid\":503721447,\"content_url\":\"http:\/\/mp.weixin.qq.com\/s?__biz=MjM5Mzg4NzExMQ==&amp;mid=2651253591&amp;idx=5&amp;sn=20ff33e39dc647812dd2aa9b74755559&amp;chksm=bd626dbf8a15e4a9f30644c33f107ee57a7a3bb9e72f771b3555c018b778d8044a76e75c0aa0&amp;scene=27#wechat_redirect\",\"source_url\":\"https:\/\/m.ithome.com\/hotcommentm\/\",\"cover\":\"http:\/\/mmbiz.qpic.cn\/mmbiz_jpg\/YTI67xfsN50k8MGah9xNdAWzhqQU2b7kznIkLuW5l4b4m9dAmCMXib2zib0TzUCusohbPT7gND8iacPOO2go7gUPA\/0?wx_fmt=jpeg\",\"author\":\"IT之家\",\"copyright_stat\":100,\"del_flag\":1,\"item_show_type\":0,\"audio_fileid\":0,\"duration\":0,\"play_url\":\"\",\"malicious_title_reason_id\":0,\"malicious_content_type\":0},{\"title\":\"辣榜 | 回家放放松，小熊按摩器立减70元！\",\"digest\":\"值到家啦~\",\"content\":\"\",\"fileid\":503769898,\"content_url\":\"http:\/\/mp.weixin.qq.com\/s?__biz=MjM5Mzg4NzExMQ==&amp;mid=2651253591&amp;idx=6&amp;sn=7f5423c1dcf6778db157f7eb90833e83&amp;chksm=bd626dbf8a15e4a9bd1e512eb257d493c707d53fd8b19cc522c3c9c518b4ca35032c86e93144&amp;scene=27#wechat_redirect\",\"source_url\":\"https:\/\/www.zuihuimai.com\/download\",\"cover\":\"http:\/\/mmbiz.qpic.cn\/mmbiz_jpg\/YTI67xfsN507vqniaichjDgYkZBUveEYHC9MsGYEiaYibdSPbRQX72gpicTYgJFw0EgKcCtBxibFKD02lRiaW6ViaZQUFQ\/0?wx_fmt=jpeg\",\"author\":\"辣品\",\"copyright_stat\":100,\"del_flag\":1,\"item_show_type\":0,\"audio_fileid\":0,\"duration\":0,\"play_url\":\"\",\"malicious_title_reason_id\":0,\"malicious_content_type\":0}],\"author\":\"IT之家\",\"copyright_stat\":11,\"duration\":0,\"del_flag\":1,\"item_show_type\":0,\"audio_fileid\":0,\"play_url\":\"\",\"malicious_title_reason_id\":0,\"malicious_content_type\":0}},{\"comm_msg_info\":{\"id\":1000001751,\"type\":49,\"datetime\":1612533899,\"fakeid\":\"2393887111\",\"status\":2,\"content\":\"\"},\"app_msg_ext_info\":{\"title\":\"老司机又开车！微信这功能刚上线就没了\",\"digest\":\"气死我了\",\"content\":\"\",\"fileid\":503769848,\"content_url\":\"http:\/\/mp.weixin.qq.com\/s?__biz=MjM5Mzg4NzExMQ==&amp;mid=2651253522&amp;idx=1&amp;sn=aee72674324739c0cb38c77ea7f0817d&amp;chksm=bd626dfa8a15e4ec5d2178e7da4f44e75284b60da457ac697a77c1875b9eb29d540bab4d7250&amp;scene=27#wechat_redirect\",\"source_url\":\"\",\"cover\":\"http:\/\/mmbiz.qpic.cn\/mmbiz_jpg\/YTI67xfsN53ryAg698HrZuVOPmdsYQf1roFs3icUmn71cc3qCgIaEbgV7gA7kRMFTItPBrrOaWzjHxssuVwBZLg\/0?wx_fmt=jpeg\",\"subtype\":9,\"is_multi\":1,\"multi_app_msg_item_list\":[{\"title\":\"正式发布，这就是小米万元概念旗舰？\",\"digest\":\"“有本事你拿出来卖啊”\",\"content\":\"\",\"fileid\":503769774,\"content_url\":\"http:\/\/mp.weixin.qq.com\/s?__biz=MjM5Mzg4NzExMQ==&amp;mid=2651253522&amp;idx=2&amp;sn=1f0df0c4ac3f9507ef630eeb77af1d4f&amp;chksm=bd626dfa8a15e4ec86fa173370d7cafc4f67d367fe933e2990e8ea7b2cea2dd70727993e104f&amp;scene=27#wechat_redirect\",\"source_url\":\"\",\"cover\":\"http:\/\/mmbiz.qpic.cn\/mmbiz_jpg\/YTI67xfsN53ryAg698HrZuVOPmdsYQf1EkCACHrzUCrYynjQOkqV2BQiay38CfclUQD5r5Irso92d9SKfW8Eufw\/0?wx_fmt=jpeg\",\"author\":\"IT之家\",\"copyright_stat\":100,\"del_flag\":1,\"item_show_type\":0,\"audio_fileid\":0,\"duration\":0,\"play_url\":\"\",\"malicious_title_reason_id\":0,\"malicious_content_type\":0},{\"title\":\"苹果新品了解一下：8K屏幕，19400元\",\"digest\":\"太贵了\",\"content\":\"\",\"fileid\":0,\"content_url\":\"http:\/\/mp.weixin.qq.com\/s?__biz=MjM5Mzg4NzExMQ==&amp;mid=2651253522&amp;idx=3&amp;sn=69979d70e0860eb224ef2efee2a6ecf3&amp;chksm=bd626dfa8a15e4ec687fe3c5970d571605568ab1c3a9d7f3e701458bee8de2ffe9a4c3b43178&amp;scene=27#wechat_redirect\",\"source_url\":\"\",\"cover\":\"http:\/\/mmbiz.qpic.cn\/mmbiz_jpg\/YTI67xfsN53ryAg698HrZuVOPmdsYQf1cViaXqdUhc3fRN5m1H1aI1Erxibt7JibpbEaYYY7372PZFV62apxWvGlA\/0?wx_fmt=jpeg\",\"author\":\"新浪科技\",\"copyright_stat\":100,\"del_flag\":1,\"item_show_type\":0,\"audio_fileid\":0,\"duration\":0,\"play_url\":\"\",\"malicious_title_reason_id\":0,\"malicious_content_type\":0},{\"title\":\"一加9 Pro曝光：三星E3屏、120Hz刷新\",\"digest\":\"快出，要买\",\"content\":\"\",\"fileid\":0,\"content_url\":\"http:\/\/mp.weixin.qq.com\/s?__biz=MjM5Mzg4NzExMQ==&amp;mid=2651253522&amp;idx=4&amp;sn=5c11059228fbef628671b35a8696c690&amp;chksm=bd626dfa8a15e4ecc778c2862c633a4438b7ee3745e957dfd3eddd406ec6fc8f673d049a06a8&amp;scene=27#wechat_redirect\",\"source_url\":\"\",\"cover\":\"http:\/\/mmbiz.qpic.cn\/mmbiz_jpg\/YTI67xfsN53ryAg698HrZuVOPmdsYQf1zdXBuqOszjfkvicWhpUpqEAPicMV7nHovoNMeh1AKVFcLiahIP0Dian8Uw\/0?wx_fmt=jpeg\",\"author\":\"TechWeb\",\"copyright_stat\":100,\"del_flag\":1,\"item_show_type\":0,\"audio_fileid\":0,\"duration\":0,\"play_url\":\"\",\"malicious_title_reason_id\":0,\"malicious_content_type\":0},{\"title\":\"神评 | 百度网盘出廉价版月卡，8.9元...\",\"digest\":\"IT之家，看的就是评论\",\"content\":\"\",\"fileid\":503721447,\"content_url\":\"http:\/\/mp.weixin.qq.com\/s?__biz=MjM5Mzg4NzExMQ==&amp;mid=2651253522&amp;idx=5&amp;sn=08024af270d8406add969414f3eb608e&amp;chksm=bd626dfa8a15e4ec4f6707912783ed784b9d541156591e35d49478926db17be2688c6998e540&amp;scene=27#wechat_redirect\",\"source_url\":\"https:\/\/m.ithome.com\/hotcommentm\/\",\"cover\":\"http:\/\/mmbiz.qpic.cn\/mmbiz_jpg\/YTI67xfsN50k8MGah9xNdAWzhqQU2b7kznIkLuW5l4b4m9dAmCMXib2zib0TzUCusohbPT7gND8iacPOO2go7gUPA\/0?wx_fmt=jpeg\",\"author\":\"IT之家\",\"copyright_stat\":100,\"del_flag\":1,\"item_show_type\":0,\"audio_fileid\":0,\"duration\":0,\"play_url\":\"\",\"malicious_title_reason_id\":0,\"malicious_content_type\":0},{\"title\":\"辣榜 | 赠腾讯视频月卡+保护壳：小米10狂促开启\",\"digest\":\"值到家啦~\",\"content\":\"\",\"fileid\":503769824,\"content_url\":\"http:\/\/mp.weixin.qq.com\/s?__biz=MjM5Mzg4NzExMQ==&amp;mid=2651253522&amp;idx=6&amp;sn=1c6c38a5dee7f7a9ed30ffd1ba81db7c&amp;chksm=bd626dfa8a15e4eccbcc275e51e3749edc85ce7e8061c756b3bddfb8619d9ae76e3d70100fb1&amp;scene=27#wechat_redirect\",\"source_url\":\"https:\/\/www.zuihuimai.com\/download\",\"cover\":\"http:\/\/mmbiz.qpic.cn\/mmbiz_jpg\/YTI67xfsN53ryAg698HrZuVOPmdsYQf12eO0MMdm6iar5aLwXiaxh4iazDIPmEU7vwAbpa0lPXUbJGyE1wmA4zdGg\/0?wx_fmt=jpeg\",\"author\":\"辣品\",\"copyright_stat\":100,\"del_flag\":1,\"item_show_type\":0,\"audio_fileid\":0,\"duration\":0,\"play_url\":\"\",\"malicious_title_reason_id\":0,\"malicious_content_type\":0}],\"author\":\"IT之家\",\"copyright_stat\":11,\"duration\":0,\"del_flag\":1,\"item_show_type\":0,\"audio_fileid\":0,\"play_url\":\"\",\"malicious_title_reason_id\":0,\"malicious_content_type\":0}},{\"comm_msg_info\":{\"id\":1000001750,\"type\":49,\"datetime\":1612446900,\"fakeid\":\"2393887111\",\"status\":2,\"content\":\"\"},\"app_msg_ext_info\":{\"title\":\"小米将发布万元高端手机，你买吗？\",\"digest\":\"买吗？\",\"content\":\"\",\"fileid\":503769730,\"content_url\":\"http:\/\/mp.weixin.qq.com\/s?__biz=MjM5Mzg4NzExMQ==&amp;mid=2651253421&amp;idx=1&amp;sn=57c5e0769ae2fd822593b63309149488&amp;chksm=bd626c458a15e553906081ebb27aeebada146ce4eb125555d5c8226e8c5bcc2106f74820ccca&amp;scene=27#wechat_redirect\",\"source_url\":\"\",\"cover\":\"http:\/\/mmbiz.qpic.cn\/mmbiz_jpg\/YTI67xfsN50o0yo2jXQQCeH3M0ZFiagpzJkusaoTCcOibpTPIIypdLDd1JxWc8P40Uamwdn6A7iblqZ0K00YLCalw\/0?wx_fmt=jpeg\",\"subtype\":9,\"is_multi\":1,\"multi_app_msg_item_list\":[{\"title\":\"终于承认了！马斯克说特斯拉做工有问题\",\"digest\":\"啧啧啧\",\"content\":\"\",\"fileid\":0,\"content_url\":\"http:\/\/mp.weixin.qq.com\/s?__biz=MjM5Mzg4NzExMQ==&amp;mid=2651253421&amp;idx=2&amp;sn=fd21ba2b69c7b85f3a7271d3cd42e22d&amp;chksm=bd626c458a15e553a2d669f4e35009e436ea67dc7925bc450421e4ec5e8efda4fbd07e3625d1&amp;scene=27#wechat_redirect\",\"source_url\":\"\",\"cover\":\"http:\/\/mmbiz.qpic.cn\/mmbiz_jpg\/YTI67xfsN50o0yo2jXQQCeH3M0ZFiagpzLLtwgeA1TFmvJcmCHKbyp3ib0G77zEam09LuJkVYtiaamqXhasnXB2Cg\/0?wx_fmt=jpeg\",\"author\":\"网易科技辰辰\",\"copyright_stat\":100,\"del_flag\":1,\"item_show_type\":0,\"audio_fileid\":0,\"duration\":0,\"play_url\":\"\",\"malicious_title_reason_id\":0,\"malicious_content_type\":0},{\"title\":\"Steam下架53款游戏，中国版下周上线\",\"digest\":\"Steam中国滚出中国！\",\"content\":\"\",\"fileid\":0,\"content_url\":\"http:\/\/mp.weixin.qq.com\/s?__biz=MjM5Mzg4NzExMQ==&amp;mid=2651253421&amp;idx=3&amp;sn=03e3ed6fc41d6f661da490eecac2f7e9&amp;chksm=bd626c458a15e5533556e9577415586e267507e65927e3de4840330b9592397b7be293bcea12&amp;scene=27#wechat_redirect\",\"source_url\":\"\",\"cover\":\"http:\/\/mmbiz.qpic.cn\/mmbiz_jpg\/YTI67xfsN50o0yo2jXQQCeH3M0ZFiagpz3t1xZNbMNzWV9sUYNrOx1icZ774iaArbAaOWPAk9vAsOzzV3PE4d5MicA\/0?wx_fmt=jpeg\",\"author\":\"IT之家\",\"copyright_stat\":100,\"del_flag\":1,\"item_show_type\":0,\"audio_fileid\":0,\"duration\":0,\"play_url\":\"\",\"malicious_title_reason_id\":0,\"malicious_content_type\":0},{\"title\":\"OPPO新旗舰，Find X3 Pro来了，摄像头好眼熟\",\"digest\":\"不错不错\",\"content\":\"\",\"fileid\":0,\"content_url\":\"http:\/\/mp.weixin.qq.com\/s?__biz=MjM5Mzg4NzExMQ==&amp;mid=2651253421&amp;idx=4&amp;sn=eba284339c2646187900a5a5208f704d&amp;chksm=bd626c458a15e553629b0918461d8c7550869f44d0f73ac21bd30b1865845bf174592a4c8f1f&amp;scene=27#wechat_redirect\",\"source_url\":\"\",\"cover\":\"http:\/\/mmbiz.qpic.cn\/mmbiz_jpg\/YTI67xfsN50o0yo2jXQQCeH3M0ZFiagpzkWicGnjGUhQwSU7fnYv8ZUMdltichSIPnQc5KS4xzSEUBOzRYS3Vxsug\/0?wx_fmt=jpeg\",\"author\":\"IT之家\",\"copyright_stat\":100,\"del_flag\":1,\"item_show_type\":0,\"audio_fileid\":0,\"duration\":0,\"play_url\":\"\",\"malicious_title_reason_id\":0,\"malicious_content_type\":0},{\"title\":\"想要一手行业资讯？点点关注不迷路\",\"digest\":\"荐号\",\"content\":\"\",\"fileid\":0,\"content_url\":\"http:\/\/mp.weixin.qq.com\/s?__biz=MjM5Mzg4NzExMQ==&amp;mid=2651253421&amp;idx=5&amp;sn=a7fbc98cc2d7fb5cd2c83a2d787b1d7f&amp;chksm=bd626c458a15e553d83af821bc73434a4a85ae0bda8d4663e0f73df7e7bab53fa7e3dc78b59d&amp;scene=27#wechat_redirect\",\"source_url\":\"\",\"cover\":\"http:\/\/mmbiz.qpic.cn\/mmbiz_jpg\/jA9D2urGeNEPGtnNAlkAdERtGav70ia1QOmv8V66VR8c6on1hLyDyO6icKhIw6hatLnwUyx3nGNhvvW2IqJPg2Iw\/0?wx_fmt=jpeg\",\"author\":\"荐号\",\"copyright_stat\":100,\"del_flag\":1,\"item_show_type\":0,\"audio_fileid\":0,\"duration\":0,\"play_url\":\"\",\"malicious_title_reason_id\":0,\"malicious_content_type\":0},{\"title\":\"神评 | 曾经的手机王者诺鸡亚，如今专做电子垃圾\",\"digest\":\"IT之家，看的就是评论\",\"content\":\"\",\"fileid\":503721447,\"content_url\":\"http:\/\/mp.weixin.qq.com\/s?__biz=MjM5Mzg4NzExMQ==&amp;mid=2651253421&amp;idx=6&amp;sn=0f244cbc7e3b796bc8a67203aa5acdcc&amp;chksm=bd626c458a15e553e4a06da30ac9565b5dbf5e1769a3300b335f72e86e7c6f5692738de37a8d&amp;scene=27#wechat_redirect\",\"source_url\":\"https:\/\/m.ithome.com\/hotcommentm\/\",\"cover\":\"http:\/\/mmbiz.qpic.cn\/mmbiz_jpg\/YTI67xfsN50k8MGah9xNdAWzhqQU2b7kznIkLuW5l4b4m9dAmCMXib2zib0TzUCusohbPT7gND8iacPOO2go7gUPA\/0?wx_fmt=jpeg\",\"author\":\"IT之家\",\"copyright_stat\":100,\"del_flag\":1,\"item_show_type\":0,\"audio_fileid\":0,\"duration\":0,\"play_url\":\"\",\"malicious_title_reason_id\":0,\"malicious_content_type\":0},{\"title\":\"辣榜 | 三只松鼠坚果年货，3斤礼盒只要49元！\",\"digest\":\"值到家啦~\",\"content\":\"\",\"fileid\":503769708,\"content_url\":\"http:\/\/mp.weixin.qq.com\/s?__biz=MjM5Mzg4NzExMQ==&amp;mid=2651253421&amp;idx=7&amp;sn=d94be6b5469c820a4b10c75cc587c505&amp;chksm=bd626c458a15e553ed25711e6c95676ca0fe15b1cd842c25ce8dd726312a7774b729b2f1eb29&amp;scene=27#wechat_redirect\",\"source_url\":\"https:\/\/www.zuihuimai.com\/download\",\"cover\":\"http:\/\/mmbiz.qpic.cn\/mmbiz_jpg\/YTI67xfsN50o0yo2jXQQCeH3M0ZFiagpzDUVr3CP5OPOKs9uvHHBbHQN0ODGUnOVnZcy4tia6VI0qicTpuxHNAsSg\/0?wx_fmt=jpeg\",\"author\":\"辣品\",\"copyright_stat\":100,\"del_flag\":1,\"item_show_type\":0,\"audio_fileid\":0,\"duration\":0,\"play_url\":\"\",\"malicious_title_reason_id\":0,\"malicious_content_type\":0}],\"author\":\"启人\",\"copyright_stat\":11,\"duration\":0,\"del_flag\":1,\"item_show_type\":0,\"audio_fileid\":0,\"play_url\":\"\",\"malicious_title_reason_id\":0,\"malicious_content_type\":0}},{\"comm_msg_info\":{\"id\":1000001749,\"type\":49,\"datetime\":1612363206,\"fakeid\":\"2393887111\",\"status\":2,\"content\":\"\"},\"app_msg_ext_info\":{\"title\":\"【人人影视字幕组】被查关站，可正版平台没资源啊...\",\"digest\":\"被查不冤，但可惜了\",\"content\":\"\",\"fileid\":503769630,\"content_url\":\"http:\/\/mp.weixin.qq.com\/s?__biz=MjM5Mzg4NzExMQ==&amp;mid=2651253335&amp;idx=1&amp;sn=3853192c70f110d6423ee673897f6cf5&amp;chksm=bd626cbf8a15e5a9ae0791a11db19970b2751206d5cf50e5db013fe30883ea09ea44dc79fc7a&amp;scene=27#wechat_redirect\",\"source_url\":\"\",\"cover\":\"http:\/\/mmbiz.qpic.cn\/mmbiz_jpg\/YTI67xfsN53VkLSPzwQa2D9A6YDYVYaCzr6doYCJSEDSP6L8E1qBpm0bUSQceJoAH9Nicel9ibwLd16RzGabKNoQ\/0?wx_fmt=jpeg\",\"subtype\":9,\"is_multi\":1,\"multi_app_msg_item_list\":[{\"title\":\"定了，华为新旗舰手机，本月发布，Mate X2折叠屏！\",\"digest\":\"好看\",\"content\":\"\",\"fileid\":0,\"content_url\":\"http:\/\/mp.weixin.qq.com\/s?__biz=MjM5Mzg4NzExMQ==&amp;mid=2651253335&amp;idx=2&amp;sn=5090335bf428dbd851cdeeeb3bf44fc0&amp;chksm=bd626cbf8a15e5a94e8153d77f90b13672d1ef79593aacedb5384cd2cf343ca7a37ffad2bb22&amp;scene=27#wechat_redirect\",\"source_url\":\"\",\"cover\":\"http:\/\/mmbiz.qpic.cn\/mmbiz_jpg\/YTI67xfsN53VkLSPzwQa2D9A6YDYVYaCztpvfTltupM4R3KMKpPU371GnRNHSQVy9DdN3fVpbQ4wjHJ8vVfGlQ\/0?wx_fmt=jpeg\",\"author\":\"IT之家\",\"copyright_stat\":100,\"del_flag\":1,\"item_show_type\":0,\"audio_fileid\":0,\"duration\":0,\"play_url\":\"\",\"malicious_title_reason_id\":0,\"malicious_content_type\":0},{\"title\":\"华为任正非，道歉了...\",\"digest\":\"呵呵\",\"content\":\"\",\"fileid\":0,\"content_url\":\"http:\/\/mp.weixin.qq.com\/s?__biz=MjM5Mzg4NzExMQ==&amp;mid=2651253335&amp;idx=3&amp;sn=71409569d45e6bb4b573fccfaa52bc61&amp;chksm=bd626cbf8a15e5a990291f8672125c1d113b92abaa8f670c3bca54a2126c4ccf9f758c6116e5&amp;scene=27#wechat_redirect\",\"source_url\":\"\",\"cover\":\"http:\/\/mmbiz.qpic.cn\/mmbiz_jpg\/YTI67xfsN53VkLSPzwQa2D9A6YDYVYaCYMwSzatgl52MOghXyiasge7wfgia2ibnPePkYRAoWGPE5NNjEF7F3FicZA\/0?wx_fmt=jpeg\",\"author\":\"IT之家\",\"copyright_stat\":100,\"del_flag\":1,\"item_show_type\":0,\"audio_fileid\":0,\"duration\":0,\"play_url\":\"\",\"malicious_title_reason_id\":0,\"malicious_content_type\":0},{\"title\":\"小米系统不能自己安装谷歌GMS服务了\",\"digest\":\"啧啧啧\",\"content\":\"\",\"fileid\":0,\"content_url\":\"http:\/\/mp.weixin.qq.com\/s?__biz=MjM5Mzg4NzExMQ==&amp;mid=2651253335&amp;idx=4&amp;sn=0656a2c573a9b804decaca02a9257bfa&amp;chksm=bd626cbf8a15e5a968bd8c122bd287de38707cff724a638f5fc003e578810ffd901ecab4ebb0&amp;scene=27#wechat_redirect\",\"source_url\":\"\",\"cover\":\"http:\/\/mmbiz.qpic.cn\/mmbiz_jpg\/YTI67xfsN53VkLSPzwQa2D9A6YDYVYaCrXEPiagXfoEtTmBfg5dt9NwAfvZqB3urywws67pDLqHkgErVZBB7WUg\/0?wx_fmt=jpeg\",\"author\":\"IT之家\",\"copyright_stat\":100,\"del_flag\":1,\"item_show_type\":0,\"audio_fileid\":0,\"duration\":0,\"play_url\":\"\",\"malicious_title_reason_id\":0,\"malicious_content_type\":0},{\"title\":\"神评 | 法院判库克必须玩7小时堡垒之夜？？？\",\"digest\":\"IT之家，看的就是评论\",\"content\":\"\",\"fileid\":503721447,\"content_url\":\"http:\/\/mp.weixin.qq.com\/s?__biz=MjM5Mzg4NzExMQ==&amp;mid=2651253335&amp;idx=5&amp;sn=0a866877cc4d0a73f7cd1b2dde7c0fa0&amp;chksm=bd626cbf8a15e5a9625fd7766fd060393a1b07614eb87907954d50f74d5560c7c0ca503956fa&amp;scene=27#wechat_redirect\",\"source_url\":\"https:\/\/m.ithome.com\/hotcommentm\/\",\"cover\":\"http:\/\/mmbiz.qpic.cn\/mmbiz_jpg\/YTI67xfsN50k8MGah9xNdAWzhqQU2b7kznIkLuW5l4b4m9dAmCMXib2zib0TzUCusohbPT7gND8iacPOO2go7gUPA\/0?wx_fmt=jpeg\",\"author\":\"IT之家\",\"copyright_stat\":100,\"del_flag\":1,\"item_show_type\":0,\"audio_fileid\":0,\"duration\":0,\"play_url\":\"\",\"malicious_title_reason_id\":0,\"malicious_content_type\":0},{\"title\":\"辣榜 | “何以解忧，唯有杜康”，白水杜康6瓶99元！\",\"digest\":\"值到家啦~\",\"content\":\"\",\"fileid\":503769606,\"content_url\":\"http:\/\/mp.weixin.qq.com\/s?__biz=MjM5Mzg4NzExMQ==&amp;mid=2651253335&amp;idx=6&amp;sn=8a42f8255ba1f670819a49adef07400c&amp;chksm=bd626cbf8a15e5a942dd78733c9d930c2e868df2af4b933af3b9b1fe18ffe9f52ad549c9f9e3&amp;scene=27#wechat_redirect\",\"source_url\":\"https:\/\/www.zuihuimai.com\/download\",\"cover\":\"http:\/\/mmbiz.qpic.cn\/mmbiz_jpg\/YTI67xfsN53VkLSPzwQa2D9A6YDYVYaCsSibsxicD7uoUBEnqh1uk27ecP3eGq8FoqU7KxEabgOdppyrY6BRQUvw\/0?wx_fmt=jpeg\",\"author\":\"辣品\",\"copyright_stat\":100,\"del_flag\":1,\"item_show_type\":0,\"audio_fileid\":0,\"duration\":0,\"play_url\":\"\",\"malicious_title_reason_id\":0,\"malicious_content_type\":0}],\"author\":\"启人\",\"copyright_stat\":11,\"duration\":0,\"del_flag\":1,\"item_show_type\":0,\"audio_fileid\":0,\"play_url\":\"\",\"malicious_title_reason_id\":0,\"malicious_content_type\":0}},{\"comm_msg_info\":{\"id\":1000001748,\"type\":49,\"datetime\":1612273500,\"fakeid\":\"2393887111\",\"status\":2,\"content\":\"\"},\"app_msg_ext_info\":{\"title\":\"百度这款新出的App，老头老太用过全笑了\",\"digest\":\"做了件好事\",\"content\":\"\",\"fileid\":503769521,\"content_url\":\"http:\/\/mp.weixin.qq.com\/s?__biz=MjM5Mzg4NzExMQ==&amp;mid=2651253218&amp;idx=1&amp;sn=1ffe5bc15858d84498f48991e8a914a6&amp;chksm=bd626f0a8a15e61c9a963ca813d83634fee08b5936f5057c26157a189ade58a3ce08ab59b8e0&amp;scene=27#wechat_redirect\",\"source_url\":\"\",\"cover\":\"http:\/\/mmbiz.qpic.cn\/mmbiz_jpg\/YTI67xfsN51uibG3RAPHQoJJKJXAQSjbqtnLVOaPlEW2XqgicibaEZCtrQBA74UqGGcMxCduruLGgoXtNee4d7WgA\/0?wx_fmt=jpeg\",\"subtype\":9,\"is_multi\":1,\"multi_app_msg_item_list\":[{\"title\":\"微信8.0.2版发布，隐私功能大升级，你必须更新！\",\"digest\":\"这回可以放心了！\",\"content\":\"\",\"fileid\":0,\"content_url\":\"http:\/\/mp.weixin.qq.com\/s?__biz=MjM5Mzg4NzExMQ==&amp;mid=2651253218&amp;idx=2&amp;sn=c1b20abf37e5333bdbe5a99ac4f8e090&amp;chksm=bd626f0a8a15e61c3219e1555b70911b1215337e9956705c460d7af29896620278f5fe904b2c&amp;scene=27#wechat_redirect\",\"source_url\":\"\",\"cover\":\"http:\/\/mmbiz.qpic.cn\/mmbiz_jpg\/YTI67xfsN51uibG3RAPHQoJJKJXAQSjbqhyQww7vriclmOdtAP4TmjveNiaz9CNX03v4fniccODDL6heyLqWanWBeg\/0?wx_fmt=jpeg\",\"author\":\"IT之家\",\"copyright_stat\":11,\"del_flag\":1,\"item_show_type\":0,\"audio_fileid\":0,\"duration\":0,\"play_url\":\"\",\"malicious_title_reason_id\":0,\"malicious_content_type\":0},{\"title\":\"iOS 14.5，手表也能解锁iPhone了\",\"digest\":\"有意思！\",\"content\":\"\",\"fileid\":0,\"content_url\":\"http:\/\/mp.weixin.qq.com\/s?__biz=MjM5Mzg4NzExMQ==&amp;mid=2651253218&amp;idx=3&amp;sn=ad69cd3133889337f58b68afcf554b0c&amp;chksm=bd626f0a8a15e61cd329a0c215926f33a186ec0902b26bc37ba80e45b733d3247f895dc831ee&amp;scene=27#wechat_redirect\",\"source_url\":\"\",\"cover\":\"http:\/\/mmbiz.qpic.cn\/mmbiz_jpg\/YTI67xfsN51uibG3RAPHQoJJKJXAQSjbqVpibI1xNpw8DJESLzcwDNAvibyQ0ubyrQicbWwI92nEwTlYm6Fw1ysy3A\/0?wx_fmt=jpeg\",\"author\":\"IT之家\",\"copyright_stat\":100,\"del_flag\":1,\"item_show_type\":0,\"audio_fileid\":0,\"duration\":0,\"play_url\":\"\",\"malicious_title_reason_id\":0,\"malicious_content_type\":0},{\"title\":\"打起来了，网易云骂酷狗太狗，酷狗反讽早有专利\",\"digest\":\"自取其辱\",\"content\":\"\",\"fileid\":0,\"content_url\":\"http:\/\/mp.weixin.qq.com\/s?__biz=MjM5Mzg4NzExMQ==&amp;mid=2651253218&amp;idx=4&amp;sn=7ecf48dfb22bcb9baeaf66a17488c57c&amp;chksm=bd626f0a8a15e61c975423d53bc54fd2be81871e1f25fe112af26dc6503d4f8c20376dbf97f8&amp;scene=27#wechat_redirect\",\"source_url\":\"\",\"cover\":\"http:\/\/mmbiz.qpic.cn\/mmbiz_jpg\/YTI67xfsN51uibG3RAPHQoJJKJXAQSjbqfvZJhibfy3YUXVFLXvkuEVb1YVUdAuiclakeDpIUqKfkKwE8p9vFoTyg\/0?wx_fmt=jpeg\",\"author\":\"IT之家\",\"copyright_stat\":100,\"del_flag\":1,\"item_show_type\":0,\"audio_fileid\":0,\"duration\":0,\"play_url\":\"\",\"malicious_title_reason_id\":0,\"malicious_content_type\":0},{\"title\":\"神评 | 暴露了，索尼小编也不用索尼手机\",\"digest\":\"IT之家，看的就是评论\",\"content\":\"\",\"fileid\":503721447,\"content_url\":\"http:\/\/mp.weixin.qq.com\/s?__biz=MjM5Mzg4NzExMQ==&amp;mid=2651253218&amp;idx=5&amp;sn=5443cfe48f28ed0497584cf18de48801&amp;chksm=bd626f0a8a15e61c97de48185d20705fc799608c4a5eb307718f44780b356c76aa06024ecedd&amp;scene=27#wechat_redirect\",\"source_url\":\"https:\/\/m.ithome.com\/hotcommentm\/\",\"cover\":\"http:\/\/mmbiz.qpic.cn\/mmbiz_jpg\/YTI67xfsN50k8MGah9xNdAWzhqQU2b7kznIkLuW5l4b4m9dAmCMXib2zib0TzUCusohbPT7gND8iacPOO2go7gUPA\/0?wx_fmt=jpeg\",\"author\":\"IT之家\",\"copyright_stat\":100,\"del_flag\":1,\"item_show_type\":0,\"audio_fileid\":0,\"duration\":0,\"play_url\":\"\",\"malicious_title_reason_id\":0,\"malicious_content_type\":0},{\"title\":\"辣榜 | 小米55W氮化镓充电器上架三方：售价79元\",\"digest\":\"值到家啦~\",\"content\":\"\",\"fileid\":503769513,\"content_url\":\"http:\/\/mp.weixin.qq.com\/s?__biz=MjM5Mzg4NzExMQ==&amp;mid=2651253218&amp;idx=6&amp;sn=3a43e1c6ba618027621ccacb812a2c37&amp;chksm=bd626f0a8a15e61c954dadcb317628c11514c3754caae2c935d03525c031e3b00616328783c6&amp;scene=27#wechat_redirect\",\"source_url\":\"https:\/\/u.jd.com\/tYkjVg1\",\"cover\":\"http:\/\/mmbiz.qpic.cn\/mmbiz_jpg\/YTI67xfsN51uibG3RAPHQoJJKJXAQSjbqEzkt8OwmDdImTLgnnvZQyDNO4I98w1npJE6sIMcWpbZ7ibWREVh9UZA\/0?wx_fmt=jpeg\",\"author\":\"辣品\",\"copyright_stat\":100,\"del_flag\":1,\"item_show_type\":0,\"audio_fileid\":0,\"duration\":0,\"play_url\":\"\",\"malicious_title_reason_id\":0,\"malicious_content_type\":0}],\"author\":\"IT之家\",\"copyright_stat\":11,\"duration\":0,\"del_flag\":1,\"item_show_type\":0,\"audio_fileid\":0,\"play_url\":\"\",\"malicious_title_reason_id\":0,\"malicious_content_type\":0}},{\"comm_msg_info\":{\"id\":1000001747,\"type\":49,\"datetime\":1612188160,\"fakeid\":\"2393887111\",\"status\":2,\"content\":\"\"},\"app_msg_ext_info\":{\"title\":\"有人靠微信红包月入十万了！这钱你不搞？\",\"digest\":\"我还真不搞。\",\"content\":\"\",\"fileid\":0,\"content_url\":\"http:\/\/mp.weixin.qq.com\/s?__biz=MjM5Mzg4NzExMQ==&amp;mid=2651253107&amp;idx=1&amp;sn=e8258441a7f6f47891dc65c0a970e982&amp;chksm=bd626f9b8a15e68d2f25886405fac7bb141f37c93177406b116533f61da067a05c8a834102a4&amp;scene=27#wechat_redirect\",\"source_url\":\"\",\"cover\":\"http:\/\/mmbiz.qpic.cn\/mmbiz_jpg\/YTI67xfsN50sO1W6hypyRYP0BZRQqMO7IQGo0mEuKxxBRVLtfAWCzyusvjp6t2cVSiciaO8rh4RmhB1sFiaBCpX3Q\/0?wx_fmt=jpeg\",\"subtype\":9,\"is_multi\":1,\"multi_app_msg_item_list\":[{\"title\":\"直播预约 | 增长2021·PC行业趋势发布会倒计时\",\"digest\":\"2月2日16时，腾讯×京东联手带来PC行业深层解决方案\",\"content\":\"\",\"fileid\":0,\"content_url\":\"http:\/\/mp.weixin.qq.com\/s?__biz=MjM5Mzg4NzExMQ==&amp;mid=2651253107&amp;idx=2&amp;sn=cb23d030d3392e2763c27f8f67b4eeab&amp;chksm=bd626f9b8a15e68da9f1f9f141e677c8ddabdb30c37db2df5d3fd53e1e39a36807c89ec66849&amp;scene=27#wechat_redirect\",\"source_url\":\"\",\"cover\":\"http:\/\/mmbiz.qpic.cn\/mmbiz_jpg\/YTI67xfsN50sO1W6hypyRYP0BZRQqMO7ibBMDt398fQTPtWetqxhmZQa5x5et6J9k01ic2Xwr5EXSJyWHqZpheZg\/0?wx_fmt=jpeg\",\"author\":\"IT之家\",\"copyright_stat\":100,\"del_flag\":1,\"item_show_type\":0,\"audio_fileid\":0,\"duration\":0,\"play_url\":\"\",\"malicious_title_reason_id\":0,\"malicious_content_type\":0},{\"title\":\"支付宝集五福正式开始，人均1.6元，有意思吗？\",\"digest\":\"都不够流量钱\",\"content\":\"\",\"fileid\":0,\"content_url\":\"http:\/\/mp.weixin.qq.com\/s?__biz=MjM5Mzg4NzExMQ==&amp;mid=2651253107&amp;idx=3&amp;sn=9efa3561bf2eac47a354a3e4f1b235a1&amp;chksm=bd626f9b8a15e68d677e0fb2e9b6746cd31fbffc66d1a4e2e17a1b88232d043cba53a1eda4be&amp;scene=27#wechat_redirect\",\"source_url\":\"\",\"cover\":\"http:\/\/mmbiz.qpic.cn\/mmbiz_jpg\/YTI67xfsN50sO1W6hypyRYP0BZRQqMO7iaRicnfvfOZR71Mqg4IoyG43h4f5hXby8djuicU7D8oLlteW2LE7SLuMg\/0?wx_fmt=jpeg\",\"author\":\"IT之家\",\"copyright_stat\":100,\"del_flag\":1,\"item_show_type\":0,\"audio_fileid\":0,\"duration\":0,\"play_url\":\"\",\"malicious_title_reason_id\":0,\"malicious_content_type\":0},{\"title\":\"苹果2021春季发布会预测：全新iPad Pro\/mini，还有AirPods\",\"digest\":\"啧啧啧\",\"content\":\"\",\"fileid\":0,\"content_url\":\"http:\/\/mp.weixin.qq.com\/s?__biz=MjM5Mzg4NzExMQ==&amp;mid=2651253107&amp;idx=4&amp;sn=0d5e42910c38bf036d103d96613b0a09&amp;chksm=bd626f9b8a15e68dafe5f406f491c27e902805f6d46375c4538f8aafdf5f9f02b2a775ca8232&amp;scene=27#wechat_redirect\",\"source_url\":\"\",\"cover\":\"http:\/\/mmbiz.qpic.cn\/mmbiz_jpg\/YTI67xfsN50sO1W6hypyRYP0BZRQqMO7iak3jicGw2icC4gxCeYvsBm17FmajKJ4Rz0NNQeSFDtdJ4fIx5lkK1FcA\/0?wx_fmt=jpeg\",\"author\":\"新浪科技\",\"copyright_stat\":100,\"del_flag\":1,\"item_show_type\":0,\"audio_fileid\":0,\"duration\":0,\"play_url\":\"\",\"malicious_title_reason_id\":0,\"malicious_content_type\":0},{\"title\":\"爷青回！《塞尔达传说：旷野之息2》来了\",\"digest\":\"青春回来了！\",\"content\":\"\",\"fileid\":0,\"content_url\":\"http:\/\/mp.weixin.qq.com\/s?__biz=MjM5Mzg4NzExMQ==&amp;mid=2651253107&amp;idx=5&amp;sn=e84ff104068865624ffa60fb1eeedc52&amp;chksm=bd626f9b8a15e68df6c865d9af61c6031e59dabc2b3e1c29c453e452ab22449596c778edaba8&amp;scene=27#wechat_redirect\",\"source_url\":\"\",\"cover\":\"http:\/\/mmbiz.qpic.cn\/mmbiz_jpg\/YTI67xfsN50sO1W6hypyRYP0BZRQqMO75fqIZqick6CI41A7EUKyZ5pgONhdJr7dY05L4iaL92uOcIchM69vc1vA\/0?wx_fmt=jpeg\",\"author\":\"IT之家\",\"copyright_stat\":100,\"del_flag\":1,\"item_show_type\":0,\"audio_fileid\":0,\"duration\":0,\"play_url\":\"\",\"malicious_title_reason_id\":0,\"malicious_content_type\":0},{\"title\":\"神评 | 小米也要出智商机了？？？\",\"digest\":\"IT之家，看的就是评论\",\"content\":\"\",\"fileid\":503721447,\"content_url\":\"http:\/\/mp.weixin.qq.com\/s?__biz=MjM5Mzg4NzExMQ==&amp;mid=2651253107&amp;idx=6&amp;sn=6a7c7fe99f6e4ac68f34793aad21b2d8&amp;chksm=bd626f9b8a15e68df28286b645e431c276c72e1b002695794e27e39a9bc67b369d612420aecf&amp;scene=27#wechat_redirect\",\"source_url\":\"https:\/\/m.ithome.com\/hotcommentm\/\",\"cover\":\"http:\/\/mmbiz.qpic.cn\/mmbiz_jpg\/YTI67xfsN50k8MGah9xNdAWzhqQU2b7kznIkLuW5l4b4m9dAmCMXib2zib0TzUCusohbPT7gND8iacPOO2go7gUPA\/0?wx_fmt=jpeg\",\"author\":\"IT之家\",\"copyright_stat\":100,\"del_flag\":1,\"item_show_type\":0,\"audio_fileid\":0,\"duration\":0,\"play_url\":\"\",\"malicious_title_reason_id\":0,\"malicious_content_type\":0},{\"title\":\"辣榜 | 京东红包最后抽1次，速领88元无门槛红包\",\"digest\":\"值到家啦~\",\"content\":\"\",\"fileid\":503769419,\"content_url\":\"http:\/\/mp.weixin.qq.com\/s?__biz=MjM5Mzg4NzExMQ==&amp;mid=2651253107&amp;idx=7&amp;sn=c269b1ffd1fd600a40b493f33b356ad6&amp;chksm=bd626f9b8a15e68df1e5ba2387bcdca08c1aa415ac71f2ee9506fecbd1ca22415d06bb346ae4&amp;scene=27#wechat_redirect\",\"source_url\":\"https:\/\/u.jd.com\/tYkjVg1\",\"cover\":\"http:\/\/mmbiz.qpic.cn\/mmbiz_jpg\/YTI67xfsN50sO1W6hypyRYP0BZRQqMO7W1lIGUbECHZviawiaA0nLRGtGkWHLJ2Eqr0yCiaSDCVibHbttI8HU5GGOg\/0?wx_fmt=jpeg\",\"author\":\"辣品\",\"copyright_stat\":100,\"del_flag\":1,\"item_show_type\":0,\"audio_fileid\":0,\"duration\":0,\"play_url\":\"\",\"malicious_title_reason_id\":0,\"malicious_content_type\":0}],\"author\":\"汐元\",\"copyright_stat\":11,\"duration\":0,\"del_flag\":1,\"item_show_type\":0,\"audio_fileid\":0,\"play_url\":\"\",\"malicious_title_reason_id\":0,\"malicious_content_type\":0}},{\"comm_msg_info\":{\"id\":1000001746,\"type\":49,\"datetime\":1612102202,\"fakeid\":\"2393887111\",\"status\":2,\"content\":\"\"},\"app_msg_ext_info\":{\"title\":\"小米反抗！正式起诉美国国防部及财政部程序不公\",\"digest\":\"美国优选认证企业\",\"content\":\"\",\"fileid\":503769280,\"content_url\":\"http:\/\/mp.weixin.qq.com\/s?__biz=MjM5Mzg4NzExMQ==&amp;mid=2651252974&amp;idx=1&amp;sn=0ac7f12ff9d9eea445d0e730d6e464fc&amp;chksm=bd626e068a15e710f4d928932905257b1848c2908a7b7d5f2b0ebeddb9a3b378c39f0e07149f&amp;scene=27#wechat_redirect\",\"source_url\":\"\",\"cover\":\"http:\/\/mmbiz.qpic.cn\/mmbiz_jpg\/YTI67xfsN51g8zJxXx4EnubicxTO9zl46gegFicfzrHks8H1EViaaibmXxCh4PFOibfDr5jf7zF82a5wotvAnsUVsVA\/0?wx_fmt=jpeg\",\"subtype\":9,\"is_multi\":1,\"multi_app_msg_item_list\":[{\"title\":\"快来看，这就是特斯拉车主的下场！\",\"digest\":\"我吐了\",\"content\":\"\",\"fileid\":0,\"content_url\":\"http:\/\/mp.weixin.qq.com\/s?__biz=MjM5Mzg4NzExMQ==&amp;mid=2651252974&amp;idx=2&amp;sn=bf86099464afccab9251e83288d7d28f&amp;chksm=bd626e068a15e710ed9417706caabc4d2b4b6e2c1af181e38f7802eb002f667a4157df34fd7e&amp;scene=27#wechat_redirect\",\"source_url\":\"\",\"cover\":\"http:\/\/mmbiz.qpic.cn\/mmbiz_jpg\/YTI67xfsN51g8zJxXx4EnubicxTO9zl46QvtGYBmafQSVWnYkKffl2LI8UbQhdJcvBtcvOeoKm6nJIYvEjmm2Vw\/0?wx_fmt=jpeg\",\"author\":\"IT之家\",\"copyright_stat\":100,\"del_flag\":1,\"item_show_type\":0,\"audio_fileid\":0,\"duration\":0,\"play_url\":\"\",\"malicious_title_reason_id\":0,\"malicious_content_type\":0},{\"title\":\"iPhone 12s Pro高清渲染图出炉\",\"digest\":\"嗯..\",\"content\":\"\",\"fileid\":0,\"content_url\":\"http:\/\/mp.weixin.qq.com\/s?__biz=MjM5Mzg4NzExMQ==&amp;mid=2651252974&amp;idx=3&amp;sn=c55914b7ceebe4b35853944aaa7d88d9&amp;chksm=bd626e068a15e710225caef6bf638e1912ca6b61aaf68918ae78ab345b2f67a7a31b813766c7&amp;scene=27#wechat_redirect\",\"source_url\":\"\",\"cover\":\"http:\/\/mmbiz.qpic.cn\/mmbiz_jpg\/YTI67xfsN51g8zJxXx4EnubicxTO9zl46Qj7teG6AESAfBnRiaSOhExNgWtTgZmoZqPzicCRbna04tmV5iaHnWrYhQ\/0?wx_fmt=jpeg\",\"author\":\"TechWeb\",\"copyright_stat\":100,\"del_flag\":1,\"item_show_type\":0,\"audio_fileid\":0,\"duration\":0,\"play_url\":\"\",\"malicious_title_reason_id\":0,\"malicious_content_type\":0},{\"title\":\"这家厂商，也被网友质疑P月亮...\",\"digest\":\"哈哈哈哈\",\"content\":\"\",\"fileid\":0,\"content_url\":\"http:\/\/mp.weixin.qq.com\/s?__biz=MjM5Mzg4NzExMQ==&amp;mid=2651252974&amp;idx=4&amp;sn=0e243a9f2ba39b7accfaefdd79219537&amp;chksm=bd626e068a15e71034492fad6d31ee2c74d85ebc1a93205f0cfe8a5d5ecff1998b512ff179f0&amp;scene=27#wechat_redirect\",\"source_url\":\"\",\"cover\":\"http:\/\/mmbiz.qpic.cn\/mmbiz_jpg\/YTI67xfsN51g8zJxXx4EnubicxTO9zl46qYFIhUly8cwxIrBAjzy9R1uZr3hlftRUrBQ12cY9nue6CSxTjJPpTg\/0?wx_fmt=jpeg\",\"author\":\"IT之家\",\"copyright_stat\":100,\"del_flag\":1,\"item_show_type\":0,\"audio_fileid\":0,\"duration\":0,\"play_url\":\"\",\"malicious_title_reason_id\":0,\"malicious_content_type\":0},{\"title\":\"神评 | 晚上回去就和老婆离婚\",\"digest\":\"IT之家，看的就是评论\",\"content\":\"\",\"fileid\":503721447,\"content_url\":\"http:\/\/mp.weixin.qq.com\/s?__biz=MjM5Mzg4NzExMQ==&amp;mid=2651252974&amp;idx=5&amp;sn=72db7966ca2d715572f88896ad3a2e06&amp;chksm=bd626e068a15e710cb9f2d2398a8dc2c9ed95ab3f5f1665fd4554c98423aff6189f7afe073ed&amp;scene=27#wechat_redirect\",\"source_url\":\"https:\/\/m.ithome.com\/hotcommentm\/\",\"cover\":\"http:\/\/mmbiz.qpic.cn\/mmbiz_jpg\/YTI67xfsN50k8MGah9xNdAWzhqQU2b7kznIkLuW5l4b4m9dAmCMXib2zib0TzUCusohbPT7gND8iacPOO2go7gUPA\/0?wx_fmt=jpeg\",\"author\":\"IT之家\",\"copyright_stat\":100,\"del_flag\":1,\"item_show_type\":0,\"audio_fileid\":0,\"duration\":0,\"play_url\":\"\",\"malicious_title_reason_id\":0,\"malicious_content_type\":0},{\"title\":\"辣榜 | 三只松鼠坚果礼包，3斤仅需49元！\",\"digest\":\"值到家啦~\",\"content\":\"\",\"fileid\":503769275,\"content_url\":\"http:\/\/mp.weixin.qq.com\/s?__biz=MjM5Mzg4NzExMQ==&amp;mid=2651252974&amp;idx=6&amp;sn=389291008024ab4c149583bf77169f68&amp;chksm=bd626e068a15e710c0a06d9585c085c4330df4fc0d62c38b4afe0bcfd432b96ea83a3d9f9e65&amp;scene=27#wechat_redirect\",\"source_url\":\"https:\/\/u.jd.com\/tYkjVg1\",\"cover\":\"http:\/\/mmbiz.qpic.cn\/mmbiz_jpg\/YTI67xfsN51g8zJxXx4EnubicxTO9zl46qD8daUOVsGN9WPpcLZB9EYNxFZmTYNUdvq3n9y7Vkf1tyyBSA3s1Xg\/0?wx_fmt=jpeg\",\"author\":\"辣品\",\"copyright_stat\":100,\"del_flag\":1,\"item_show_type\":0,\"audio_fileid\":0,\"duration\":0,\"play_url\":\"\",\"malicious_title_reason_id\":0,\"malicious_content_type\":0}],\"author\":\"IT之家\",\"copyright_stat\":100,\"duration\":0,\"del_flag\":1,\"item_show_type\":0,\"audio_fileid\":0,\"play_url\":\"\",\"malicious_title_reason_id\":0,\"malicious_content_type\":0}},{\"comm_msg_info\":{\"id\":1000001745,\"type\":49,\"datetime\":1612015999,\"fakeid\":\"2393887111\",\"status\":2,\"content\":\"\"},\"app_msg_ext_info\":{\"title\":\"微信状态出新玩法，又被网友玩坏了\",\"digest\":\"哈哈哈哈哈哈\",\"content\":\"\",\"fileid\":503769107,\"content_url\":\"http:\/\/mp.weixin.qq.com\/s?__biz=MjM5Mzg4NzExMQ==&amp;mid=2651252897&amp;idx=1&amp;sn=eb7ef581c25fa38f4f46bcb88681eb87&amp;chksm=bd626e498a15e75ff7f6dcc28f2e81232f8a65e5c199c1aeb366cc4659295ff3e64711517147&amp;scene=27#wechat_redirect\",\"source_url\":\"\",\"cover\":\"http:\/\/mmbiz.qpic.cn\/mmbiz_jpg\/YTI67xfsN50pb5V5cmhiawrHgd0saaFzjibslCibmpD4WdgE20t9RBwHvbkCqYxYfQtibmfRrQLFDy3hD4gJuoX8mQ\/0?wx_fmt=jpeg\",\"subtype\":9,\"is_multi\":1,\"multi_app_msg_item_list\":[{\"title\":\"无刘海iPhone 13正在测试\",\"digest\":\"买它\",\"content\":\"\",\"fileid\":503769218,\"content_url\":\"http:\/\/mp.weixin.qq.com\/s?__biz=MjM5Mzg4NzExMQ==&amp;mid=2651252897&amp;idx=2&amp;sn=8de955e72bb15da4677f038fe7be6eb4&amp;chksm=bd626e498a15e75f613b1adc07845628b2e7ab172c1decf70fa2bdc20b8acaa1cc2045466ec1&amp;scene=27#wechat_redirect\",\"source_url\":\"\",\"cover\":\"http:\/\/mmbiz.qpic.cn\/mmbiz_jpg\/YTI67xfsN50CicrTAInKS9AYYh9cbfibWrltzWuIgzib7icfupHRGKA6sjGAXGYSGrBXJniaVUCQTXKApTUg2HenficQ\/0?wx_fmt=jpeg\",\"author\":\"IT之家\",\"copyright_stat\":100,\"del_flag\":1,\"item_show_type\":0,\"audio_fileid\":0,\"duration\":0,\"play_url\":\"\",\"malicious_title_reason_id\":0,\"malicious_content_type\":0},{\"title\":\"央视揭秘App精准推送广告原因\",\"digest\":\"吐了\",\"content\":\"\",\"fileid\":0,\"content_url\":\"http:\/\/mp.weixin.qq.com\/s?__biz=MjM5Mzg4NzExMQ==&amp;mid=2651252897&amp;idx=3&amp;sn=c41aa4d2d799fee5ccc15b1d9fc56b5a&amp;chksm=bd626e498a15e75f38f98aca513429498d0251adacb0003e53de61fa03367a6ceb70cb76c6f0&amp;scene=27#wechat_redirect\",\"source_url\":\"\",\"cover\":\"http:\/\/mmbiz.qpic.cn\/mmbiz_jpg\/YTI67xfsN50CicrTAInKS9AYYh9cbfibWrHX9Y4Z5jiaCWnHxt0TJXFAfnL3RGGb9WHNCzHmhjG7YKGNuyTI4LQ0Q\/0?wx_fmt=jpeg\",\"author\":\"TechWeb\",\"copyright_stat\":100,\"del_flag\":1,\"item_show_type\":0,\"audio_fileid\":0,\"duration\":0,\"play_url\":\"\",\"malicious_title_reason_id\":0,\"malicious_content_type\":0},{\"title\":\"笑了，特斯拉出问题，甩锅给国家电网\",\"digest\":\"真是恶心\",\"content\":\"\",\"fileid\":0,\"content_url\":\"http:\/\/mp.weixin.qq.com\/s?__biz=MjM5Mzg4NzExMQ==&amp;mid=2651252897&amp;idx=4&amp;sn=a3f5d6ac335ed2e4fd30e660163917e0&amp;chksm=bd626e498a15e75f4b16bcd45abbfff7e29b480ea277dab1625e92f36d05d569d3cdc3384b3d&amp;scene=27#wechat_redirect\",\"source_url\":\"\",\"cover\":\"http:\/\/mmbiz.qpic.cn\/mmbiz_jpg\/YTI67xfsN50CicrTAInKS9AYYh9cbfibWrtnfZpE6xIuIpc1ibLk36aGJNjn8jXfv2rYEZiad5loiaNKnOcHGh6dWnw\/0?wx_fmt=jpeg\",\"author\":\"IT之家\",\"copyright_stat\":100,\"del_flag\":1,\"item_show_type\":0,\"audio_fileid\":0,\"duration\":0,\"play_url\":\"\",\"malicious_title_reason_id\":0,\"malicious_content_type\":0},{\"title\":\"神评 | 真有人愿意 1元\/小时 玩这游戏？\",\"digest\":\"IT之家，看的就是评论\",\"content\":\"\",\"fileid\":503721447,\"content_url\":\"http:\/\/mp.weixin.qq.com\/s?__biz=MjM5Mzg4NzExMQ==&amp;mid=2651252897&amp;idx=5&amp;sn=2f2be84c3844edfc3ab053615c404c81&amp;chksm=bd626e498a15e75ff97d63037581b42a996c86cf89a2a35fd04b684f82c30baf1270c04c3c47&amp;scene=27#wechat_redirect\",\"source_url\":\"https:\/\/m.ithome.com\/hotcommentm\/\",\"cover\":\"http:\/\/mmbiz.qpic.cn\/mmbiz_jpg\/YTI67xfsN50k8MGah9xNdAWzhqQU2b7kznIkLuW5l4b4m9dAmCMXib2zib0TzUCusohbPT7gND8iacPOO2go7gUPA\/0?wx_fmt=jpeg\",\"author\":\"IT之家\",\"copyright_stat\":100,\"del_flag\":1,\"item_show_type\":0,\"audio_fileid\":0,\"duration\":0,\"play_url\":\"\",\"malicious_title_reason_id\":0,\"malicious_content_type\":0},{\"title\":\"辣榜 | 三只松鼠坚果礼包，3斤仅需49元！\",\"digest\":\"值到家啦~\",\"content\":\"\",\"fileid\":503769211,\"content_url\":\"http:\/\/mp.weixin.qq.com\/s?__biz=MjM5Mzg4NzExMQ==&amp;mid=2651252897&amp;idx=6&amp;sn=5d19323e367453f00e31575102116d51&amp;chksm=bd626e498a15e75f4a4dd6fc65f94bb394e15fc177587c414f06c9fc8ee35b04024dff032444&amp;scene=27#wechat_redirect\",\"source_url\":\"https:\/\/u.jd.com\/tYkjVg1\",\"cover\":\"http:\/\/mmbiz.qpic.cn\/mmbiz_jpg\/YTI67xfsN50CicrTAInKS9AYYh9cbfibWr6HSTaqQRwLiaVkyOia3bzUXWGJf4r2NmMbUUoqbibtKxYONZFSJfnm1Ag\/0?wx_fmt=jpeg\",\"author\":\"辣品\",\"copyright_stat\":100,\"del_flag\":1,\"item_show_type\":0,\"audio_fileid\":0,\"duration\":0,\"play_url\":\"\",\"malicious_title_reason_id\":0,\"malicious_content_type\":0}],\"author\":\"启人\",\"copyright_stat\":100,\"duration\":0,\"del_flag\":1,\"item_show_type\":0,\"audio_fileid\":0,\"play_url\":\"\",\"malicious_title_reason_id\":0,\"malicious_content_type\":0}}]}","next_offset":131,"video_count":1,"use_video_tab":1,"real_type":0,"home_page_list":[]}