{"ret":0,"errmsg":"ok","msg_count":10,"can_msg_continue":1,"general_msg_list":"{\"list\":[{\"comm_msg_info\":{\"id\":1000001724,\"type\":49,\"datetime\":1610201285,\"fakeid\":\"2393887111\",\"status\":2,\"content\":\"\"},\"app_msg_ext_info\":{\"title\":\"员工今日跳楼自杀离世，拼多多通报\",\"digest\":\"节哀\",\"content\":\"\",\"fileid\":503767565,\"content_url\":\"http:\/\/mp.weixin.qq.com\/s?__biz=MjM5Mzg4NzExMQ==&amp;mid=2651251250&amp;idx=1&amp;sn=3f95c9634a198bce56c9260cb77441dc&amp;chksm=bd6264da8a15edcce45da7bb1f1e0b4a4dc93fbefadf29e08238d97f14cd4dcc5bba6df6b832&amp;scene=27#wechat_redirect\",\"source_url\":\"\",\"cover\":\"http:\/\/mmbiz.qpic.cn\/mmbiz_jpg\/YTI67xfsN51RalE47Aa9v6rI1Euoq67oDYOFyxTSp1jZB3Of99Uf5Wxh47UsawKXTNQq1ibAJUx4GSpiaYsaNgow\/0?wx_fmt=jpeg\",\"subtype\":9,\"is_multi\":1,\"multi_app_msg_item_list\":[{\"title\":\"来了！新一代iPad mini，屏幕更大，3月上市\",\"digest\":\"来了！\",\"content\":\"\",\"fileid\":0,\"content_url\":\"http:\/\/mp.weixin.qq.com\/s?__biz=MjM5Mzg4NzExMQ==&amp;mid=2651251250&amp;idx=2&amp;sn=4fedb23b24d1a7ab7dcc19f67efb213e&amp;chksm=bd6264da8a15edcc26a26e07c0dd15b15f32540415547cb6180f10bf5f5203f620431b925045&amp;scene=27#wechat_redirect\",\"source_url\":\"\",\"cover\":\"http:\/\/mmbiz.qpic.cn\/mmbiz_jpg\/YTI67xfsN51RalE47Aa9v6rI1Euoq67oDZiczFMeHuGvaPaHoVYOQ0UQuOgrCEI8yrMVN38Ef6Kt2GDXzYzSvnw\/0?wx_fmt=jpeg\",\"author\":\"IT之家\",\"copyright_stat\":100,\"del_flag\":1,\"item_show_type\":0,\"audio_fileid\":0,\"duration\":0,\"play_url\":\"\",\"malicious_title_reason_id\":0,\"malicious_content_type\":0},{\"title\":\"中国电信正式推出“量子通话”，了解一下\",\"digest\":\"...\",\"content\":\"\",\"fileid\":0,\"content_url\":\"http:\/\/mp.weixin.qq.com\/s?__biz=MjM5Mzg4NzExMQ==&amp;mid=2651251250&amp;idx=3&amp;sn=50e48845274806db62993654993b6b16&amp;chksm=bd6264da8a15edcc7b92f1ef22aa463545c8dc3925d7cf87cad7618fe53d330c5bb1bd55e4bd&amp;scene=27#wechat_redirect\",\"source_url\":\"\",\"cover\":\"http:\/\/mmbiz.qpic.cn\/mmbiz_jpg\/YTI67xfsN51RalE47Aa9v6rI1Euoq67okCtxrzT6miadesicQ6mt99bbUWx09JW7MxhYK9y7AtMicb4oPOic26Siaww\/0?wx_fmt=jpeg\",\"author\":\"C114通信网\",\"copyright_stat\":100,\"del_flag\":1,\"item_show_type\":0,\"audio_fileid\":0,\"duration\":0,\"play_url\":\"\",\"malicious_title_reason_id\":0,\"malicious_content_type\":0},{\"title\":\"华为nova8 Pro王者荣耀定制版官宣\",\"digest\":\"哎呦，不错\",\"content\":\"\",\"fileid\":0,\"content_url\":\"http:\/\/mp.weixin.qq.com\/s?__biz=MjM5Mzg4NzExMQ==&amp;mid=2651251250&amp;idx=4&amp;sn=005033c157ca64b3abf8044b93e5c162&amp;chksm=bd6264da8a15edccab18dd87c941495c57759225b52b11c5f619e3c44c6838c9d0654956c5f9&amp;scene=27#wechat_redirect\",\"source_url\":\"\",\"cover\":\"http:\/\/mmbiz.qpic.cn\/mmbiz_jpg\/YTI67xfsN51RalE47Aa9v6rI1Euoq67oVXIJvveicE1xCSjyMiaLabicPia6YLqUUodiar6E3xicHnBz1CNRdwsM9Ivg\/0?wx_fmt=jpeg\",\"author\":\"IT之家\",\"copyright_stat\":100,\"del_flag\":1,\"item_show_type\":0,\"audio_fileid\":0,\"duration\":0,\"play_url\":\"\",\"malicious_title_reason_id\":0,\"malicious_content_type\":0},{\"title\":\"神评 | 买电车和折叠屏手机的人，太惨了\",\"digest\":\"IT之家，看的就是评论\",\"content\":\"\",\"fileid\":503721447,\"content_url\":\"http:\/\/mp.weixin.qq.com\/s?__biz=MjM5Mzg4NzExMQ==&amp;mid=2651251250&amp;idx=5&amp;sn=3a67c6302597f98f5ee82d7f805befc0&amp;chksm=bd6264da8a15edcc1ec4d8d7ee7e8e6712de046b54d6446af30b241e35a2ce61b540be646fb8&amp;scene=27#wechat_redirect\",\"source_url\":\"https:\/\/m.ithome.com\/hotcommentm\/\",\"cover\":\"http:\/\/mmbiz.qpic.cn\/mmbiz_jpg\/YTI67xfsN50k8MGah9xNdAWzhqQU2b7kznIkLuW5l4b4m9dAmCMXib2zib0TzUCusohbPT7gND8iacPOO2go7gUPA\/0?wx_fmt=jpeg\",\"author\":\"IT之家\",\"copyright_stat\":100,\"del_flag\":1,\"item_show_type\":0,\"audio_fileid\":0,\"duration\":0,\"play_url\":\"\",\"malicious_title_reason_id\":0,\"malicious_content_type\":0},{\"title\":\"辣榜 | 299元拼手速：京东JJ级车厘子10斤礼盒开售\",\"digest\":\"手慢无！\",\"content\":\"\",\"fileid\":503767563,\"content_url\":\"http:\/\/mp.weixin.qq.com\/s?__biz=MjM5Mzg4NzExMQ==&amp;mid=2651251250&amp;idx=6&amp;sn=15b49ea32740703ac56e554bb43d9045&amp;chksm=bd6264da8a15edcc855bfdbfe80038e80e790b4a12dbbe03f64861be7642092f9c19119dea92&amp;scene=27#wechat_redirect\",\"source_url\":\"http:\/\/m.lapin365.com\/apps.htm\",\"cover\":\"http:\/\/mmbiz.qpic.cn\/mmbiz_jpg\/YTI67xfsN51RalE47Aa9v6rI1Euoq67oKkG9wSKNqPnJrjcbhCvnhDOibOO0eEnMdcib5qEgwJcy4gbjudxSa61g\/0?wx_fmt=jpeg\",\"author\":\"辣品\",\"copyright_stat\":100,\"del_flag\":1,\"item_show_type\":0,\"audio_fileid\":0,\"duration\":0,\"play_url\":\"\",\"malicious_title_reason_id\":0,\"malicious_content_type\":0}],\"author\":\"IT之家\",\"copyright_stat\":100,\"duration\":0,\"del_flag\":1,\"item_show_type\":0,\"audio_fileid\":0,\"play_url\":\"\",\"malicious_title_reason_id\":0,\"malicious_content_type\":0}},{\"comm_msg_info\":{\"id\":1000001723,\"type\":49,\"datetime\":1610113800,\"fakeid\":\"2393887111\",\"status\":2,\"content\":\"\"},\"app_msg_ext_info\":{\"title\":\"外网疯传：新冠疫苗可让男性变长3厘米...\",\"digest\":\"只有反智，才能打败反智\",\"content\":\"\",\"fileid\":503767460,\"content_url\":\"http:\/\/mp.weixin.qq.com\/s?__biz=MjM5Mzg4NzExMQ==&amp;mid=2651251187&amp;idx=1&amp;sn=b5b4225824902936989f4df9244b9a80&amp;chksm=bd62671b8a15ee0da3742698198de29a553d74c181dea094a396d3282ef25baa1cb6c95e3db6&amp;scene=27#wechat_redirect\",\"source_url\":\"\",\"cover\":\"http:\/\/mmbiz.qpic.cn\/mmbiz_jpg\/YTI67xfsN5039icqwKghW7DNzBUXFXFaSr9AQsjJ3pyxO0rN5BMbjMrgAJHBPXrnYSPacCmSCFYt3YXeHhUrGYA\/0?wx_fmt=jpeg\",\"subtype\":9,\"is_multi\":1,\"multi_app_msg_item_list\":[{\"title\":\"小米11 Pro了解一下\",\"digest\":\"...\",\"content\":\"\",\"fileid\":0,\"content_url\":\"http:\/\/mp.weixin.qq.com\/s?__biz=MjM5Mzg4NzExMQ==&amp;mid=2651251187&amp;idx=2&amp;sn=777b1921134e5e7667793d215b562fe7&amp;chksm=bd62671b8a15ee0dd5f204271b97e0262a0944b5b5355e94da0bf2153dbfebe9a4cebba49022&amp;scene=27#wechat_redirect\",\"source_url\":\"\",\"cover\":\"http:\/\/mmbiz.qpic.cn\/mmbiz_jpg\/YTI67xfsN5039icqwKghW7DNzBUXFXFaS38tpiaw5DQicZXu1uFUmZzXzhvgiakVPq8FkkEwibp7ILHVZGtrcH3p1JA\/0?wx_fmt=jpeg\",\"author\":\"IT之家\",\"copyright_stat\":100,\"del_flag\":1,\"item_show_type\":0,\"audio_fileid\":0,\"duration\":0,\"play_url\":\"\",\"malicious_title_reason_id\":0,\"malicious_content_type\":0},{\"title\":\"iPad 9曝光，只要1929元！\",\"digest\":\"清库存啦\",\"content\":\"\",\"fileid\":0,\"content_url\":\"http:\/\/mp.weixin.qq.com\/s?__biz=MjM5Mzg4NzExMQ==&amp;mid=2651251187&amp;idx=3&amp;sn=d596042a3a4b1fba79863312babd4a61&amp;chksm=bd62671b8a15ee0df2af3c76b1c4d271a0727ec9cf064d5a25026a7bdd3159bf41decfb3761c&amp;scene=27#wechat_redirect\",\"source_url\":\"\",\"cover\":\"http:\/\/mmbiz.qpic.cn\/mmbiz_jpg\/YTI67xfsN5039icqwKghW7DNzBUXFXFaSZBia4qOy6881dIWD7kpWMntvZsEQ3AyH6JURibvf4gIqV6dxpPibBLHew\/0?wx_fmt=jpeg\",\"author\":\"IT之家\",\"copyright_stat\":100,\"del_flag\":1,\"item_show_type\":0,\"audio_fileid\":0,\"duration\":0,\"play_url\":\"\",\"malicious_title_reason_id\":0,\"malicious_content_type\":0},{\"title\":\"如果你没空看书，就来看看这几个公众号\",\"digest\":\"荐号\",\"content\":\"\",\"fileid\":0,\"content_url\":\"http:\/\/mp.weixin.qq.com\/s?__biz=MjM5Mzg4NzExMQ==&amp;mid=2651251187&amp;idx=4&amp;sn=e91caf7dd01a76c98cd72399b18c75c0&amp;chksm=bd62671b8a15ee0da6131ce10094077bc08945ec1e0a85fa0008bc0d913325c71215a71e7adf&amp;scene=27#wechat_redirect\",\"source_url\":\"\",\"cover\":\"http:\/\/mmbiz.qpic.cn\/mmbiz_jpg\/YTI67xfsN5039icqwKghW7DNzBUXFXFaSpyjGMribK87lt4uVVuc2rIQKDeKmG0Lbu1ukG7IHaVbbed7cYCEbliaA\/0?wx_fmt=jpeg\",\"author\":\"荐号\",\"copyright_stat\":100,\"del_flag\":1,\"item_show_type\":0,\"audio_fileid\":0,\"duration\":0,\"play_url\":\"\",\"malicious_title_reason_id\":0,\"malicious_content_type\":0},{\"title\":\"神评 | 华为“灵犀”处理器曝光\",\"digest\":\"IT之家，看的就是评论\",\"content\":\"\",\"fileid\":503721447,\"content_url\":\"http:\/\/mp.weixin.qq.com\/s?__biz=MjM5Mzg4NzExMQ==&amp;mid=2651251187&amp;idx=5&amp;sn=3a3dbcf7916d43435ebbf3f73e060365&amp;chksm=bd62671b8a15ee0d1bf54281f861f65d659d67ba41967e6a46fee97a3b70eacf751fa6315b71&amp;scene=27#wechat_redirect\",\"source_url\":\"https:\/\/m.ithome.com\/hotcommentm\/\",\"cover\":\"http:\/\/mmbiz.qpic.cn\/mmbiz_jpg\/YTI67xfsN50k8MGah9xNdAWzhqQU2b7kznIkLuW5l4b4m9dAmCMXib2zib0TzUCusohbPT7gND8iacPOO2go7gUPA\/0?wx_fmt=jpeg\",\"author\":\"IT之家\",\"copyright_stat\":100,\"del_flag\":1,\"item_show_type\":0,\"audio_fileid\":0,\"duration\":0,\"play_url\":\"\",\"malicious_title_reason_id\":0,\"malicious_content_type\":0},{\"title\":\"辣榜 | 周黑鸭年货礼盒，5袋仅需58元！\",\"digest\":\"手慢无！\",\"content\":\"\",\"fileid\":503767501,\"content_url\":\"http:\/\/mp.weixin.qq.com\/s?__biz=MjM5Mzg4NzExMQ==&amp;mid=2651251187&amp;idx=6&amp;sn=be0323a7aecde7128e4ecf5ab561b99a&amp;chksm=bd62671b8a15ee0d9b7870b9a82682c8fae85425a5ad63894001cdf667e7fc988c22e8249d01&amp;scene=27#wechat_redirect\",\"source_url\":\"http:\/\/m.lapin365.com\/apps.htm\",\"cover\":\"http:\/\/mmbiz.qpic.cn\/mmbiz_jpg\/YTI67xfsN5039icqwKghW7DNzBUXFXFaSpUY95Q2YxkMn9PhrjcV8qSD20TictNTu862QibpqyBVAQlhSsoWuicfsQ\/0?wx_fmt=jpeg\",\"author\":\"辣品\",\"copyright_stat\":100,\"del_flag\":1,\"item_show_type\":0,\"audio_fileid\":0,\"duration\":0,\"play_url\":\"\",\"malicious_title_reason_id\":0,\"malicious_content_type\":0}],\"author\":\"启人\",\"copyright_stat\":11,\"duration\":0,\"del_flag\":1,\"item_show_type\":0,\"audio_fileid\":0,\"play_url\":\"\",\"malicious_title_reason_id\":0,\"malicious_content_type\":0}},{\"comm_msg_info\":{\"id\":1000001722,\"type\":49,\"datetime\":1610029316,\"fakeid\":\"2393887111\",\"status\":2,\"content\":\"\"},\"app_msg_ext_info\":{\"title\":\"特朗普致暴动多人死亡，封杀微信支付宝，国会官员落荒而逃\",\"digest\":\"美国之春\",\"content\":\"\",\"fileid\":503767349,\"content_url\":\"http:\/\/mp.weixin.qq.com\/s?__biz=MjM5Mzg4NzExMQ==&amp;mid=2651251106&amp;idx=1&amp;sn=cfe89e26e4b0470894ee522e2e5782fb&amp;chksm=bd62674a8a15ee5c54ebae338f4fdd6dc1ec50a5d6274b18fb42f5252cd9d994b3772453ee05&amp;scene=27#wechat_redirect\",\"source_url\":\"\",\"cover\":\"http:\/\/mmbiz.qpic.cn\/mmbiz_jpg\/YTI67xfsN50PPlgRX4zLZ9dOg92my302O5s4NtfCVj5lvVDVSmnGic7g83OeSibZPzlbW1BzrZmxIW2DTHkJVGyQ\/0?wx_fmt=jpeg\",\"subtype\":9,\"is_multi\":1,\"multi_app_msg_item_list\":[{\"title\":\"微信7.0.21正式版发布，一定要升级！\",\"digest\":\"不错不错\",\"content\":\"\",\"fileid\":0,\"content_url\":\"http:\/\/mp.weixin.qq.com\/s?__biz=MjM5Mzg4NzExMQ==&amp;mid=2651251106&amp;idx=2&amp;sn=defbd0480c3beec69dcba9951f65932f&amp;chksm=bd62674a8a15ee5c669fdd0cbc8a50898453d2870443ec7009b53441c01b93f2a324405bf854&amp;scene=27#wechat_redirect\",\"source_url\":\"\",\"cover\":\"http:\/\/mmbiz.qpic.cn\/mmbiz_jpg\/YTI67xfsN50PPlgRX4zLZ9dOg92my302I06eFfP0T4PJicgGucnsYgaT469cmiaxUypjsgcGiaojvg6M1ZYBOWvxg\/0?wx_fmt=jpeg\",\"author\":\"IT之家\",\"copyright_stat\":11,\"del_flag\":1,\"item_show_type\":0,\"audio_fileid\":0,\"duration\":0,\"play_url\":\"\",\"malicious_title_reason_id\":0,\"malicious_content_type\":0},{\"title\":\"苹果发布第二款中国专属产品，牛年限量，1999元\",\"digest\":\"花式骗钱，就服苹果\",\"content\":\"\",\"fileid\":0,\"content_url\":\"http:\/\/mp.weixin.qq.com\/s?__biz=MjM5Mzg4NzExMQ==&amp;mid=2651251106&amp;idx=3&amp;sn=f13442274be194aae5bc523d28d29838&amp;chksm=bd62674a8a15ee5c702f362cd50b3992cd45bdec97bd5f856759f2dc008a526eca341a7c63a5&amp;scene=27#wechat_redirect\",\"source_url\":\"\",\"cover\":\"http:\/\/mmbiz.qpic.cn\/mmbiz_jpg\/YTI67xfsN50PPlgRX4zLZ9dOg92my302LOtD1h5W5SqHz1K2ueHO0LWFV9Gr4DHTdKXIXxPHjibPfG0ibZCa0hmA\/0?wx_fmt=jpeg\",\"author\":\"IT之家\",\"copyright_stat\":100,\"del_flag\":1,\"item_show_type\":0,\"audio_fileid\":0,\"duration\":0,\"play_url\":\"\",\"malicious_title_reason_id\":0,\"malicious_content_type\":0},{\"title\":\"知乎万赞：普通人如何提高自己的见识？\",\"digest\":\"荐号\",\"content\":\"\",\"fileid\":0,\"content_url\":\"http:\/\/mp.weixin.qq.com\/s?__biz=MjM5Mzg4NzExMQ==&amp;mid=2651251106&amp;idx=4&amp;sn=8afb7d945b3a74f5b301b9478da0ea20&amp;chksm=bd62674a8a15ee5c975b6220c266c89987cb725bccbb0a6681a7b5072fd5d4d6899e4a414a68&amp;scene=27#wechat_redirect\",\"source_url\":\"\",\"cover\":\"http:\/\/mmbiz.qpic.cn\/mmbiz_jpg\/YTI67xfsN50PPlgRX4zLZ9dOg92my302QEiaOib0UNem3vjtah1EKTFfo4y67CKkmsn5Im6RnldM6ueldGCI1LAw\/0?wx_fmt=jpeg\",\"author\":\"荐号\",\"copyright_stat\":100,\"del_flag\":1,\"item_show_type\":0,\"audio_fileid\":0,\"duration\":0,\"play_url\":\"\",\"malicious_title_reason_id\":0,\"malicious_content_type\":0},{\"title\":\"应届生拒绝996被申通辞退，申通回应\",\"digest\":\"活该啊\",\"content\":\"\",\"fileid\":0,\"content_url\":\"http:\/\/mp.weixin.qq.com\/s?__biz=MjM5Mzg4NzExMQ==&amp;mid=2651251106&amp;idx=5&amp;sn=e1ca23a80ab6d5a059b5ad89cfcf10df&amp;chksm=bd62674a8a15ee5cc3d77dc47fda89ef35d2dd0439da9a730425200bf9c33ed9d60182a1e2c7&amp;scene=27#wechat_redirect\",\"source_url\":\"\",\"cover\":\"http:\/\/mmbiz.qpic.cn\/mmbiz_jpg\/YTI67xfsN50PPlgRX4zLZ9dOg92my302tYTyQASDjguJmegrfU2prP83Qce5anm8ib7NqWJcVljTORP9gngBaOg\/0?wx_fmt=jpeg\",\"author\":\"新浪科技\",\"copyright_stat\":100,\"del_flag\":1,\"item_show_type\":0,\"audio_fileid\":0,\"duration\":0,\"play_url\":\"\",\"malicious_title_reason_id\":0,\"malicious_content_type\":0},{\"title\":\"神评 | 只要企业出来辟谣，“谣言”一定是真的\",\"digest\":\"IT之家，看的就是评论\",\"content\":\"\",\"fileid\":503721447,\"content_url\":\"http:\/\/mp.weixin.qq.com\/s?__biz=MjM5Mzg4NzExMQ==&amp;mid=2651251106&amp;idx=6&amp;sn=31939d8fa577c86cad229cf7073c1257&amp;chksm=bd62674a8a15ee5ccf4cad71e4242a9ed0524b2c72e2b2d27df522e1e46b59313fdc3f606d92&amp;scene=27#wechat_redirect\",\"source_url\":\"https:\/\/m.ithome.com\/hotcommentm\/\",\"cover\":\"http:\/\/mmbiz.qpic.cn\/mmbiz_jpg\/YTI67xfsN50k8MGah9xNdAWzhqQU2b7kznIkLuW5l4b4m9dAmCMXib2zib0TzUCusohbPT7gND8iacPOO2go7gUPA\/0?wx_fmt=jpeg\",\"author\":\"IT之家\",\"copyright_stat\":100,\"del_flag\":1,\"item_show_type\":0,\"audio_fileid\":0,\"duration\":0,\"play_url\":\"\",\"malicious_title_reason_id\":0,\"malicious_content_type\":0},{\"title\":\"辣榜 | 0点限量，京东PLUS买1得8，送5斤JJ级车厘子\",\"digest\":\"手慢无！\",\"content\":\"\",\"fileid\":503767408,\"content_url\":\"http:\/\/mp.weixin.qq.com\/s?__biz=MjM5Mzg4NzExMQ==&amp;mid=2651251106&amp;idx=7&amp;sn=92d65b053d88f3872298380859fd869c&amp;chksm=bd62674a8a15ee5c7b93a02f35bf11fd2fa052287d81978ffdabea2375074b60c1cc6e465be9&amp;scene=27#wechat_redirect\",\"source_url\":\"http:\/\/m.lapin365.com\/apps.htm\",\"cover\":\"http:\/\/mmbiz.qpic.cn\/mmbiz_jpg\/YTI67xfsN50PPlgRX4zLZ9dOg92my302AMFyHqBDTwVSCI2f5UkL2VOwIibUVrQDX2JXOL0ug3BicKg2m6aia05xw\/0?wx_fmt=jpeg\",\"author\":\"辣品\",\"copyright_stat\":100,\"del_flag\":1,\"item_show_type\":0,\"audio_fileid\":0,\"duration\":0,\"play_url\":\"\",\"malicious_title_reason_id\":0,\"malicious_content_type\":0}],\"author\":\"启人\",\"copyright_stat\":11,\"duration\":0,\"del_flag\":1,\"item_show_type\":0,\"audio_fileid\":0,\"play_url\":\"\",\"malicious_title_reason_id\":0,\"malicious_content_type\":0}},{\"comm_msg_info\":{\"id\":1000001721,\"type\":49,\"datetime\":1609943184,\"fakeid\":\"2393887111\",\"status\":2,\"content\":\"\"},\"app_msg_ext_info\":{\"title\":\"B站作者集体被举报，视频删掉前我看到了\",\"digest\":\"啧啧啧\",\"content\":\"\",\"fileid\":503767283,\"content_url\":\"http:\/\/mp.weixin.qq.com\/s?__biz=MjM5Mzg4NzExMQ==&amp;mid=2651250994&amp;idx=1&amp;sn=0da5d1e6b9d6f05b53fae75b1889e18e&amp;chksm=bd6267da8a15eecc0859cf5c4f4777cfa37de4af454ffc04f8074760ea4b89cb1b369dbf587a&amp;scene=27#wechat_redirect\",\"source_url\":\"\",\"cover\":\"http:\/\/mmbiz.qpic.cn\/mmbiz_jpg\/YTI67xfsN533rBoKHIwvC3zVP5WqZ15w6eZ26UZmdicnj3swqEtuNibjxBo0s54qo7fckNM9IQibibaUlb7xO8MyAQ\/0?wx_fmt=jpeg\",\"subtype\":9,\"is_multi\":1,\"multi_app_msg_item_list\":[{\"title\":\"数字人民币新形态，不用手机也能花钱！\",\"digest\":\"不错，我就不想用手机\",\"content\":\"\",\"fileid\":0,\"content_url\":\"http:\/\/mp.weixin.qq.com\/s?__biz=MjM5Mzg4NzExMQ==&amp;mid=2651250994&amp;idx=2&amp;sn=34722211d6a3fa6d845fbdbf3bb10d6a&amp;chksm=bd6267da8a15eecca6dd6ea244cdf76b06b0b6dc5a865df4875bbf7f79baea37ec82dbab5499&amp;scene=27#wechat_redirect\",\"source_url\":\"\",\"cover\":\"http:\/\/mmbiz.qpic.cn\/mmbiz_jpg\/YTI67xfsN533rBoKHIwvC3zVP5WqZ15wtfibF7NFE9kus7ic0PiaMur8jkiaSCRftibtWq1Eh1YMdKiczz2TiclmOia5wg\/0?wx_fmt=jpeg\",\"author\":\"IT之家\",\"copyright_stat\":100,\"del_flag\":1,\"item_show_type\":0,\"audio_fileid\":0,\"duration\":0,\"play_url\":\"\",\"malicious_title_reason_id\":0,\"malicious_content_type\":0},{\"title\":\"苹果第一款mini LED屏iPad Pro即将发售，A14X旗舰芯片\",\"digest\":\"比较关心价格\",\"content\":\"\",\"fileid\":0,\"content_url\":\"http:\/\/mp.weixin.qq.com\/s?__biz=MjM5Mzg4NzExMQ==&amp;mid=2651250994&amp;idx=3&amp;sn=5f6c74b7de9cb37abf5161519ab2459f&amp;chksm=bd6267da8a15eecce7450258f515470c0b1e08d0fd6536b9f1804a6929e08fb32f00f0eab292&amp;scene=27#wechat_redirect\",\"source_url\":\"\",\"cover\":\"http:\/\/mmbiz.qpic.cn\/mmbiz_jpg\/YTI67xfsN533rBoKHIwvC3zVP5WqZ15wVMQfQUAicPUVcQEyuykmDxhrWs9DQDe5teNjaCduOt6lyALVzPtB9EQ\/0?wx_fmt=jpeg\",\"author\":\"TechWeb\",\"copyright_stat\":100,\"del_flag\":1,\"item_show_type\":0,\"audio_fileid\":0,\"duration\":0,\"play_url\":\"\",\"malicious_title_reason_id\":0,\"malicious_content_type\":0},{\"title\":\"对不起，你从我的朋友圈消失了\",\"digest\":\"荐号\",\"content\":\"\",\"fileid\":0,\"content_url\":\"http:\/\/mp.weixin.qq.com\/s?__biz=MjM5Mzg4NzExMQ==&amp;mid=2651250994&amp;idx=4&amp;sn=dd2d80e74d8bd7359ce6db3c683b21fd&amp;chksm=bd6267da8a15eecc82cb89f0967a46ea9f9b623c451ff4b79c7e4140523263d31e858df40ec1&amp;scene=27#wechat_redirect\",\"source_url\":\"\",\"cover\":\"http:\/\/mmbiz.qpic.cn\/mmbiz_jpg\/YTI67xfsN533rBoKHIwvC3zVP5WqZ15wFN0q7cwHpztxFLPTUp927wPgdaJwo4ibfRlVph3blX5tM7hXVpricib9w\/0?wx_fmt=jpeg\",\"author\":\"荐号\",\"copyright_stat\":100,\"del_flag\":1,\"item_show_type\":0,\"audio_fileid\":0,\"duration\":0,\"play_url\":\"\",\"malicious_title_reason_id\":0,\"malicious_content_type\":0},{\"title\":\"采用高通芯片的荣耀手机，很快上市\",\"digest\":\"期待\",\"content\":\"\",\"fileid\":0,\"content_url\":\"http:\/\/mp.weixin.qq.com\/s?__biz=MjM5Mzg4NzExMQ==&amp;mid=2651250994&amp;idx=5&amp;sn=d774734d03eab11c38120dc51d2bb1b3&amp;chksm=bd6267da8a15eecca9ddfebd8769431a26439753471dc5091aacba8caa255c4b6537834d8c28&amp;scene=27#wechat_redirect\",\"source_url\":\"\",\"cover\":\"http:\/\/mmbiz.qpic.cn\/mmbiz_jpg\/YTI67xfsN533rBoKHIwvC3zVP5WqZ15wzXGXCEjVAD1O4fPZs5AuIfY9sicB8rJHxQvciaicTm7c2RsibwSPWtHbNA\/0?wx_fmt=jpeg\",\"author\":\"IT之家\",\"copyright_stat\":100,\"del_flag\":1,\"item_show_type\":0,\"audio_fileid\":0,\"duration\":0,\"play_url\":\"\",\"malicious_title_reason_id\":0,\"malicious_content_type\":0},{\"title\":\"神评 | 特斯拉全球畅销原因找到了，国外没有这品牌...\",\"digest\":\"IT之家，看的就是评论\",\"content\":\"\",\"fileid\":503721447,\"content_url\":\"http:\/\/mp.weixin.qq.com\/s?__biz=MjM5Mzg4NzExMQ==&amp;mid=2651250994&amp;idx=6&amp;sn=41f2c6babb6e28e68444c72e5965eef0&amp;chksm=bd6267da8a15eecca13d32322cf28516e8005cb9fcdb5ae5eadd7f91b3d165a717957ff76332&amp;scene=27#wechat_redirect\",\"source_url\":\"https:\/\/m.ithome.com\/hotcommentm\/\",\"cover\":\"http:\/\/mmbiz.qpic.cn\/mmbiz_jpg\/YTI67xfsN50k8MGah9xNdAWzhqQU2b7kznIkLuW5l4b4m9dAmCMXib2zib0TzUCusohbPT7gND8iacPOO2go7gUPA\/0?wx_fmt=jpeg\",\"author\":\"IT之家\",\"copyright_stat\":100,\"del_flag\":1,\"item_show_type\":0,\"audio_fileid\":0,\"duration\":0,\"play_url\":\"\",\"malicious_title_reason_id\":0,\"malicious_content_type\":0},{\"title\":\"辣榜 | 灭菌级医用外科口罩，低至0.18元\/片！\",\"digest\":\"手慢无！\",\"content\":\"\",\"fileid\":503767275,\"content_url\":\"http:\/\/mp.weixin.qq.com\/s?__biz=MjM5Mzg4NzExMQ==&amp;mid=2651250994&amp;idx=7&amp;sn=1365e0d24c5d48e21595bb46d0748695&amp;chksm=bd6267da8a15eecc16d6d5363c3027663ec12d87fcd3290603a349a1ade117fef988e04d4472&amp;scene=27#wechat_redirect\",\"source_url\":\"http:\/\/m.lapin365.com\/apps.htm\",\"cover\":\"http:\/\/mmbiz.qpic.cn\/mmbiz_jpg\/YTI67xfsN533rBoKHIwvC3zVP5WqZ15wUbGhyjGedEaxaQB3rU0htMeXkCXTPwzy0NBZvkFOicZeEREZnaq0Rsg\/0?wx_fmt=jpeg\",\"author\":\"辣品\",\"copyright_stat\":100,\"del_flag\":1,\"item_show_type\":0,\"audio_fileid\":0,\"duration\":0,\"play_url\":\"\",\"malicious_title_reason_id\":0,\"malicious_content_type\":0}],\"author\":\"启人\",\"copyright_stat\":11,\"duration\":0,\"del_flag\":1,\"item_show_type\":0,\"audio_fileid\":0,\"play_url\":\"\",\"malicious_title_reason_id\":0,\"malicious_content_type\":0}},{\"comm_msg_info\":{\"id\":1000001720,\"type\":49,\"datetime\":1609857298,\"fakeid\":\"2393887111\",\"status\":2,\"content\":\"\"},\"app_msg_ext_info\":{\"title\":\"高通888翻车不能买？A14、麒麟9000三大旗舰对比，给你真相\",\"digest\":\"买就完了\",\"content\":\"\",\"fileid\":503767187,\"content_url\":\"http:\/\/mp.weixin.qq.com\/s?__biz=MjM5Mzg4NzExMQ==&amp;mid=2651250898&amp;idx=1&amp;sn=a6b71f4b32350475b60cb70b8a70b778&amp;chksm=bd62663a8a15ef2ce5da429a58389d77171fbcfeaa05e146da29d1090538882d8366e6a2d622&amp;scene=27#wechat_redirect\",\"source_url\":\"\",\"cover\":\"http:\/\/mmbiz.qpic.cn\/mmbiz_jpg\/YTI67xfsN52IcU1VbolRvFcJOjo4icJKAOSDDjAo9cybSFSLcZS50e4NRG13APMHeEjtz245XkLXtq3Tj0dWEJw\/0?wx_fmt=jpeg\",\"subtype\":9,\"is_multi\":1,\"multi_app_msg_item_list\":[{\"title\":\"iPhone 13可能只给裸机，苹果还想砍配件\",\"digest\":\"真·环保\",\"content\":\"\",\"fileid\":0,\"content_url\":\"http:\/\/mp.weixin.qq.com\/s?__biz=MjM5Mzg4NzExMQ==&amp;mid=2651250898&amp;idx=2&amp;sn=28565eda40c52f9b7290ccc821de7869&amp;chksm=bd62663a8a15ef2cbb956c66f3b35373b41b6ef7f16c6c6b18f1f370a5f94c11d1e9915be99d&amp;scene=27#wechat_redirect\",\"source_url\":\"\",\"cover\":\"http:\/\/mmbiz.qpic.cn\/mmbiz_jpg\/YTI67xfsN52IcU1VbolRvFcJOjo4icJKA72evQSibBuXr1QO0HgpBtusWS3KCkicuVseSxmEOsy9OEumw6G9XiabAg\/0?wx_fmt=jpeg\",\"author\":\"IT之家\",\"copyright_stat\":100,\"del_flag\":1,\"item_show_type\":0,\"audio_fileid\":0,\"duration\":0,\"play_url\":\"\",\"malicious_title_reason_id\":0,\"malicious_content_type\":0},{\"title\":\"虾米正式宣布关停，再见\",\"digest\":\"再见\",\"content\":\"\",\"fileid\":0,\"content_url\":\"http:\/\/mp.weixin.qq.com\/s?__biz=MjM5Mzg4NzExMQ==&amp;mid=2651250898&amp;idx=3&amp;sn=43375dda9847085c94a778dcb4467865&amp;chksm=bd62663a8a15ef2c3e7574c34e5dbb7ae594325c77e98ae18603d0b76ab764d00bbd31c6dbde&amp;scene=27#wechat_redirect\",\"source_url\":\"\",\"cover\":\"http:\/\/mmbiz.qpic.cn\/mmbiz_jpg\/YTI67xfsN52IcU1VbolRvFcJOjo4icJKAx09TSV4uKcV651GMjQkFsmVRRCjuFL2v25EfygWVgz1cNbOJZGsUrw\/0?wx_fmt=jpeg\",\"author\":\"IT之家\",\"copyright_stat\":100,\"del_flag\":1,\"item_show_type\":0,\"audio_fileid\":0,\"duration\":0,\"play_url\":\"\",\"malicious_title_reason_id\":0,\"malicious_content_type\":0},{\"title\":\"好评率超高的8个公众号，值得收藏\",\"digest\":\"荐号\",\"content\":\"\",\"fileid\":0,\"content_url\":\"http:\/\/mp.weixin.qq.com\/s?__biz=MjM5Mzg4NzExMQ==&amp;mid=2651250898&amp;idx=4&amp;sn=4591cfd4c72f642f062e9ddc3ac7ffe6&amp;chksm=bd62663a8a15ef2c21b34040118b8a1f6ec61b50ebdacbc2dd83079c7a0496faec6e3cf5f320&amp;scene=27#wechat_redirect\",\"source_url\":\"\",\"cover\":\"http:\/\/mmbiz.qpic.cn\/mmbiz_jpg\/YTI67xfsN52IcU1VbolRvFcJOjo4icJKAU2LYbJOV3AnBE0FEqJDOChdr73RBX3YA6NOGeBeBmzaoJqT3GpV34Q\/0?wx_fmt=jpeg\",\"author\":\"荐号\",\"copyright_stat\":100,\"del_flag\":1,\"item_show_type\":0,\"audio_fileid\":0,\"duration\":0,\"play_url\":\"\",\"malicious_title_reason_id\":0,\"malicious_content_type\":0},{\"title\":\"神评 | 雷军否认抄袭苹果\",\"digest\":\"IT之家，看的就是评论\",\"content\":\"\",\"fileid\":503721447,\"content_url\":\"http:\/\/mp.weixin.qq.com\/s?__biz=MjM5Mzg4NzExMQ==&amp;mid=2651250898&amp;idx=5&amp;sn=c6413c250c6a7c64333a9e8b641cc13f&amp;chksm=bd62663a8a15ef2cb7da8f2ec04877955e3fbede6e9ce04da3375c521079c499cc406b97aae4&amp;scene=27#wechat_redirect\",\"source_url\":\"https:\/\/m.ithome.com\/hotcommentm\/\",\"cover\":\"http:\/\/mmbiz.qpic.cn\/mmbiz_jpg\/YTI67xfsN50k8MGah9xNdAWzhqQU2b7kznIkLuW5l4b4m9dAmCMXib2zib0TzUCusohbPT7gND8iacPOO2go7gUPA\/0?wx_fmt=jpeg\",\"author\":\"IT之家\",\"copyright_stat\":100,\"del_flag\":1,\"item_show_type\":0,\"audio_fileid\":0,\"duration\":0,\"play_url\":\"\",\"malicious_title_reason_id\":0,\"malicious_content_type\":0},{\"title\":\"辣榜 | 夜深微醺下，RIO鸡尾酒4.5元\/罐狂促\",\"digest\":\"手慢无！\",\"content\":\"\",\"fileid\":503767185,\"content_url\":\"http:\/\/mp.weixin.qq.com\/s?__biz=MjM5Mzg4NzExMQ==&amp;mid=2651250898&amp;idx=6&amp;sn=a778add76774251f905ccf342909f032&amp;chksm=bd62663a8a15ef2cf2e576b2ce1ad89ba6e352f40b145ab9938c81312b87a51c42b5e82125ba&amp;scene=27#wechat_redirect\",\"source_url\":\"http:\/\/m.lapin365.com\/apps.htm\",\"cover\":\"http:\/\/mmbiz.qpic.cn\/mmbiz_jpg\/YTI67xfsN52IcU1VbolRvFcJOjo4icJKAGAW4OsR1ER4HeNbZP7fEzkIicicYw2Db54d6tpxJicrcYfMhMazUXSiaicA\/0?wx_fmt=jpeg\",\"author\":\"辣品\",\"copyright_stat\":100,\"del_flag\":1,\"item_show_type\":0,\"audio_fileid\":0,\"duration\":0,\"play_url\":\"\",\"malicious_title_reason_id\":0,\"malicious_content_type\":0}],\"author\":\"IT之家\",\"copyright_stat\":11,\"duration\":0,\"del_flag\":1,\"item_show_type\":0,\"audio_fileid\":0,\"play_url\":\"\",\"malicious_title_reason_id\":0,\"malicious_content_type\":0}},{\"comm_msg_info\":{\"id\":1000001719,\"type\":49,\"datetime\":1609761420,\"fakeid\":\"2393887111\",\"status\":2,\"content\":\"\"},\"app_msg_ext_info\":{\"title\":\"拼多多再次回应23岁女员工凌晨猝死：网传截图不实，非拼多多员工发布\",\"digest\":\"逝者安息\",\"content\":\"\",\"fileid\":503767085,\"content_url\":\"http:\/\/mp.weixin.qq.com\/s?__biz=MjM5Mzg4NzExMQ==&amp;mid=2651250809&amp;idx=1&amp;sn=437872de3d95ae0806ac50921c42e70f&amp;chksm=bd6266918a15ef873ff1fdd713d95e8c80559b38a6a4599cd5c57a8e0cb39c94860881b93fc3&amp;scene=27#wechat_redirect\",\"source_url\":\"\",\"cover\":\"http:\/\/mmbiz.qpic.cn\/mmbiz_jpg\/YTI67xfsN51361HCBbEu2sS86vuYiaPul0xpuql0OFHnI1iaDDF7AM6V6S0NgkJQLXJzdRH3LJAVsu1PsVcdqPWQ\/0?wx_fmt=jpeg\",\"subtype\":9,\"is_multi\":1,\"multi_app_msg_item_list\":[{\"title\":\"支付宝年度账单正式发布，你的年度词是什么\",\"digest\":\"白玩一年，哈哈哈\",\"content\":\"\",\"fileid\":0,\"content_url\":\"http:\/\/mp.weixin.qq.com\/s?__biz=MjM5Mzg4NzExMQ==&amp;mid=2651250809&amp;idx=2&amp;sn=63387399dfdc26f60c61f8b28ea25972&amp;chksm=bd6266918a15ef87334f3be4e97287a27e3baae3c64aa1598cf6ad256ec9d0a4d5170e8c2494&amp;scene=27#wechat_redirect\",\"source_url\":\"\",\"cover\":\"http:\/\/mmbiz.qpic.cn\/mmbiz_jpg\/YTI67xfsN51361HCBbEu2sS86vuYiaPul92IBvVF93WEb9qxBBYL0RAxdPpM3JWErvwIR5raZeSuOFPgzbDsPEQ\/0?wx_fmt=jpeg\",\"author\":\"IT之家\",\"copyright_stat\":100,\"del_flag\":1,\"item_show_type\":0,\"audio_fileid\":0,\"duration\":0,\"play_url\":\"\",\"malicious_title_reason_id\":0,\"malicious_content_type\":0},{\"title\":\"IT速技 | 苹果电脑这功能太好用，Windows用户好羡慕\",\"digest\":\"苹果时间机器的隐藏神技，快速找回误删文件\",\"content\":\"\",\"fileid\":0,\"content_url\":\"http:\/\/mp.weixin.qq.com\/s?__biz=MjM5Mzg4NzExMQ==&amp;mid=2651250809&amp;idx=3&amp;sn=9f2275f62f3c692e362cff42f238fa85&amp;chksm=bd6266918a15ef87bf0196f34911209814df7c89ae38184a659cbc9b5b8beed027611e0a7aaf&amp;scene=27#wechat_redirect\",\"source_url\":\"\",\"cover\":\"http:\/\/puui.qpic.cn\/vpic\/0\/a3218z4ocp4.png\/0\",\"author\":\"\",\"copyright_stat\":100,\"del_flag\":1,\"item_show_type\":5,\"audio_fileid\":0,\"duration\":0,\"play_url\":\"\",\"malicious_title_reason_id\":0,\"malicious_content_type\":0},{\"title\":\"小米11用老充电器无限重启，官方回应\",\"digest\":\"还是要自带原装好\",\"content\":\"\",\"fileid\":0,\"content_url\":\"http:\/\/mp.weixin.qq.com\/s?__biz=MjM5Mzg4NzExMQ==&amp;mid=2651250809&amp;idx=4&amp;sn=385517a293674698e9133727ffe5451e&amp;chksm=bd6266918a15ef87f4b16c50310068b48eb69f1411bdc3c1d7e42e6e75cff50dd6d5a60af9bf&amp;scene=27#wechat_redirect\",\"source_url\":\"\",\"cover\":\"http:\/\/mmbiz.qpic.cn\/mmbiz_jpg\/YTI67xfsN51361HCBbEu2sS86vuYiaPulwqkGCDicuVAcjyF7Kg0dJrZDicby7eY4OFEbv02R77Oja5xLlPIaEEJg\/0?wx_fmt=jpeg\",\"author\":\"IT之家\",\"copyright_stat\":100,\"del_flag\":1,\"item_show_type\":0,\"audio_fileid\":0,\"duration\":0,\"play_url\":\"\",\"malicious_title_reason_id\":0,\"malicious_content_type\":0},{\"title\":\"神评 | 你最看重手机哪个部分？处理器、屏幕、厚度，还是...\",\"digest\":\"IT之家，看的就是评论\",\"content\":\"\",\"fileid\":503721447,\"content_url\":\"http:\/\/mp.weixin.qq.com\/s?__biz=MjM5Mzg4NzExMQ==&amp;mid=2651250809&amp;idx=5&amp;sn=890a7b73d4e536b1889b2a734c9b9250&amp;chksm=bd6266918a15ef87e0cdd37be28814e3bf79b804ae96be83375aee27ec17dfb353515d582ed5&amp;scene=27#wechat_redirect\",\"source_url\":\"https:\/\/m.ithome.com\/hotcommentm\/\",\"cover\":\"http:\/\/mmbiz.qpic.cn\/mmbiz_jpg\/YTI67xfsN50k8MGah9xNdAWzhqQU2b7kznIkLuW5l4b4m9dAmCMXib2zib0TzUCusohbPT7gND8iacPOO2go7gUPA\/0?wx_fmt=jpeg\",\"author\":\"IT之家\",\"copyright_stat\":100,\"del_flag\":1,\"item_show_type\":0,\"audio_fileid\":0,\"duration\":0,\"play_url\":\"\",\"malicious_title_reason_id\":0,\"malicious_content_type\":0},{\"title\":\"辣榜 | 三只松鼠坚果礼包，3斤仅需49元\",\"digest\":\"手慢无！\",\"content\":\"\",\"fileid\":503767131,\"content_url\":\"http:\/\/mp.weixin.qq.com\/s?__biz=MjM5Mzg4NzExMQ==&amp;mid=2651250809&amp;idx=6&amp;sn=b74fed7a2c620fda3aadeeba81810e90&amp;chksm=bd6266918a15ef8789234f5a8ef8b2f3abd3f10fd7562985788f72d68b551185fb740bc255d1&amp;scene=27#wechat_redirect\",\"source_url\":\"http:\/\/m.lapin365.com\/apps.htm\",\"cover\":\"http:\/\/mmbiz.qpic.cn\/mmbiz_jpg\/YTI67xfsN51361HCBbEu2sS86vuYiaPulXVm06QOibic7HMsnu0vhCdTWUh1NRZ0tAibLo9X9JJP0kudEOZMXBjMqA\/0?wx_fmt=jpeg\",\"author\":\"辣品\",\"copyright_stat\":100,\"del_flag\":1,\"item_show_type\":0,\"audio_fileid\":0,\"duration\":0,\"play_url\":\"\",\"malicious_title_reason_id\":0,\"malicious_content_type\":0}],\"author\":\"IT之家\",\"copyright_stat\":100,\"duration\":0,\"del_flag\":1,\"item_show_type\":0,\"audio_fileid\":0,\"play_url\":\"\",\"malicious_title_reason_id\":0,\"malicious_content_type\":0}},{\"comm_msg_info\":{\"id\":1000001718,\"type\":49,\"datetime\":1609681500,\"fakeid\":\"2393887111\",\"status\":2,\"content\":\"\"},\"app_msg_ext_info\":{\"title\":\"华为还有新旗舰处理器！麒麟9010了解一下\",\"digest\":\"加油！\",\"content\":\"\",\"fileid\":503767048,\"content_url\":\"http:\/\/mp.weixin.qq.com\/s?__biz=MjM5Mzg4NzExMQ==&amp;mid=2651250730&amp;idx=1&amp;sn=04656262c8a4684d11158b9830c87f35&amp;chksm=bd6266c28a15efd4d3fea2b7491823d7fbc360f1a4cb90ea4a1c70a79c78a5a624f1dd8050f5&amp;scene=27#wechat_redirect\",\"source_url\":\"\",\"cover\":\"http:\/\/mmbiz.qpic.cn\/mmbiz_jpg\/YTI67xfsN50AjhkEgqxTgBYEoSFYXMWGg05w30YxznNkkMSOmh5pclfmgrsJAgzDfN4IIicO9mYFVibcMZHKpdhw\/0?wx_fmt=jpeg\",\"subtype\":9,\"is_multi\":1,\"multi_app_msg_item_list\":[{\"title\":\"苹果新旗舰：64核处理器，1.5T内存\",\"digest\":\"价格惊人\",\"content\":\"\",\"fileid\":0,\"content_url\":\"http:\/\/mp.weixin.qq.com\/s?__biz=MjM5Mzg4NzExMQ==&amp;mid=2651250730&amp;idx=2&amp;sn=ee8eda9d73a9091ca09596375b93dd6e&amp;chksm=bd6266c28a15efd4a6c26143b6e86e77f87e358b316b4f6a3da8893b734a96914630ca92c767&amp;scene=27#wechat_redirect\",\"source_url\":\"\",\"cover\":\"http:\/\/mmbiz.qpic.cn\/mmbiz_jpg\/YTI67xfsN50AjhkEgqxTgBYEoSFYXMWGnvqUh3XRv0S7bdaTiaETNAlDpx22DtBdDEX6amcCBEv8Mh0Xn2wG7hw\/0?wx_fmt=jpeg\",\"author\":\"IT之家\",\"copyright_stat\":100,\"del_flag\":1,\"item_show_type\":0,\"audio_fileid\":0,\"duration\":0,\"play_url\":\"\",\"malicious_title_reason_id\":0,\"malicious_content_type\":0},{\"title\":\"4G降速实锤，韩国用户不满，运营商理由是...\",\"digest\":\"不都这样吗...\",\"content\":\"\",\"fileid\":0,\"content_url\":\"http:\/\/mp.weixin.qq.com\/s?__biz=MjM5Mzg4NzExMQ==&amp;mid=2651250730&amp;idx=3&amp;sn=589efea644a37e97313d9f1fa397d64e&amp;chksm=bd6266c28a15efd4c329fce4e92ddc60152bb3f9719934799e0a0a2af650742b9320a4c3f326&amp;scene=27#wechat_redirect\",\"source_url\":\"\",\"cover\":\"http:\/\/mmbiz.qpic.cn\/mmbiz_jpg\/YTI67xfsN50AjhkEgqxTgBYEoSFYXMWGbj9GZWgMxcUqO0XLAtIU5RskAUhpib2l00icJkiaINKnRQOIYs1bjU6eQ\/0?wx_fmt=jpeg\",\"author\":\"IT之家\",\"copyright_stat\":100,\"del_flag\":1,\"item_show_type\":0,\"audio_fileid\":0,\"duration\":0,\"play_url\":\"\",\"malicious_title_reason_id\":0,\"malicious_content_type\":0},{\"title\":\"微软也跟进，更新系统后，这功能再也不能用\",\"digest\":\"爷青结\",\"content\":\"\",\"fileid\":0,\"content_url\":\"http:\/\/mp.weixin.qq.com\/s?__biz=MjM5Mzg4NzExMQ==&amp;mid=2651250730&amp;idx=4&amp;sn=62acbc57be690a1f009d2af8ecf34126&amp;chksm=bd6266c28a15efd4cd4359a9cd95a8d5972295ac8e8be0c550c34c2de73dc74140f1d30ad2c3&amp;scene=27#wechat_redirect\",\"source_url\":\"\",\"cover\":\"http:\/\/mmbiz.qpic.cn\/mmbiz_jpg\/YTI67xfsN50AjhkEgqxTgBYEoSFYXMWG8bqvPicSRibcqNWLsbicSMXCLQ4pLlejnvc5c6DhZ0vNmQNxzg4MOicH7Q\/0?wx_fmt=jpeg\",\"author\":\"IT之家\",\"copyright_stat\":100,\"del_flag\":1,\"item_show_type\":0,\"audio_fileid\":0,\"duration\":0,\"play_url\":\"\",\"malicious_title_reason_id\":0,\"malicious_content_type\":0},{\"title\":\"神评 | 我曾是一名果粉...\",\"digest\":\"IT之家，看的就是评论\",\"content\":\"\",\"fileid\":503721447,\"content_url\":\"http:\/\/mp.weixin.qq.com\/s?__biz=MjM5Mzg4NzExMQ==&amp;mid=2651250730&amp;idx=5&amp;sn=f2c2710f50202f469774370ddf7355aa&amp;chksm=bd6266c28a15efd4c9a2b29009002522f989449007d164085f51585ed03fcff71274ae7e0a48&amp;scene=27#wechat_redirect\",\"source_url\":\"https:\/\/m.ithome.com\/hotcommentm\/\",\"cover\":\"http:\/\/mmbiz.qpic.cn\/mmbiz_jpg\/YTI67xfsN50k8MGah9xNdAWzhqQU2b7kznIkLuW5l4b4m9dAmCMXib2zib0TzUCusohbPT7gND8iacPOO2go7gUPA\/0?wx_fmt=jpeg\",\"author\":\"IT之家\",\"copyright_stat\":100,\"del_flag\":1,\"item_show_type\":0,\"audio_fileid\":0,\"duration\":0,\"play_url\":\"\",\"malicious_title_reason_id\":0,\"malicious_content_type\":0},{\"title\":\"辣榜 | 大牌林家铺子，黄桃罐头5元\/罐\",\"digest\":\"手慢无！\",\"content\":\"\",\"fileid\":503767026,\"content_url\":\"http:\/\/mp.weixin.qq.com\/s?__biz=MjM5Mzg4NzExMQ==&amp;mid=2651250730&amp;idx=6&amp;sn=526e9a0a0beb052cff466bc9887960e5&amp;chksm=bd6266c28a15efd48276c9461a767637cf8b59df68c52063a447024f2f8541a51e8fa1de4af1&amp;scene=27#wechat_redirect\",\"source_url\":\"http:\/\/m.lapin365.com\/apps.htm\",\"cover\":\"http:\/\/mmbiz.qpic.cn\/mmbiz_jpg\/YTI67xfsN50AjhkEgqxTgBYEoSFYXMWGD0icpIicYjNf4yYRQ9BMONCl70F8H8LpH3je6icPgt7iaogX1xDl8zb19w\/0?wx_fmt=jpeg\",\"author\":\"辣品\",\"copyright_stat\":100,\"del_flag\":1,\"item_show_type\":0,\"audio_fileid\":0,\"duration\":0,\"play_url\":\"\",\"malicious_title_reason_id\":0,\"malicious_content_type\":0}],\"author\":\"IT之家\",\"copyright_stat\":100,\"duration\":0,\"del_flag\":4,\"item_show_type\":0,\"audio_fileid\":0,\"play_url\":\"\",\"malicious_title_reason_id\":0,\"malicious_content_type\":0}},{\"comm_msg_info\":{\"id\":1000001715,\"type\":49,\"datetime\":1609594860,\"fakeid\":\"2393887111\",\"status\":2,\"content\":\"\"},\"app_msg_ext_info\":{\"title\":\"近期不要换机！最便宜的骁龙888旗舰就要来了\",\"digest\":\"性价比神机预定\",\"content\":\"\",\"fileid\":503766964,\"content_url\":\"http:\/\/mp.weixin.qq.com\/s?__biz=MjM5Mzg4NzExMQ==&amp;mid=2651250650&amp;idx=1&amp;sn=68b28c1828754d9e6022e6aa01395b6e&amp;chksm=bd6259328a15d0247337bca68150ed9d909acf131537362cbd74e439317c880953cff4ebe886&amp;scene=27#wechat_redirect\",\"source_url\":\"\",\"cover\":\"http:\/\/mmbiz.qpic.cn\/mmbiz_jpg\/YTI67xfsN50VExvvgBls0Og9WkRbWDVXsy5CuJ4ibmkj2iaUibmkOvTKcNNHeVH11UZhIroiaxs2tj6prfD5L2lv9g\/0?wx_fmt=jpeg\",\"subtype\":9,\"is_multi\":1,\"multi_app_msg_item_list\":[{\"title\":\"华为腾讯和解，还推出了一款专属皮肤...\",\"digest\":\"哈哈哈哈\",\"content\":\"\",\"fileid\":0,\"content_url\":\"http:\/\/mp.weixin.qq.com\/s?__biz=MjM5Mzg4NzExMQ==&amp;mid=2651250650&amp;idx=2&amp;sn=164ce15856028407be94e4e30995e013&amp;chksm=bd6259328a15d02432a3160b51906c2f49a60e7134ba456913bb190aa5d54b7ff19c3a882eab&amp;scene=27#wechat_redirect\",\"source_url\":\"\",\"cover\":\"http:\/\/mmbiz.qpic.cn\/mmbiz_jpg\/YTI67xfsN50VExvvgBls0Og9WkRbWDVXhCuAlI3xGsiaN2hS7qBw0icdCt23WvL2cIRXNzfZskbfCbkuZia1WIZicg\/0?wx_fmt=jpeg\",\"author\":\"IT之家\",\"copyright_stat\":100,\"del_flag\":1,\"item_show_type\":0,\"audio_fileid\":0,\"duration\":0,\"play_url\":\"\",\"malicious_title_reason_id\":0,\"malicious_content_type\":0},{\"title\":\"小米公布销售数据，真有很多人不要充电器\",\"digest\":\"这...\",\"content\":\"\",\"fileid\":0,\"content_url\":\"http:\/\/mp.weixin.qq.com\/s?__biz=MjM5Mzg4NzExMQ==&amp;mid=2651250650&amp;idx=3&amp;sn=bc3c28e73de5f67b898d5f6fac464d6f&amp;chksm=bd6259328a15d0242972d19c1de84f7096f46ad8d840bc784ab6a4f7435c0c4e5d9d67e0f8f5&amp;scene=27#wechat_redirect\",\"source_url\":\"\",\"cover\":\"http:\/\/mmbiz.qpic.cn\/mmbiz_jpg\/YTI67xfsN50VExvvgBls0Og9WkRbWDVXP5wicneVnUCKUXj2FdtXeZza6K4jGgLYFV2cGAtTsFibISyiaoyqdhC7w\/0?wx_fmt=jpeg\",\"author\":\"IT之家\",\"copyright_stat\":100,\"del_flag\":1,\"item_show_type\":0,\"audio_fileid\":0,\"duration\":0,\"play_url\":\"\",\"malicious_title_reason_id\":0,\"malicious_content_type\":0},{\"title\":\"2020你花了多少钱？淘宝发布年度账单\",\"digest\":\"还是要省钱的\",\"content\":\"\",\"fileid\":0,\"content_url\":\"http:\/\/mp.weixin.qq.com\/s?__biz=MjM5Mzg4NzExMQ==&amp;mid=2651250650&amp;idx=4&amp;sn=68cb7ff820b2d926e4135c646a8dcc2a&amp;chksm=bd6259328a15d02430babeb6e7417bf635e7a5b6b064907e9b7a6f702c6806631301910d66dc&amp;scene=27#wechat_redirect\",\"source_url\":\"\",\"cover\":\"http:\/\/mmbiz.qpic.cn\/mmbiz_jpg\/YTI67xfsN50VExvvgBls0Og9WkRbWDVXyJegnVdXjxqCicDtQz4WK7xbacPDcE60sjAzLyHyDMiacgTbOiaSDuqgQ\/0?wx_fmt=jpeg\",\"author\":\"IT之家\",\"copyright_stat\":100,\"del_flag\":1,\"item_show_type\":0,\"audio_fileid\":0,\"duration\":0,\"play_url\":\"\",\"malicious_title_reason_id\":0,\"malicious_content_type\":0},{\"title\":\"神评 | 爱立信力挺华为，威胁要退出瑞典\",\"digest\":\"IT之家，看的就是评论\",\"content\":\"\",\"fileid\":503721447,\"content_url\":\"http:\/\/mp.weixin.qq.com\/s?__biz=MjM5Mzg4NzExMQ==&amp;mid=2651250650&amp;idx=5&amp;sn=01f13d8c3e59169372f3d33bfc594500&amp;chksm=bd6259328a15d0246f136e2c6c76036585f51be14ccd19e657088839105d9d6d3b384234f953&amp;scene=27#wechat_redirect\",\"source_url\":\"https:\/\/m.ithome.com\/hotcommentm\/\",\"cover\":\"http:\/\/mmbiz.qpic.cn\/mmbiz_jpg\/YTI67xfsN50k8MGah9xNdAWzhqQU2b7kznIkLuW5l4b4m9dAmCMXib2zib0TzUCusohbPT7gND8iacPOO2go7gUPA\/0?wx_fmt=jpeg\",\"author\":\"IT之家\",\"copyright_stat\":100,\"del_flag\":1,\"item_show_type\":0,\"audio_fileid\":0,\"duration\":0,\"play_url\":\"\",\"malicious_title_reason_id\":0,\"malicious_content_type\":0},{\"title\":\"辣榜 | 大块牛肉，康师傅速达面馆10元\/盒速囤！\",\"digest\":\"手慢无！\",\"content\":\"\",\"fileid\":503766954,\"content_url\":\"http:\/\/mp.weixin.qq.com\/s?__biz=MjM5Mzg4NzExMQ==&amp;mid=2651250650&amp;idx=6&amp;sn=b8e60f0f3bb7a56ff430265bccf2b9bb&amp;chksm=bd6259328a15d02494e8fe17bc4155ff8ed9a358670a01c7f9e886cfad5b09c04618d33b7623&amp;scene=27#wechat_redirect\",\"source_url\":\"http:\/\/m.lapin365.com\/apps.htm\",\"cover\":\"http:\/\/mmbiz.qpic.cn\/mmbiz_jpg\/YTI67xfsN50VExvvgBls0Og9WkRbWDVXYvBib0RmC6vekHkax3u8QNmd8FpIqNcicMQ9t4UzraiaPYEFzDTssUzKA\/0?wx_fmt=jpeg\",\"author\":\"辣品\",\"copyright_stat\":100,\"del_flag\":1,\"item_show_type\":0,\"audio_fileid\":0,\"duration\":0,\"play_url\":\"\",\"malicious_title_reason_id\":0,\"malicious_content_type\":0}],\"author\":\"IT之家\",\"copyright_stat\":100,\"duration\":0,\"del_flag\":1,\"item_show_type\":0,\"audio_fileid\":0,\"play_url\":\"\",\"malicious_title_reason_id\":0,\"malicious_content_type\":0}},{\"comm_msg_info\":{\"id\":1000001714,\"type\":49,\"datetime\":1609508760,\"fakeid\":\"2393887111\",\"status\":2,\"content\":\"\"},\"app_msg_ext_info\":{\"title\":\"华为P50 Pro曝光，3月发布，大概率搭载鸿蒙系统\",\"digest\":\"支持自主！\",\"content\":\"\",\"fileid\":503766859,\"content_url\":\"http:\/\/mp.weixin.qq.com\/s?__biz=MjM5Mzg4NzExMQ==&amp;mid=2651250578&amp;idx=1&amp;sn=4e06120299414c717f2e9296b1ced8e2&amp;chksm=bd62597a8a15d06ca9a9e49c00c9a610ee24e34ebf7b9f9b95987259764517747fcbbff57166&amp;scene=27#wechat_redirect\",\"source_url\":\"\",\"cover\":\"http:\/\/mmbiz.qpic.cn\/mmbiz_jpg\/YTI67xfsN50HaADOOJeNR5KGPpTemChFR2dHVWE4pAqYVysk7ZhBDkaWTx5khtuD7R2ZiaTBAVibURH8ucSHCHSg\/0?wx_fmt=jpeg\",\"subtype\":9,\"is_multi\":1,\"multi_app_msg_item_list\":[{\"title\":\"华为下架腾讯游戏，腾讯回应\",\"digest\":\"渠道很强势啊\",\"content\":\"\",\"fileid\":0,\"content_url\":\"http:\/\/mp.weixin.qq.com\/s?__biz=MjM5Mzg4NzExMQ==&amp;mid=2651250578&amp;idx=2&amp;sn=bb9d96136338d765718b8448cb79e917&amp;chksm=bd62597a8a15d06cdb15d138ba435cf2dc13eed9c7a8b488769ce3a88187a68a37b6c37540f6&amp;scene=27#wechat_redirect\",\"source_url\":\"\",\"cover\":\"http:\/\/mmbiz.qpic.cn\/mmbiz_jpg\/YTI67xfsN50HaADOOJeNR5KGPpTemChFMRRo645f2u3vMNp6pczM6cBp1bT7B4YfXjfDVuicxUyF3UInnTz0Bjg\/0?wx_fmt=jpeg\",\"author\":\"IT之家\",\"copyright_stat\":100,\"del_flag\":1,\"item_show_type\":0,\"audio_fileid\":0,\"duration\":0,\"play_url\":\"\",\"malicious_title_reason_id\":0,\"malicious_content_type\":0},{\"title\":\"小米11 Pro，屏下摄像头机型，了解一下\",\"digest\":\"升级点能在哪里？\",\"content\":\"\",\"fileid\":0,\"content_url\":\"http:\/\/mp.weixin.qq.com\/s?__biz=MjM5Mzg4NzExMQ==&amp;mid=2651250578&amp;idx=3&amp;sn=4fa3684070aba0148269fbcafd4c6302&amp;chksm=bd62597a8a15d06c5f6523531b3bb4d72722eb50ba4064c5b39fc56073df589956f43fe7f89c&amp;scene=27#wechat_redirect\",\"source_url\":\"\",\"cover\":\"http:\/\/mmbiz.qpic.cn\/mmbiz_jpg\/YTI67xfsN50HaADOOJeNR5KGPpTemChFAtoCnibiahz2bFxVcDpfue0WT55W74KuLLqzD71Iz9kEWXQBh7XSDD8w\/0?wx_fmt=jpeg\",\"author\":\"IT之家\",\"copyright_stat\":100,\"del_flag\":1,\"item_show_type\":0,\"audio_fileid\":0,\"duration\":0,\"play_url\":\"\",\"malicious_title_reason_id\":0,\"malicious_content_type\":0},{\"title\":\"中国制造版特斯拉Model Y和Model 3发布\",\"digest\":\"对韭当割\",\"content\":\"\",\"fileid\":0,\"content_url\":\"http:\/\/mp.weixin.qq.com\/s?__biz=MjM5Mzg4NzExMQ==&amp;mid=2651250578&amp;idx=4&amp;sn=32b10186f80304963744afae322a37b4&amp;chksm=bd62597a8a15d06ce958b48322c07d3b36f95f2780850791132f271c3cec3770e0157046905a&amp;scene=27#wechat_redirect\",\"source_url\":\"\",\"cover\":\"http:\/\/mmbiz.qpic.cn\/mmbiz_jpg\/YTI67xfsN50HaADOOJeNR5KGPpTemChF5qyMCz69bvQx552oRAfTEIFSJDY5kcNuMP9ntlo8pJFpFy9UmXvy6Q\/0?wx_fmt=jpeg\",\"author\":\"IT之家\",\"copyright_stat\":100,\"del_flag\":1,\"item_show_type\":0,\"audio_fileid\":0,\"duration\":0,\"play_url\":\"\",\"malicious_title_reason_id\":0,\"malicious_content_type\":0},{\"title\":\"神评 | 永别了，Flash\",\"digest\":\"IT之家，看的就是评论\",\"content\":\"\",\"fileid\":503721447,\"content_url\":\"http:\/\/mp.weixin.qq.com\/s?__biz=MjM5Mzg4NzExMQ==&amp;mid=2651250578&amp;idx=5&amp;sn=23d3bb2a31498e2f65e1bf787936c30e&amp;chksm=bd62597a8a15d06c0209825d7d694505440ee3a96b3bcddb9d062fb7b370117689efb5b2a746&amp;scene=27#wechat_redirect\",\"source_url\":\"https:\/\/m.ithome.com\/hotcommentm\/\",\"cover\":\"http:\/\/mmbiz.qpic.cn\/mmbiz_jpg\/YTI67xfsN50k8MGah9xNdAWzhqQU2b7kznIkLuW5l4b4m9dAmCMXib2zib0TzUCusohbPT7gND8iacPOO2go7gUPA\/0?wx_fmt=jpeg\",\"author\":\"IT之家\",\"copyright_stat\":100,\"del_flag\":1,\"item_show_type\":0,\"audio_fileid\":0,\"duration\":0,\"play_url\":\"\",\"malicious_title_reason_id\":0,\"malicious_content_type\":0},{\"title\":\"辣榜 | adidas开年大促，全场凑单好价！\",\"digest\":\"手慢无！\",\"content\":\"\",\"fileid\":503766911,\"content_url\":\"http:\/\/mp.weixin.qq.com\/s?__biz=MjM5Mzg4NzExMQ==&amp;mid=2651250578&amp;idx=6&amp;sn=1b0cf3879f3de23236ce8fb3bb5f3903&amp;chksm=bd62597a8a15d06c07ac0d3314e9bd86a0c7bc94f11c7224459b4772eb36fd1536918aefab74&amp;scene=27#wechat_redirect\",\"source_url\":\"http:\/\/m.lapin365.com\/apps.htm\",\"cover\":\"http:\/\/mmbiz.qpic.cn\/mmbiz_jpg\/YTI67xfsN50HaADOOJeNR5KGPpTemChFSYULicD2NvicfnWgWAGApf8fbovWHkMHYBhy5gibQpKXqYFwR4VrTMO7A\/0?wx_fmt=jpeg\",\"author\":\"辣品\",\"copyright_stat\":100,\"del_flag\":1,\"item_show_type\":0,\"audio_fileid\":0,\"duration\":0,\"play_url\":\"\",\"malicious_title_reason_id\":0,\"malicious_content_type\":0}],\"author\":\"IT之家\",\"copyright_stat\":11,\"duration\":0,\"del_flag\":1,\"item_show_type\":0,\"audio_fileid\":0,\"play_url\":\"\",\"malicious_title_reason_id\":0,\"malicious_content_type\":0}},{\"comm_msg_info\":{\"id\":1000001712,\"type\":49,\"datetime\":1609423006,\"fakeid\":\"2393887111\",\"status\":2,\"content\":\"\"},\"app_msg_ext_info\":{\"title\":\"安卓可能被淘汰，谷歌的新系统，和鸿蒙太像了\",\"digest\":\"5G最大改变在这\",\"content\":\"\",\"fileid\":503766773,\"content_url\":\"http:\/\/mp.weixin.qq.com\/s?__biz=MjM5Mzg4NzExMQ==&amp;mid=2651250503&amp;idx=1&amp;sn=a946fa0b5b8f5c8174666b29d687e754&amp;chksm=bd6259af8a15d0b975fb5548cd666ef6288cc07086b0652847e6599fc4e04038d2a207a6f7b2&amp;scene=27#wechat_redirect\",\"source_url\":\"\",\"cover\":\"http:\/\/mmbiz.qpic.cn\/mmbiz_jpg\/YTI67xfsN52tn9QmrLw5CiaVibVwxo17ibxJoO8Ut5WqKxldmDNqj8B6VNnDmPLu28Lib237ILqNRnsHLxzxo6kGTg\/0?wx_fmt=jpeg\",\"subtype\":9,\"is_multi\":1,\"multi_app_msg_item_list\":[{\"title\":\"全民免费！中国新冠病毒疫苗上市，将应接尽接\",\"digest\":\"牛X！\",\"content\":\"\",\"fileid\":0,\"content_url\":\"http:\/\/mp.weixin.qq.com\/s?__biz=MjM5Mzg4NzExMQ==&amp;mid=2651250503&amp;idx=2&amp;sn=cfc8210c9d5c03e58d232036d32a7fb7&amp;chksm=bd6259af8a15d0b9a939534a11c50fd9eec08299aa6336caa82a5df69e4bc066974fde418b1d&amp;scene=27#wechat_redirect\",\"source_url\":\"\",\"cover\":\"http:\/\/mmbiz.qpic.cn\/mmbiz_jpg\/YTI67xfsN52tn9QmrLw5CiaVibVwxo17ibxtdk9dQPj7MPsicdttL3SDNPy9iagibOWicDdR9qljY4ePJdWIlErgJCtIA\/0?wx_fmt=jpeg\",\"author\":\"IT之家\",\"copyright_stat\":100,\"del_flag\":1,\"item_show_type\":0,\"audio_fileid\":0,\"duration\":0,\"play_url\":\"\",\"malicious_title_reason_id\":0,\"malicious_content_type\":0},{\"title\":\"苹果耳机AirPods Pro 2曝光，有两种大小\",\"digest\":\"买？\",\"content\":\"\",\"fileid\":0,\"content_url\":\"http:\/\/mp.weixin.qq.com\/s?__biz=MjM5Mzg4NzExMQ==&amp;mid=2651250503&amp;idx=3&amp;sn=f1cd3e605e6ffe029847bfa342131536&amp;chksm=bd6259af8a15d0b9102dd24ab57c0b150bed9c6baedbfbf9ca5757ff9d9ce8336b7e7eaa57f6&amp;scene=27#wechat_redirect\",\"source_url\":\"\",\"cover\":\"http:\/\/mmbiz.qpic.cn\/mmbiz_jpg\/YTI67xfsN52tn9QmrLw5CiaVibVwxo17ibxExalky3qXeic9utjqeYoviafP3YM7ZPV4g8VzgTb4JVoqKNy4g6icl1OA\/0?wx_fmt=jpeg\",\"author\":\"IT之家\",\"copyright_stat\":100,\"del_flag\":1,\"item_show_type\":0,\"audio_fileid\":0,\"duration\":0,\"play_url\":\"\",\"malicious_title_reason_id\":0,\"malicious_content_type\":0},{\"title\":\"拼多多股价暴涨，黄峥身价超马云马化腾，成中国第二富豪\",\"digest\":\"哇哦\",\"content\":\"\",\"fileid\":0,\"content_url\":\"http:\/\/mp.weixin.qq.com\/s?__biz=MjM5Mzg4NzExMQ==&amp;mid=2651250503&amp;idx=4&amp;sn=faa0dd2967dbe5263bc5fb8ec07bc057&amp;chksm=bd6259af8a15d0b91fde56e8d22a50116b36c5c0ff0b94a860326084736462384c7495105166&amp;scene=27#wechat_redirect\",\"source_url\":\"\",\"cover\":\"http:\/\/mmbiz.qpic.cn\/mmbiz_jpg\/YTI67xfsN52tn9QmrLw5CiaVibVwxo17ibx3y3FQ5fVevLqxBHqcFS9u2YgzItAQ4kC8ZxCVjyCE8ElLcDC0uRDLA\/0?wx_fmt=jpeg\",\"author\":\"IT之家\",\"copyright_stat\":100,\"del_flag\":1,\"item_show_type\":0,\"audio_fileid\":0,\"duration\":0,\"play_url\":\"\",\"malicious_title_reason_id\":0,\"malicious_content_type\":0},{\"title\":\"神评 | 长得像都不行，苹果起诉鸭梨最新进展\",\"digest\":\"IT之家，看的就是评论\",\"content\":\"\",\"fileid\":503721447,\"content_url\":\"http:\/\/mp.weixin.qq.com\/s?__biz=MjM5Mzg4NzExMQ==&amp;mid=2651250503&amp;idx=5&amp;sn=e56058131dc1fc2f27acfa30715ca6a1&amp;chksm=bd6259af8a15d0b9a466e4a0fb79c86af2313fe4ac2790316e715fc42b607ab92fd2b52bf88a&amp;scene=27#wechat_redirect\",\"source_url\":\"https:\/\/m.ithome.com\/hotcommentm\/\",\"cover\":\"http:\/\/mmbiz.qpic.cn\/mmbiz_jpg\/YTI67xfsN50k8MGah9xNdAWzhqQU2b7kznIkLuW5l4b4m9dAmCMXib2zib0TzUCusohbPT7gND8iacPOO2go7gUPA\/0?wx_fmt=jpeg\",\"author\":\"IT之家\",\"copyright_stat\":100,\"del_flag\":1,\"item_show_type\":0,\"audio_fileid\":0,\"duration\":0,\"play_url\":\"\",\"malicious_title_reason_id\":0,\"malicious_content_type\":0},{\"title\":\"辣榜 | 良品铺子2.6斤坚果大礼包，仅需49元\",\"digest\":\"手慢无！\",\"content\":\"\",\"fileid\":503766834,\"content_url\":\"http:\/\/mp.weixin.qq.com\/s?__biz=MjM5Mzg4NzExMQ==&amp;mid=2651250503&amp;idx=6&amp;sn=ed43341d1ca5c5f33addad4183726f06&amp;chksm=bd6259af8a15d0b9be7192050c03b6e24f94aba1c8783af15eaacfd583cc73559bf8a18e4942&amp;scene=27#wechat_redirect\",\"source_url\":\"http:\/\/m.lapin365.com\/apps.htm\",\"cover\":\"http:\/\/mmbiz.qpic.cn\/mmbiz_jpg\/YTI67xfsN52tn9QmrLw5CiaVibVwxo17ibxgTiaTbrrsMqjbcCDPicDZw1LDEMMrxQmeP2yxrib9yCyoZhfhhmPp5ia8w\/0?wx_fmt=jpeg\",\"author\":\"辣品\",\"copyright_stat\":100,\"del_flag\":1,\"item_show_type\":0,\"audio_fileid\":0,\"duration\":0,\"play_url\":\"\",\"malicious_title_reason_id\":0,\"malicious_content_type\":0}],\"author\":\"启人\",\"copyright_stat\":11,\"duration\":0,\"del_flag\":1,\"item_show_type\":0,\"audio_fileid\":0,\"play_url\":\"\",\"malicious_title_reason_id\":0,\"malicious_content_type\":0}}]}","next_offset":161,"video_count":1,"use_video_tab":1,"real_type":0,"home_page_list":[]}