{"ret":0,"errmsg":"ok","msg_count":10,"can_msg_continue":1,"general_msg_list":"{\"list\":[{\"comm_msg_info\":{\"id\":1000001681,\"type\":49,\"datetime\":1606745023,\"fakeid\":\"2393887111\",\"status\":2,\"content\":\"\"},\"app_msg_ext_info\":{\"title\":\"同出农村，丁真当红；美女贴身的小马云，却最终被抛弃\",\"digest\":\"小马云被玩坏了\",\"content\":\"\",\"fileid\":503763462,\"content_url\":\"http:\/\/mp.weixin.qq.com\/s?__biz=MjM5Mzg4NzExMQ==&amp;mid=2651247115&amp;idx=1&amp;sn=cbe2b0268aa647d0bfefd1dd45b06744&amp;chksm=bd6254e38a15ddf591b67df14e46104256861feb505d6ed21f899f30d411a6323fb9353245be&amp;scene=27#wechat_redirect\",\"source_url\":\"\",\"cover\":\"http:\/\/mmbiz.qpic.cn\/mmbiz_jpg\/YTI67xfsN52PCoZ2xUu0o2gECDISy6pAdDGian93qBUlPbJRwwMHoGoNhS1ia3UAwGY9iaxV5hH3VzMc2V9DBDCIA\/0?wx_fmt=jpeg\",\"subtype\":9,\"is_multi\":1,\"multi_app_msg_item_list\":[{\"title\":\"就在明天，小米11或首发骁龙875！\",\"digest\":\"有点期待\",\"content\":\"\",\"fileid\":0,\"content_url\":\"http:\/\/mp.weixin.qq.com\/s?__biz=MjM5Mzg4NzExMQ==&amp;mid=2651247115&amp;idx=2&amp;sn=28c315907210a8f0c442177aedfbc15b&amp;chksm=bd6254e38a15ddf561e82c4bef8b89d6a51056d13e06b6c88b702f3d442c62526203b69b64e5&amp;scene=27#wechat_redirect\",\"source_url\":\"\",\"cover\":\"http:\/\/mmbiz.qpic.cn\/mmbiz_jpg\/YTI67xfsN52PCoZ2xUu0o2gECDISy6pAhs3kOTBjj9oeJ1ayP1tiaCGyNW7NX4h8ic4N25tKxJM37X0Eia54c19Og\/0?wx_fmt=jpeg\",\"author\":\"IT之家\",\"copyright_stat\":100,\"del_flag\":1,\"item_show_type\":0,\"audio_fileid\":0,\"duration\":0,\"play_url\":\"\",\"malicious_title_reason_id\":0,\"malicious_content_type\":0},{\"title\":\"跑分超越865，联发科6nm，YES\",\"digest\":\"要成了\",\"content\":\"\",\"fileid\":0,\"content_url\":\"http:\/\/mp.weixin.qq.com\/s?__biz=MjM5Mzg4NzExMQ==&amp;mid=2651247115&amp;idx=3&amp;sn=b1f169b04b91ea31cc8678332feb63f1&amp;chksm=bd6254e38a15ddf586baf98b6621c1ebe3fd6ca0be59383d647a0f8b4e312bce1657251b51d6&amp;scene=27#wechat_redirect\",\"source_url\":\"\",\"cover\":\"http:\/\/mmbiz.qpic.cn\/mmbiz_jpg\/YTI67xfsN52PCoZ2xUu0o2gECDISy6pAJnNicGkwSLbdwXwnQleAKdzcFHsJxb2wfNymrM7WsF5A2ZibIfFjo2Vw\/0?wx_fmt=jpeg\",\"author\":\"IT之家\",\"copyright_stat\":100,\"del_flag\":1,\"item_show_type\":0,\"audio_fileid\":0,\"duration\":0,\"play_url\":\"\",\"malicious_title_reason_id\":0,\"malicious_content_type\":0},{\"title\":\"快了，苹果已将可折叠iPhone送至富士康\",\"digest\":\"还有一年半呢\",\"content\":\"\",\"fileid\":0,\"content_url\":\"http:\/\/mp.weixin.qq.com\/s?__biz=MjM5Mzg4NzExMQ==&amp;mid=2651247115&amp;idx=4&amp;sn=bf1e22e4d5addff34c1585f84d611dd6&amp;chksm=bd6254e38a15ddf529318acc4550845a01012e7056f1ca524c34055dbe18a8fc65b85c6c0ced&amp;scene=27#wechat_redirect\",\"source_url\":\"\",\"cover\":\"http:\/\/mmbiz.qpic.cn\/mmbiz_jpg\/YTI67xfsN52PCoZ2xUu0o2gECDISy6pAt0a1dsTmAqn3gRhP3nePz4mjwibBw6eP9A6FksAYXcATMuBNkDm2EAA\/0?wx_fmt=jpeg\",\"author\":\"TechWeb辣椒客\",\"copyright_stat\":100,\"del_flag\":1,\"item_show_type\":0,\"audio_fileid\":0,\"duration\":0,\"play_url\":\"\",\"malicious_title_reason_id\":0,\"malicious_content_type\":0},{\"title\":\"南京售楼处人脸识别要“下架”，此前戴口罩也能识别\",\"digest\":\"应该抓起来\",\"content\":\"\",\"fileid\":0,\"content_url\":\"http:\/\/mp.weixin.qq.com\/s?__biz=MjM5Mzg4NzExMQ==&amp;mid=2651247115&amp;idx=5&amp;sn=0234748d08df972037fc3f9821ef848b&amp;chksm=bd6254e38a15ddf5f14be0ab2bfe7d40ed583516a010bb4e4005f0a6cdf5cbc1f2a957f56840&amp;scene=27#wechat_redirect\",\"source_url\":\"\",\"cover\":\"http:\/\/mmbiz.qpic.cn\/mmbiz_jpg\/YTI67xfsN52PCoZ2xUu0o2gECDISy6pABsaGF8XSWP7oXL2adibYk9uohibt4l4weaFKqa96ZHFhEjcFWgPgupcQ\/0?wx_fmt=jpeg\",\"author\":\"IT之家\",\"copyright_stat\":100,\"del_flag\":1,\"item_show_type\":0,\"audio_fileid\":0,\"duration\":0,\"play_url\":\"\",\"malicious_title_reason_id\":0,\"malicious_content_type\":0},{\"title\":\"辣榜 | 4位分控+一转三，飞利浦插座29.9元2个！\",\"digest\":\"手慢无！\",\"content\":\"\",\"fileid\":503763453,\"content_url\":\"http:\/\/mp.weixin.qq.com\/s?__biz=MjM5Mzg4NzExMQ==&amp;mid=2651247115&amp;idx=6&amp;sn=9c8fc23302cb54dd80284c29626a8119&amp;chksm=bd6254e38a15ddf50c3012e33d36e2bc589bc5014c3a6adc318dbb5c90b75a5ecb835acf9821&amp;scene=27#wechat_redirect\",\"source_url\":\"https:\/\/u.jd.com\/t9VsKTl\",\"cover\":\"http:\/\/mmbiz.qpic.cn\/mmbiz_jpg\/YTI67xfsN52PCoZ2xUu0o2gECDISy6pAibhGwDnYnODLuEgGia6WIgKkWSMeLKNrQcInYGndCIiaJj2zxWic5LiatfA\/0?wx_fmt=jpeg\",\"author\":\"辣品\",\"copyright_stat\":100,\"del_flag\":1,\"item_show_type\":0,\"audio_fileid\":0,\"duration\":0,\"play_url\":\"\",\"malicious_title_reason_id\":0,\"malicious_content_type\":0}],\"author\":\"伍声\",\"copyright_stat\":11,\"duration\":0,\"del_flag\":1,\"item_show_type\":0,\"audio_fileid\":0,\"play_url\":\"\",\"malicious_title_reason_id\":0,\"malicious_content_type\":0}},{\"comm_msg_info\":{\"id\":1000001680,\"type\":49,\"datetime\":1606659223,\"fakeid\":\"2393887111\",\"status\":2,\"content\":\"\"},\"app_msg_ext_info\":{\"title\":\"B站下架，微博解散，视频和群全没了！\",\"digest\":\"支持！\",\"content\":\"\",\"fileid\":503763308,\"content_url\":\"http:\/\/mp.weixin.qq.com\/s?__biz=MjM5Mzg4NzExMQ==&amp;mid=2651246993&amp;idx=1&amp;sn=68812592d87ce0587eb602cad4755faf&amp;chksm=bd6257798a15de6f3e720efeadba7fabd8e720aa71c5697902a2b1ee0ef5be9d0e87fe904188&amp;scene=27#wechat_redirect\",\"source_url\":\"\",\"cover\":\"http:\/\/mmbiz.qpic.cn\/mmbiz_jpg\/YTI67xfsN53QsgZKP14E6rO4co8Kq6HDIHYo9O1iblCbJ5OV2cBj8nJ8NhxL3LHnts4u8hkhw9CR3I0eb4FfARw\/0?wx_fmt=jpeg\",\"subtype\":9,\"is_multi\":1,\"multi_app_msg_item_list\":[{\"title\":\"没钱买小米？买齐69万，比苹果贵多了\",\"digest\":\"居然这么多...\",\"content\":\"\",\"fileid\":0,\"content_url\":\"http:\/\/mp.weixin.qq.com\/s?__biz=MjM5Mzg4NzExMQ==&amp;mid=2651246993&amp;idx=2&amp;sn=b8891b970537cf2d778199098e8b3644&amp;chksm=bd6257798a15de6f0b2d4f2318db3fba34de483bcd9dbabf4ae4eb01efbc140ed070c5394641&amp;scene=27#wechat_redirect\",\"source_url\":\"\",\"cover\":\"http:\/\/mmbiz.qpic.cn\/mmbiz_jpg\/YTI67xfsN53QsgZKP14E6rO4co8Kq6HDDX2B7lCYjEXeN3ysISSEsmOicicWfGf82POE1w4SjqbkISbEtnwM7VvA\/0?wx_fmt=jpeg\",\"author\":\"IT之家\",\"copyright_stat\":100,\"del_flag\":1,\"item_show_type\":0,\"audio_fileid\":0,\"duration\":0,\"play_url\":\"\",\"malicious_title_reason_id\":0,\"malicious_content_type\":0},{\"title\":\"羞羞都被录下来，特斯拉能用手机远程录像了\",\"digest\":\"用法脑洞大开\",\"content\":\"\",\"fileid\":0,\"content_url\":\"http:\/\/mp.weixin.qq.com\/s?__biz=MjM5Mzg4NzExMQ==&amp;mid=2651246993&amp;idx=3&amp;sn=5bc74ea8864b055506e33643de94ea46&amp;chksm=bd6257798a15de6fc5914d9c161da5c4dfe45a909f26efa062f1b6a7522ae1295968a96c8ccf&amp;scene=27#wechat_redirect\",\"source_url\":\"\",\"cover\":\"http:\/\/mmbiz.qpic.cn\/mmbiz_jpg\/YTI67xfsN53QsgZKP14E6rO4co8Kq6HDWicyqHslrwicAr6IXia7DNNiawzktjUeN9XuCx2pqnT2KZNKH7gbxiczSDg\/0?wx_fmt=jpeg\",\"author\":\"IT之家\",\"copyright_stat\":100,\"del_flag\":1,\"item_show_type\":0,\"audio_fileid\":0,\"duration\":0,\"play_url\":\"\",\"malicious_title_reason_id\":0,\"malicious_content_type\":0},{\"title\":\"你丢掉的手机卡很值钱，有人一月获利20万\",\"digest\":\"要掰碎再扔\",\"content\":\"\",\"fileid\":0,\"content_url\":\"http:\/\/mp.weixin.qq.com\/s?__biz=MjM5Mzg4NzExMQ==&amp;mid=2651246993&amp;idx=4&amp;sn=79c97b0e60735cf72b801dc5eab421bc&amp;chksm=bd6257798a15de6f65f60bec7009a45ac9dfc4758e10ea8570efc10aa14f4181e24b77683755&amp;scene=27#wechat_redirect\",\"source_url\":\"\",\"cover\":\"http:\/\/mmbiz.qpic.cn\/mmbiz_jpg\/YTI67xfsN53QsgZKP14E6rO4co8Kq6HDSyicvIvmN4DX5jl8icWAViaLS5NmMgK1avJ3XIFzRlBGSwKK8Aj5ZLVUA\/0?wx_fmt=jpeg\",\"author\":\"IT之家\",\"copyright_stat\":100,\"del_flag\":1,\"item_show_type\":0,\"audio_fileid\":0,\"duration\":0,\"play_url\":\"\",\"malicious_title_reason_id\":0,\"malicious_content_type\":0},{\"title\":\"排名全球第一，银河麒麟云ARM版分数超x86\",\"digest\":\"棒\",\"content\":\"\",\"fileid\":0,\"content_url\":\"http:\/\/mp.weixin.qq.com\/s?__biz=MjM5Mzg4NzExMQ==&amp;mid=2651246993&amp;idx=5&amp;sn=70a36223a87dde629dfa60963e973203&amp;chksm=bd6257798a15de6f4c1bad562fd83673ac9b31cdd257bde24a95a6b2eb2e28e026ff51b5a97b&amp;scene=27#wechat_redirect\",\"source_url\":\"\",\"cover\":\"http:\/\/mmbiz.qpic.cn\/mmbiz_jpg\/YTI67xfsN53QsgZKP14E6rO4co8Kq6HDicmfePqic5gOwgGtVAEl4KJe7sGmtdxUeFxiaeoKSZeS5hRGg0iaOsKZ5A\/0?wx_fmt=jpeg\",\"author\":\"IT之家\",\"copyright_stat\":100,\"del_flag\":1,\"item_show_type\":0,\"audio_fileid\":0,\"duration\":0,\"play_url\":\"\",\"malicious_title_reason_id\":0,\"malicious_content_type\":0},{\"title\":\"辣榜 | 丝塔芙大白罐，每斤仅需99元！\",\"digest\":\"手慢无！\",\"content\":\"\",\"fileid\":503763306,\"content_url\":\"http:\/\/mp.weixin.qq.com\/s?__biz=MjM5Mzg4NzExMQ==&amp;mid=2651246993&amp;idx=6&amp;sn=ddb22378347159e58664ab7758f55f61&amp;chksm=bd6257798a15de6f34358078aae881e9d1f3dae88a08c2e6027966ca94944a45b6bd332a27a6&amp;scene=27#wechat_redirect\",\"source_url\":\"https:\/\/u.jd.com\/t9VsKTl\",\"cover\":\"http:\/\/mmbiz.qpic.cn\/mmbiz_jpg\/YTI67xfsN53QsgZKP14E6rO4co8Kq6HDnFILcjwrg5EgmkSf1kXmicRQZt7e6nEBYUPFLjzR7Bk7jWFFUFOsZiaw\/0?wx_fmt=jpeg\",\"author\":\"辣品\",\"copyright_stat\":100,\"del_flag\":1,\"item_show_type\":0,\"audio_fileid\":0,\"duration\":0,\"play_url\":\"\",\"malicious_title_reason_id\":0,\"malicious_content_type\":0}],\"author\":\"IT之家\",\"copyright_stat\":100,\"duration\":0,\"del_flag\":1,\"item_show_type\":0,\"audio_fileid\":0,\"play_url\":\"\",\"malicious_title_reason_id\":0,\"malicious_content_type\":0}},{\"comm_msg_info\":{\"id\":1000001679,\"type\":49,\"datetime\":1606573141,\"fakeid\":\"2393887111\",\"status\":2,\"content\":\"\"},\"app_msg_ext_info\":{\"title\":\"高通骁龙875发布在即，比前代猛太多！\",\"digest\":\"三星5nm工艺，和火龙说拜拜\",\"content\":\"\",\"fileid\":503763277,\"content_url\":\"http:\/\/mp.weixin.qq.com\/s?__biz=MjM5Mzg4NzExMQ==&amp;mid=2651246929&amp;idx=1&amp;sn=bdea8edecd06cf2a03319dcc74249e19&amp;chksm=bd6257b98a15deafa93b26cf641bbbd132ecc3c9eb9780194c197ada4f6b170c6e35e2a1e422&amp;scene=27#wechat_redirect\",\"source_url\":\"\",\"cover\":\"http:\/\/mmbiz.qpic.cn\/mmbiz_jpg\/YTI67xfsN52WAqDr7NludfGm4K3ibtuH0Aja0F8qLShG4Nr819kO0tnGicog0CpEEP5WicibQrUAMuYNv7oETj3vDg\/0?wx_fmt=jpeg\",\"subtype\":9,\"is_multi\":1,\"multi_app_msg_item_list\":[{\"title\":\"甩出前十，iPhone 12相机跑分出炉，总分仅122\",\"digest\":\"还是大哥二哥强\",\"content\":\"\",\"fileid\":503763228,\"content_url\":\"http:\/\/mp.weixin.qq.com\/s?__biz=MjM5Mzg4NzExMQ==&amp;mid=2651246929&amp;idx=2&amp;sn=fff005b55ae94023393c2ca8d269b1ee&amp;chksm=bd6257b98a15deafa390754c362059afe196ecf4cf67891eea84b48a2d833e1661a64e9042c4&amp;scene=27#wechat_redirect\",\"source_url\":\"\",\"cover\":\"http:\/\/mmbiz.qpic.cn\/mmbiz_jpg\/YTI67xfsN52WAqDr7NludfGm4K3ibtuH0Z1ELLOVBwmIJ1bqk5A5ALzfDSIN9yG3roYQDwvmGeYHm7GuCwFeWyg\/0?wx_fmt=jpeg\",\"author\":\"IT之家\",\"copyright_stat\":11,\"del_flag\":1,\"item_show_type\":0,\"audio_fileid\":0,\"duration\":0,\"play_url\":\"\",\"malicious_title_reason_id\":0,\"malicious_content_type\":0},{\"title\":\"快手一哥道歉了，赔偿6198万\",\"digest\":\"求锤得锤\",\"content\":\"\",\"fileid\":503763269,\"content_url\":\"http:\/\/mp.weixin.qq.com\/s?__biz=MjM5Mzg4NzExMQ==&amp;mid=2651246929&amp;idx=3&amp;sn=dbfcc5a56eb922bc2be752e7bafca5e0&amp;chksm=bd6257b98a15deaf0865418358460241928a4f802fc712371d8090eccc8518e65757458c5c63&amp;scene=27#wechat_redirect\",\"source_url\":\"\",\"cover\":\"http:\/\/mmbiz.qpic.cn\/mmbiz_jpg\/YTI67xfsN52WAqDr7NludfGm4K3ibtuH0fZ2wrYu9JhcEnicTuj96rm3VoBSQricubUnDoOQQ09o6tJPmezfA0gibA\/0?wx_fmt=jpeg\",\"author\":\"IT之家\",\"copyright_stat\":11,\"del_flag\":1,\"item_show_type\":0,\"audio_fileid\":0,\"duration\":0,\"play_url\":\"\",\"malicious_title_reason_id\":0,\"malicious_content_type\":0},{\"title\":\"超过同龄人只需以下几步\",\"digest\":\"荐号\",\"content\":\"\",\"fileid\":0,\"content_url\":\"http:\/\/mp.weixin.qq.com\/s?__biz=MjM5Mzg4NzExMQ==&amp;mid=2651246929&amp;idx=4&amp;sn=71662ec0ed0bbde73baf23017906dbb8&amp;chksm=bd6257b98a15deafc2a61e10256ccba6e0cd86c4dc18159ac44536a8099517f20badcc5ee648&amp;scene=27#wechat_redirect\",\"source_url\":\"\",\"cover\":\"http:\/\/mmbiz.qpic.cn\/mmbiz_jpg\/YTI67xfsN52WAqDr7NludfGm4K3ibtuH0JPFb72TicsLV1LxjtW9Bicjdk48joneBWIUiarsFl2drrU3pUOUwXrlxw\/0?wx_fmt=jpeg\",\"author\":\"荐号\",\"copyright_stat\":100,\"del_flag\":1,\"item_show_type\":0,\"audio_fileid\":0,\"duration\":0,\"play_url\":\"\",\"malicious_title_reason_id\":0,\"malicious_content_type\":0},{\"title\":\"手机收不到验证码要小心，330万老年机被植入木马\",\"digest\":\"技术没用在正道上\",\"content\":\"\",\"fileid\":503763275,\"content_url\":\"http:\/\/mp.weixin.qq.com\/s?__biz=MjM5Mzg4NzExMQ==&amp;mid=2651246929&amp;idx=5&amp;sn=db2ed028b237431c6cc0eed24e2cf945&amp;chksm=bd6257b98a15deaf3d32289aacdabc6a652bc1bcf49b024a9ab612962ea35f712e82a1586300&amp;scene=27#wechat_redirect\",\"source_url\":\"\",\"cover\":\"http:\/\/mmbiz.qpic.cn\/mmbiz_jpg\/YTI67xfsN52WAqDr7NludfGm4K3ibtuH0LOanq2HLEDzUscdzAI7DiaF0dFBGDadQZFLASYlvJUDApQpUS0sl2xg\/0?wx_fmt=jpeg\",\"author\":\"新浪科技\",\"copyright_stat\":100,\"del_flag\":1,\"item_show_type\":0,\"audio_fileid\":0,\"duration\":0,\"play_url\":\"\",\"malicious_title_reason_id\":0,\"malicious_content_type\":0},{\"title\":\"辣榜 | 每只仅需3毛钱，KN95口罩狂促！\",\"digest\":\"手慢无！\",\"content\":\"\",\"fileid\":503763190,\"content_url\":\"http:\/\/mp.weixin.qq.com\/s?__biz=MjM5Mzg4NzExMQ==&amp;mid=2651246929&amp;idx=6&amp;sn=54369e9e54c660089a48703d44adf915&amp;chksm=bd6257b98a15deafd6781f58888661fa7d9ecb892c1f85b24121a1ddd9218db2dc6029b3b439&amp;scene=27#wechat_redirect\",\"source_url\":\"https:\/\/u.jd.com\/t9VsKTl\",\"cover\":\"http:\/\/mmbiz.qpic.cn\/mmbiz_jpg\/YTI67xfsN52WAqDr7NludfGm4K3ibtuH0k0MY8W0hJjibJr5sLuApiamGAtRZ9vXtvguhPnDo9eiaMGQLeoTb8a8Cg\/0?wx_fmt=jpeg\",\"author\":\"辣品\",\"copyright_stat\":100,\"del_flag\":1,\"item_show_type\":0,\"audio_fileid\":0,\"duration\":0,\"play_url\":\"\",\"malicious_title_reason_id\":0,\"malicious_content_type\":0}],\"author\":\"IT之家\",\"copyright_stat\":11,\"duration\":0,\"del_flag\":1,\"item_show_type\":0,\"audio_fileid\":0,\"play_url\":\"\",\"malicious_title_reason_id\":0,\"malicious_content_type\":0}},{\"comm_msg_info\":{\"id\":1000001678,\"type\":49,\"datetime\":1606486660,\"fakeid\":\"2393887111\",\"status\":2,\"content\":\"\"},\"app_msg_ext_info\":{\"title\":\"宿管阿姨送糖反被学生举报威胁，这可是哈工大啊！\",\"digest\":\"正因是哈工大，才要这样\",\"content\":\"\",\"fileid\":503763163,\"content_url\":\"http:\/\/mp.weixin.qq.com\/s?__biz=MjM5Mzg4NzExMQ==&amp;mid=2651246814&amp;idx=1&amp;sn=104c83c5b6d3ca400009047bd5d3c7f3&amp;chksm=bd6256368a15df20f1fe7c3621ba5f0e5be4f3cf64b5ead273a9b5d43b0e21bed3d4eab1cfb8&amp;scene=27#wechat_redirect\",\"source_url\":\"\",\"cover\":\"http:\/\/mmbiz.qpic.cn\/mmbiz_jpg\/YTI67xfsN53QpN4ygkbwsic15kgBLmLfkicdMFvrSXScC71jWJyc66GjrWoFzf3H5LnX3IzVwVZiczmuYewWgYD4Q\/0?wx_fmt=jpeg\",\"subtype\":9,\"is_multi\":1,\"multi_app_msg_item_list\":[{\"title\":\"太猛了，新iPhone连充电线都干没了，单买超贵\",\"digest\":\"库克牌十三香\",\"content\":\"\",\"fileid\":0,\"content_url\":\"http:\/\/mp.weixin.qq.com\/s?__biz=MjM5Mzg4NzExMQ==&amp;mid=2651246814&amp;idx=2&amp;sn=16508e442976840f4c4f61713c9614d4&amp;chksm=bd6256368a15df20832e53b55513028620171300a402f77ebe22bd0afc86810f44ca15676d78&amp;scene=27#wechat_redirect\",\"source_url\":\"\",\"cover\":\"http:\/\/mmbiz.qpic.cn\/mmbiz_jpg\/YTI67xfsN53QpN4ygkbwsic15kgBLmLfkiafRxwlgZVLpmdYYiaFUuvvicgxZykYejDFvbKGYq0Z1r1o3iaHHyzsKeg\/0?wx_fmt=jpeg\",\"author\":\"伍声\",\"copyright_stat\":11,\"del_flag\":1,\"item_show_type\":0,\"audio_fileid\":0,\"duration\":0,\"play_url\":\"\",\"malicious_title_reason_id\":0,\"malicious_content_type\":0},{\"title\":\"2020，口碑极佳的9个公众号，你关注了几个？\",\"digest\":\"荐号\",\"content\":\"\",\"fileid\":503763131,\"content_url\":\"http:\/\/mp.weixin.qq.com\/s?__biz=MjM5Mzg4NzExMQ==&amp;mid=2651246814&amp;idx=3&amp;sn=d9a99a462e7e1d43c9805f4922f16c49&amp;chksm=bd6256368a15df20a98f4e8ceba6666ca4ea9c6962ec7fabc41b29f916a6ee4d79435d2870a6&amp;scene=27#wechat_redirect\",\"source_url\":\"\",\"cover\":\"http:\/\/mmbiz.qpic.cn\/mmbiz_jpg\/YTI67xfsN53QpN4ygkbwsic15kgBLmLfkRFMSiceZ4K8zYic6nGKcZrTibbdicWJnOCopV5XH3ia9ZCWM9axqzibdLwSg\/0?wx_fmt=jpeg\",\"author\":\"荐号\",\"copyright_stat\":100,\"del_flag\":1,\"item_show_type\":0,\"audio_fileid\":0,\"duration\":0,\"play_url\":\"\",\"malicious_title_reason_id\":0,\"malicious_content_type\":0},{\"title\":\"技术攻克，华为P50 Pro液体相机曝光\",\"digest\":\"这镜头设计的...\",\"content\":\"\",\"fileid\":0,\"content_url\":\"http:\/\/mp.weixin.qq.com\/s?__biz=MjM5Mzg4NzExMQ==&amp;mid=2651246814&amp;idx=4&amp;sn=09bc88f605fe0eb02aba96de848af591&amp;chksm=bd6256368a15df2099dfd1384fc6369dd507af55a105963dde3bb12760d4dc477777c9aa0afb&amp;scene=27#wechat_redirect\",\"source_url\":\"\",\"cover\":\"http:\/\/mmbiz.qpic.cn\/mmbiz_jpg\/YTI67xfsN53QpN4ygkbwsic15kgBLmLfkYQAzWfQQT6Akxc15lKeYYEEe21e5v8eNJFCTvGkQx1tVj7bPN7x1sA\/0?wx_fmt=jpeg\",\"author\":\"IT之家\",\"copyright_stat\":11,\"del_flag\":1,\"item_show_type\":0,\"audio_fileid\":0,\"duration\":0,\"play_url\":\"\",\"malicious_title_reason_id\":0,\"malicious_content_type\":0},{\"title\":\"人均存片200G，百度网盘年报闪瞎眼，你我都有责任\",\"digest\":\"男生果然喜欢晚上看\",\"content\":\"\",\"fileid\":503763017,\"content_url\":\"http:\/\/mp.weixin.qq.com\/s?__biz=MjM5Mzg4NzExMQ==&amp;mid=2651246814&amp;idx=5&amp;sn=985d2d33cf5bf2c31bb6cbe72fe29c97&amp;chksm=bd6256368a15df20aa854f46f36327d6cf2629624ce1ac85c878f07ca9947534f37e85615d70&amp;scene=27#wechat_redirect\",\"source_url\":\"\",\"cover\":\"http:\/\/mmbiz.qpic.cn\/mmbiz_jpg\/YTI67xfsN53QpN4ygkbwsic15kgBLmLfkBTaA8hg1ia99esC1AnniamRGibicy1WKDIvh5LR8h0wXlZStJ1T9bFg2sg\/0?wx_fmt=jpeg\",\"author\":\"伍声\",\"copyright_stat\":11,\"del_flag\":1,\"item_show_type\":0,\"audio_fileid\":0,\"duration\":0,\"play_url\":\"\",\"malicious_title_reason_id\":0,\"malicious_content_type\":0},{\"title\":\"辣榜 | 16G低至249元，酷兽DDR4内存预售\",\"digest\":\"手慢无！\",\"content\":\"\",\"fileid\":503763115,\"content_url\":\"http:\/\/mp.weixin.qq.com\/s?__biz=MjM5Mzg4NzExMQ==&amp;mid=2651246814&amp;idx=6&amp;sn=873173d17fe85e092ce7a6445518638f&amp;chksm=bd6256368a15df2095c2b78b981bf58d97e4d1e3826aae539572069d41354c2f6aadb6fd1453&amp;scene=27#wechat_redirect\",\"source_url\":\"https:\/\/u.jd.com\/t9VsKTl\",\"cover\":\"http:\/\/mmbiz.qpic.cn\/mmbiz_jpg\/YTI67xfsN53QpN4ygkbwsic15kgBLmLfkA1AQCoFEXick10ElCcknUYkiakrA84LFWxn6GWnwELYTqhjfvF2wv8Eg\/0?wx_fmt=jpeg\",\"author\":\"辣品\",\"copyright_stat\":100,\"del_flag\":1,\"item_show_type\":0,\"audio_fileid\":0,\"duration\":0,\"play_url\":\"\",\"malicious_title_reason_id\":0,\"malicious_content_type\":0}],\"author\":\"启人\",\"copyright_stat\":11,\"duration\":0,\"del_flag\":1,\"item_show_type\":0,\"audio_fileid\":0,\"play_url\":\"\",\"malicious_title_reason_id\":0,\"malicious_content_type\":0}},{\"comm_msg_info\":{\"id\":1000001677,\"type\":49,\"datetime\":1606401662,\"fakeid\":\"2393887111\",\"status\":2,\"content\":\"\"},\"app_msg_ext_info\":{\"title\":\"干翻小米，干翻小米！红米Note 9 Pro正式发布\",\"digest\":\"真香\",\"content\":\"\",\"fileid\":503762970,\"content_url\":\"http:\/\/mp.weixin.qq.com\/s?__biz=MjM5Mzg4NzExMQ==&amp;mid=2651246624&amp;idx=1&amp;sn=129053c6b89be6e8448406e398485890&amp;chksm=bd6256c88a15dfde1f0a23aec1c74a5bfe2cfead145fd1ee50c5695681b979e0cb6b43774a01&amp;scene=27#wechat_redirect\",\"source_url\":\"\",\"cover\":\"http:\/\/mmbiz.qpic.cn\/mmbiz_jpg\/YTI67xfsN52AETOwkwMwUlJiaia1gT38Vzr5Gq8ImGAM036PmiaJnxcbj7gL9C06Wx2ut00vOhQeLDZUQk3NZfb8w\/0?wx_fmt=jpeg\",\"subtype\":9,\"is_multi\":1,\"multi_app_msg_item_list\":[{\"title\":\"华为荣耀划清界限，今后要做最强对手\",\"digest\":\"各自加油\",\"content\":\"\",\"fileid\":0,\"content_url\":\"http:\/\/mp.weixin.qq.com\/s?__biz=MjM5Mzg4NzExMQ==&amp;mid=2651246624&amp;idx=2&amp;sn=63e1cff34b66574d663d5d28c09c8be1&amp;chksm=bd6256c88a15dfde784620130e54098605d84629d8dca614ebc2f5fd9f4c24491442d57219cf&amp;scene=27#wechat_redirect\",\"source_url\":\"\",\"cover\":\"http:\/\/mmbiz.qpic.cn\/mmbiz_jpg\/YTI67xfsN52AETOwkwMwUlJiaia1gT38VzrNykicicBZJVxr9An0axgbSVK6Q24f5GcW8nofAppkXYzo9JkaaOyDqQ\/0?wx_fmt=jpeg\",\"author\":\"IT之家\",\"copyright_stat\":100,\"del_flag\":1,\"item_show_type\":0,\"audio_fileid\":0,\"duration\":0,\"play_url\":\"\",\"malicious_title_reason_id\":0,\"malicious_content_type\":0},{\"title\":\"苹果iOS蟑螂上线啦，不要轻易发\",\"digest\":\"嘀哩嘀哩\",\"content\":\"\",\"fileid\":0,\"content_url\":\"http:\/\/mp.weixin.qq.com\/s?__biz=MjM5Mzg4NzExMQ==&amp;mid=2651246624&amp;idx=3&amp;sn=c0910a8c6e5bb540fccbd7799c7f7806&amp;chksm=bd6256c88a15dfde0215d035cb80668e9911f4fe005b0132c96981f0a9bb303297a2a505b6ef&amp;scene=27#wechat_redirect\",\"source_url\":\"\",\"cover\":\"http:\/\/mmbiz.qpic.cn\/mmbiz_jpg\/YTI67xfsN52AETOwkwMwUlJiaia1gT38VzWIianakQoWFxx6rALuNSSOictHEdsh2yPJaeibjW6viaaHVgMmZ4mS1OIg\/0?wx_fmt=jpeg\",\"author\":\"IT之家\",\"copyright_stat\":100,\"del_flag\":1,\"item_show_type\":0,\"audio_fileid\":0,\"duration\":0,\"play_url\":\"\",\"malicious_title_reason_id\":0,\"malicious_content_type\":0},{\"title\":\"“你的贱命不值钱”，美团小哥围殴奔驰车主\",\"digest\":\"职业不分高低贵贱\",\"content\":\"\",\"fileid\":503762850,\"content_url\":\"http:\/\/mp.weixin.qq.com\/s?__biz=MjM5Mzg4NzExMQ==&amp;mid=2651246624&amp;idx=4&amp;sn=c75d76dc28b0307615b7784069a4c612&amp;chksm=bd6256c88a15dfde0e8a92f791c48ddfbf4ed9a7a3d414f74f58846f0e771210ee777f722af2&amp;scene=27#wechat_redirect\",\"source_url\":\"\",\"cover\":\"http:\/\/mmbiz.qpic.cn\/mmbiz_jpg\/YTI67xfsN52AETOwkwMwUlJiaia1gT38Vz2kh4VZ0Y3phpq1HZSy6UMZs9eWV2Yd0UEMzcbdu478lwdmwInU6Bzg\/0?wx_fmt=jpeg\",\"author\":\"IT之家\",\"copyright_stat\":100,\"del_flag\":1,\"item_show_type\":0,\"audio_fileid\":0,\"duration\":0,\"play_url\":\"\",\"malicious_title_reason_id\":0,\"malicious_content_type\":0},{\"title\":\"大快人心！“N号房”主犯一审被判40年\",\"digest\":\"人神共愤\",\"content\":\"\",\"fileid\":0,\"content_url\":\"http:\/\/mp.weixin.qq.com\/s?__biz=MjM5Mzg4NzExMQ==&amp;mid=2651246624&amp;idx=5&amp;sn=2d2605dfdad65d094885bad1004970c4&amp;chksm=bd6256c88a15dfded955afe39087eccba7134faa32586ef7bc1e00e539362c2c46d562175afa&amp;scene=27#wechat_redirect\",\"source_url\":\"\",\"cover\":\"http:\/\/mmbiz.qpic.cn\/mmbiz_jpg\/YTI67xfsN52AETOwkwMwUlJiaia1gT38VzFm0ywBhTaIO7fawsx0SP3O6e1KibvxCrBy6ibDibzTvTPQloIFJZUTFKw\/0?wx_fmt=jpeg\",\"author\":\"伍声\",\"copyright_stat\":11,\"del_flag\":1,\"item_show_type\":0,\"audio_fileid\":0,\"duration\":0,\"play_url\":\"\",\"malicious_title_reason_id\":0,\"malicious_content_type\":0},{\"title\":\"辣榜 | 碧生源维生素C泡腾片，9.9元20片！\",\"digest\":\"手慢无！\",\"content\":\"\",\"fileid\":503762822,\"content_url\":\"http:\/\/mp.weixin.qq.com\/s?__biz=MjM5Mzg4NzExMQ==&amp;mid=2651246624&amp;idx=6&amp;sn=e0be7c8220f9b8119bdde36951b5c53d&amp;chksm=bd6256c88a15dfdec7c77eda53b5a72744b8b62f0cb4e57d24f60c604c8d0e09e61a621508a0&amp;scene=27#wechat_redirect\",\"source_url\":\"https:\/\/u.jd.com\/t9VsKTl\",\"cover\":\"http:\/\/mmbiz.qpic.cn\/mmbiz_jpg\/YTI67xfsN52AETOwkwMwUlJiaia1gT38VzYUYD1UV9P5uHdRxDT2vk8NJPI1ibafeBM6nRLicoQEksBSqL7GMjrdnQ\/0?wx_fmt=jpeg\",\"author\":\"辣品\",\"copyright_stat\":100,\"del_flag\":1,\"item_show_type\":0,\"audio_fileid\":0,\"duration\":0,\"play_url\":\"\",\"malicious_title_reason_id\":0,\"malicious_content_type\":0}],\"author\":\"伍声\",\"copyright_stat\":11,\"duration\":0,\"del_flag\":1,\"item_show_type\":0,\"audio_fileid\":0,\"play_url\":\"\",\"malicious_title_reason_id\":0,\"malicious_content_type\":0}},{\"comm_msg_info\":{\"id\":1000001676,\"type\":49,\"datetime\":1606315636,\"fakeid\":\"2393887111\",\"status\":2,\"content\":\"\"},\"app_msg_ext_info\":{\"title\":\"94岁老太被抱刷脸，这事没这么简单\",\"digest\":\"我们没得选？\",\"content\":\"\",\"fileid\":503762755,\"content_url\":\"http:\/\/mp.weixin.qq.com\/s?__biz=MjM5Mzg4NzExMQ==&amp;mid=2651246414&amp;idx=1&amp;sn=171a5da9d3974b1ce85baa38ecca1368&amp;chksm=bd6249a68a15c0b001da10dc58d591b75a4cb207fdc101ba38aa712fdbf799cd43555d4a4abe&amp;scene=27#wechat_redirect\",\"source_url\":\"\",\"cover\":\"http:\/\/mmbiz.qpic.cn\/mmbiz_jpg\/YTI67xfsN50icFl6tosWrAO5EYfyMoIVhFFXcd3rhJCA6ql0y84rmHvVTQU37BR8mPFNszYpu39O7XBoOuRfxmw\/0?wx_fmt=jpeg\",\"subtype\":9,\"is_multi\":1,\"multi_app_msg_item_list\":[{\"title\":\"iPhone 12硬件成本曝光，好赚啊...\",\"digest\":\"怪不得苹果利润最高\",\"content\":\"\",\"fileid\":0,\"content_url\":\"http:\/\/mp.weixin.qq.com\/s?__biz=MjM5Mzg4NzExMQ==&amp;mid=2651246414&amp;idx=2&amp;sn=1c408bff7ffadb77c83ec25db8a13fd0&amp;chksm=bd6249a68a15c0b0639a35e48d19c368c5879e325b65007475c5d928ab135dc9a9d21699da8e&amp;scene=27#wechat_redirect\",\"source_url\":\"\",\"cover\":\"http:\/\/mmbiz.qpic.cn\/mmbiz_jpg\/YTI67xfsN50icFl6tosWrAO5EYfyMoIVhGFibJFsLHUI0nj9dS62y9Y2SrysVlxpdCo2QnH12gZWnsEUERWlyAxg\/0?wx_fmt=jpeg\",\"author\":\"IT之家\",\"copyright_stat\":100,\"del_flag\":1,\"item_show_type\":0,\"audio_fileid\":0,\"duration\":0,\"play_url\":\"\",\"malicious_title_reason_id\":0,\"malicious_content_type\":0},{\"title\":\"华为内部决议：谁再建议造车，调离岗位\",\"digest\":\"给对手留条路\",\"content\":\"\",\"fileid\":0,\"content_url\":\"http:\/\/mp.weixin.qq.com\/s?__biz=MjM5Mzg4NzExMQ==&amp;mid=2651246414&amp;idx=3&amp;sn=bb285e65aa65e96668f3d4efa8b91503&amp;chksm=bd6249a68a15c0b015c32c0043de897b05640a2d1e0b09a44d749f3bff1ad2635979d34ccc5b&amp;scene=27#wechat_redirect\",\"source_url\":\"\",\"cover\":\"http:\/\/mmbiz.qpic.cn\/mmbiz_jpg\/YTI67xfsN50icFl6tosWrAO5EYfyMoIVhNahYCexWNuuF43QiadcHYTzmB33dzbFx24szmL9g9s2x4IQX7vI40icQ\/0?wx_fmt=jpeg\",\"author\":\"IT之家\",\"copyright_stat\":100,\"del_flag\":1,\"item_show_type\":0,\"audio_fileid\":0,\"duration\":0,\"play_url\":\"\",\"malicious_title_reason_id\":0,\"malicious_content_type\":0},{\"title\":\"“得屌丝者得天下”，小米道歉了\",\"digest\":\"哈哈哈哈哈\",\"content\":\"\",\"fileid\":0,\"content_url\":\"http:\/\/mp.weixin.qq.com\/s?__biz=MjM5Mzg4NzExMQ==&amp;mid=2651246414&amp;idx=4&amp;sn=5865d8e4ab08bb0dfbf8f9d308de0b65&amp;chksm=bd6249a68a15c0b0fa3546f68c69073b95220446475693f57ae6e7dbdee56c8afefdc69d7f89&amp;scene=27#wechat_redirect\",\"source_url\":\"\",\"cover\":\"http:\/\/mmbiz.qpic.cn\/mmbiz_jpg\/YTI67xfsN50icFl6tosWrAO5EYfyMoIVhhKEMLzOKPFtH35ts4kMUQZNNFUibH6sM8XS6MRKM95d6d5fJP26uZicQ\/0?wx_fmt=jpeg\",\"author\":\"IT之家\",\"copyright_stat\":100,\"del_flag\":1,\"item_show_type\":0,\"audio_fileid\":0,\"duration\":0,\"play_url\":\"\",\"malicious_title_reason_id\":0,\"malicious_content_type\":0},{\"title\":\"放假安排来了，能休5天！\",\"digest\":\"棒\",\"content\":\"\",\"fileid\":0,\"content_url\":\"http:\/\/mp.weixin.qq.com\/s?__biz=MjM5Mzg4NzExMQ==&amp;mid=2651246414&amp;idx=5&amp;sn=ab2e696be9cf74d2b716f6cb1cb2e9b0&amp;chksm=bd6249a68a15c0b0dd97fa722d2f19cf6a5ab106f9d2e5a8d3abbefabffecef6f9ce55f6a6db&amp;scene=27#wechat_redirect\",\"source_url\":\"https:\/\/mytime.ruanmei.com\/\",\"cover\":\"http:\/\/mmbiz.qpic.cn\/mmbiz_jpg\/YTI67xfsN50icFl6tosWrAO5EYfyMoIVhzxywF5q7tb09vwG8mgPL1BUXqbp0YT3RLmDFOm0Q3ys3WdCaIIcicOw\/0?wx_fmt=jpeg\",\"author\":\"IT之家\",\"copyright_stat\":100,\"del_flag\":1,\"item_show_type\":0,\"audio_fileid\":0,\"duration\":0,\"play_url\":\"\",\"malicious_title_reason_id\":0,\"malicious_content_type\":0},{\"title\":\"辣榜 | 《福尔摩斯探案集》，全4册只要28元！\",\"digest\":\"手慢无！\",\"content\":\"\",\"fileid\":503762699,\"content_url\":\"http:\/\/mp.weixin.qq.com\/s?__biz=MjM5Mzg4NzExMQ==&amp;mid=2651246414&amp;idx=6&amp;sn=444e4e599fc30b682f8492cf025ab8c5&amp;chksm=bd6249a68a15c0b05523349ed4b91b1159c35eebe6a143eb9899044fb05598684fd63406dc91&amp;scene=27#wechat_redirect\",\"source_url\":\"https:\/\/u.jd.com\/td63ydP\",\"cover\":\"http:\/\/mmbiz.qpic.cn\/mmbiz_jpg\/YTI67xfsN50icFl6tosWrAO5EYfyMoIVhBwhahhVrp1KzeM4Ap50gq39WNs205GlJCfKPWTLqiaFvcAmJrIhuEsA\/0?wx_fmt=jpeg\",\"author\":\"辣品\",\"copyright_stat\":100,\"del_flag\":1,\"item_show_type\":0,\"audio_fileid\":0,\"duration\":0,\"play_url\":\"\",\"malicious_title_reason_id\":0,\"malicious_content_type\":0}],\"author\":\"伍声\",\"copyright_stat\":11,\"duration\":0,\"del_flag\":1,\"item_show_type\":0,\"audio_fileid\":0,\"play_url\":\"\",\"malicious_title_reason_id\":0,\"malicious_content_type\":0}},{\"comm_msg_info\":{\"id\":1000001675,\"type\":49,\"datetime\":1606228422,\"fakeid\":\"2393887111\",\"status\":2,\"content\":\"\"},\"app_msg_ext_info\":{\"title\":\"\",\"digest\":\"\",\"content\":\"\",\"fileid\":0,\"content_url\":\"\",\"source_url\":\"\",\"cover\":\"\",\"subtype\":0,\"is_multi\":1,\"multi_app_msg_item_list\":[{\"title\":\"华为Mate 40下月抢先升鸿蒙OS？官方回应\",\"digest\":\"鸿蒙系统扑朔迷离\",\"content\":\"\",\"fileid\":503762610,\"content_url\":\"http:\/\/mp.weixin.qq.com\/s?__biz=MjM5Mzg4NzExMQ==&amp;mid=2651246315&amp;idx=2&amp;sn=5af76e9bdb5096ce1831d90f2444c9d4&amp;chksm=bd6248038a15c115eb238bac01a4dd4af06c51b37cf146595dc64f3ca930502daac6c610b404&amp;scene=27#wechat_redirect\",\"source_url\":\"\",\"cover\":\"http:\/\/mmbiz.qpic.cn\/mmbiz_jpg\/YTI67xfsN52aZoQrKg5fBsdKutFk26Mnss0tKxJhZ6rFKTnib7CibiaH1VlibC8ic2o0JO4uhsQGUchld4vfhblKG5g\/0?wx_fmt=jpeg\",\"author\":\"IT之家\",\"copyright_stat\":100,\"del_flag\":1,\"item_show_type\":0,\"audio_fileid\":0,\"duration\":0,\"play_url\":\"\",\"malicious_title_reason_id\":0,\"malicious_content_type\":0},{\"title\":\"苹果M1版MacBook遭吐槽，40％软件兼容差\",\"digest\":\"M1芯片实际体验翻车了\",\"content\":\"\",\"fileid\":0,\"content_url\":\"http:\/\/mp.weixin.qq.com\/s?__biz=MjM5Mzg4NzExMQ==&amp;mid=2651246315&amp;idx=3&amp;sn=7101768165a1f2fc1e463e8c94e0debb&amp;chksm=bd6248038a15c115960811acba5bfa24e27a6c326a93c14a7c7c8a8a2d36e03b1a497416ca2f&amp;scene=27#wechat_redirect\",\"source_url\":\"\",\"cover\":\"http:\/\/mmbiz.qpic.cn\/mmbiz_jpg\/YTI67xfsN52aZoQrKg5fBsdKutFk26MnBwxaicOeg0HTate1CknyUktylJqs1uickQ5nBIPpCcibcft0AblWQFyHw\/0?wx_fmt=jpeg\",\"author\":\"IT之家\",\"copyright_stat\":11,\"del_flag\":1,\"item_show_type\":0,\"audio_fileid\":0,\"duration\":0,\"play_url\":\"\",\"malicious_title_reason_id\":0,\"malicious_content_type\":0},{\"title\":\"索尼要干件大事：手机就能操控卫星\",\"digest\":\"索尼：玩大的\",\"content\":\"\",\"fileid\":503762619,\"content_url\":\"http:\/\/mp.weixin.qq.com\/s?__biz=MjM5Mzg4NzExMQ==&amp;mid=2651246315&amp;idx=4&amp;sn=9742ef94f4f809e13c978b798046512a&amp;chksm=bd6248038a15c115f3a37002dd3362bbb53e8edd4d2dcb673cc1d9e8cc258c1a08ae7ff94c33&amp;scene=27#wechat_redirect\",\"source_url\":\"\",\"cover\":\"http:\/\/mmbiz.qpic.cn\/mmbiz_jpg\/YTI67xfsN52aZoQrKg5fBsdKutFk26MnZDzFKWab3iarA0eIMiazF8XhM11ze4bmeJsvTJwFIRueW2v4F44VhFQQ\/0?wx_fmt=jpeg\",\"author\":\"IT之家\",\"copyright_stat\":11,\"del_flag\":1,\"item_show_type\":0,\"audio_fileid\":0,\"duration\":0,\"play_url\":\"\",\"malicious_title_reason_id\":0,\"malicious_content_type\":0},{\"title\":\"相机大升级，红米Note 9大宝剑邀请函现身\",\"digest\":\"真香\",\"content\":\"\",\"fileid\":0,\"content_url\":\"http:\/\/mp.weixin.qq.com\/s?__biz=MjM5Mzg4NzExMQ==&amp;mid=2651246315&amp;idx=5&amp;sn=28bb677ab00ed2430bfc0f9a84896a16&amp;chksm=bd6248038a15c11543ad8c41cc70110885a0dd1b0ea80f28c229667dba7b6175c5e2907e8a5a&amp;scene=27#wechat_redirect\",\"source_url\":\"\",\"cover\":\"http:\/\/mmbiz.qpic.cn\/mmbiz_jpg\/YTI67xfsN52aZoQrKg5fBsdKutFk26Mn4K8Z0jBtjLhGGFLsIeNlLoRfYuNfmAibTY1pG1BaV4sT2SVzQpgVBLg\/0?wx_fmt=jpeg\",\"author\":\"IT之家\",\"copyright_stat\":11,\"del_flag\":1,\"item_show_type\":0,\"audio_fileid\":0,\"duration\":0,\"play_url\":\"\",\"malicious_title_reason_id\":0,\"malicious_content_type\":0},{\"title\":\"辣榜 | 雷神 L1 屏幕挂灯，仅需119元！\",\"digest\":\"手慢无！\",\"content\":\"\",\"fileid\":503762595,\"content_url\":\"http:\/\/mp.weixin.qq.com\/s?__biz=MjM5Mzg4NzExMQ==&amp;mid=2651246315&amp;idx=6&amp;sn=02b67251ba2b1406e7368033f6d5d4a1&amp;chksm=bd6248038a15c11552645949074ed9f74f46af06fd8d5ccb8419975fb67b73f7493f76339631&amp;scene=27#wechat_redirect\",\"source_url\":\"https:\/\/u.jd.com\/td63ydP\",\"cover\":\"http:\/\/mmbiz.qpic.cn\/mmbiz_jpg\/YTI67xfsN52aZoQrKg5fBsdKutFk26Mnmx665rj3qwyqnPoibwfctqwCOWqGfWr0qYmINTnAFibk4sBkQtBDREzg\/0?wx_fmt=jpeg\",\"author\":\"辣品\",\"copyright_stat\":100,\"del_flag\":1,\"item_show_type\":0,\"audio_fileid\":0,\"duration\":0,\"play_url\":\"\",\"malicious_title_reason_id\":0,\"malicious_content_type\":0}],\"author\":\"\"}},{\"comm_msg_info\":{\"id\":1000001674,\"type\":49,\"datetime\":1606141595,\"fakeid\":\"2393887111\",\"status\":2,\"content\":\"\"},\"app_msg_ext_info\":{\"title\":\"上网或要用网证啦，微信就能办！\",\"digest\":\"这个真的好\",\"content\":\"\",\"fileid\":503762459,\"content_url\":\"http:\/\/mp.weixin.qq.com\/s?__biz=MjM5Mzg4NzExMQ==&amp;mid=2651246173&amp;idx=1&amp;sn=89406f566553acbefc0d148dc5ac0bd6&amp;chksm=bd6248b58a15c1a392e49f415020abecd741e5789dedb43b5b984cfd83486a7ffa1e9e129ca0&amp;scene=27#wechat_redirect\",\"source_url\":\"\",\"cover\":\"http:\/\/mmbiz.qpic.cn\/mmbiz_jpg\/YTI67xfsN51iar7guEj8vtjrLlZLsERPka0Fj9suPbXfxXGOMDdzpp2PBv96iaytq3qXlZRoq4g25pacPux6wa4Q\/0?wx_fmt=jpeg\",\"subtype\":9,\"is_multi\":1,\"multi_app_msg_item_list\":[{\"title\":\"iOS 15可升级机型曝光：这些用户被放弃\",\"digest\":\"iOS 15要拔钉子了\",\"content\":\"\",\"fileid\":503762436,\"content_url\":\"http:\/\/mp.weixin.qq.com\/s?__biz=MjM5Mzg4NzExMQ==&amp;mid=2651246173&amp;idx=2&amp;sn=6c87dc1043d750e68d5cd52876d76de2&amp;chksm=bd6248b58a15c1a3ce944d1404c73f2fd204caf8f226cdd47680de106d85bde48f737f0a40c7&amp;scene=27#wechat_redirect\",\"source_url\":\"\",\"cover\":\"http:\/\/mmbiz.qpic.cn\/mmbiz_jpg\/YTI67xfsN51iar7guEj8vtjrLlZLsERPk97ibfYjjFAkhrZ9GAnLbzuJtYsVHnWdvvAkCOLiaplQQJc7nQweKepYg\/0?wx_fmt=jpeg\",\"author\":\"伍声\",\"copyright_stat\":11,\"del_flag\":1,\"item_show_type\":0,\"audio_fileid\":0,\"duration\":0,\"play_url\":\"\",\"malicious_title_reason_id\":0,\"malicious_content_type\":0},{\"title\":\"BOSS直聘变BOSS直约：在线招嫖太荒唐\",\"digest\":\"荒唐\",\"content\":\"\",\"fileid\":503762504,\"content_url\":\"http:\/\/mp.weixin.qq.com\/s?__biz=MjM5Mzg4NzExMQ==&amp;mid=2651246173&amp;idx=3&amp;sn=8bc154a856a85384af0ecb5bf97f6381&amp;chksm=bd6248b58a15c1a3c6e9c9499c3f083ef63786f072c914fab3a22f65331f9351e7d1fcc969a0&amp;scene=27#wechat_redirect\",\"source_url\":\"\",\"cover\":\"http:\/\/mmbiz.qpic.cn\/mmbiz_jpg\/YTI67xfsN51iar7guEj8vtjrLlZLsERPk2hkvIZicruAVghIJtCfwzNzGL4NZVgoCzX4uP27MHN1fV4g2hTEIZxQ\/0?wx_fmt=jpeg\",\"author\":\"伍声\",\"copyright_stat\":100,\"del_flag\":1,\"item_show_type\":0,\"audio_fileid\":0,\"duration\":0,\"play_url\":\"\",\"malicious_title_reason_id\":0,\"malicious_content_type\":0},{\"title\":\"逆袭，小米取代苹果，成为世界第三\",\"digest\":\"三十年河东，三十年河西\",\"content\":\"\",\"fileid\":503762452,\"content_url\":\"http:\/\/mp.weixin.qq.com\/s?__biz=MjM5Mzg4NzExMQ==&amp;mid=2651246173&amp;idx=4&amp;sn=38b488f0cca204a363bdc2f49c482b12&amp;chksm=bd6248b58a15c1a38b73cdc76849526c407eb7aaca39f05bd452fbe05c7810e6630785d1bfc7&amp;scene=27#wechat_redirect\",\"source_url\":\"\",\"cover\":\"http:\/\/mmbiz.qpic.cn\/mmbiz_jpg\/YTI67xfsN51iar7guEj8vtjrLlZLsERPkCEFE6Y9cQohJ4wsO0zO58PiaMKiclAjRqKjb3pWEO1Hia7eF5XX5zFwqg\/0?wx_fmt=jpeg\",\"author\":\"伍声\",\"copyright_stat\":11,\"del_flag\":1,\"item_show_type\":0,\"audio_fileid\":0,\"duration\":0,\"play_url\":\"\",\"malicious_title_reason_id\":0,\"malicious_content_type\":0},{\"title\":\"啊这...女子叫车，不对对联不让上\",\"digest\":\"打个车还得对对联？\",\"content\":\"\",\"fileid\":503762489,\"content_url\":\"http:\/\/mp.weixin.qq.com\/s?__biz=MjM5Mzg4NzExMQ==&amp;mid=2651246173&amp;idx=5&amp;sn=624440a6cbb659a4330656fe10581f36&amp;chksm=bd6248b58a15c1a312705040491f2d118362c5be1bd7cd443e0008a5163d929102a21561a841&amp;scene=27#wechat_redirect\",\"source_url\":\"\",\"cover\":\"http:\/\/mmbiz.qpic.cn\/mmbiz_jpg\/YTI67xfsN51iar7guEj8vtjrLlZLsERPk9D4s4m2nKMyPuTyClJLrSwFpQMug6yaEj7xHAkdwGahjibEZfbza7OA\/0?wx_fmt=jpeg\",\"author\":\"伍声\",\"copyright_stat\":11,\"del_flag\":1,\"item_show_type\":0,\"audio_fileid\":0,\"duration\":0,\"play_url\":\"\",\"malicious_title_reason_id\":0,\"malicious_content_type\":0},{\"title\":\"辣榜 | 海苔肉松≥15%，良品铺子吐司17.9元\/斤~\",\"digest\":\"手慢无！\",\"content\":\"\",\"fileid\":503762484,\"content_url\":\"http:\/\/mp.weixin.qq.com\/s?__biz=MjM5Mzg4NzExMQ==&amp;mid=2651246173&amp;idx=6&amp;sn=31b9fb7995ba4420cb15b04fe643b12d&amp;chksm=bd6248b58a15c1a32037eea5fca03567c5a60c1de9a80275220109fcdd1ee9286660e06745b6&amp;scene=27#wechat_redirect\",\"source_url\":\"https:\/\/u.jd.com\/td63ydP\",\"cover\":\"http:\/\/mmbiz.qpic.cn\/mmbiz_jpg\/YTI67xfsN51iar7guEj8vtjrLlZLsERPkKqy47YlTkJDicuvLBZMugVicbzPxHUQibtYkUzr8PBHJs1Y4IBicBO6d1A\/0?wx_fmt=jpeg\",\"author\":\"辣品\",\"copyright_stat\":100,\"del_flag\":1,\"item_show_type\":0,\"audio_fileid\":0,\"duration\":0,\"play_url\":\"\",\"malicious_title_reason_id\":0,\"malicious_content_type\":0}],\"author\":\"IT之家\",\"copyright_stat\":11,\"duration\":0,\"del_flag\":1,\"item_show_type\":0,\"audio_fileid\":0,\"play_url\":\"\",\"malicious_title_reason_id\":0,\"malicious_content_type\":0}},{\"comm_msg_info\":{\"id\":1000001673,\"type\":49,\"datetime\":1606053441,\"fakeid\":\"2393887111\",\"status\":2,\"content\":\"\"},\"app_msg_ext_info\":{\"title\":\"10大畅销5G手机排名出炉，第一没想到\",\"digest\":\"还能更便宜\",\"content\":\"\",\"fileid\":0,\"content_url\":\"http:\/\/mp.weixin.qq.com\/s?__biz=MjM5Mzg4NzExMQ==&amp;mid=2651246075&amp;idx=1&amp;sn=34dbe5f18485bc7b67ad65a788050b56&amp;chksm=bd624b138a15c205da10cb6ad98e524802ac70e705614fdae89d28c046c16df04eb97e7f864b&amp;scene=27#wechat_redirect\",\"source_url\":\"\",\"cover\":\"http:\/\/mmbiz.qpic.cn\/mmbiz_jpg\/YTI67xfsN52Sn5wkMYVbw0ANuibjKxMNC0BWmb9Be8nx5OibQ39xpaqia0j4TD81B8C9JCFBVnLJgfHwhbialUhswA\/0?wx_fmt=jpeg\",\"subtype\":9,\"is_multi\":1,\"multi_app_msg_item_list\":[{\"title\":\"iPhone 12 Pro Max\/mini拆机壁纸公布，点我下载\",\"digest\":\"真好看\",\"content\":\"\",\"fileid\":0,\"content_url\":\"http:\/\/mp.weixin.qq.com\/s?__biz=MjM5Mzg4NzExMQ==&amp;mid=2651246075&amp;idx=2&amp;sn=cde14ef4590d5deccff42557ce1d1d19&amp;chksm=bd624b138a15c205c6dd81966b56fe960d0e6bd6c7957bab073d2c860518067840dd6676b002&amp;scene=27#wechat_redirect\",\"source_url\":\"\",\"cover\":\"http:\/\/mmbiz.qpic.cn\/mmbiz_jpg\/YTI67xfsN52Sn5wkMYVbw0ANuibjKxMNCbZ1ftm7FsQe19W5ibzGnXxI4AB3rlUJCiastP2dJ91ExceeicpGicC3sEg\/0?wx_fmt=jpeg\",\"author\":\"IT之家\",\"copyright_stat\":100,\"del_flag\":1,\"item_show_type\":0,\"audio_fileid\":0,\"duration\":0,\"play_url\":\"\",\"malicious_title_reason_id\":0,\"malicious_content_type\":0},{\"title\":\"一加9 Pro曝光：后置4摄，双超大底\",\"digest\":\"好好弄弄系统吧\",\"content\":\"\",\"fileid\":0,\"content_url\":\"http:\/\/mp.weixin.qq.com\/s?__biz=MjM5Mzg4NzExMQ==&amp;mid=2651246075&amp;idx=3&amp;sn=327d26436c996e8b498c29fa823eff10&amp;chksm=bd624b138a15c20525b5e8b97761b8694f95e1659e8ae609c8d07d6f0df729bc065bbe858ba3&amp;scene=27#wechat_redirect\",\"source_url\":\"\",\"cover\":\"http:\/\/mmbiz.qpic.cn\/mmbiz_jpg\/YTI67xfsN52Sn5wkMYVbw0ANuibjKxMNCqpCXkBKl0aAQJgztRUI8Cu4cO4xa3NnQnFVaBDhjrQVOecYM617obQ\/0?wx_fmt=jpeg\",\"author\":\"IT之家\",\"copyright_stat\":100,\"del_flag\":1,\"item_show_type\":0,\"audio_fileid\":0,\"duration\":0,\"play_url\":\"\",\"malicious_title_reason_id\":0,\"malicious_content_type\":0},{\"title\":\"国行版索尼PS5现身旗舰店\",\"digest\":\"不建议购买国行\",\"content\":\"\",\"fileid\":0,\"content_url\":\"http:\/\/mp.weixin.qq.com\/s?__biz=MjM5Mzg4NzExMQ==&amp;mid=2651246075&amp;idx=4&amp;sn=da0e580acb34d7382b0f24d12d573ceb&amp;chksm=bd624b138a15c2059d18cdebba9b7a9cb1286ec19d3cc85c58350df5b656f05ecb358937ef16&amp;scene=27#wechat_redirect\",\"source_url\":\"\",\"cover\":\"http:\/\/mmbiz.qpic.cn\/mmbiz_jpg\/YTI67xfsN52Sn5wkMYVbw0ANuibjKxMNCetjgHQWZvU20Qlhxs3xv7x1uonCZagGbWXMlPSwSGcKE5j0mMR7XJQ\/0?wx_fmt=jpeg\",\"author\":\"IT之家\",\"copyright_stat\":100,\"del_flag\":1,\"item_show_type\":0,\"audio_fileid\":0,\"duration\":0,\"play_url\":\"\",\"malicious_title_reason_id\":0,\"malicious_content_type\":0},{\"title\":\"特斯拉U盘开售，128G版230元\",\"digest\":\"太贵了\",\"content\":\"\",\"fileid\":0,\"content_url\":\"http:\/\/mp.weixin.qq.com\/s?__biz=MjM5Mzg4NzExMQ==&amp;mid=2651246075&amp;idx=5&amp;sn=b7dc76ec9f65927965de58485ec81004&amp;chksm=bd624b138a15c205e615516558c55890184249cfeaa12f532c380693412f3d39f19839928ea0&amp;scene=27#wechat_redirect\",\"source_url\":\"\",\"cover\":\"http:\/\/mmbiz.qpic.cn\/mmbiz_jpg\/YTI67xfsN52Sn5wkMYVbw0ANuibjKxMNCUKmCbdElqqiaDcSiadmvEB6EFQjOWoIPOuZxicowBSQG1ouVHgeO8GzAg\/0?wx_fmt=jpeg\",\"author\":\"IT之家\",\"copyright_stat\":100,\"del_flag\":1,\"item_show_type\":0,\"audio_fileid\":0,\"duration\":0,\"play_url\":\"\",\"malicious_title_reason_id\":0,\"malicious_content_type\":0},{\"title\":\"辣榜 | 飞利浦1转3插头，仅需7块9！\",\"digest\":\"手慢无！\",\"content\":\"\",\"fileid\":503762374,\"content_url\":\"http:\/\/mp.weixin.qq.com\/s?__biz=MjM5Mzg4NzExMQ==&amp;mid=2651246075&amp;idx=6&amp;sn=1215674b1f9b4bfd45c852bc4fc888ff&amp;chksm=bd624b138a15c2052443bb768b054c2a2dd21d978e7ae955098dd1cdf07610c64ebde119e040&amp;scene=27#wechat_redirect\",\"source_url\":\"https:\/\/u.jd.com\/td63ydP\",\"cover\":\"http:\/\/mmbiz.qpic.cn\/mmbiz_jpg\/YTI67xfsN52Sn5wkMYVbw0ANuibjKxMNClanQVsycC1YWSMPUuenSWAmvV9bia4jgHDq79AG2weROh7zg1Y2p4ow\/0?wx_fmt=jpeg\",\"author\":\"辣品\",\"copyright_stat\":100,\"del_flag\":1,\"item_show_type\":0,\"audio_fileid\":0,\"duration\":0,\"play_url\":\"\",\"malicious_title_reason_id\":0,\"malicious_content_type\":0}],\"author\":\"IT之家\",\"copyright_stat\":100,\"duration\":0,\"del_flag\":1,\"item_show_type\":0,\"audio_fileid\":0,\"play_url\":\"\",\"malicious_title_reason_id\":0,\"malicious_content_type\":0}},{\"comm_msg_info\":{\"id\":1000001672,\"type\":49,\"datetime\":1605968069,\"fakeid\":\"2393887111\",\"status\":2,\"content\":\"\"},\"app_msg_ext_info\":{\"title\":\"微信提现不收费了，只要这样做\",\"digest\":\"提现免费券来了\",\"content\":\"\",\"fileid\":503762330,\"content_url\":\"http:\/\/mp.weixin.qq.com\/s?__biz=MjM5Mzg4NzExMQ==&amp;mid=2651246001&amp;idx=1&amp;sn=c6ac8a425950f662f0c8354a26c8ff78&amp;chksm=bd624b598a15c24f1bf87fed2c6fff75d66ce010a3da911bc544f5f147242725964d1a90f6f3&amp;scene=27#wechat_redirect\",\"source_url\":\"\",\"cover\":\"http:\/\/mmbiz.qpic.cn\/mmbiz_jpg\/YTI67xfsN52Pkmttk3NL7SHpIic2mDfbh75ZpLxDyZjPialGpkbJNxyzHMLucLXn8GlyVV9q2bK6FUpfV8HRzkKA\/0?wx_fmt=jpeg\",\"subtype\":9,\"is_multi\":1,\"multi_app_msg_item_list\":[{\"title\":\"iPhone 12 Pro\/Pro Max暴力拆解，后摄看呆\",\"digest\":\"Max的差价原来用在这\",\"content\":\"\",\"fileid\":0,\"content_url\":\"http:\/\/mp.weixin.qq.com\/s?__biz=MjM5Mzg4NzExMQ==&amp;mid=2651246001&amp;idx=2&amp;sn=82f85d2e8935de99b5d02b622cc931af&amp;chksm=bd624b598a15c24f58e272f0e34c96431117e72101a962d57b346d88a7cd2553e0743e6aab54&amp;scene=27#wechat_redirect\",\"source_url\":\"\",\"cover\":\"http:\/\/mmbiz.qpic.cn\/mmbiz_jpg\/YTI67xfsN52Pkmttk3NL7SHpIic2mDfbhospHcSUbsYHkktbBkToNR4gVpyic5y6qt1kW9t1d1tsxrRf4HxQvXqQ\/0?wx_fmt=jpeg\",\"author\":\"IT之家\",\"copyright_stat\":11,\"del_flag\":1,\"item_show_type\":0,\"audio_fileid\":0,\"duration\":0,\"play_url\":\"\",\"malicious_title_reason_id\":0,\"malicious_content_type\":0},{\"title\":\"圆通内鬼事件持续发酵，快递公司纷纷表态\",\"digest\":\"有内鬼的，可能不止圆通一家\",\"content\":\"\",\"fileid\":503762328,\"content_url\":\"http:\/\/mp.weixin.qq.com\/s?__biz=MjM5Mzg4NzExMQ==&amp;mid=2651246001&amp;idx=3&amp;sn=db20e850cbcb30d2b0be17245807ff81&amp;chksm=bd624b598a15c24f209bb25a3960f4c8790e09b2f194202820e7e048bf241766b7f0f5600cd3&amp;scene=27#wechat_redirect\",\"source_url\":\"\",\"cover\":\"http:\/\/mmbiz.qpic.cn\/mmbiz_jpg\/YTI67xfsN52Pkmttk3NL7SHpIic2mDfbh1ke8GNAx0NZ9AmVwgw5hpWVZWOFwGfriawkSlaS9HTDib3ibEz8xYgUow\/0?wx_fmt=jpeg\",\"author\":\"IT之家\",\"copyright_stat\":11,\"del_flag\":1,\"item_show_type\":0,\"audio_fileid\":0,\"duration\":0,\"play_url\":\"\",\"malicious_title_reason_id\":0,\"malicious_content_type\":0},{\"title\":\"多次维权被封杀，男子正式起诉淘宝\",\"digest\":\"3个账号被封，号主坐不住了\",\"content\":\"\",\"fileid\":503762340,\"content_url\":\"http:\/\/mp.weixin.qq.com\/s?__biz=MjM5Mzg4NzExMQ==&amp;mid=2651246001&amp;idx=4&amp;sn=3a5c5e51eeb7fa696b0abdd3d4c25d96&amp;chksm=bd624b598a15c24fa0739e47025f9145de4273e2e0d48757cc1372f67832f2ae3bd5be7c473f&amp;scene=27#wechat_redirect\",\"source_url\":\"\",\"cover\":\"http:\/\/mmbiz.qpic.cn\/mmbiz_jpg\/YTI67xfsN52Pkmttk3NL7SHpIic2mDfbhKaiaACwmJicehQib6cXSicUgMFiaqYMiaQHRHtt0roNVpgpTKVibtbVtRVVKA\/0?wx_fmt=jpeg\",\"author\":\"\",\"copyright_stat\":100,\"del_flag\":1,\"item_show_type\":0,\"audio_fileid\":0,\"duration\":0,\"play_url\":\"\",\"malicious_title_reason_id\":0,\"malicious_content_type\":0},{\"title\":\"杨柘卸任，小米要打造高端品牌任重道远\",\"digest\":\"杨柘又卸任了...\",\"content\":\"\",\"fileid\":503762351,\"content_url\":\"http:\/\/mp.weixin.qq.com\/s?__biz=MjM5Mzg4NzExMQ==&amp;mid=2651246001&amp;idx=5&amp;sn=575a2b44b2e23844f28d55bb70b45914&amp;chksm=bd624b598a15c24f97a30582bf2306664a53300c8c8ce9ed8bf9c8c809ac6b9fb985acb1167b&amp;scene=27#wechat_redirect\",\"source_url\":\"\",\"cover\":\"http:\/\/mmbiz.qpic.cn\/mmbiz_jpg\/YTI67xfsN52Pkmttk3NL7SHpIic2mDfbheFqCdP116X6C5xrwxoyYIRJNDiaic2mmgV7sZLdkyKiciboXzpPgVJP8sg\/0?wx_fmt=jpeg\",\"author\":\"新浪科技\",\"copyright_stat\":100,\"del_flag\":1,\"item_show_type\":0,\"audio_fileid\":0,\"duration\":0,\"play_url\":\"\",\"malicious_title_reason_id\":0,\"malicious_content_type\":0},{\"title\":\"辣榜 | 低GI+高饱腹感：初吉代餐饼干12.7元\/斤\",\"digest\":\"手慢无！\",\"content\":\"\",\"fileid\":503762296,\"content_url\":\"http:\/\/mp.weixin.qq.com\/s?__biz=MjM5Mzg4NzExMQ==&amp;mid=2651246001&amp;idx=6&amp;sn=8c4d77c6a394dc313d0424dc7fedfb01&amp;chksm=bd624b598a15c24f04f5b113dbdd410acd25d0c88034a1c3384bff035185880b49e617954e3b&amp;scene=27#wechat_redirect\",\"source_url\":\"https:\/\/u.jd.com\/td63ydP\",\"cover\":\"http:\/\/mmbiz.qpic.cn\/mmbiz_jpg\/YTI67xfsN52Pkmttk3NL7SHpIic2mDfbhtbeRRKavxgZE0jKC1rKUDZYy2LtzUgGZ24mly6LxXhgSBrIe9Y4yAg\/0?wx_fmt=jpeg\",\"author\":\"辣品\",\"copyright_stat\":100,\"del_flag\":1,\"item_show_type\":0,\"audio_fileid\":0,\"duration\":0,\"play_url\":\"\",\"malicious_title_reason_id\":0,\"malicious_content_type\":0}],\"author\":\"网易科技 子青\",\"copyright_stat\":100,\"duration\":0,\"del_flag\":1,\"item_show_type\":0,\"audio_fileid\":0,\"play_url\":\"\",\"malicious_title_reason_id\":0,\"malicious_content_type\":0}}]}","next_offset":201,"video_count":1,"use_video_tab":1,"real_type":0,"home_page_list":[]}