{"ret":0,"errmsg":"ok","msg_count":10,"can_msg_continue":1,"general_msg_list":"{\"list\":[{\"comm_msg_info\":{\"id\":1000000488,\"type\":49,\"datetime\":1608731875,\"fakeid\":\"3898177660\",\"status\":2,\"content\":\"\"},\"app_msg_ext_info\":{\"title\":\"传统针灸如何联手水凝胶生物材料，用于创面修复？\",\"digest\":\"\",\"content\":\"\",\"fileid\":100006778,\"content_url\":\"http:\/\/mp.weixin.qq.com\/s?__biz=Mzg5ODE3NzY2MA==&amp;mid=2247506610&amp;idx=1&amp;sn=1baa35bb9bb75a30bb84c49686e17436&amp;chksm=c06415a1f7139cb70fbdce1ca843c19a46654023eedfe7be1861bcd9dccd813ab1bd1a0d31c9&amp;scene=27#wechat_redirect\",\"source_url\":\"\",\"cover\":\"http:\/\/mmbiz.qpic.cn\/mmbiz_jpg\/PNgicOnq3dsmWUacygGiaXujgDtuKBowpd4ldo7toRwyw2XVjLRjUXQuicY1cRuUKSlL1rNguugnuAu9N742VJ6lw\/0?wx_fmt=jpeg\",\"subtype\":9,\"is_multi\":1,\"multi_app_msg_item_list\":[{\"title\":\"图片美化，哪些不算造假？Nature发布官方指南：图像数据处理的基本准则！\",\"digest\":\"图像数据处理，哪些能做？哪些算造假？\",\"content\":\"\",\"fileid\":100022918,\"content_url\":\"http:\/\/mp.weixin.qq.com\/s?__biz=Mzg5ODE3NzY2MA==&amp;mid=2247506610&amp;idx=2&amp;sn=99677b70da0d1e55adcecd5ad4646a33&amp;chksm=c06415a1f7139cb71fba067a643f44505c376b711dee813e073449d92b815b493a20a050e427&amp;scene=27#wechat_redirect\",\"source_url\":\"\",\"cover\":\"http:\/\/mmbiz.qpic.cn\/mmbiz_jpg\/PNgicOnq3dslx94Ce1ykBdtmyXB5PQAkx390MkMicG6SS3AhNXBw5bMDCicWibPcU9TPWLkfvV5AEsvicWNRs6RgQBA\/0?wx_fmt=jpeg\",\"author\":\"中科幻彩\",\"copyright_stat\":100,\"del_flag\":1,\"item_show_type\":0,\"audio_fileid\":0,\"duration\":0,\"play_url\":\"\",\"malicious_title_reason_id\":0,\"malicious_content_type\":0},{\"title\":\"唐本忠院士\/孟令杰\/党东锋Chem. Soc. Rev：发光材料用于超分辨成像!\",\"digest\":\"纳米马达\",\"content\":\"\",\"fileid\":0,\"content_url\":\"http:\/\/mp.weixin.qq.com\/s?__biz=Mzg5ODE3NzY2MA==&amp;mid=2247506610&amp;idx=3&amp;sn=026ad4cb4f128d656d3477edeb8271b2&amp;chksm=c06415a1f7139cb75775af0662c9e5a106b501571da07748a8f38f85d20546dd6517378979cd&amp;scene=27#wechat_redirect\",\"source_url\":\"\",\"cover\":\"http:\/\/mmbiz.qpic.cn\/mmbiz_jpg\/PNgicOnq3dsmWUacygGiaXujgDtuKBowpdEgzgUNdOLmMq4GicvBLkTDMoJMibgNAZC5gczQu2dQibmVBU1sibblPToA\/0?wx_fmt=jpeg\",\"author\":\"NanoLab\",\"copyright_stat\":11,\"del_flag\":1,\"item_show_type\":0,\"audio_fileid\":0,\"duration\":0,\"play_url\":\"\",\"malicious_title_reason_id\":0,\"malicious_content_type\":0},{\"title\":\"北京大学汪贻广\/沈阳药科大学王思玲Adv. Sci.：肿瘤血管系统和间质屏障的顺序调节增强抗体修饰的纳米光敏剂的主动靶向作用\",\"digest\":\"\",\"content\":\"\",\"fileid\":0,\"content_url\":\"http:\/\/mp.weixin.qq.com\/s?__biz=Mzg5ODE3NzY2MA==&amp;mid=2247506610&amp;idx=4&amp;sn=db277b594453a46a99c13f51c0c4ad4f&amp;chksm=c06415a1f7139cb772619a8ae7584fa1bc3dea345d09f55ff79729046fb6a1c9705feebcdac7&amp;scene=27#wechat_redirect\",\"source_url\":\"\",\"cover\":\"http:\/\/mmbiz.qpic.cn\/mmbiz_jpg\/PNgicOnq3dsmWUacygGiaXujgDtuKBowpdekqfNn0CcyWOdg9DtSMotiaMTuPokueFwicmiapWrEjJiaX56yJgjL6UHQ\/0?wx_fmt=jpeg\",\"author\":\"NanoLab\",\"copyright_stat\":11,\"del_flag\":1,\"item_show_type\":0,\"audio_fileid\":0,\"duration\":0,\"play_url\":\"\",\"malicious_title_reason_id\":0,\"malicious_content_type\":0},{\"title\":\"东南大学苟少华\/南京邮电大学赵强AFM：用于NIR触发的双重光疗的铱（III）络合物\",\"digest\":\"纳米马达\",\"content\":\"\",\"fileid\":0,\"content_url\":\"http:\/\/mp.weixin.qq.com\/s?__biz=Mzg5ODE3NzY2MA==&amp;mid=2247506610&amp;idx=5&amp;sn=1f3f3d2901afacef9f6294d42493cbcb&amp;chksm=c06415a1f7139cb7c41411f0b9c06cf53d612d0dc0369a0c6caa3bd11ec46348509cd2481d99&amp;scene=27#wechat_redirect\",\"source_url\":\"\",\"cover\":\"http:\/\/mmbiz.qpic.cn\/mmbiz_jpg\/PNgicOnq3dsmWUacygGiaXujgDtuKBowpdNI1pRE581wbUtshhf60hrxVzLiaqKCV6UchVOaUYfIVrXuFmkGRTv5w\/0?wx_fmt=jpeg\",\"author\":\"NanoLab\",\"copyright_stat\":11,\"del_flag\":1,\"item_show_type\":0,\"audio_fileid\":0,\"duration\":0,\"play_url\":\"\",\"malicious_title_reason_id\":0,\"malicious_content_type\":0},{\"title\":\"上海交通大学刘培峰AM：具有有效血清耐受能力的纳米组装体实现强大基因沉默效果用于乳腺癌基因治疗\",\"digest\":\"纳米马达\",\"content\":\"\",\"fileid\":0,\"content_url\":\"http:\/\/mp.weixin.qq.com\/s?__biz=Mzg5ODE3NzY2MA==&amp;mid=2247506610&amp;idx=6&amp;sn=7f36e2f9ab297c4c190ff9941aa6a0db&amp;chksm=c06415a1f7139cb71d86ac6501fe09d757fc48dde768ced3bdb78f04465f5885931c3c1f4dfa&amp;scene=27#wechat_redirect\",\"source_url\":\"\",\"cover\":\"http:\/\/mmbiz.qpic.cn\/mmbiz_jpg\/PNgicOnq3dsmWUacygGiaXujgDtuKBowpduz0CGyiaC7C2awkqdrNzrYRYFw3jueM7oibJ8dMyESgRyZH6Tx4vIXibw\/0?wx_fmt=jpeg\",\"author\":\"NanoLab\",\"copyright_stat\":11,\"del_flag\":1,\"item_show_type\":0,\"audio_fileid\":0,\"duration\":0,\"play_url\":\"\",\"malicious_title_reason_id\":0,\"malicious_content_type\":0},{\"title\":\"AEM：基于金属嵌入柔性透明导电电极的自充电可穿戴应用\",\"digest\":\"可穿戴\",\"content\":\"\",\"fileid\":0,\"content_url\":\"http:\/\/mp.weixin.qq.com\/s?__biz=Mzg5ODE3NzY2MA==&amp;mid=2247506610&amp;idx=7&amp;sn=a6f0d2256e1ebe1db9746d6633c26a17&amp;chksm=c06415a1f7139cb703e80d772bb5ed71c7c994ad41475c2694ffd485ec323de099d7ff445338&amp;scene=27#wechat_redirect\",\"source_url\":\"\",\"cover\":\"http:\/\/mmbiz.qpic.cn\/mmbiz_jpg\/PNgicOnq3dsmWUacygGiaXujgDtuKBowpdBBKOvLbL0dmq1UfIQ2iaJ3j4PdxDXoUne6e1liaEUTvJ3gAMIPXUl2ibQ\/0?wx_fmt=jpeg\",\"author\":\"NanoLab\",\"copyright_stat\":11,\"del_flag\":1,\"item_show_type\":0,\"audio_fileid\":0,\"duration\":0,\"play_url\":\"\",\"malicious_title_reason_id\":0,\"malicious_content_type\":0}],\"author\":\"NanoLab\",\"copyright_stat\":11,\"duration\":0,\"del_flag\":1,\"item_show_type\":0,\"audio_fileid\":0,\"play_url\":\"\",\"malicious_title_reason_id\":0,\"malicious_content_type\":0}},{\"comm_msg_info\":{\"id\":1000000487,\"type\":49,\"datetime\":1608634519,\"fakeid\":\"3898177660\",\"status\":2,\"content\":\"\"},\"app_msg_ext_info\":{\"title\":\"香港大学\/重庆大学\/第二军医大学今日Nature Chemistry\",\"digest\":\"针对活细胞内源膜蛋白的DNA编码化学文库的选择\",\"content\":\"\",\"fileid\":100006438,\"content_url\":\"http:\/\/mp.weixin.qq.com\/s?__biz=Mzg5ODE3NzY2MA==&amp;mid=2247506565&amp;idx=1&amp;sn=835e768deceb4840d025e5b263b851ad&amp;chksm=c0641596f7139c80a1b93021734a1a25c48fb4c8b528ced4f382be95c235d9eae59747952f16&amp;scene=27#wechat_redirect\",\"source_url\":\"\",\"cover\":\"http:\/\/mmbiz.qpic.cn\/mmbiz_jpg\/PNgicOnq3dslx94Ce1ykBdtmyXB5PQAkxZwxibq3o1GNlfu0UNP0AkicaT82d1aexXeuS30unGo46kcpohaLVj0LQ\/0?wx_fmt=jpeg\",\"subtype\":9,\"is_multi\":1,\"multi_app_msg_item_list\":[{\"title\":\"华中科技大学杨祥良\/赵彦兵Nano Today：组织透明化策略解决深部肿瘤光疗效果不佳难题\",\"digest\":\"\",\"content\":\"\",\"fileid\":0,\"content_url\":\"http:\/\/mp.weixin.qq.com\/s?__biz=Mzg5ODE3NzY2MA==&amp;mid=2247506565&amp;idx=2&amp;sn=e31e919e13bdbebb0a1235e1a2f5f1eb&amp;chksm=c0641596f7139c80e05ee687709a86633334b43a955a0855d92c19e011691253524fb9e43be1&amp;scene=27#wechat_redirect\",\"source_url\":\"\",\"cover\":\"http:\/\/mmbiz.qpic.cn\/mmbiz_jpg\/PNgicOnq3dslx94Ce1ykBdtmyXB5PQAkxib0j7tPpY69egYgIhta9jKWS46cUicLIvHfW1dTnNrlkyu8yUlVGrpDw\/0?wx_fmt=jpeg\",\"author\":\"杨祥良课题组\",\"copyright_stat\":100,\"del_flag\":1,\"item_show_type\":0,\"audio_fileid\":0,\"duration\":0,\"play_url\":\"\",\"malicious_title_reason_id\":0,\"malicious_content_type\":0},{\"title\":\"重磅：2020中科院分区出炉！\",\"digest\":\"\",\"content\":\"\",\"fileid\":100014693,\"content_url\":\"http:\/\/mp.weixin.qq.com\/s?__biz=Mzg5ODE3NzY2MA==&amp;mid=2247506565&amp;idx=3&amp;sn=48859be2ffae9353c52d5da54d64a1aa&amp;chksm=c0641596f7139c80b4ce35b1d3350ee7b66adb6cf0ce912c1ea763d480a1bc8e3f2cebab19fb&amp;scene=27#wechat_redirect\",\"source_url\":\"\",\"cover\":\"http:\/\/mmbiz.qpic.cn\/mmbiz_jpg\/PNgicOnq3dslx94Ce1ykBdtmyXB5PQAkxW61rNA5PhVZnWyYtQvuibQzespsXDjb4X1n51DScicpDARYyO6NDialSA\/0?wx_fmt=jpeg\",\"author\":\"\",\"copyright_stat\":100,\"del_flag\":1,\"item_show_type\":0,\"audio_fileid\":0,\"duration\":0,\"play_url\":\"\",\"malicious_title_reason_id\":0,\"malicious_content_type\":0},{\"title\":\"魏嘉\/沈健\/毛春Adv. Sci.：NO驱动的纳米马达可用于深层组织穿透和癌症治疗中的MDR逆转\",\"digest\":\"纳米马达\",\"content\":\"\",\"fileid\":0,\"content_url\":\"http:\/\/mp.weixin.qq.com\/s?__biz=Mzg5ODE3NzY2MA==&amp;mid=2247506565&amp;idx=4&amp;sn=a4b6eb5d5ce20f2c962beccee2df7555&amp;chksm=c0641596f7139c805d586b63f1c0106bce28a1bfe35d4e773522190f41955d31dcadd7de4078&amp;scene=27#wechat_redirect\",\"source_url\":\"\",\"cover\":\"http:\/\/mmbiz.qpic.cn\/mmbiz_jpg\/PNgicOnq3dslx94Ce1ykBdtmyXB5PQAkxe4R9xGpBp0sx4u7V58Ijkgh50H7qgKEJv7LLMPC4IYBPibCCAUVe3SA\/0?wx_fmt=jpeg\",\"author\":\"NanoLab\",\"copyright_stat\":11,\"del_flag\":1,\"item_show_type\":0,\"audio_fileid\":0,\"duration\":0,\"play_url\":\"\",\"malicious_title_reason_id\":0,\"malicious_content_type\":0},{\"title\":\"Nano Letters：新型核酸无扩增DNA生物传感器用于金属增强荧光和比色分析\",\"digest\":\"\",\"content\":\"\",\"fileid\":0,\"content_url\":\"http:\/\/mp.weixin.qq.com\/s?__biz=Mzg5ODE3NzY2MA==&amp;mid=2247506565&amp;idx=5&amp;sn=5505f5e3e79dd56b56ab1ff58d08911c&amp;chksm=c0641596f7139c80ade8cfb5ce25de786a4cad29980c22b2e2c0f5ab2e6b690a394908a49f4e&amp;scene=27#wechat_redirect\",\"source_url\":\"\",\"cover\":\"http:\/\/mmbiz.qpic.cn\/mmbiz_jpg\/PNgicOnq3dslx94Ce1ykBdtmyXB5PQAkxzbqfnFDibr6x296F2xBEBSRpCGrGmKdKnQDHibD2auNJDhNCAFOfJiaVg\/0?wx_fmt=jpeg\",\"author\":\"NanoLab\",\"copyright_stat\":11,\"del_flag\":1,\"item_show_type\":0,\"audio_fileid\":0,\"duration\":0,\"play_url\":\"\",\"malicious_title_reason_id\":0,\"malicious_content_type\":0},{\"title\":\"Adv. Sci.：Nidogen-1减轻局部缺血，促进组织存活和再生\",\"digest\":\"组织再生\",\"content\":\"\",\"fileid\":0,\"content_url\":\"http:\/\/mp.weixin.qq.com\/s?__biz=Mzg5ODE3NzY2MA==&amp;mid=2247506565&amp;idx=6&amp;sn=59e9d51641638c3ac439e49baa0ec33e&amp;chksm=c0641596f7139c8017c7c79709dc72ed98b598e94942ecf4c38957922c160627083ce6739288&amp;scene=27#wechat_redirect\",\"source_url\":\"\",\"cover\":\"http:\/\/mmbiz.qpic.cn\/mmbiz_jpg\/PNgicOnq3dslx94Ce1ykBdtmyXB5PQAkx5E7P6geSqf2zaslAmto2UQ9cj1coUhBaraSgGfUjVeAHk0445aiczTg\/0?wx_fmt=jpeg\",\"author\":\"NanoLab\",\"copyright_stat\":11,\"del_flag\":1,\"item_show_type\":0,\"audio_fileid\":0,\"duration\":0,\"play_url\":\"\",\"malicious_title_reason_id\":0,\"malicious_content_type\":0},{\"title\":\"Cell：血清素检测新方法\",\"digest\":\"\",\"content\":\"\",\"fileid\":0,\"content_url\":\"http:\/\/mp.weixin.qq.com\/s?__biz=Mzg5ODE3NzY2MA==&amp;mid=2247506565&amp;idx=7&amp;sn=40331ce99d4de0b13dc498d277bf1b46&amp;chksm=c0641596f7139c805fcfb05d45942c349e928c907abead519f1900221129ed3b31766b27c3c3&amp;scene=27#wechat_redirect\",\"source_url\":\"\",\"cover\":\"http:\/\/mmbiz.qpic.cn\/mmbiz_jpg\/PNgicOnq3dslx94Ce1ykBdtmyXB5PQAkxROC3kgia2lhAc8WSLo1iareDBHg0ofQNMANAXz2zM3icThTrHDibJUkIWA\/0?wx_fmt=jpeg\",\"author\":\"NanoLab\",\"copyright_stat\":11,\"del_flag\":1,\"item_show_type\":0,\"audio_fileid\":0,\"duration\":0,\"play_url\":\"\",\"malicious_title_reason_id\":0,\"malicious_content_type\":0}],\"author\":\"NanoLab\",\"copyright_stat\":11,\"duration\":0,\"del_flag\":1,\"item_show_type\":0,\"audio_fileid\":0,\"play_url\":\"\",\"malicious_title_reason_id\":0,\"malicious_content_type\":0}},{\"comm_msg_info\":{\"id\":1000000486,\"type\":49,\"datetime\":1608555398,\"fakeid\":\"3898177660\",\"status\":2,\"content\":\"\"},\"app_msg_ext_info\":{\"title\":\"长春应化所张洪杰\/王樱蕙JACS：新型ROS纳米粒子用于抗肿瘤免疫治疗\",\"digest\":\"抗肿瘤\",\"content\":\"\",\"fileid\":100009044,\"content_url\":\"http:\/\/mp.weixin.qq.com\/s?__biz=Mzg5ODE3NzY2MA==&amp;mid=2247506446&amp;idx=1&amp;sn=262082c9f117b360bce28fe6433ae052&amp;chksm=c064151df7139c0b1c8d4a96ac5cf279362c759af12c47ba45bf165c66a60228b27469b03999&amp;scene=27#wechat_redirect\",\"source_url\":\"\",\"cover\":\"http:\/\/mmbiz.qpic.cn\/mmbiz_jpg\/PNgicOnq3dsk0BYh7LKuhv2dRBIFSXoqqchibuAsicfapbZSYxTTeXjfctbgEUAf5pSd8xiabmzFECzYyZQIhgu95Q\/0?wx_fmt=jpeg\",\"subtype\":9,\"is_multi\":1,\"multi_app_msg_item_list\":[{\"title\":\"陈绍琛Adv. Mater：生物材料和3D生物打印策略用于构建胶质母细胞瘤和血脑屏障模型\",\"digest\":\"聚合物\",\"content\":\"\",\"fileid\":0,\"content_url\":\"http:\/\/mp.weixin.qq.com\/s?__biz=Mzg5ODE3NzY2MA==&amp;mid=2247506446&amp;idx=2&amp;sn=3f1fc50b13b215df248bf591405303d8&amp;chksm=c064151df7139c0b680d144a24e4bc3255ad983c799609264f02a816668436bb3e8a37fbb057&amp;scene=27#wechat_redirect\",\"source_url\":\"\",\"cover\":\"http:\/\/mmbiz.qpic.cn\/mmbiz_jpg\/PNgicOnq3dsk0BYh7LKuhv2dRBIFSXoqqxDouZtdtAzJhZib3vFMq7MpD5viaB49GvRF9AMoo0xVK1xdVRmB2iaRqA\/0?wx_fmt=jpeg\",\"author\":\"NanoLab\",\"copyright_stat\":11,\"del_flag\":1,\"item_show_type\":0,\"audio_fileid\":0,\"duration\":0,\"play_url\":\"\",\"malicious_title_reason_id\":0,\"malicious_content_type\":0},{\"title\":\"Angew：弗林蛋白酶介导的奥沙拉嗪自组装纳米粒子用于对肿瘤进行靶向拉曼成像\",\"digest\":\"\",\"content\":\"\",\"fileid\":0,\"content_url\":\"http:\/\/mp.weixin.qq.com\/s?__biz=Mzg5ODE3NzY2MA==&amp;mid=2247506446&amp;idx=3&amp;sn=2ac8a35b8b6a49bf6e0edc44b0cf109f&amp;chksm=c064151df7139c0b2b1d61d80d5a35b489f619d7b4293211164c7c57f4884955ef55abcc3765&amp;scene=27#wechat_redirect\",\"source_url\":\"\",\"cover\":\"http:\/\/mmbiz.qpic.cn\/mmbiz_jpg\/PNgicOnq3dsk0BYh7LKuhv2dRBIFSXoqq12e6sQbXYUwUHqoibwBFe2lm3CCk2pwic1eUTJHW2LopNicEgibzQCicH0Q\/0?wx_fmt=jpeg\",\"author\":\"NanoLab\",\"copyright_stat\":11,\"del_flag\":1,\"item_show_type\":0,\"audio_fileid\":0,\"duration\":0,\"play_url\":\"\",\"malicious_title_reason_id\":0,\"malicious_content_type\":0},{\"title\":\"Angew：糖工程化的自然杀伤细胞用于治疗B细胞淋巴瘤\",\"digest\":\"\",\"content\":\"\",\"fileid\":0,\"content_url\":\"http:\/\/mp.weixin.qq.com\/s?__biz=Mzg5ODE3NzY2MA==&amp;mid=2247506446&amp;idx=4&amp;sn=2ceb06ef1e63567a112ae9393f370fa7&amp;chksm=c064151df7139c0b58689bbe60b65e6a8a144c7317c2cf017b7c3ab732db219640f39f544ec6&amp;scene=27#wechat_redirect\",\"source_url\":\"\",\"cover\":\"http:\/\/mmbiz.qpic.cn\/mmbiz_jpg\/PNgicOnq3dsk0BYh7LKuhv2dRBIFSXoqqm1eoiaQz1BC9YsLZCZqick7aFicS6uKsu2KuZ0d5aeEpG7XQx1g4eBniaQ\/0?wx_fmt=jpeg\",\"author\":\"NanoLab\",\"copyright_stat\":11,\"del_flag\":1,\"item_show_type\":0,\"audio_fileid\":0,\"duration\":0,\"play_url\":\"\",\"malicious_title_reason_id\":0,\"malicious_content_type\":0},{\"title\":\"AM：用于人体器件的软铁电材料\",\"digest\":\"\",\"content\":\"\",\"fileid\":0,\"content_url\":\"http:\/\/mp.weixin.qq.com\/s?__biz=Mzg5ODE3NzY2MA==&amp;mid=2247506446&amp;idx=5&amp;sn=47c9008ed46fc54530755a0f21006097&amp;chksm=c064151df7139c0b47bc839f59e5fdd8914c80846d04c9288103fcfc357cbafb441a915d191b&amp;scene=27#wechat_redirect\",\"source_url\":\"\",\"cover\":\"http:\/\/mmbiz.qpic.cn\/mmbiz_jpg\/PNgicOnq3dsk0BYh7LKuhv2dRBIFSXoqqMtba3g7jIX88OVxic0Tk2AcOSmFJJUd7Af5a4BN3Ae3dX2gDlCUv9Tg\/0?wx_fmt=jpeg\",\"author\":\"NanoLab\",\"copyright_stat\":11,\"del_flag\":1,\"item_show_type\":0,\"audio_fileid\":0,\"duration\":0,\"play_url\":\"\",\"malicious_title_reason_id\":0,\"malicious_content_type\":0},{\"title\":\"Adv. Mater：3D生物打印炎症调节聚合物支架用于软组织修复\",\"digest\":\"聚合物\",\"content\":\"\",\"fileid\":0,\"content_url\":\"http:\/\/mp.weixin.qq.com\/s?__biz=Mzg5ODE3NzY2MA==&amp;mid=2247506446&amp;idx=6&amp;sn=6a0dfae2e8a4053de30808fcf0631888&amp;chksm=c064151df7139c0b1b2bce55d66e8b11abb38e20fd2c5d92918e6916a4a67c62ea3e03f0382b&amp;scene=27#wechat_redirect\",\"source_url\":\"\",\"cover\":\"http:\/\/mmbiz.qpic.cn\/mmbiz_jpg\/PNgicOnq3dsk0BYh7LKuhv2dRBIFSXoqqcDfZjbK4dMDzRjCfxnf3qU9ruSJxmPzvfibeVvfjiadEwhRu3ksJT4Eg\/0?wx_fmt=jpeg\",\"author\":\"NanoLab\",\"copyright_stat\":11,\"del_flag\":1,\"item_show_type\":0,\"audio_fileid\":0,\"duration\":0,\"play_url\":\"\",\"malicious_title_reason_id\":0,\"malicious_content_type\":0},{\"title\":\"Small：对细胞内铁含量进行光学成像和高精度定量\",\"digest\":\"\",\"content\":\"\",\"fileid\":0,\"content_url\":\"http:\/\/mp.weixin.qq.com\/s?__biz=Mzg5ODE3NzY2MA==&amp;mid=2247506446&amp;idx=7&amp;sn=5dbbb5f590e24dd0722d1ad7dd1a54e9&amp;chksm=c064151df7139c0b0c52d895218e11c5efecedfe876dc5a01882ac5563cf64b4c02ea33be937&amp;scene=27#wechat_redirect\",\"source_url\":\"\",\"cover\":\"http:\/\/mmbiz.qpic.cn\/mmbiz_jpg\/PNgicOnq3dsk0BYh7LKuhv2dRBIFSXoqqqyR85MaXCu1Nb1GcufVgP9yorf13rSksgoSgPwsFCYjnicpf6RYkDtQ\/0?wx_fmt=jpeg\",\"author\":\"NanoLab\",\"copyright_stat\":11,\"del_flag\":1,\"item_show_type\":0,\"audio_fileid\":0,\"duration\":0,\"play_url\":\"\",\"malicious_title_reason_id\":0,\"malicious_content_type\":0}],\"author\":\"NanoLab\",\"copyright_stat\":11,\"duration\":0,\"del_flag\":1,\"item_show_type\":0,\"audio_fileid\":0,\"play_url\":\"\",\"malicious_title_reason_id\":0,\"malicious_content_type\":0}},{\"comm_msg_info\":{\"id\":1000000485,\"type\":49,\"datetime\":1608460988,\"fakeid\":\"3898177660\",\"status\":2,\"content\":\"\"},\"app_msg_ext_info\":{\"title\":\"这篇Nature Chemistry一旦临床使用，将彻底改变癌症治疗的方式！\",\"digest\":\"利用新的重原子有针对性地对抗癌症！\",\"content\":\"\",\"fileid\":100006438,\"content_url\":\"http:\/\/mp.weixin.qq.com\/s?__biz=Mzg5ODE3NzY2MA==&amp;mid=2247506404&amp;idx=1&amp;sn=2dedb9a407ae81e7dab9f887ac4d412c&amp;chksm=c06416f7f7139fe1bb3e0ac421f63fbaa58f96445918bcecd525d03ab33a6e4a55e5ed1c9763&amp;scene=27#wechat_redirect\",\"source_url\":\"\",\"cover\":\"http:\/\/mmbiz.qpic.cn\/mmbiz_jpg\/PNgicOnq3dsmeENW5vcHc6fibKaib9650bBfonlN3pOby0Z6HBOdg33Xxkk4ZwbuIzWI9kciczdia98Xtyw8sTMwFDg\/0?wx_fmt=jpeg\",\"subtype\":9,\"is_multi\":1,\"multi_app_msg_item_list\":[{\"title\":\"长春应化所曲晓刚JACS：仿生纳米酶选择性协同清除阿尔茨海默病模型外周β淀粉样蛋白\",\"digest\":\"\",\"content\":\"\",\"fileid\":0,\"content_url\":\"http:\/\/mp.weixin.qq.com\/s?__biz=Mzg5ODE3NzY2MA==&amp;mid=2247506404&amp;idx=2&amp;sn=73cc8551af0d38f4ea524b58de97a999&amp;chksm=c06416f7f7139fe1e7c5ac9c752a21e5a63b8113aca90ae1d6824012fc385e3151f8c6df60cb&amp;scene=27#wechat_redirect\",\"source_url\":\"\",\"cover\":\"http:\/\/mmbiz.qpic.cn\/mmbiz_jpg\/PNgicOnq3dslZ3aIjXANXNNuo6MKCQJOYLbNjkstoPrKFpfmGR8qicibStxoSoiaTAu57Vf8c84rISyYhdddibD0Rfg\/0?wx_fmt=jpeg\",\"author\":\"NanoLab\",\"copyright_stat\":11,\"del_flag\":1,\"item_show_type\":0,\"audio_fileid\":0,\"duration\":0,\"play_url\":\"\",\"malicious_title_reason_id\":0,\"malicious_content_type\":0},{\"title\":\"黄维院士\/赵强AFM: 柔性电子新进展\",\"digest\":\"\",\"content\":\"\",\"fileid\":0,\"content_url\":\"http:\/\/mp.weixin.qq.com\/s?__biz=Mzg5ODE3NzY2MA==&amp;mid=2247506404&amp;idx=3&amp;sn=c285030696a3da46bbeed6c26765302a&amp;chksm=c06416f7f7139fe1041c89ab5b9eb383eecad26c5c81c8c70c297a221dfc8ef0c6e15a2e8e11&amp;scene=27#wechat_redirect\",\"source_url\":\"\",\"cover\":\"http:\/\/mmbiz.qpic.cn\/mmbiz_jpg\/PNgicOnq3dsmeENW5vcHc6fibKaib9650bBdLjFjNNsvWaok3F09SI5lj08gPd27YYZGJOVhWuKO78EBf0pgJc6Lw\/0?wx_fmt=jpeg\",\"author\":\"NanoLab\",\"copyright_stat\":11,\"del_flag\":1,\"item_show_type\":0,\"audio_fileid\":0,\"duration\":0,\"play_url\":\"\",\"malicious_title_reason_id\":0,\"malicious_content_type\":0},{\"title\":\"西安交通大学井新利JACS：一种类玻璃高分子，耐水耐热超稳定！\",\"digest\":\"聚合物\",\"content\":\"\",\"fileid\":0,\"content_url\":\"http:\/\/mp.weixin.qq.com\/s?__biz=Mzg5ODE3NzY2MA==&amp;mid=2247506404&amp;idx=4&amp;sn=03d6457b242bb438f50ffdb33576d899&amp;chksm=c06416f7f7139fe173a35548028e405138b6b7a657bc281f3640ea428a3e7bbb406928e54815&amp;scene=27#wechat_redirect\",\"source_url\":\"\",\"cover\":\"http:\/\/mmbiz.qpic.cn\/mmbiz_jpg\/PNgicOnq3dsmeENW5vcHc6fibKaib9650bBb6Pn7PEx79Kq29czfyEcBAM8e46NVdIUpduoBlDuJ8KibhcepsMqbrA\/0?wx_fmt=jpeg\",\"author\":\"NanoLab\",\"copyright_stat\":11,\"del_flag\":1,\"item_show_type\":0,\"audio_fileid\":0,\"duration\":0,\"play_url\":\"\",\"malicious_title_reason_id\":0,\"malicious_content_type\":0},{\"title\":\"陶虎\/冯亚非\/雷伟Adv. Sci.：注射用凝胶支架原位调节巨噬细胞极化增强糖尿病患者骨整合\",\"digest\":\"\",\"content\":\"\",\"fileid\":0,\"content_url\":\"http:\/\/mp.weixin.qq.com\/s?__biz=Mzg5ODE3NzY2MA==&amp;mid=2247506404&amp;idx=5&amp;sn=78f1b4c55a17f538d7d5b9ff54c72c86&amp;chksm=c06416f7f7139fe113b8fe6e5281a8b5f31bc7bf95583e575ba6efec8fa6fdfbb612853675d8&amp;scene=27#wechat_redirect\",\"source_url\":\"\",\"cover\":\"http:\/\/mmbiz.qpic.cn\/mmbiz_jpg\/PNgicOnq3dsmeENW5vcHc6fibKaib9650bBXdPMX31w75OiaKGnlnhxlOCWnXRvnzr4vLuKtXSEqTLDM3nISKTeD7Q\/0?wx_fmt=jpeg\",\"author\":\"NanoLab\",\"copyright_stat\":11,\"del_flag\":1,\"item_show_type\":0,\"audio_fileid\":0,\"duration\":0,\"play_url\":\"\",\"malicious_title_reason_id\":0,\"malicious_content_type\":0},{\"title\":\"国家纳米中心王磊等ACS Nano：肿瘤受体介导的智能纳米材料形态、光治疗特性和药代动力学的体内调控\",\"digest\":\"\",\"content\":\"\",\"fileid\":0,\"content_url\":\"http:\/\/mp.weixin.qq.com\/s?__biz=Mzg5ODE3NzY2MA==&amp;mid=2247506404&amp;idx=6&amp;sn=f4de6dfd8ca36f95c239207f6aad89ea&amp;chksm=c06416f7f7139fe15c3b9b969d9dbc5d67248bdf0c1f22c21054db1ae22c5836e4b59d9c36e5&amp;scene=27#wechat_redirect\",\"source_url\":\"\",\"cover\":\"http:\/\/mmbiz.qpic.cn\/mmbiz_jpg\/PNgicOnq3dsmeENW5vcHc6fibKaib9650bBfbIACM916f6IgOXxBicP8g1mns67YVgrRQatW7JhBoNgDS0y3icAohzw\/0?wx_fmt=jpeg\",\"author\":\"NanoLab\",\"copyright_stat\":11,\"del_flag\":1,\"item_show_type\":0,\"audio_fileid\":0,\"duration\":0,\"play_url\":\"\",\"malicious_title_reason_id\":0,\"malicious_content_type\":0}],\"author\":\"NanoLab\",\"copyright_stat\":11,\"duration\":0,\"del_flag\":1,\"item_show_type\":0,\"audio_fileid\":0,\"play_url\":\"\",\"malicious_title_reason_id\":0,\"malicious_content_type\":0}},{\"comm_msg_info\":{\"id\":1000000484,\"type\":49,\"datetime\":1608374909,\"fakeid\":\"3898177660\",\"status\":2,\"content\":\"\"},\"app_msg_ext_info\":{\"title\":\"那些年登上顶刊的「奇葩」论文配图：表情包竟然都可以！\",\"digest\":\"就是不走寻常路\",\"content\":\"\",\"fileid\":100022090,\"content_url\":\"http:\/\/mp.weixin.qq.com\/s?__biz=Mzg5ODE3NzY2MA==&amp;mid=2247506363&amp;idx=1&amp;sn=9e8932eef221a52baf60da36fe704639&amp;chksm=c06416a8f7139fbe15816cf7c043a9064f525b93d8004967d70a57e174f1ed69f2793fd50b9c&amp;scene=27#wechat_redirect\",\"source_url\":\"\",\"cover\":\"http:\/\/mmbiz.qpic.cn\/mmbiz_jpg\/PNgicOnq3dsmzl1IVUM3EO5NZR56kA75AJ46fwHrByTheu9iaiajAlTVtRJ4pXdoxd1Jchl0BoMWGL5wich5Zm8JNA\/0?wx_fmt=jpeg\",\"subtype\":9,\"is_multi\":1,\"multi_app_msg_item_list\":[{\"title\":\"南洋理工大学浦侃裔教授课题组在聚合物免疫治疗取得系列进展\",\"digest\":\"生物机器人\",\"content\":\"\",\"fileid\":0,\"content_url\":\"http:\/\/mp.weixin.qq.com\/s?__biz=Mzg5ODE3NzY2MA==&amp;mid=2247506363&amp;idx=2&amp;sn=dc897205da569a8878a9755adb62ea7b&amp;chksm=c06416a8f7139fbe8c457a9e308470c6a61f9c279d07da9d4a42d228f8c4a630362a8173201d&amp;scene=27#wechat_redirect\",\"source_url\":\"\",\"cover\":\"http:\/\/mmbiz.qpic.cn\/mmbiz_jpg\/PNgicOnq3dslZ3aIjXANXNNuo6MKCQJOYlEDBufb5xgH08pbxibarS2QWzpHyMEZYJIYCOb7fQVaLOkcnSx6nGxg\/0?wx_fmt=jpeg\",\"author\":\"NanoLab\",\"copyright_stat\":11,\"del_flag\":1,\"item_show_type\":0,\"audio_fileid\":0,\"duration\":0,\"play_url\":\"\",\"malicious_title_reason_id\":0,\"malicious_content_type\":0},{\"title\":\"深圳先进院张一川\/耿晋JACS：细胞上的人工新结构，活细胞表面原位合成树枝状分子！\",\"digest\":\"活细胞表面原位合成树枝状分子\",\"content\":\"\",\"fileid\":100009044,\"content_url\":\"http:\/\/mp.weixin.qq.com\/s?__biz=Mzg5ODE3NzY2MA==&amp;mid=2247506363&amp;idx=3&amp;sn=8fc477e1585d554703859a887b6ba5fb&amp;chksm=c06416a8f7139fbea1247788fa5f6d84253353b0ca456c09d07bd62bafe895ac217b7cc7521c&amp;scene=27#wechat_redirect\",\"source_url\":\"\",\"cover\":\"http:\/\/mmbiz.qpic.cn\/mmbiz_jpg\/PNgicOnq3dsmzl1IVUM3EO5NZR56kA75A9be4iaJDvz407vsxPlcfUEDNxnuCUuIyZfcBdp7rZ4es7JCrrTiaHIAQ\/0?wx_fmt=jpeg\",\"author\":\"张一川\",\"copyright_stat\":100,\"del_flag\":1,\"item_show_type\":0,\"audio_fileid\":0,\"duration\":0,\"play_url\":\"\",\"malicious_title_reason_id\":0,\"malicious_content_type\":0},{\"title\":\"曹智强AFM：两性离子聚合物乳膏凝胶用于防止医疗术后粘连\",\"digest\":\"\",\"content\":\"\",\"fileid\":0,\"content_url\":\"http:\/\/mp.weixin.qq.com\/s?__biz=Mzg5ODE3NzY2MA==&amp;mid=2247506363&amp;idx=4&amp;sn=f0ef380c0a866489552b899aa306e5b2&amp;chksm=c06416a8f7139fbe01479edc6e85e35d3f58087efb0309279ecad5a21a4457fe8ae001e0bbf7&amp;scene=27#wechat_redirect\",\"source_url\":\"\",\"cover\":\"http:\/\/mmbiz.qpic.cn\/mmbiz_jpg\/PNgicOnq3dslZ3aIjXANXNNuo6MKCQJOYLbNjkstoPrKFpfmGR8qicibStxoSoiaTAu57Vf8c84rISyYhdddibD0Rfg\/0?wx_fmt=jpeg\",\"author\":\"NanoLab\",\"copyright_stat\":11,\"del_flag\":1,\"item_show_type\":0,\"audio_fileid\":0,\"duration\":0,\"play_url\":\"\",\"malicious_title_reason_id\":0,\"malicious_content_type\":0},{\"title\":\"同济大学史景云\/粟波Small Methods：双靶向镧系纳米粒子@聚多巴胺用于对肺癌进行上转换成像\",\"digest\":\"生物机器人\",\"content\":\"\",\"fileid\":0,\"content_url\":\"http:\/\/mp.weixin.qq.com\/s?__biz=Mzg5ODE3NzY2MA==&amp;mid=2247506363&amp;idx=5&amp;sn=54b72dcec3b08c89de95c0f1c235abef&amp;chksm=c06416a8f7139fbe175238d04f316a04a33af1f5ac194908dab2adcb8756bbc1fc8414121795&amp;scene=27#wechat_redirect\",\"source_url\":\"\",\"cover\":\"http:\/\/mmbiz.qpic.cn\/mmbiz_jpg\/PNgicOnq3dslZ3aIjXANXNNuo6MKCQJOYM2J3clnZZ8oicPVdRyXdcsnhMibadPdpK2sHxMZqIZiax9RuWKhnYamqQ\/0?wx_fmt=jpeg\",\"author\":\"NanoLab\",\"copyright_stat\":11,\"del_flag\":1,\"item_show_type\":0,\"audio_fileid\":0,\"duration\":0,\"play_url\":\"\",\"malicious_title_reason_id\":0,\"malicious_content_type\":0},{\"title\":\"西安交通大学刘峰\/张启路Macromolecules：星形聚合物在水溶液中的自组装用于含亲水\/疏水亚区的多隔室纳米颗粒\",\"digest\":\"\",\"content\":\"\",\"fileid\":0,\"content_url\":\"http:\/\/mp.weixin.qq.com\/s?__biz=Mzg5ODE3NzY2MA==&amp;mid=2247506363&amp;idx=6&amp;sn=bc9bc1231405e0a379a8319e657d056a&amp;chksm=c06416a8f7139fbe6050dca7ee43c5faa4cc32d1b005d8ed452cf61cc3bb82d1f7480ea97637&amp;scene=27#wechat_redirect\",\"source_url\":\"\",\"cover\":\"http:\/\/mmbiz.qpic.cn\/mmbiz_jpg\/PNgicOnq3dslZ3aIjXANXNNuo6MKCQJOYmf9Jh8chz204WzLjsZo4MaJ1TY0YjgVFhLWc2jia5tlMfSvicD5XsjicQ\/0?wx_fmt=jpeg\",\"author\":\"NanoLab\",\"copyright_stat\":11,\"del_flag\":1,\"item_show_type\":0,\"audio_fileid\":0,\"duration\":0,\"play_url\":\"\",\"malicious_title_reason_id\":0,\"malicious_content_type\":0},{\"title\":\"Cell：功能性人类3D皮质-运动神经类组装体的培养\",\"digest\":\"组装体\",\"content\":\"\",\"fileid\":0,\"content_url\":\"http:\/\/mp.weixin.qq.com\/s?__biz=Mzg5ODE3NzY2MA==&amp;mid=2247506363&amp;idx=7&amp;sn=238dd3a2fdc4f4441825e9f6eebc7a50&amp;chksm=c06416a8f7139fbeee46943cdeb9347f40bb1cdea6d898fd868be228a686d2708eeda1ce2ff9&amp;scene=27#wechat_redirect\",\"source_url\":\"\",\"cover\":\"http:\/\/mmbiz.qpic.cn\/mmbiz_jpg\/PNgicOnq3dslZ3aIjXANXNNuo6MKCQJOYA2JlZKrEZmlyJhWYG1af9HuMtcfNwsI5Pf4DWZqscUriamQHN3Tv2Iw\/0?wx_fmt=jpeg\",\"author\":\"NanoLab\",\"copyright_stat\":11,\"del_flag\":1,\"item_show_type\":0,\"audio_fileid\":0,\"duration\":0,\"play_url\":\"\",\"malicious_title_reason_id\":0,\"malicious_content_type\":0},{\"title\":\"AFM：基于液态金属的多模态传感器和触觉反馈装置在虚拟现实中产生热感觉和触觉\",\"digest\":\"可穿戴\",\"content\":\"\",\"fileid\":0,\"content_url\":\"http:\/\/mp.weixin.qq.com\/s?__biz=Mzg5ODE3NzY2MA==&amp;mid=2247506363&amp;idx=8&amp;sn=a263c2c833e78c389b80eee85f0419f4&amp;chksm=c06416a8f7139fbeef8de9827bf1201589d002a3e83049dfa82d1095c6caa55d4786773b6fe4&amp;scene=27#wechat_redirect\",\"source_url\":\"\",\"cover\":\"http:\/\/mmbiz.qpic.cn\/mmbiz_jpg\/PNgicOnq3dslZ3aIjXANXNNuo6MKCQJOYYmw1j6uJ0rvm4wuvNSIsxGiaRibiavjNu6KJLianPhiapVD58qLJUkPxXNQ\/0?wx_fmt=jpeg\",\"author\":\"NanoLab\",\"copyright_stat\":11,\"del_flag\":1,\"item_show_type\":0,\"audio_fileid\":0,\"duration\":0,\"play_url\":\"\",\"malicious_title_reason_id\":0,\"malicious_content_type\":0}],\"author\":\"中科幻彩\",\"copyright_stat\":100,\"duration\":0,\"del_flag\":1,\"item_show_type\":0,\"audio_fileid\":0,\"play_url\":\"\",\"malicious_title_reason_id\":0,\"malicious_content_type\":0}},{\"comm_msg_info\":{\"id\":1000000483,\"type\":49,\"datetime\":1608287600,\"fakeid\":\"3898177660\",\"status\":2,\"content\":\"\"},\"app_msg_ext_info\":{\"title\":\"Science：未来，mRNA会作为一种药吗？\",\"digest\":\"​科技创新的星辰大海，确实令人心潮澎湃！\",\"content\":\"\",\"fileid\":100006443,\"content_url\":\"http:\/\/mp.weixin.qq.com\/s?__biz=Mzg5ODE3NzY2MA==&amp;mid=2247505736&amp;idx=1&amp;sn=0f5f4b557e37a0439b0be28dee339f17&amp;chksm=c064185bf713914dcce54c7ef56bd3f7d59ee401e4321f8e1c65820e03ae009146cdd8031fd8&amp;scene=27#wechat_redirect\",\"source_url\":\"\",\"cover\":\"http:\/\/mmbiz.qpic.cn\/mmbiz_jpg\/PNgicOnq3dsmzl1IVUM3EO5NZR56kA75AHtR3iaCaxB0tyibehDy2Rbd4Nj1fmHYErrPMJicYCibpBRfMlGyTKP9n4g\/0?wx_fmt=jpeg\",\"subtype\":9,\"is_multi\":1,\"multi_app_msg_item_list\":[{\"title\":\"Science重磅发布：2020年十大科学突破！新冠疫苗、基因编辑、蛋白折叠、HIV治疗等技术上榜！\",\"digest\":\"2020年，终于要挺过去了！2020年2月10日，Science收到了第一份关于COVID-19的投稿，并于\",\"content\":\"\",\"fileid\":0,\"content_url\":\"http:\/\/mp.weixin.qq.com\/s?__biz=Mzg5ODE3NzY2MA==&amp;mid=2247505736&amp;idx=2&amp;sn=812319665e64db20bc45889ac18010a5&amp;chksm=c064185bf713914dafd8eca09db0dda291c6a6b72a647e3ae0e4d8f2055ef6e32910c9f45c28&amp;scene=27#wechat_redirect\",\"source_url\":\"\",\"cover\":\"http:\/\/mmbiz.qpic.cn\/mmbiz_jpg\/NgNpRVa0iaORDcia7nC4NKzr5WibWnpnMtp4Scx6EldbD65nVTfvDQxzw3osvHW3LDgY81TonPaGfBKDKRs4hXqvQ\/0?wx_fmt=jpeg\",\"author\":\"纳米人\",\"copyright_stat\":201,\"del_flag\":1,\"item_show_type\":0,\"audio_fileid\":0,\"duration\":0,\"play_url\":\"\",\"malicious_title_reason_id\":0,\"malicious_content_type\":0},{\"title\":\"深圳先进院蔡林涛\/郑明彬AFM：连续性磁驱动和光触发的生物机器人用于靶向癌症治疗\",\"digest\":\"生物机器人\",\"content\":\"\",\"fileid\":0,\"content_url\":\"http:\/\/mp.weixin.qq.com\/s?__biz=Mzg5ODE3NzY2MA==&amp;mid=2247505736&amp;idx=3&amp;sn=96d493567f3f68c0500d1229d310364c&amp;chksm=c064185bf713914df4868043398d283a6504767e92c4330e912b50f6478291357744e6c62b38&amp;scene=27#wechat_redirect\",\"source_url\":\"\",\"cover\":\"http:\/\/mmbiz.qpic.cn\/mmbiz_jpg\/PNgicOnq3dsmzl1IVUM3EO5NZR56kA75AMyQcR2o2r7fRA0W5KRJmsz6QffuNBG9ovh2vdmD1FNiaxNQq2I7CMgg\/0?wx_fmt=jpeg\",\"author\":\"NanoLab\",\"copyright_stat\":11,\"del_flag\":1,\"item_show_type\":0,\"audio_fileid\":0,\"duration\":0,\"play_url\":\"\",\"malicious_title_reason_id\":0,\"malicious_content_type\":0},{\"title\":\"福建物构所AFM: 制备高伸缩性传感器的新技术！\",\"digest\":\"\",\"content\":\"\",\"fileid\":0,\"content_url\":\"http:\/\/mp.weixin.qq.com\/s?__biz=Mzg5ODE3NzY2MA==&amp;mid=2247505736&amp;idx=4&amp;sn=eaf8af1bd44263e6c3af2cf42f3edc00&amp;chksm=c064185bf713914df4e1b7b4473510e41c3ed11ed1d7c6de56914682f65c0920a24fdeca9d99&amp;scene=27#wechat_redirect\",\"source_url\":\"\",\"cover\":\"http:\/\/mmbiz.qpic.cn\/mmbiz_jpg\/PNgicOnq3dsmzl1IVUM3EO5NZR56kA75AkNAcwFX7SOPya1hQYNudkYJ4pHuYOrBdIc8R3JudUC5h2C0icLH5IkQ\/0?wx_fmt=jpeg\",\"author\":\"NanoLab\",\"copyright_stat\":11,\"del_flag\":1,\"item_show_type\":0,\"audio_fileid\":0,\"duration\":0,\"play_url\":\"\",\"malicious_title_reason_id\":0,\"malicious_content_type\":0},{\"title\":\"北京大学吕华\/宋玉琴​\/谢彦Biomaterials：能减轻免疫原性的海胆状螺旋多肽-天冬酰胺酶偶联物\",\"digest\":\"\",\"content\":\"\",\"fileid\":0,\"content_url\":\"http:\/\/mp.weixin.qq.com\/s?__biz=Mzg5ODE3NzY2MA==&amp;mid=2247505736&amp;idx=5&amp;sn=3fd5f5d4037a0543624ba80621cee6f5&amp;chksm=c064185bf713914dffcdf902953bb6b070933c2e5c9a8b19573564233f61600d0be0ea0f8af3&amp;scene=27#wechat_redirect\",\"source_url\":\"\",\"cover\":\"http:\/\/mmbiz.qpic.cn\/mmbiz_jpg\/PNgicOnq3dsmzl1IVUM3EO5NZR56kA75A3UTSSQBcxdHCNibYziceX9YsIpAfMbPObsPFksMWCXSoBgVAydgzTNmQ\/0?wx_fmt=jpeg\",\"author\":\"NanoLab\",\"copyright_stat\":11,\"del_flag\":1,\"item_show_type\":0,\"audio_fileid\":0,\"duration\":0,\"play_url\":\"\",\"malicious_title_reason_id\":0,\"malicious_content_type\":0},{\"title\":\"林君\/侯智尧等Nanoscale：荧光网状无机支架和铕掺杂的羟基磷灰石用于增强骨重建\",\"digest\":\"\",\"content\":\"\",\"fileid\":0,\"content_url\":\"http:\/\/mp.weixin.qq.com\/s?__biz=Mzg5ODE3NzY2MA==&amp;mid=2247505736&amp;idx=6&amp;sn=330b3bd870e9120ec66e9c9a3143939f&amp;chksm=c064185bf713914d3bbb05465f4ce2f249272357140a85ca026b46b952e1932042ce9fa51dd1&amp;scene=27#wechat_redirect\",\"source_url\":\"\",\"cover\":\"http:\/\/mmbiz.qpic.cn\/mmbiz_jpg\/PNgicOnq3dsmzl1IVUM3EO5NZR56kA75Azm62ZkDqfex0HPbsnA0xM1UCzcI3G17xbvYDQkiaHOKNGpN9skUgc7Q\/0?wx_fmt=jpeg\",\"author\":\"NanoLab\",\"copyright_stat\":11,\"del_flag\":1,\"item_show_type\":0,\"audio_fileid\":0,\"duration\":0,\"play_url\":\"\",\"malicious_title_reason_id\":0,\"malicious_content_type\":0}],\"author\":\"NanoLab\",\"copyright_stat\":11,\"duration\":0,\"del_flag\":1,\"item_show_type\":0,\"audio_fileid\":0,\"play_url\":\"\",\"malicious_title_reason_id\":0,\"malicious_content_type\":0}},{\"comm_msg_info\":{\"id\":1000000482,\"type\":49,\"datetime\":1608204834,\"fakeid\":\"3898177660\",\"status\":2,\"content\":\"\"},\"app_msg_ext_info\":{\"title\":\"MIT赵选贺课题组2020年Nature\/Science系列部分研究成果集锦\",\"digest\":\"2020年度集锦\",\"content\":\"\",\"fileid\":0,\"content_url\":\"http:\/\/mp.weixin.qq.com\/s?__biz=Mzg5ODE3NzY2MA==&amp;mid=2247505681&amp;idx=1&amp;sn=61668fba143f82b460d3eff684de3224&amp;chksm=c0641802f71391146346a07388e50ff90008e67e993f3b4181f17113ced3f18084ed0cd3afd9&amp;scene=27#wechat_redirect\",\"source_url\":\"\",\"cover\":\"http:\/\/mmbiz.qpic.cn\/mmbiz_jpg\/PNgicOnq3dsl7qR7Y4pb4EUm6lPXRnbS2VIVrjbjTPvKicic6prKo64TT7ibjD3VKJLibxjias4OYYcKCLVEsVhF10MQ\/0?wx_fmt=jpeg\",\"subtype\":9,\"is_multi\":1,\"multi_app_msg_item_list\":[{\"title\":\"一张期刊封面3万块，值吗？\",\"digest\":\"投稿一张期刊封面，你知道有多费钱吗？\",\"content\":\"\",\"fileid\":100021942,\"content_url\":\"http:\/\/mp.weixin.qq.com\/s?__biz=Mzg5ODE3NzY2MA==&amp;mid=2247505681&amp;idx=2&amp;sn=9670d43cd739666c787581aca1b82e97&amp;chksm=c0641802f71391143168013da021263d1be169c0005a566ca25207cce569f2fbc6ca5fc9fbcc&amp;scene=27#wechat_redirect\",\"source_url\":\"\",\"cover\":\"http:\/\/mmbiz.qpic.cn\/mmbiz_jpg\/PNgicOnq3dsn6V2WXfeDvJ9iaqoJiaMI06Z7WAZjWeXqsANmGLJmFxnQccSuotSwR3dOZZWibnWXicW7dVaDLDYVvsQ\/0?wx_fmt=jpeg\",\"author\":\"中科幻彩\",\"copyright_stat\":100,\"del_flag\":1,\"item_show_type\":0,\"audio_fileid\":0,\"duration\":0,\"play_url\":\"\",\"malicious_title_reason_id\":0,\"malicious_content_type\":0},{\"title\":\"John A. Rogers院士等AFM: 皮肤集成的虚拟触觉接口，可实现AR\/VR\",\"digest\":\"\",\"content\":\"\",\"fileid\":0,\"content_url\":\"http:\/\/mp.weixin.qq.com\/s?__biz=Mzg5ODE3NzY2MA==&amp;mid=2247505681&amp;idx=3&amp;sn=ef6cb7a322fd6bb7311da18dab98eaa3&amp;chksm=c0641802f71391146fd7bd092f2907275ebe40471d39f8c95e75e19068a8fafdb265e81de043&amp;scene=27#wechat_redirect\",\"source_url\":\"\",\"cover\":\"http:\/\/mmbiz.qpic.cn\/mmbiz_jpg\/PNgicOnq3dsl7qR7Y4pb4EUm6lPXRnbS2AYf1GxiaKaictwYca9fXd2WbV2QrLpvXHSe1HkIsiaIiammUGdZeWK5micQ\/0?wx_fmt=jpeg\",\"author\":\"NanoLab\",\"copyright_stat\":11,\"del_flag\":1,\"item_show_type\":0,\"audio_fileid\":0,\"duration\":0,\"play_url\":\"\",\"malicious_title_reason_id\":0,\"malicious_content_type\":0},{\"title\":\"南开大学张涛\/郭东升AM：治疗阿尔茨海默病的新型潜在策略\",\"digest\":\"\",\"content\":\"\",\"fileid\":0,\"content_url\":\"http:\/\/mp.weixin.qq.com\/s?__biz=Mzg5ODE3NzY2MA==&amp;mid=2247505681&amp;idx=4&amp;sn=22447a931788da4a272517d3eb907dc7&amp;chksm=c0641802f7139114f4da9a4f4925a76fce0d4b3ceb20e0ba350430f57bfd0ef003188b934629&amp;scene=27#wechat_redirect\",\"source_url\":\"\",\"cover\":\"http:\/\/mmbiz.qpic.cn\/mmbiz_jpg\/PNgicOnq3dsl7qR7Y4pb4EUm6lPXRnbS2CZgltaLAud28cyAicIOmKvYa1THCg2FSLS0wrR2RiaZsKwMoANjVI9lQ\/0?wx_fmt=jpeg\",\"author\":\"NanoLab\",\"copyright_stat\":11,\"del_flag\":1,\"item_show_type\":0,\"audio_fileid\":0,\"duration\":0,\"play_url\":\"\",\"malicious_title_reason_id\":0,\"malicious_content_type\":0},{\"title\":\"东华大学史向阳Theranostics：树状分子包裹的金纳米粒子用于对肿瘤放疗进行双重增敏\",\"digest\":\"\",\"content\":\"\",\"fileid\":0,\"content_url\":\"http:\/\/mp.weixin.qq.com\/s?__biz=Mzg5ODE3NzY2MA==&amp;mid=2247505681&amp;idx=5&amp;sn=265206c5e4c83987c2942a2b3dd125d2&amp;chksm=c0641802f713911412c0f5929ec37dc5314476ce6ae07d08d85c9c4586c3dc361b6d679e5255&amp;scene=27#wechat_redirect\",\"source_url\":\"\",\"cover\":\"http:\/\/mmbiz.qpic.cn\/mmbiz_jpg\/PNgicOnq3dsl7qR7Y4pb4EUm6lPXRnbS2d78viam6f7iaYHFHF786zgJYtRbgiaWHOiaMNjlaWWiaNtQbgO2vSrh9e2w\/0?wx_fmt=jpeg\",\"author\":\"NanoLab\",\"copyright_stat\":11,\"del_flag\":1,\"item_show_type\":0,\"audio_fileid\":0,\"duration\":0,\"play_url\":\"\",\"malicious_title_reason_id\":0,\"malicious_content_type\":0},{\"title\":\"哈尔滨工业大学刘绍琴等Adv Mater：纳米材料改善微生物界面电子传输\",\"digest\":\"\",\"content\":\"\",\"fileid\":0,\"content_url\":\"http:\/\/mp.weixin.qq.com\/s?__biz=Mzg5ODE3NzY2MA==&amp;mid=2247505681&amp;idx=6&amp;sn=26e2c8308aae120f5d7b6225268ca7d5&amp;chksm=c0641802f71391148400558de60d4594dc745ac5bb7afd92fd505756e4170b104b3d1da628c0&amp;scene=27#wechat_redirect\",\"source_url\":\"\",\"cover\":\"http:\/\/mmbiz.qpic.cn\/mmbiz_jpg\/PNgicOnq3dsl7qR7Y4pb4EUm6lPXRnbS29ZLICelxR792QdMWIYBxPHXouBPeGIpB2DiaBlo6SqBEZoBVtibiaibuwA\/0?wx_fmt=jpeg\",\"author\":\"NanoLab\",\"copyright_stat\":11,\"del_flag\":1,\"item_show_type\":0,\"audio_fileid\":0,\"duration\":0,\"play_url\":\"\",\"malicious_title_reason_id\":0,\"malicious_content_type\":0},{\"title\":\"Adv. Sci.：克服原发性耐药组合治疗方法新发现\",\"digest\":\"\",\"content\":\"\",\"fileid\":0,\"content_url\":\"http:\/\/mp.weixin.qq.com\/s?__biz=Mzg5ODE3NzY2MA==&amp;mid=2247505681&amp;idx=7&amp;sn=cfbae9aedb98f2ebc6517592240574c8&amp;chksm=c0641802f713911444e1f3d15a3c0f4793fc9d0886765c227cbe1f9d74b9ec2e89d5cdc997ce&amp;scene=27#wechat_redirect\",\"source_url\":\"\",\"cover\":\"http:\/\/mmbiz.qpic.cn\/mmbiz_jpg\/PNgicOnq3dsl7qR7Y4pb4EUm6lPXRnbS2WnABStQ0T0AAQP0CibfLVXUTHC0GZWx2MT9axWvKdDUmWcDXIcpdzhg\/0?wx_fmt=jpeg\",\"author\":\"NanoLab\",\"copyright_stat\":11,\"del_flag\":1,\"item_show_type\":0,\"audio_fileid\":0,\"duration\":0,\"play_url\":\"\",\"malicious_title_reason_id\":0,\"malicious_content_type\":0}],\"author\":\"小奇\",\"copyright_stat\":11,\"duration\":0,\"del_flag\":1,\"item_show_type\":0,\"audio_fileid\":0,\"play_url\":\"\",\"malicious_title_reason_id\":0,\"malicious_content_type\":0}},{\"comm_msg_info\":{\"id\":1000000481,\"type\":49,\"datetime\":1608116575,\"fakeid\":\"3898177660\",\"status\":2,\"content\":\"\"},\"app_msg_ext_info\":{\"title\":\"施剑林JACS：铁工程化纳米药物用于有效的抗坏血酸肿瘤化疗\",\"digest\":\"\",\"content\":\"\",\"fileid\":100009044,\"content_url\":\"http:\/\/mp.weixin.qq.com\/s?__biz=Mzg5ODE3NzY2MA==&amp;mid=2247505589&amp;idx=1&amp;sn=b970ec668033b7c2da76e646a075538d&amp;chksm=c06419a6f71390b025444fdedad18c2d7f0de1f22da7c2d5dd790af73e429c09290f0e99dbde&amp;scene=27#wechat_redirect\",\"source_url\":\"\",\"cover\":\"http:\/\/mmbiz.qpic.cn\/mmbiz_jpg\/PNgicOnq3dsn6V2WXfeDvJ9iaqoJiaMI06Z3sWBvwC5Jzn8OcYHzNufPt4E8a3kib3rQB79icckX0KMrFjJ1J59SNPQ\/0?wx_fmt=jpeg\",\"subtype\":9,\"is_multi\":1,\"multi_app_msg_item_list\":[{\"title\":\"Nature重磅发布：2020年度十大科学人物，生物医学占一半！\",\"digest\":\"年末将至，最是一年自省时。Nature杂志盘点了2020年度“感动科学”十大人物（Nature’s 10:\",\"content\":\"\",\"fileid\":0,\"content_url\":\"http:\/\/mp.weixin.qq.com\/s?__biz=Mzg5ODE3NzY2MA==&amp;mid=2247505589&amp;idx=2&amp;sn=d5c405193247ff7183d94d331814c79b&amp;chksm=c06419a6f71390b03d1a2a4c2738d0a90877d1b2cd02ac2d2183d5d8b5f2db2f5a120c7411c2&amp;scene=27#wechat_redirect\",\"source_url\":\"\",\"cover\":\"http:\/\/mmbiz.qpic.cn\/mmbiz_jpg\/ccaqLkuln51sfss8Vr4mGNGbpqjX6SdRSeQ6DxmGYZLUVM6I2ZsYC0nlxcPMeK1rSibLyicz3CVlBMTyKgrMibbpw\/0?wx_fmt=jpeg\",\"author\":\"学研汇\",\"copyright_stat\":201,\"del_flag\":1,\"item_show_type\":0,\"audio_fileid\":0,\"duration\":0,\"play_url\":\"\",\"malicious_title_reason_id\":0,\"malicious_content_type\":0},{\"title\":\"张凡\/汪剑波Angew：NIR-II pH传感器用于对肿瘤微环境进行原位动态可视化成像\",\"digest\":\"\",\"content\":\"\",\"fileid\":0,\"content_url\":\"http:\/\/mp.weixin.qq.com\/s?__biz=Mzg5ODE3NzY2MA==&amp;mid=2247505589&amp;idx=3&amp;sn=14025cf0b853014ec24753bb20f0ed55&amp;chksm=c06419a6f71390b0536a877267672001f1de0ecc39eea5cd1894a77ebaccea6a4bee16a7940e&amp;scene=27#wechat_redirect\",\"source_url\":\"\",\"cover\":\"http:\/\/mmbiz.qpic.cn\/mmbiz_jpg\/PNgicOnq3dsn6V2WXfeDvJ9iaqoJiaMI06Z4oIRTzl2PzoMh2gMZduRxLf21RPdaGTMsiapxDoeX4BrsibXPBt0906g\/0?wx_fmt=jpeg\",\"author\":\"NanoLab\",\"copyright_stat\":11,\"del_flag\":1,\"item_show_type\":0,\"audio_fileid\":0,\"duration\":0,\"play_url\":\"\",\"malicious_title_reason_id\":0,\"malicious_content_type\":0},{\"title\":\"华中科技大学刘奕静Adv. Funct. Mater：无机纳米粒子在功能性治疗中的应用\",\"digest\":\"\",\"content\":\"\",\"fileid\":0,\"content_url\":\"http:\/\/mp.weixin.qq.com\/s?__biz=Mzg5ODE3NzY2MA==&amp;mid=2247505589&amp;idx=4&amp;sn=8a2a70550efd93766b56dc42fa1a7085&amp;chksm=c06419a6f71390b0de3428e476124dad74e4f356d378b874970315d3945c3206c950027642f7&amp;scene=27#wechat_redirect\",\"source_url\":\"\",\"cover\":\"http:\/\/mmbiz.qpic.cn\/mmbiz_jpg\/PNgicOnq3dsn6V2WXfeDvJ9iaqoJiaMI06ZcII6uzgjM7eYr2aZKKYEMp2yaL2vMeYg7q8NXS5akqaDcwvria5MibDA\/0?wx_fmt=jpeg\",\"author\":\"NanoLab\",\"copyright_stat\":11,\"del_flag\":1,\"item_show_type\":0,\"audio_fileid\":0,\"duration\":0,\"play_url\":\"\",\"malicious_title_reason_id\":0,\"malicious_content_type\":0},{\"title\":\"化学所赵宁\/徐坚AFM：线性聚合物材料实现可重复3D打印\",\"digest\":\"\",\"content\":\"\",\"fileid\":0,\"content_url\":\"http:\/\/mp.weixin.qq.com\/s?__biz=Mzg5ODE3NzY2MA==&amp;mid=2247505589&amp;idx=5&amp;sn=d551a0c0f774aa26c25329c6dddd74d8&amp;chksm=c06419a6f71390b0c263e89adb7f3e7a0434177e21faf7a33803f46089eadec24c3bf6e33507&amp;scene=27#wechat_redirect\",\"source_url\":\"\",\"cover\":\"http:\/\/mmbiz.qpic.cn\/mmbiz_jpg\/PNgicOnq3dsn6V2WXfeDvJ9iaqoJiaMI06ZAuRTGvs99mafKp3AbC2pZiaeKFyKwjV6fibZnl1nb1jSG7owkvZMrWicQ\/0?wx_fmt=jpeg\",\"author\":\"NanoLab\",\"copyright_stat\":11,\"del_flag\":1,\"item_show_type\":0,\"audio_fileid\":0,\"duration\":0,\"play_url\":\"\",\"malicious_title_reason_id\":0,\"malicious_content_type\":0},{\"title\":\"AFM：多酚、鞣酸修饰液体金属材料改善导电墨水性能\",\"digest\":\"\",\"content\":\"\",\"fileid\":0,\"content_url\":\"http:\/\/mp.weixin.qq.com\/s?__biz=Mzg5ODE3NzY2MA==&amp;mid=2247505589&amp;idx=6&amp;sn=8c04e69b223ed3dd920035d9e455b297&amp;chksm=c06419a6f71390b032452f11185b7c38929c4ae997bf22f99b4da193404bfbc110b22f2ab8c1&amp;scene=27#wechat_redirect\",\"source_url\":\"\",\"cover\":\"http:\/\/mmbiz.qpic.cn\/mmbiz_jpg\/PNgicOnq3dsn6V2WXfeDvJ9iaqoJiaMI06ZUKeJ3bJmWMOMu7PAfic8FaSUas1ogg1GYG7w6iccP3f0uicZtA1MlkyXg\/0?wx_fmt=jpeg\",\"author\":\"NanoLab\",\"copyright_stat\":11,\"del_flag\":1,\"item_show_type\":0,\"audio_fileid\":0,\"duration\":0,\"play_url\":\"\",\"malicious_title_reason_id\":0,\"malicious_content_type\":0},{\"title\":\"苏州大学史海斌Anal. Chem：双重刺激介导的近红外诊疗探针自组装用于肿瘤诊疗\",\"digest\":\"\",\"content\":\"\",\"fileid\":0,\"content_url\":\"http:\/\/mp.weixin.qq.com\/s?__biz=Mzg5ODE3NzY2MA==&amp;mid=2247505589&amp;idx=7&amp;sn=099ea5f84a8a8e35f392291b5ea36e35&amp;chksm=c06419a6f71390b06b39ed7d194c7baf1ec74ecca0390d2ea3a1554c44c33e1643cb238254ed&amp;scene=27#wechat_redirect\",\"source_url\":\"\",\"cover\":\"http:\/\/mmbiz.qpic.cn\/mmbiz_jpg\/PNgicOnq3dsn6V2WXfeDvJ9iaqoJiaMI06ZDaa2w0oePRicWJFO0R1gS8uwCzv7Dc3xkykwH3L6xsfT5qJFMquicxbQ\/0?wx_fmt=jpeg\",\"author\":\"NanoLab\",\"copyright_stat\":11,\"del_flag\":1,\"item_show_type\":0,\"audio_fileid\":0,\"duration\":0,\"play_url\":\"\",\"malicious_title_reason_id\":0,\"malicious_content_type\":0}],\"author\":\"NanoLab\",\"copyright_stat\":11,\"duration\":0,\"del_flag\":1,\"item_show_type\":0,\"audio_fileid\":0,\"play_url\":\"\",\"malicious_title_reason_id\":0,\"malicious_content_type\":0}},{\"comm_msg_info\":{\"id\":1000000480,\"type\":49,\"datetime\":1608032957,\"fakeid\":\"3898177660\",\"status\":2,\"content\":\"\"},\"app_msg_ext_info\":{\"title\":\"DNA生物材料，又一篇Nature Nanotechnology！\",\"digest\":\"DNA支架可实现生物材料的高效可调节功能，以调节免疫细胞\",\"content\":\"\",\"fileid\":100006441,\"content_url\":\"http:\/\/mp.weixin.qq.com\/s?__biz=Mzg5ODE3NzY2MA==&amp;mid=2247505547&amp;idx=1&amp;sn=e5a4e52450b36beab7d003bf4427d69b&amp;chksm=c0641998f713908e383f3146378d72b1d7e9be4ccbed0e1c508181a71b0034e2b9d5af3ce4f9&amp;scene=27#wechat_redirect\",\"source_url\":\"\",\"cover\":\"http:\/\/mmbiz.qpic.cn\/mmbiz_jpg\/PNgicOnq3dsnoogngW9BSgv997RSagPNoVZ7ntpe0uzKlcooM3RIp1uwRJ4RNtetziceBXOdfbz96DibqEvQhkeMQ\/0?wx_fmt=jpeg\",\"subtype\":9,\"is_multi\":1,\"multi_app_msg_item_list\":[{\"title\":\"李玉锋\/陈春英\/于永亮Nano. Today：利用纳米硒抗击COVID-19\",\"digest\":\"\",\"content\":\"\",\"fileid\":0,\"content_url\":\"http:\/\/mp.weixin.qq.com\/s?__biz=Mzg5ODE3NzY2MA==&amp;mid=2247505547&amp;idx=2&amp;sn=9ec4bddd388495eff13c7ef76a37b3ab&amp;chksm=c0641998f713908e92be7b93be0488add8ffe669ad46a69f808d3a22e3252db6d220ae55429d&amp;scene=27#wechat_redirect\",\"source_url\":\"\",\"cover\":\"http:\/\/mmbiz.qpic.cn\/mmbiz_jpg\/PNgicOnq3dsnoogngW9BSgv997RSagPNoQVe554XlBXbRMqw9nRLDOXVNLCDIIBTFBNMdmNdx9PakdibNC8HcFiaw\/0?wx_fmt=jpeg\",\"author\":\"NanoLab\",\"copyright_stat\":11,\"del_flag\":1,\"item_show_type\":0,\"audio_fileid\":0,\"duration\":0,\"play_url\":\"\",\"malicious_title_reason_id\":0,\"malicious_content_type\":0},{\"title\":\"西安交通大学郭保林Chem. Mater：多功能水凝胶创面敷料用于促进创面的闭合和愈合\",\"digest\":\"\",\"content\":\"\",\"fileid\":0,\"content_url\":\"http:\/\/mp.weixin.qq.com\/s?__biz=Mzg5ODE3NzY2MA==&amp;mid=2247505547&amp;idx=3&amp;sn=801b2f47f4125d6fe277109e30056271&amp;chksm=c0641998f713908e0c667540ccd94440a34cdbf79bb6e3abef409cfec31d35c9d487b338eea1&amp;scene=27#wechat_redirect\",\"source_url\":\"\",\"cover\":\"http:\/\/mmbiz.qpic.cn\/mmbiz_jpg\/PNgicOnq3dsnoogngW9BSgv997RSagPNoicfkvtMqlv2PibwulSQ3Id8ex9OHuUhFG2vtTJsI1ggOGA83YuwibV2aQ\/0?wx_fmt=jpeg\",\"author\":\"NanoLab\",\"copyright_stat\":11,\"del_flag\":1,\"item_show_type\":0,\"audio_fileid\":0,\"duration\":0,\"play_url\":\"\",\"malicious_title_reason_id\":0,\"malicious_content_type\":0},{\"title\":\"浦侃裔\/苗庆庆\/张燕Angew：可被激活的聚合物纳米探针用于对T淋巴细胞进行近红外荧光-光声成像\",\"digest\":\"\",\"content\":\"\",\"fileid\":0,\"content_url\":\"http:\/\/mp.weixin.qq.com\/s?__biz=Mzg5ODE3NzY2MA==&amp;mid=2247505547&amp;idx=4&amp;sn=8a7a322ad38baa792f2730c448781d1d&amp;chksm=c0641998f713908e95f5f483b8466c547071bed29015cd9992720a89abab410723d48f3b0edc&amp;scene=27#wechat_redirect\",\"source_url\":\"\",\"cover\":\"http:\/\/mmbiz.qpic.cn\/mmbiz_jpg\/PNgicOnq3dsnoogngW9BSgv997RSagPNoqWbrylV0IaK5s63bfNibcvtzTjIbjJ2Sh3axd0O87u5FKnf75dMuXsg\/0?wx_fmt=jpeg\",\"author\":\"NanoLab\",\"copyright_stat\":11,\"del_flag\":1,\"item_show_type\":0,\"audio_fileid\":0,\"duration\":0,\"play_url\":\"\",\"malicious_title_reason_id\":0,\"malicious_content_type\":0},{\"title\":\"Nano Letters：高效催化剂用于ROS的产生和抗菌！\",\"digest\":\"\",\"content\":\"\",\"fileid\":0,\"content_url\":\"http:\/\/mp.weixin.qq.com\/s?__biz=Mzg5ODE3NzY2MA==&amp;mid=2247505547&amp;idx=5&amp;sn=0b56909ed8460ef8052c3eec9af0133f&amp;chksm=c0641998f713908e0523c306a953ca67635d9d276921525b23b9127f34149f579d5434c36e28&amp;scene=27#wechat_redirect\",\"source_url\":\"\",\"cover\":\"http:\/\/mmbiz.qpic.cn\/mmbiz_jpg\/PNgicOnq3dsnoogngW9BSgv997RSagPNoWCUbw2uIj0kE21RQAlF2nSbic7Gfm8ibrloZZ1DNO6icO1YJqpMzla4eQ\/0?wx_fmt=jpeg\",\"author\":\"NanoLab\",\"copyright_stat\":11,\"del_flag\":1,\"item_show_type\":0,\"audio_fileid\":0,\"duration\":0,\"play_url\":\"\",\"malicious_title_reason_id\":0,\"malicious_content_type\":0},{\"title\":\"Adv. Sci.：微环境正常化可以克服乳腺癌肺转移的血管压迫和纳米免疫治疗阻力\",\"digest\":\"\",\"content\":\"\",\"fileid\":0,\"content_url\":\"http:\/\/mp.weixin.qq.com\/s?__biz=Mzg5ODE3NzY2MA==&amp;mid=2247505547&amp;idx=6&amp;sn=d8965fae5079864827f274ac023bfc5c&amp;chksm=c0641998f713908e1af223a7fc3c0999dcf34625987b3b9df060419ee4771da0cf777fe6c2b3&amp;scene=27#wechat_redirect\",\"source_url\":\"\",\"cover\":\"http:\/\/mmbiz.qpic.cn\/mmbiz_jpg\/PNgicOnq3dsnoogngW9BSgv997RSagPNojFDJCvviaVlVsGeJTon2yPI6FibtPT4An5HiaDqiaI1SoMfBZ2QK5HhbGg\/0?wx_fmt=jpeg\",\"author\":\"NanoLab\",\"copyright_stat\":11,\"del_flag\":1,\"item_show_type\":0,\"audio_fileid\":0,\"duration\":0,\"play_url\":\"\",\"malicious_title_reason_id\":0,\"malicious_content_type\":0},{\"title\":\"Biomaterials：R848脂质体对肿瘤相关巨噬细胞的再培养增强抗体依赖性细胞吞噬功能\",\"digest\":\"\",\"content\":\"\",\"fileid\":0,\"content_url\":\"http:\/\/mp.weixin.qq.com\/s?__biz=Mzg5ODE3NzY2MA==&amp;mid=2247505547&amp;idx=7&amp;sn=c1221dd53d24345939eb055aef41665a&amp;chksm=c0641998f713908e146c26edac2c84a3156b7659831219f6800d96ab41e8cc685ccb1d921232&amp;scene=27#wechat_redirect\",\"source_url\":\"\",\"cover\":\"http:\/\/mmbiz.qpic.cn\/mmbiz_jpg\/PNgicOnq3dsnoogngW9BSgv997RSagPNoHsibH0eRQqo2tL95GQoVQOBysxI4KBjDtywicblEe5BQxciaCicTDbMFkQ\/0?wx_fmt=jpeg\",\"author\":\"NanoLab\",\"copyright_stat\":11,\"del_flag\":1,\"item_show_type\":0,\"audio_fileid\":0,\"duration\":0,\"play_url\":\"\",\"malicious_title_reason_id\":0,\"malicious_content_type\":0}],\"author\":\"小奇\",\"copyright_stat\":11,\"duration\":0,\"del_flag\":1,\"item_show_type\":0,\"audio_fileid\":0,\"play_url\":\"\",\"malicious_title_reason_id\":0,\"malicious_content_type\":0}},{\"comm_msg_info\":{\"id\":1000000479,\"type\":49,\"datetime\":1607940683,\"fakeid\":\"3898177660\",\"status\":2,\"content\":\"\"},\"app_msg_ext_info\":{\"title\":\"陈小元Science子刊：大小可转换仿生疫苗获新进展！\",\"digest\":\"大小可转换\",\"content\":\"\",\"fileid\":100006443,\"content_url\":\"http:\/\/mp.weixin.qq.com\/s?__biz=Mzg5ODE3NzY2MA==&amp;mid=2247505492&amp;idx=1&amp;sn=10541f748989e25ce32b496563bd05c7&amp;chksm=c0641947f71390514ab12b1207ffd2f1906f43074acc28bbdf90a00d8aa7699ca327c5fc89df&amp;scene=27#wechat_redirect\",\"source_url\":\"\",\"cover\":\"http:\/\/mmbiz.qpic.cn\/mmbiz_jpg\/PNgicOnq3dskeKv1yv75XAeXp8wyibeTKhGxnCwsmricgqEZJOVkmc34CtZnlL6ODdtYK7w8zW6Yo61xeG74LCcWw\/0?wx_fmt=jpeg\",\"subtype\":9,\"is_multi\":1,\"multi_app_msg_item_list\":[{\"title\":\"郝永强\/陈雨AFM：组合光热3D打印支架和检查点阻断抑制乳腺癌向骨生长\/转移并促进成骨\",\"digest\":\"\",\"content\":\"\",\"fileid\":0,\"content_url\":\"http:\/\/mp.weixin.qq.com\/s?__biz=Mzg5ODE3NzY2MA==&amp;mid=2247505492&amp;idx=2&amp;sn=2bdaf6681adde7ed5dad85f92289f069&amp;chksm=c0641947f71390510c0559c7e6e6662476b63ec245c61455ca4ee6b412f2c8e88077a4e1ed82&amp;scene=27#wechat_redirect\",\"source_url\":\"\",\"cover\":\"http:\/\/mmbiz.qpic.cn\/mmbiz_jpg\/PNgicOnq3dskeKv1yv75XAeXp8wyibeTKhb1I8yxt1KPvcNCE4OtIXrIr4A5pCjXB6w4Tu1payMGDstY5bfXHQzQ\/0?wx_fmt=jpeg\",\"author\":\"NanoLab\",\"copyright_stat\":11,\"del_flag\":1,\"item_show_type\":0,\"audio_fileid\":0,\"duration\":0,\"play_url\":\"\",\"malicious_title_reason_id\":0,\"malicious_content_type\":0},{\"title\":\"Macromolecules：自修复可加工的离子导电水凝胶用于柔性电子器件\",\"digest\":\"\",\"content\":\"\",\"fileid\":0,\"content_url\":\"http:\/\/mp.weixin.qq.com\/s?__biz=Mzg5ODE3NzY2MA==&amp;mid=2247505492&amp;idx=3&amp;sn=38875d611ff500dcb7871f2d2d70ce1b&amp;chksm=c0641947f7139051e37b9341bef9225ec28ca451db5895e76b011d3cfad58360ef7a75a6288c&amp;scene=27#wechat_redirect\",\"source_url\":\"\",\"cover\":\"http:\/\/mmbiz.qpic.cn\/mmbiz_jpg\/PNgicOnq3dskeKv1yv75XAeXp8wyibeTKhomzynBASkCd3sxpaFicQzgEQoicibd0TZhSTF6fKBseBME5qzaLDutNxQ\/0?wx_fmt=jpeg\",\"author\":\"NanoLab\",\"copyright_stat\":11,\"del_flag\":1,\"item_show_type\":0,\"audio_fileid\":0,\"duration\":0,\"play_url\":\"\",\"malicious_title_reason_id\":0,\"malicious_content_type\":0},{\"title\":\"聂志鸿\/卢思宇Angew：可转换的蜂窝状碳点纳米组装物用于调节多位点递送和增强化学免疫治疗\",\"digest\":\"\",\"content\":\"\",\"fileid\":0,\"content_url\":\"http:\/\/mp.weixin.qq.com\/s?__biz=Mzg5ODE3NzY2MA==&amp;mid=2247505492&amp;idx=4&amp;sn=d3f0163ee3adbeabf0e443d283b25821&amp;chksm=c0641947f7139051fce6833ed8c0591ebf00a10e52b0c0a9009ee17ff6f73902d088270a2959&amp;scene=27#wechat_redirect\",\"source_url\":\"\",\"cover\":\"http:\/\/mmbiz.qpic.cn\/mmbiz_jpg\/PNgicOnq3dskeKv1yv75XAeXp8wyibeTKhjSmicfEksLM1zRBhNS2eB78Dj6ic7OHYynww8PpTzlqpmhoaU7caQ8Hw\/0?wx_fmt=jpeg\",\"author\":\"NanoLab\",\"copyright_stat\":11,\"del_flag\":1,\"item_show_type\":0,\"audio_fileid\":0,\"duration\":0,\"play_url\":\"\",\"malicious_title_reason_id\":0,\"malicious_content_type\":0},{\"title\":\"华中师范大学朱成周Chem. Soc. Rev.: 单原子催化剂促进信号放大策略用于生物传感\",\"digest\":\"\",\"content\":\"\",\"fileid\":0,\"content_url\":\"http:\/\/mp.weixin.qq.com\/s?__biz=Mzg5ODE3NzY2MA==&amp;mid=2247505492&amp;idx=5&amp;sn=71d18a7d0aa5271f36ec1a82ec6fab5f&amp;chksm=c0641947f7139051408d9efa83c2c2e7e58eb564e988836b55b7c54411b48a9ff073659c91c4&amp;scene=27#wechat_redirect\",\"source_url\":\"\",\"cover\":\"http:\/\/mmbiz.qpic.cn\/mmbiz_jpg\/PNgicOnq3dskeKv1yv75XAeXp8wyibeTKhl89A0VEH86KJKGfzSoO8Xz3xxaocYIkrUBI2lhV2dAWFGOqOX1nbng\/0?wx_fmt=jpeg\",\"author\":\"NanoLab\",\"copyright_stat\":11,\"del_flag\":1,\"item_show_type\":0,\"audio_fileid\":0,\"duration\":0,\"play_url\":\"\",\"malicious_title_reason_id\":0,\"malicious_content_type\":0},{\"title\":\"Adv. Drug. Deli. Rev：用于检测和药物递送的电活性材料生物传感器\",\"digest\":\"\",\"content\":\"\",\"fileid\":0,\"content_url\":\"http:\/\/mp.weixin.qq.com\/s?__biz=Mzg5ODE3NzY2MA==&amp;mid=2247505492&amp;idx=6&amp;sn=601183a93a32c7c76e0bee48ec237c3c&amp;chksm=c0641947f71390510406c432a91ce70819a568bd7aaada3e20aeba9f004d98d21c85ad18782d&amp;scene=27#wechat_redirect\",\"source_url\":\"\",\"cover\":\"http:\/\/mmbiz.qpic.cn\/mmbiz_jpg\/PNgicOnq3dskeKv1yv75XAeXp8wyibeTKhTNbT8FAAYJLAfNHDjIZKn2Bu5TosYibic0qdgHZa2HCa2HO6IcgOrrow\/0?wx_fmt=jpeg\",\"author\":\"NanoLab\",\"copyright_stat\":11,\"del_flag\":1,\"item_show_type\":0,\"audio_fileid\":0,\"duration\":0,\"play_url\":\"\",\"malicious_title_reason_id\":0,\"malicious_content_type\":0},{\"title\":\"中山大学毛宗万\/谭彩萍\/王红胜Small：OsSx-PEG纳米粒子降低基因缺氧表达过程\",\"digest\":\"\",\"content\":\"\",\"fileid\":0,\"content_url\":\"http:\/\/mp.weixin.qq.com\/s?__biz=Mzg5ODE3NzY2MA==&amp;mid=2247505492&amp;idx=7&amp;sn=a89b11b1bfeae5e51818d7ff41743fbf&amp;chksm=c0641947f7139051b034d7d07c1598de9cb403bff39995e6d42633c8b03a78125a9d0fa64384&amp;scene=27#wechat_redirect\",\"source_url\":\"\",\"cover\":\"http:\/\/mmbiz.qpic.cn\/mmbiz_jpg\/PNgicOnq3dskeKv1yv75XAeXp8wyibeTKhCEQRDj04icnk8kwxPGsMIUmM5nJKlq3uibpLmlmKCic6Maib3lR4NtgXdw\/0?wx_fmt=jpeg\",\"author\":\"NanoLab\",\"copyright_stat\":11,\"del_flag\":1,\"item_show_type\":0,\"audio_fileid\":0,\"duration\":0,\"play_url\":\"\",\"malicious_title_reason_id\":0,\"malicious_content_type\":0}],\"author\":\"NanoLab\",\"copyright_stat\":11,\"duration\":0,\"del_flag\":1,\"item_show_type\":0,\"audio_fileid\":0,\"play_url\":\"\",\"malicious_title_reason_id\":0,\"malicious_content_type\":0}}]}","next_offset":181,"video_count":1,"use_video_tab":1,"real_type":0,"home_page_list":[]}