{"ret":0,"errmsg":"ok","msg_count":10,"can_msg_continue":1,"general_msg_list":"{\"list\":[{\"comm_msg_info\":{\"id\":1000000642,\"type\":49,\"datetime\":1621674636,\"fakeid\":\"3898177660\",\"status\":2,\"content\":\"\"},\"app_msg_ext_info\":{\"title\":\"Nature Biotechnology：脂质体基因编辑获得新进展！\",\"digest\":\"基因编辑\",\"content\":\"\",\"fileid\":100006442,\"content_url\":\"http:\/\/mp.weixin.qq.com\/s?__biz=Mzg5ODE3NzY2MA==&amp;mid=2247515887&amp;idx=1&amp;sn=79fc08674a15dd30112866f7646b3c9a&amp;chksm=c06471fcf713f8ea038193574e3fbc4b9ccb44c09a673cdf03c6885fd3a2a36203b2df31abe5&amp;scene=27#wechat_redirect\",\"source_url\":\"\",\"cover\":\"http:\/\/mmbiz.qpic.cn\/mmbiz_jpg\/PNgicOnq3dslUT9IGiatU6Qxibj5lxdrg2ibFgQ48JHVVSfHI9Jjpqq5qnMsI8muFOJOZJfus0fFOrZmsDRvqurC5Q\/0?wx_fmt=jpeg\",\"subtype\":9,\"is_multi\":1,\"multi_app_msg_item_list\":[{\"title\":\"四川大学高会乐等人​Biomaterials：酶诱导金纳米粒聚集以用于再教育肿瘤相关巨噬细胞和克服化疗耐药\",\"digest\":\"纳米变形\",\"content\":\"\",\"fileid\":0,\"content_url\":\"http:\/\/mp.weixin.qq.com\/s?__biz=Mzg5ODE3NzY2MA==&amp;mid=2247515887&amp;idx=2&amp;sn=69df42bed3c3e4ef363b9f41d9fe4134&amp;chksm=c06471fcf713f8eade970e34de56f65e2513b65ea5d45aa226501c50a67f6ea6501bd55d9c57&amp;scene=27#wechat_redirect\",\"source_url\":\"\",\"cover\":\"http:\/\/mmbiz.qpic.cn\/mmbiz_jpg\/PNgicOnq3dslUT9IGiatU6Qxibj5lxdrg2ibb2v8YKtpSCoqt1xbZo9WEJ0AvZynpGHeTUdk6Ky8VIAbXyYIcDRG2A\/0?wx_fmt=jpeg\",\"author\":\"NanoLab\",\"copyright_stat\":11,\"del_flag\":1,\"item_show_type\":0,\"audio_fileid\":0,\"duration\":0,\"play_url\":\"\",\"malicious_title_reason_id\":0,\"malicious_content_type\":0},{\"title\":\"UCLA陈俊Adv. Mater：摩擦纳米发电机用于治疗性电刺激\",\"digest\":\"摩擦纳米发电\",\"content\":\"\",\"fileid\":0,\"content_url\":\"http:\/\/mp.weixin.qq.com\/s?__biz=Mzg5ODE3NzY2MA==&amp;mid=2247515887&amp;idx=3&amp;sn=0c22ae39535b8c54f4cf4fff33646d95&amp;chksm=c06471fcf713f8ea85a9c4bf84d9e80385bb856feb69a5c6913fe57aa0be3f80fd07f33076c8&amp;scene=27#wechat_redirect\",\"source_url\":\"\",\"cover\":\"http:\/\/mmbiz.qpic.cn\/mmbiz_jpg\/PNgicOnq3dslUT9IGiatU6Qxibj5lxdrg2ib0bUsvFIPSl06uIicsBc7WU91q4xWu08hAAhQp7Fz8QXvRdmGtVTCjqQ\/0?wx_fmt=jpeg\",\"author\":\"NanoLab\",\"copyright_stat\":11,\"del_flag\":1,\"item_show_type\":0,\"audio_fileid\":0,\"duration\":0,\"play_url\":\"\",\"malicious_title_reason_id\":0,\"malicious_content_type\":0},{\"title\":\"华中师范大学尹军等人Chem. Soc. Rev：细菌荧光探针的研究进展\",\"digest\":\"自组装\",\"content\":\"\",\"fileid\":0,\"content_url\":\"http:\/\/mp.weixin.qq.com\/s?__biz=Mzg5ODE3NzY2MA==&amp;mid=2247515887&amp;idx=4&amp;sn=1bcf008c9f93df8027dbbcf3f74928f8&amp;chksm=c06471fcf713f8eacafbdc90c688b21799b54ba9c1409a7de3d596234439c3305feadadd2cb2&amp;scene=27#wechat_redirect\",\"source_url\":\"\",\"cover\":\"http:\/\/mmbiz.qpic.cn\/mmbiz_jpg\/PNgicOnq3dsn84tJ9TUtTqW9MhSu3Ucv0J1BAxmIUmGicRde6QbHnkKbakaNYDnBoMcUbFOUApRJJ62kGeyNVXtQ\/0?wx_fmt=jpeg\",\"author\":\"NanoLab\",\"copyright_stat\":11,\"del_flag\":1,\"item_show_type\":0,\"audio_fileid\":0,\"duration\":0,\"play_url\":\"\",\"malicious_title_reason_id\":0,\"malicious_content_type\":0},{\"title\":\"北京化工大学徐福建\/赵娜娜Biomaterials：生物矿化碳酸钙纳米混合体用于温和光热增强的基因治疗\",\"digest\":\"生物矿化\",\"content\":\"\",\"fileid\":0,\"content_url\":\"http:\/\/mp.weixin.qq.com\/s?__biz=Mzg5ODE3NzY2MA==&amp;mid=2247515887&amp;idx=5&amp;sn=5f22dce5d6e58ac72b93a9533b4c7f61&amp;chksm=c06471fcf713f8ea3742ec1ea32dd3b33d04a009504308c8404463f45084dc2c78d0937d0e36&amp;scene=27#wechat_redirect\",\"source_url\":\"\",\"cover\":\"http:\/\/mmbiz.qpic.cn\/mmbiz_jpg\/PNgicOnq3dslUT9IGiatU6Qxibj5lxdrg2ib7rZ68sfdEJnL098cxCkM55FbzpQflPKACQ0G8vyYmuOWrh3ZTjic19w\/0?wx_fmt=jpeg\",\"author\":\"NanoLab\",\"copyright_stat\":11,\"del_flag\":1,\"item_show_type\":0,\"audio_fileid\":0,\"duration\":0,\"play_url\":\"\",\"malicious_title_reason_id\":0,\"malicious_content_type\":0},{\"title\":\"Cell Metabolism：揭示黑色素瘤和肝脏之间的代谢关系\",\"digest\":\"代谢\",\"content\":\"\",\"fileid\":100006434,\"content_url\":\"http:\/\/mp.weixin.qq.com\/s?__biz=Mzg5ODE3NzY2MA==&amp;mid=2247515887&amp;idx=6&amp;sn=baac99d1f0fb1b3bc9f7901a16f804a9&amp;chksm=c06471fcf713f8eaefe8908ffda4ff0fb8e9af12f1fcee0f41c53a5db4fa531ea34762a36292&amp;scene=27#wechat_redirect\",\"source_url\":\"\",\"cover\":\"http:\/\/mmbiz.qpic.cn\/mmbiz_jpg\/PNgicOnq3dslUT9IGiatU6Qxibj5lxdrg2ibDYtibQTn6oXjEmSTvhLjAux3nazwEb0Gv0AeIQx9Cacw9cqFQnXrdEg\/0?wx_fmt=jpeg\",\"author\":\"NanoLab\",\"copyright_stat\":11,\"del_flag\":1,\"item_show_type\":0,\"audio_fileid\":0,\"duration\":0,\"play_url\":\"\",\"malicious_title_reason_id\":0,\"malicious_content_type\":0}],\"author\":\"NanoLab\",\"copyright_stat\":11,\"duration\":0,\"del_flag\":1,\"item_show_type\":0,\"audio_fileid\":0,\"play_url\":\"\",\"malicious_title_reason_id\":0,\"malicious_content_type\":0}},{\"comm_msg_info\":{\"id\":1000000641,\"type\":49,\"datetime\":1621600969,\"fakeid\":\"3898177660\",\"status\":2,\"content\":\"\"},\"app_msg_ext_info\":{\"title\":\"中国农业大学AFM封面：微针贴片直接递送纳米药物，用于减肥！\",\"digest\":\"\",\"content\":\"\",\"fileid\":100006778,\"content_url\":\"http:\/\/mp.weixin.qq.com\/s?__biz=Mzg5ODE3NzY2MA==&amp;mid=2247515850&amp;idx=1&amp;sn=f233bc09a309c5936e45a94ff7a860e3&amp;chksm=c06471d9f713f8cf5fe7acf71b40907f680be5ae1ed378b34e4b1d9a52c84322c041eb429184&amp;scene=27#wechat_redirect\",\"source_url\":\"\",\"cover\":\"http:\/\/mmbiz.qpic.cn\/mmbiz_jpg\/PNgicOnq3dsn84tJ9TUtTqW9MhSu3Ucv0wXqPIEQwTJVTtMDNSCSgS3TwoibiaJTXa6O0qdickFrZWq9PwPnj1NhfA\/0?wx_fmt=jpeg\",\"subtype\":9,\"is_multi\":1,\"multi_app_msg_item_list\":[{\"title\":\"因为文章挂名问题，导师竟要断绝师生关系...\",\"digest\":\"发文有风险，挂名需谨慎！\",\"content\":\"\",\"fileid\":100032097,\"content_url\":\"http:\/\/mp.weixin.qq.com\/s?__biz=Mzg5ODE3NzY2MA==&amp;mid=2247515850&amp;idx=2&amp;sn=62af56fdac884ad05ad0eaca1b0199ec&amp;chksm=c06471d9f713f8cf14ffdec821caf171be44edcc59731338ef8f41ce2bdeebb2562a0b5f4291&amp;scene=27#wechat_redirect\",\"source_url\":\"\",\"cover\":\"http:\/\/mmbiz.qpic.cn\/mmbiz_jpg\/PNgicOnq3dsnnBoLtb2xOkwriawJ2rcku7Vs8aHflCX3AWf6fVOKSxjog9vvkzMGYg6ZyicNZJqzc5NH4nF3X819A\/0?wx_fmt=jpeg\",\"author\":\"中科幻彩\",\"copyright_stat\":100,\"del_flag\":1,\"item_show_type\":0,\"audio_fileid\":0,\"duration\":0,\"play_url\":\"\",\"malicious_title_reason_id\":0,\"malicious_content_type\":0},{\"title\":\"浦侃裔Nature子刊：半导体聚合物纳米PROTACs用于可激活的光-免疫代谢治疗\",\"digest\":\"半导体聚合物\",\"content\":\"\",\"fileid\":100006442,\"content_url\":\"http:\/\/mp.weixin.qq.com\/s?__biz=Mzg5ODE3NzY2MA==&amp;mid=2247515850&amp;idx=3&amp;sn=834e9ff9ece4bb094fcd01a6e0b71ab3&amp;chksm=c06471d9f713f8cfeab3e854a7bf78b08d86b10f432999e79be9ab479a40d27a0f0fd8343968&amp;scene=27#wechat_redirect\",\"source_url\":\"\",\"cover\":\"http:\/\/mmbiz.qpic.cn\/mmbiz_jpg\/PNgicOnq3dsn84tJ9TUtTqW9MhSu3Ucv0OlOalQTrZ6liaP2ymzBabxOexZIuicjaBIcRa2rlt6Xno82icMDz0AZcw\/0?wx_fmt=jpeg\",\"author\":\"NanoLab\",\"copyright_stat\":14,\"del_flag\":1,\"item_show_type\":0,\"audio_fileid\":0,\"duration\":0,\"play_url\":\"\",\"malicious_title_reason_id\":0,\"malicious_content_type\":0},{\"title\":\"南京大学Angew：酶介导的原位自组装策略可促进体内生物正交反应以用于预定位多模态成像\",\"digest\":\"自组装\",\"content\":\"\",\"fileid\":0,\"content_url\":\"http:\/\/mp.weixin.qq.com\/s?__biz=Mzg5ODE3NzY2MA==&amp;mid=2247515850&amp;idx=4&amp;sn=a7afca930731caa96ada1912ba6d3e36&amp;chksm=c06471d9f713f8cf93afe0beb76e8c0c78d461e4767494c1a8c5ca2cc90bd335522ddcbc6857&amp;scene=27#wechat_redirect\",\"source_url\":\"\",\"cover\":\"http:\/\/mmbiz.qpic.cn\/mmbiz_jpg\/PNgicOnq3dsn84tJ9TUtTqW9MhSu3Ucv0J1BAxmIUmGicRde6QbHnkKbakaNYDnBoMcUbFOUApRJJ62kGeyNVXtQ\/0?wx_fmt=jpeg\",\"author\":\"NanoLab\",\"copyright_stat\":11,\"del_flag\":1,\"item_show_type\":0,\"audio_fileid\":0,\"duration\":0,\"play_url\":\"\",\"malicious_title_reason_id\":0,\"malicious_content_type\":0},{\"title\":\"复旦大学蒋晨Adv. Mater：仿生树突状分子-多肽偶联体可通过调节炎症微环境以治疗早期AD\",\"digest\":\"仿生\",\"content\":\"\",\"fileid\":0,\"content_url\":\"http:\/\/mp.weixin.qq.com\/s?__biz=Mzg5ODE3NzY2MA==&amp;mid=2247515850&amp;idx=5&amp;sn=b5b1e3bf883297353042e8a8a37d4526&amp;chksm=c06471d9f713f8cf351365b3ce96dba04291bf71a2c594102958bfe0a0676e9d39e3f53eb5c9&amp;scene=27#wechat_redirect\",\"source_url\":\"\",\"cover\":\"http:\/\/mmbiz.qpic.cn\/mmbiz_jpg\/PNgicOnq3dsn84tJ9TUtTqW9MhSu3Ucv0y1ChQ9oxwC8BV5y5JcBIrl2519ANVYdGBcEYNBgib3O1mBUFA50B7Xw\/0?wx_fmt=jpeg\",\"author\":\"NanoLab\",\"copyright_stat\":11,\"del_flag\":1,\"item_show_type\":0,\"audio_fileid\":0,\"duration\":0,\"play_url\":\"\",\"malicious_title_reason_id\":0,\"malicious_content_type\":0},{\"title\":\"华中科技大学Nano. Lett：近红外光驱动的产氧蓝藻细菌用于治疗缺血性中风\",\"digest\":\"纳米疫苗\",\"content\":\"\",\"fileid\":0,\"content_url\":\"http:\/\/mp.weixin.qq.com\/s?__biz=Mzg5ODE3NzY2MA==&amp;mid=2247515850&amp;idx=7&amp;sn=1520b5fe781c621dae0af91b5bd11639&amp;chksm=c06471d9f713f8cf0b45fede782bfba87c29d0584d8bb225f57248f275461a53447624d5aead&amp;scene=27#wechat_redirect\",\"source_url\":\"\",\"cover\":\"http:\/\/mmbiz.qpic.cn\/mmbiz_jpg\/PNgicOnq3dsnnBoLtb2xOkwriawJ2rcku7lSxmu20iaTeMOougI5pGw4B9Tfvpiblpg7LYGxaTbAypGfW358ydJutA\/0?wx_fmt=jpeg\",\"author\":\"NanoLab\",\"copyright_stat\":11,\"del_flag\":1,\"item_show_type\":0,\"audio_fileid\":0,\"duration\":0,\"play_url\":\"\",\"malicious_title_reason_id\":0,\"malicious_content_type\":0}],\"author\":\"NanoLab\",\"copyright_stat\":11,\"duration\":0,\"del_flag\":1,\"item_show_type\":0,\"audio_fileid\":0,\"play_url\":\"\",\"malicious_title_reason_id\":0,\"malicious_content_type\":0}},{\"comm_msg_info\":{\"id\":1000000640,\"type\":49,\"datetime\":1621516913,\"fakeid\":\"3898177660\",\"status\":2,\"content\":\"\"},\"app_msg_ext_info\":{\"title\":\"李亚栋\/阎锡蕴两位院士联手Nature Catalysis！\",\"digest\":\"纳米酶\",\"content\":\"\",\"fileid\":100006442,\"content_url\":\"http:\/\/mp.weixin.qq.com\/s?__biz=Mzg5ODE3NzY2MA==&amp;mid=2247515803&amp;idx=1&amp;sn=9741da76b3ea267a1dd8b6d25b3c3e26&amp;chksm=c0647188f713f89e904600c1bc0dc67b6b26ff871aa4e919ba216da71dd7446e19792bdb1045&amp;scene=27#wechat_redirect\",\"source_url\":\"\",\"cover\":\"http:\/\/mmbiz.qpic.cn\/mmbiz_jpg\/PNgicOnq3dsnnBoLtb2xOkwriawJ2rcku7xv8dlGcb4rjQaY1pAL2UrcNt8p9bTA8nEiaWQBelqgLlFHHtIV5SJ0A\/0?wx_fmt=jpeg\",\"subtype\":9,\"is_multi\":1,\"multi_app_msg_item_list\":[{\"title\":\"AFM: 直接在体内原位形成气管支架！\",\"digest\":\"生物材料\",\"content\":\"\",\"fileid\":0,\"content_url\":\"http:\/\/mp.weixin.qq.com\/s?__biz=Mzg5ODE3NzY2MA==&amp;mid=2247515803&amp;idx=2&amp;sn=c490013a2a0ff91e570ed7c8392a8454&amp;chksm=c0647188f713f89ed0bfab93b131e9b532deee274c2c3349e75bc01ca8403ebbc15d38347570&amp;scene=27#wechat_redirect\",\"source_url\":\"\",\"cover\":\"http:\/\/mmbiz.qpic.cn\/mmbiz_jpg\/PNgicOnq3dsnnBoLtb2xOkwriawJ2rcku7TmcaNLwEAG9tibXy9Dia5jX9psVOw95h89b8gRa7F6hbYM4yrfTW5lpQ\/0?wx_fmt=jpeg\",\"author\":\"NanoLab\",\"copyright_stat\":11,\"del_flag\":1,\"item_show_type\":0,\"audio_fileid\":0,\"duration\":0,\"play_url\":\"\",\"malicious_title_reason_id\":0,\"malicious_content_type\":0},{\"title\":\"西南交大周绍兵\/郭星Nano. Lett：载有纳米粒的大肠杆菌联合ICD的癌症治疗策略\",\"digest\":\"大肠杆菌\",\"content\":\"\",\"fileid\":0,\"content_url\":\"http:\/\/mp.weixin.qq.com\/s?__biz=Mzg5ODE3NzY2MA==&amp;mid=2247515803&amp;idx=3&amp;sn=7507934096b0aad174944ee137a95464&amp;chksm=c0647188f713f89e312798f9197dec27bcc3b8d5ab23de8ca05515af989da136a9e44cd6a551&amp;scene=27#wechat_redirect\",\"source_url\":\"\",\"cover\":\"http:\/\/mmbiz.qpic.cn\/mmbiz_jpg\/PNgicOnq3dsnnBoLtb2xOkwriawJ2rcku7bAubfNzNvpib4UeO1wuECbxRwDuUzcY9NnjkGJAswYz0NCzZtypTpfA\/0?wx_fmt=jpeg\",\"author\":\"NanoLab\",\"copyright_stat\":11,\"del_flag\":1,\"item_show_type\":0,\"audio_fileid\":0,\"duration\":0,\"play_url\":\"\",\"malicious_title_reason_id\":0,\"malicious_content_type\":0},{\"title\":\"浙江大学唐建斌Biomaterials：可通过MRI示踪的治疗性纳米疫苗用于预防癌症肝转移\",\"digest\":\"纳米疫苗\",\"content\":\"\",\"fileid\":0,\"content_url\":\"http:\/\/mp.weixin.qq.com\/s?__biz=Mzg5ODE3NzY2MA==&amp;mid=2247515803&amp;idx=4&amp;sn=49147e084caa36bc30044b55136ffda0&amp;chksm=c0647188f713f89e6d84d41f4074614f3bce330ee27b904bde156cd021c18be9ee32c497eea8&amp;scene=27#wechat_redirect\",\"source_url\":\"\",\"cover\":\"http:\/\/mmbiz.qpic.cn\/mmbiz_jpg\/PNgicOnq3dsnnBoLtb2xOkwriawJ2rcku7lSxmu20iaTeMOougI5pGw4B9Tfvpiblpg7LYGxaTbAypGfW358ydJutA\/0?wx_fmt=jpeg\",\"author\":\"NanoLab\",\"copyright_stat\":11,\"del_flag\":1,\"item_show_type\":0,\"audio_fileid\":0,\"duration\":0,\"play_url\":\"\",\"malicious_title_reason_id\":0,\"malicious_content_type\":0},{\"title\":\"上海交大葛志磊\/牟姗Nano. Lett：DNA纳米器件可对急性肾损伤进行连续治疗\",\"digest\":\"DNA纳米器件\",\"content\":\"\",\"fileid\":0,\"content_url\":\"http:\/\/mp.weixin.qq.com\/s?__biz=Mzg5ODE3NzY2MA==&amp;mid=2247515803&amp;idx=5&amp;sn=c540793ee8845084f3010866b8e654d8&amp;chksm=c0647188f713f89e8d9a61588ab0013bc443d0b08ca29f3c3a822d05ed47309f3b45b946793c&amp;scene=27#wechat_redirect\",\"source_url\":\"\",\"cover\":\"http:\/\/mmbiz.qpic.cn\/mmbiz_jpg\/PNgicOnq3dsnnBoLtb2xOkwriawJ2rcku7ynOqXPDSnmwibasnMM2JLy9Uwk2o9kSzb2dwyjH6uAlA5lTTiaibPV1fg\/0?wx_fmt=jpeg\",\"author\":\"NanoLab\",\"copyright_stat\":11,\"del_flag\":1,\"item_show_type\":0,\"audio_fileid\":0,\"duration\":0,\"play_url\":\"\",\"malicious_title_reason_id\":0,\"malicious_content_type\":0},{\"title\":\"上海交大刘小果Angew：DNA框架工程的长程静电相互作用用于DNA杂交反应\",\"digest\":\"\",\"content\":\"\",\"fileid\":0,\"content_url\":\"http:\/\/mp.weixin.qq.com\/s?__biz=Mzg5ODE3NzY2MA==&amp;mid=2247515803&amp;idx=6&amp;sn=5e91b57efd095cd1ee9859346e82b618&amp;chksm=c0647188f713f89ebedd97a2d8c5d5829c05454ec904c36d6c4140bd52d053f2805a14f5146c&amp;scene=27#wechat_redirect\",\"source_url\":\"\",\"cover\":\"http:\/\/mmbiz.qpic.cn\/mmbiz_jpg\/PNgicOnq3dsnnBoLtb2xOkwriawJ2rcku7YBy1FpGvJKdDicvF3OLYUWuPlmlPOmrPooyflF0roAC6R8jBvghtibZQ\/0?wx_fmt=jpeg\",\"author\":\"NanoLab\",\"copyright_stat\":11,\"del_flag\":1,\"item_show_type\":0,\"audio_fileid\":0,\"duration\":0,\"play_url\":\"\",\"malicious_title_reason_id\":0,\"malicious_content_type\":0},{\"title\":\"不会画科研绘图？这里有半价！\",\"digest\":\"科研狗的520爱情和绘图更配哟！好马配好鞍好的文章怎能没有好的配图！不会画图怎么办？画图太贵怎么办？别担心这\",\"content\":\"\",\"fileid\":100012388,\"content_url\":\"http:\/\/mp.weixin.qq.com\/s?__biz=Mzg5ODE3NzY2MA==&amp;mid=2247515803&amp;idx=7&amp;sn=b6387b4f7d5d37cbd27739a056dbaff2&amp;chksm=c0647188f713f89eab91e3719dedd72ec9eec1db514930e8d8a99e938acde8d504c1fd35de26&amp;scene=27#wechat_redirect\",\"source_url\":\"\",\"cover\":\"http:\/\/mmbiz.qpic.cn\/mmbiz_jpg\/PNgicOnq3dslAu98vjtUxIVTSCuYwLyQESrx5A4FcbB61NFK8j1ysv9Xr5ZQRhME176433YiaWqYD07f6ZVcKufw\/0?wx_fmt=jpeg\",\"author\":\"画微堂\",\"copyright_stat\":100,\"del_flag\":1,\"item_show_type\":0,\"audio_fileid\":0,\"duration\":0,\"play_url\":\"\",\"malicious_title_reason_id\":0,\"malicious_content_type\":0}],\"author\":\"NanoLab\",\"copyright_stat\":11,\"duration\":0,\"del_flag\":1,\"item_show_type\":0,\"audio_fileid\":0,\"play_url\":\"\",\"malicious_title_reason_id\":0,\"malicious_content_type\":0}},{\"comm_msg_info\":{\"id\":1000000639,\"type\":49,\"datetime\":1621429554,\"fakeid\":\"3898177660\",\"status\":2,\"content\":\"\"},\"app_msg_ext_info\":{\"title\":\"纳米能源所Nature子刊：徽章状可穿戴传感器，可帮助矫正坐姿！\",\"digest\":\"\",\"content\":\"\",\"fileid\":100006442,\"content_url\":\"http:\/\/mp.weixin.qq.com\/s?__biz=Mzg5ODE3NzY2MA==&amp;mid=2247515743&amp;idx=1&amp;sn=a46507ede86e567bd381dbfb17b71924&amp;chksm=c064714cf713f85a7b51e737bddaf63701cc85eeda48c52cf2be12fd1c826875685b2788e343&amp;scene=27#wechat_redirect\",\"source_url\":\"\",\"cover\":\"http:\/\/mmbiz.qpic.cn\/mmbiz_jpg\/PNgicOnq3dsk0hSsZZGCA4ezwnuA9z5NM7o5glogFdia8E7jlPa3JoVspj87njpTbb8357Xfm8ch5oIMG6aFwCYA\/0?wx_fmt=jpeg\",\"subtype\":9,\"is_multi\":1,\"multi_app_msg_item_list\":[{\"title\":\"科研绘图，半价！\",\"digest\":\"科研狗的520爱情和绘图更配哟！好马配好鞍好的文章怎能没有好的配图！不会画图怎么办？画图太贵怎么办？别担心这\",\"content\":\"\",\"fileid\":100012388,\"content_url\":\"http:\/\/mp.weixin.qq.com\/s?__biz=Mzg5ODE3NzY2MA==&amp;mid=2247515743&amp;idx=2&amp;sn=e44e91a209cc5add26ff093610c19e5a&amp;chksm=c064714cf713f85af4fdaa39a24ab28dbffd9a2bba6cf296d4631470f69fbe0a8c0f996d8380&amp;scene=27#wechat_redirect\",\"source_url\":\"\",\"cover\":\"http:\/\/mmbiz.qpic.cn\/mmbiz_jpg\/PNgicOnq3dslAu98vjtUxIVTSCuYwLyQESrx5A4FcbB61NFK8j1ysv9Xr5ZQRhME176433YiaWqYD07f6ZVcKufw\/0?wx_fmt=jpeg\",\"author\":\"画微堂\",\"copyright_stat\":100,\"del_flag\":1,\"item_show_type\":0,\"audio_fileid\":0,\"duration\":0,\"play_url\":\"\",\"malicious_title_reason_id\":0,\"malicious_content_type\":0},{\"title\":\"北京大学汪贻广Nano Lett.：一种共自组装纳米颗粒用于协同肿瘤化疗-免疫治疗\",\"digest\":\"自组装\",\"content\":\"\",\"fileid\":0,\"content_url\":\"http:\/\/mp.weixin.qq.com\/s?__biz=Mzg5ODE3NzY2MA==&amp;mid=2247515743&amp;idx=3&amp;sn=7ebe6d78c8435694612ce240d9499386&amp;chksm=c064714cf713f85a6fea5767505e5e64c986406a33139152fba029ba29a08f1b1a6f6cdc237d&amp;scene=27#wechat_redirect\",\"source_url\":\"\",\"cover\":\"http:\/\/mmbiz.qpic.cn\/mmbiz_jpg\/PNgicOnq3dsk0hSsZZGCA4ezwnuA9z5NMeibdAM6vxKl78CQpp0y4IALJGNKhI8whK0ISG8jH5gVwiagBZeFRrPdA\/0?wx_fmt=jpeg\",\"author\":\"NanoLab\",\"copyright_stat\":100,\"del_flag\":1,\"item_show_type\":0,\"audio_fileid\":0,\"duration\":0,\"play_url\":\"\",\"malicious_title_reason_id\":0,\"malicious_content_type\":0},{\"title\":\"大连化物所​刘宇Angew：一种检测活细胞无定形蛋白聚集的晶化诱导发射探针的合理设计方法\",\"digest\":\"\",\"content\":\"\",\"fileid\":0,\"content_url\":\"http:\/\/mp.weixin.qq.com\/s?__biz=Mzg5ODE3NzY2MA==&amp;mid=2247515743&amp;idx=4&amp;sn=a3e2811571bfeaa987039b15c8645be0&amp;chksm=c064714cf713f85a852f7e461ae9c469074ce3f6d69d125e4b06334b3a028e90b387d3734309&amp;scene=27#wechat_redirect\",\"source_url\":\"\",\"cover\":\"http:\/\/mmbiz.qpic.cn\/mmbiz_jpg\/PNgicOnq3dsk0hSsZZGCA4ezwnuA9z5NMEEvEibGqAnHSUyxgzXvwco9SBvftNjVvLbF4fCP08GibuABuQoW3HWqw\/0?wx_fmt=jpeg\",\"author\":\"NanoLab\",\"copyright_stat\":11,\"del_flag\":1,\"item_show_type\":0,\"audio_fileid\":0,\"duration\":0,\"play_url\":\"\",\"malicious_title_reason_id\":0,\"malicious_content_type\":0},{\"title\":\"东华大学丁彬\/张世超AFM：原位合成透明纳米纤维增强水凝胶用于高灵敏的多重传感\",\"digest\":\"水凝胶\",\"content\":\"\",\"fileid\":0,\"content_url\":\"http:\/\/mp.weixin.qq.com\/s?__biz=Mzg5ODE3NzY2MA==&amp;mid=2247515743&amp;idx=5&amp;sn=7f4baab42c16d215a1e48242678bf33f&amp;chksm=c064714cf713f85aa17f767da738c9d0b8e609c25620304ec935c6627da3944aec6289bb4e7a&amp;scene=27#wechat_redirect\",\"source_url\":\"\",\"cover\":\"http:\/\/mmbiz.qpic.cn\/mmbiz_jpg\/PNgicOnq3dsk0hSsZZGCA4ezwnuA9z5NMAKBiboalYsicZBN2lyibDFR1eedgeLoibGiaaNvibqNXVxrGbeM7nsSGnhdw\/0?wx_fmt=jpeg\",\"author\":\"NanoLab\",\"copyright_stat\":100,\"del_flag\":1,\"item_show_type\":0,\"audio_fileid\":0,\"duration\":0,\"play_url\":\"\",\"malicious_title_reason_id\":0,\"malicious_content_type\":0},{\"title\":\"Nature Biotechnology：通过纳米孔测序对天然RNA中的假尿苷化动力学进行了定量分析\",\"digest\":\"免疫抑制纳米颗粒\",\"content\":\"\",\"fileid\":100006442,\"content_url\":\"http:\/\/mp.weixin.qq.com\/s?__biz=Mzg5ODE3NzY2MA==&amp;mid=2247515743&amp;idx=6&amp;sn=78b4466318a063288e695c7c1d15f1b4&amp;chksm=c064714cf713f85af1a3b30a54569437a248fadaf133c0f2ada962c968061d3840668e6a00f7&amp;scene=27#wechat_redirect\",\"source_url\":\"\",\"cover\":\"http:\/\/mmbiz.qpic.cn\/mmbiz_jpg\/PNgicOnq3dsk0hSsZZGCA4ezwnuA9z5NMmnRgOgDKlOo0SClA5u5fAcCAhW6cUADtPnyIBqa5UAz5Fy2Mnv7ibpQ\/0?wx_fmt=jpeg\",\"author\":\"NanoLab\",\"copyright_stat\":100,\"del_flag\":1,\"item_show_type\":0,\"audio_fileid\":0,\"duration\":0,\"play_url\":\"\",\"malicious_title_reason_id\":0,\"malicious_content_type\":0},{\"title\":\"哈工大\/南工大Anal. Chem：超长有机磷光纳米颗粒用于在活细胞和斑马鱼中进行显微余辉生物成像\",\"digest\":\"超长有机磷光\",\"content\":\"\",\"fileid\":0,\"content_url\":\"http:\/\/mp.weixin.qq.com\/s?__biz=Mzg5ODE3NzY2MA==&amp;mid=2247515743&amp;idx=7&amp;sn=60d85ae15fede7cbdbce0c841110fffb&amp;chksm=c064714cf713f85ab599595edebdf8bda5f04d9ae5e97100919e5d6717bfb97bfeb150f509ab&amp;scene=27#wechat_redirect\",\"source_url\":\"\",\"cover\":\"http:\/\/mmbiz.qpic.cn\/mmbiz_jpg\/PNgicOnq3dsk0hSsZZGCA4ezwnuA9z5NM8Ilf6D1miblUvibor6eT767WbYO3pSfnVdFUicQZ376Rd8O9vcAVCZ7ZA\/0?wx_fmt=jpeg\",\"author\":\"NanoLab\",\"copyright_stat\":100,\"del_flag\":1,\"item_show_type\":0,\"audio_fileid\":0,\"duration\":0,\"play_url\":\"\",\"malicious_title_reason_id\":0,\"malicious_content_type\":0}],\"author\":\"NanoLab\",\"copyright_stat\":11,\"duration\":0,\"del_flag\":1,\"item_show_type\":0,\"audio_fileid\":0,\"play_url\":\"\",\"malicious_title_reason_id\":0,\"malicious_content_type\":0}},{\"comm_msg_info\":{\"id\":1000000638,\"type\":49,\"datetime\":1621342490,\"fakeid\":\"3898177660\",\"status\":2,\"content\":\"\"},\"app_msg_ext_info\":{\"title\":\"纳米银，勇登Nature Nanotechnology！\",\"digest\":\"探讨细胞中银纳米颗粒的细胞结合、摄取和生物转化\",\"content\":\"\",\"fileid\":100006442,\"content_url\":\"http:\/\/mp.weixin.qq.com\/s?__biz=Mzg5ODE3NzY2MA==&amp;mid=2247515703&amp;idx=1&amp;sn=f3063c2acefc344b774e141f09bbfb89&amp;chksm=c0647124f713f832360a0ab33f6554877ccab59e4e20d1f5c6b8615427d972c446e5480a32b7&amp;scene=27#wechat_redirect\",\"source_url\":\"\",\"cover\":\"http:\/\/mmbiz.qpic.cn\/mmbiz_jpg\/PNgicOnq3dsm12acJPQia91hN5iapmYuiaTT0aBwL8c2ic69NzT1F5nPeQXmnAEFoqUAhn67sNpaOiccOg5JTPmkvR7g\/0?wx_fmt=jpeg\",\"subtype\":9,\"is_multi\":1,\"multi_app_msg_item_list\":[{\"title\":\"那些和同门师兄谈恋爱的人后来都怎么样了\",\"digest\":\"你会接受同门师兄的追求吗？\",\"content\":\"\",\"fileid\":100031982,\"content_url\":\"http:\/\/mp.weixin.qq.com\/s?__biz=Mzg5ODE3NzY2MA==&amp;mid=2247515703&amp;idx=2&amp;sn=3f42eab6608e6d6e04acaba5067f48cb&amp;chksm=c0647124f713f83201b87f2d59e479e8004f6f27ed361fd1f508bc26bece4d69a89b6b530021&amp;scene=27#wechat_redirect\",\"source_url\":\"\",\"cover\":\"http:\/\/mmbiz.qpic.cn\/mmbiz_jpg\/PNgicOnq3dslAu98vjtUxIVTSCuYwLyQEbxKITe1XK8anoXz8nAcwxoA1M2I8xoaiaia6MXtChQuNAB20qf6GCzyg\/0?wx_fmt=jpeg\",\"author\":\"中科幻彩\",\"copyright_stat\":100,\"del_flag\":1,\"item_show_type\":0,\"audio_fileid\":0,\"duration\":0,\"play_url\":\"\",\"malicious_title_reason_id\":0,\"malicious_content_type\":0},{\"title\":\"Chem. Rev：利用可生物降解的聚合物制备生物医学支架\",\"digest\":\"杜克大学Matthew L. Becker对利用可生物降解的聚合物制备生物医学支架的相关研究进展进行了综述。\",\"content\":\"\",\"fileid\":0,\"content_url\":\"http:\/\/mp.weixin.qq.com\/s?__biz=Mzg5ODE3NzY2MA==&amp;mid=2247515703&amp;idx=3&amp;sn=f2f4429966acdcce5c467b8a78820eb0&amp;chksm=c0647124f713f832ef7babe8ba6ca3bb3c5458365bb407f458811c38b4a38244661c47bc1328&amp;scene=27#wechat_redirect\",\"source_url\":\"\",\"cover\":\"http:\/\/mmbiz.qpic.cn\/mmbiz_jpg\/PNgicOnq3dsm12acJPQia91hN5iapmYuiaTTC0EibTUdcibIcOzyxEhic2zLLxmeEoDwhicdesadcnNW3qCibTOLwt81X9g\/0?wx_fmt=jpeg\",\"author\":\"NanoLab\",\"copyright_stat\":11,\"del_flag\":1,\"item_show_type\":0,\"audio_fileid\":0,\"duration\":0,\"play_url\":\"\",\"malicious_title_reason_id\":0,\"malicious_content_type\":0},{\"title\":\"陈小元\/常津\/田蕊Adv. Mater：非光诱导的X动力学癌症治疗策略\",\"digest\":\"\",\"content\":\"\",\"fileid\":0,\"content_url\":\"http:\/\/mp.weixin.qq.com\/s?__biz=Mzg5ODE3NzY2MA==&amp;mid=2247515703&amp;idx=4&amp;sn=f3c2911dfbec9a755b754ecbddbf8aa3&amp;chksm=c0647124f713f832c0ff29e81deaba88a8d97662cd4a81af99b484b3b1328d48f0e0131badfd&amp;scene=27#wechat_redirect\",\"source_url\":\"\",\"cover\":\"http:\/\/mmbiz.qpic.cn\/mmbiz_jpg\/PNgicOnq3dsm12acJPQia91hN5iapmYuiaTTldeX5mrmYFYymk3ADdbaelNiagMcuS1HyddPKa52uibvnRibRwA4uSnHA\/0?wx_fmt=jpeg\",\"author\":\"NanoLab\",\"copyright_stat\":11,\"del_flag\":1,\"item_show_type\":0,\"audio_fileid\":0,\"duration\":0,\"play_url\":\"\",\"malicious_title_reason_id\":0,\"malicious_content_type\":0},{\"title\":\"苏州大学汪超ACS Nano：免疫抑制纳米颗粒用于肝脏免疫相关不良事件的管理\",\"digest\":\"免疫抑制纳米颗粒\",\"content\":\"\",\"fileid\":0,\"content_url\":\"http:\/\/mp.weixin.qq.com\/s?__biz=Mzg5ODE3NzY2MA==&amp;mid=2247515703&amp;idx=5&amp;sn=0cfb9c4912f88281fa3d4b6bb74d8707&amp;chksm=c0647124f713f832414cf3d1aae5c4c7b805174c6eaa0629fcd54cad675e5dfe0ba404c395f9&amp;scene=27#wechat_redirect\",\"source_url\":\"\",\"cover\":\"http:\/\/mmbiz.qpic.cn\/mmbiz_jpg\/PNgicOnq3dsm12acJPQia91hN5iapmYuiaTTiaq3OyCHM87qYwTiavoibibJRkUmwiamncxoKODYgADrgEDDkIkrAZ9iatrg\/0?wx_fmt=jpeg\",\"author\":\"NanoLab\",\"copyright_stat\":100,\"del_flag\":1,\"item_show_type\":0,\"audio_fileid\":0,\"duration\":0,\"play_url\":\"\",\"malicious_title_reason_id\":0,\"malicious_content_type\":0},{\"title\":\"Nature子刊：工程化红细胞用于治疗同种异体肿瘤\",\"digest\":\"工程化红细胞\",\"content\":\"\",\"fileid\":100006442,\"content_url\":\"http:\/\/mp.weixin.qq.com\/s?__biz=Mzg5ODE3NzY2MA==&amp;mid=2247515703&amp;idx=6&amp;sn=a01b70b616c49d1dfda218a8caf6d253&amp;chksm=c0647124f713f832374b54ee5f2eb4d120c65e6afe544602c6534a749748c6cb8448f1238a1e&amp;scene=27#wechat_redirect\",\"source_url\":\"\",\"cover\":\"http:\/\/mmbiz.qpic.cn\/mmbiz_jpg\/PNgicOnq3dsm12acJPQia91hN5iapmYuiaTT0aBwL8c2ic69NzT1F5nPeQXmnAEFoqUAhn67sNpaOiccOg5JTPmkvR7g\/0?wx_fmt=jpeg\",\"author\":\"NanoLab\",\"copyright_stat\":11,\"del_flag\":1,\"item_show_type\":0,\"audio_fileid\":0,\"duration\":0,\"play_url\":\"\",\"malicious_title_reason_id\":0,\"malicious_content_type\":0},{\"title\":\"Nature：免疫系统衰老会导致实体器官衰老\",\"digest\":\"免疫\",\"content\":\"\",\"fileid\":100006442,\"content_url\":\"http:\/\/mp.weixin.qq.com\/s?__biz=Mzg5ODE3NzY2MA==&amp;mid=2247515703&amp;idx=7&amp;sn=4a8dd9432b518a2af76e5eb7999486d1&amp;chksm=c0647124f713f832186f243a0a4bc89dc2b8fbf1f07888bd56a8d82858845f4b565a3671a4c9&amp;scene=27#wechat_redirect\",\"source_url\":\"\",\"cover\":\"http:\/\/mmbiz.qpic.cn\/mmbiz_jpg\/PNgicOnq3dsm12acJPQia91hN5iapmYuiaTT0aBwL8c2ic69NzT1F5nPeQXmnAEFoqUAhn67sNpaOiccOg5JTPmkvR7g\/0?wx_fmt=jpeg\",\"author\":\"NanoLab\",\"copyright_stat\":11,\"del_flag\":1,\"item_show_type\":0,\"audio_fileid\":0,\"duration\":0,\"play_url\":\"\",\"malicious_title_reason_id\":0,\"malicious_content_type\":0},{\"title\":\"AM: 3D打印一次性纸质超级电容器\",\"digest\":\"3D打印\",\"content\":\"\",\"fileid\":0,\"content_url\":\"http:\/\/mp.weixin.qq.com\/s?__biz=Mzg5ODE3NzY2MA==&amp;mid=2247515703&amp;idx=8&amp;sn=0213b319f767cb36fefce38c53a36092&amp;chksm=c0647124f713f83270391e3a0cd555a95458b6b93c0b61a53b8ff4db86ad673fffa12e264fbf&amp;scene=27#wechat_redirect\",\"source_url\":\"\",\"cover\":\"http:\/\/mmbiz.qpic.cn\/mmbiz_jpg\/PNgicOnq3dsm12acJPQia91hN5iapmYuiaTTV4effe7ibxoEsAGd9FNMRsA2NgIp6Ug0Wy9ho5hpQw4I4RS2xOy3f4A\/0?wx_fmt=jpeg\",\"author\":\"NanoLab\",\"copyright_stat\":11,\"del_flag\":1,\"item_show_type\":0,\"audio_fileid\":0,\"duration\":0,\"play_url\":\"\",\"malicious_title_reason_id\":0,\"malicious_content_type\":0}],\"author\":\"NanoLab\",\"copyright_stat\":11,\"duration\":0,\"del_flag\":1,\"item_show_type\":0,\"audio_fileid\":0,\"play_url\":\"\",\"malicious_title_reason_id\":0,\"malicious_content_type\":0}},{\"comm_msg_info\":{\"id\":1000000637,\"type\":49,\"datetime\":1621255913,\"fakeid\":\"3898177660\",\"status\":2,\"content\":\"\"},\"app_msg_ext_info\":{\"title\":\"RNA折纸，最新Nature Chemistry！\",\"digest\":\"RNA折纸是纳米支架模块化设计的框架，可以将其从RNA的单链上折叠起来，并用于设计组装纳米级精度的分子成分。\",\"content\":\"\",\"fileid\":100006442,\"content_url\":\"http:\/\/mp.weixin.qq.com\/s?__biz=Mzg5ODE3NzY2MA==&amp;mid=2247515629&amp;idx=1&amp;sn=67f4061b1f87483f18f6d4e98a1ec103&amp;chksm=c06472fef713fbe87269cbaf242901808dec6ff273b39910f225b6c08bee14493239a49acdd8&amp;scene=27#wechat_redirect\",\"source_url\":\"\",\"cover\":\"http:\/\/mmbiz.qpic.cn\/mmbiz_jpg\/PNgicOnq3dslAu98vjtUxIVTSCuYwLyQEp9XF3jdgphxwtX87yian1wynPOvCia0YkV9PkhPf7YZj6iajs5v4fkAXw\/0?wx_fmt=jpeg\",\"subtype\":9,\"is_multi\":1,\"multi_app_msg_item_list\":[{\"title\":\"中稿上百篇顶刊封面，论文配图，我只服他！\",\"digest\":\"科研狗的520爱情和绘图更配哟！好马配好鞍好的文章怎能没有好的配图！不会画图怎么办？画图太贵怎么办？别担心这\",\"content\":\"\",\"fileid\":100012388,\"content_url\":\"http:\/\/mp.weixin.qq.com\/s?__biz=Mzg5ODE3NzY2MA==&amp;mid=2247515629&amp;idx=2&amp;sn=56b9928178fd5cc16a0cfe4ff3dc9398&amp;chksm=c06472fef713fbe8bcb1d9617d3dccb4191e901370e4c7b1944aa5c862c303243098d2742b4a&amp;scene=27#wechat_redirect\",\"source_url\":\"\",\"cover\":\"http:\/\/mmbiz.qpic.cn\/mmbiz_jpg\/PNgicOnq3dslAu98vjtUxIVTSCuYwLyQESrx5A4FcbB61NFK8j1ysv9Xr5ZQRhME176433YiaWqYD07f6ZVcKufw\/0?wx_fmt=jpeg\",\"author\":\"画微堂\",\"copyright_stat\":100,\"del_flag\":1,\"item_show_type\":0,\"audio_fileid\":0,\"duration\":0,\"play_url\":\"\",\"malicious_title_reason_id\":0,\"malicious_content_type\":0},{\"title\":\"JACS：叶酸笼状蛋白实现癌症选择性靶向降解\",\"digest\":\"PROTACs（靶向嵌合体的蛋白质水解）是一类通过劫持细胞泛素-蛋白酶体系统来降解细胞内的蛋白质靶点的新兴治\",\"content\":\"\",\"fileid\":0,\"content_url\":\"http:\/\/mp.weixin.qq.com\/s?__biz=Mzg5ODE3NzY2MA==&amp;mid=2247515629&amp;idx=3&amp;sn=529eb401435d386e7a924237d88b5089&amp;chksm=c06472fef713fbe81ffb61f6e57e3372250cc13018fa560438707ddc5f290d753dbfe725b693&amp;scene=27#wechat_redirect\",\"source_url\":\"\",\"cover\":\"http:\/\/mmbiz.qpic.cn\/mmbiz_jpg\/PNgicOnq3dslAu98vjtUxIVTSCuYwLyQEa4FOD7JibFzibicfic3LUTbmzCx2icGQ0AleAocibldsniaffS2n9M5ZfOmiaw\/0?wx_fmt=jpeg\",\"author\":\"NanoLab\",\"copyright_stat\":11,\"del_flag\":1,\"item_show_type\":0,\"audio_fileid\":0,\"duration\":0,\"play_url\":\"\",\"malicious_title_reason_id\":0,\"malicious_content_type\":0}],\"author\":\"NanoLab\",\"copyright_stat\":11,\"duration\":0,\"del_flag\":1,\"item_show_type\":0,\"audio_fileid\":0,\"play_url\":\"\",\"malicious_title_reason_id\":0,\"malicious_content_type\":0}},{\"comm_msg_info\":{\"id\":1000000636,\"type\":49,\"datetime\":1621160270,\"fakeid\":\"3898177660\",\"status\":2,\"content\":\"\"},\"app_msg_ext_info\":{\"title\":\"狂发87000篇论文，材料表征测试到底该怎么做？\",\"digest\":\"材料表征测试\",\"content\":\"\",\"fileid\":100005137,\"content_url\":\"http:\/\/mp.weixin.qq.com\/s?__biz=Mzg5ODE3NzY2MA==&amp;mid=2247515576&amp;idx=1&amp;sn=7c47c3579d5541202396298c8ababafc&amp;chksm=c06472abf713fbbde2989bc57f0e969080bd694911b92a028b7ca46d57d2ffd608cc7212ceb6&amp;scene=27#wechat_redirect\",\"source_url\":\"\",\"cover\":\"http:\/\/mmbiz.qpic.cn\/mmbiz_jpg\/PNgicOnq3dsmvpLTpkYnDAPNWoHpuJqQB2ia2Ml1GlqfaQpMNVgmmib3wTjUB6KFVMLP1U2Su2CVtxy102jqWueeA\/0?wx_fmt=jpeg\",\"subtype\":9,\"is_multi\":1,\"multi_app_msg_item_list\":[{\"title\":\"武培怡Mater. Horiz.：一种在水环境中具有强粘附的高透明离子凝胶\",\"digest\":\"\",\"content\":\"\",\"fileid\":0,\"content_url\":\"http:\/\/mp.weixin.qq.com\/s?__biz=Mzg5ODE3NzY2MA==&amp;mid=2247515576&amp;idx=2&amp;sn=19be679580a3a8f03b3658f907039c52&amp;chksm=c06472abf713fbbd17c126bc4654d74faad94a2d1124a2ca655606b7aaed53d2f7222bde66b4&amp;scene=27#wechat_redirect\",\"source_url\":\"\",\"cover\":\"http:\/\/mmbiz.qpic.cn\/mmbiz_jpg\/PNgicOnq3dsm2Gg1Gl9lPQ9z3aWGKHuAK3lUwX0wgXfjySkhgWG48YwlvED5rrucy2dibpmxejM4B5aEUmmeK08Q\/0?wx_fmt=jpeg\",\"author\":\"NanoLab\",\"copyright_stat\":11,\"del_flag\":1,\"item_show_type\":0,\"audio_fileid\":0,\"duration\":0,\"play_url\":\"\",\"malicious_title_reason_id\":0,\"malicious_content_type\":0},{\"title\":\"杨志谋\/李宸Adv. Sci：仿胰岛素的超分子水凝胶用于预防糖尿病\",\"digest\":\"水凝胶\",\"content\":\"\",\"fileid\":0,\"content_url\":\"http:\/\/mp.weixin.qq.com\/s?__biz=Mzg5ODE3NzY2MA==&amp;mid=2247515576&amp;idx=3&amp;sn=e5fd5e36d64da66834e43b25a8134116&amp;chksm=c06472abf713fbbdf5e6f30adec2f0fabab1d9a7c8a3e337e91e8c33a8ca6f906d33d38251ca&amp;scene=27#wechat_redirect\",\"source_url\":\"\",\"cover\":\"http:\/\/mmbiz.qpic.cn\/mmbiz_jpg\/PNgicOnq3dsk1cNoM1h9EaxHw1kqNhmesYRYfDciaUAxVmnv6BXJMTJsmq4xryyg8zJibPUR9KM30PcPdEyBabASA\/0?wx_fmt=jpeg\",\"author\":\"NanoLab\",\"copyright_stat\":11,\"del_flag\":1,\"item_show_type\":0,\"audio_fileid\":0,\"duration\":0,\"play_url\":\"\",\"malicious_title_reason_id\":0,\"malicious_content_type\":0},{\"title\":\"Angew：细胞间张力的定量和多重荧光寿命成像\",\"digest\":\"荧光成像\",\"content\":\"\",\"fileid\":0,\"content_url\":\"http:\/\/mp.weixin.qq.com\/s?__biz=Mzg5ODE3NzY2MA==&amp;mid=2247515576&amp;idx=4&amp;sn=6241bae44aa616a42911714aad339d6e&amp;chksm=c06472abf713fbbd8bdb61ba0da2a2c2d51e050fcaeda578dd722c021735b490bad8ee0bd122&amp;scene=27#wechat_redirect\",\"source_url\":\"\",\"cover\":\"http:\/\/mmbiz.qpic.cn\/mmbiz_jpg\/PNgicOnq3dsm2Gg1Gl9lPQ9z3aWGKHuAKT88YJzUwGvWuzMCbhNVYOtpbCJrG0a4zrrSNZ7Ebpibk1ncoRq1TY0g\/0?wx_fmt=jpeg\",\"author\":\"NanoLab\",\"copyright_stat\":11,\"del_flag\":1,\"item_show_type\":0,\"audio_fileid\":0,\"duration\":0,\"play_url\":\"\",\"malicious_title_reason_id\":0,\"malicious_content_type\":0},{\"title\":\"西南交通大学Small：模拟内皮表面通过协同长\/短距离防御策略对抗血栓形成和生物污染\",\"digest\":\"\",\"content\":\"\",\"fileid\":0,\"content_url\":\"http:\/\/mp.weixin.qq.com\/s?__biz=Mzg5ODE3NzY2MA==&amp;mid=2247515576&amp;idx=5&amp;sn=ee69f0c8e3acacd922f2d03bdd9921c7&amp;chksm=c06472abf713fbbda444e64c053ebfcd268d8d28243ef767f84ed6f0ff871d39c6bfb27cf6e2&amp;scene=27#wechat_redirect\",\"source_url\":\"\",\"cover\":\"http:\/\/mmbiz.qpic.cn\/mmbiz_jpg\/PNgicOnq3dsk1cNoM1h9EaxHw1kqNhmesrNTKzicibBuibFYOdKCslyw0tiaYclA1DmCbSRezMMgicfiboibh1tdUich1JA\/0?wx_fmt=jpeg\",\"author\":\"NanoLab\",\"copyright_stat\":11,\"del_flag\":1,\"item_show_type\":0,\"audio_fileid\":0,\"duration\":0,\"play_url\":\"\",\"malicious_title_reason_id\":0,\"malicious_content_type\":0},{\"title\":\"四川大学Adv. Sci.：可编程解锁纳米俄罗斯套娃CRISPR精确逆转免疫抑制，释放级联放大适应性免疫反应\",\"digest\":\"纳米\",\"content\":\"\",\"fileid\":0,\"content_url\":\"http:\/\/mp.weixin.qq.com\/s?__biz=Mzg5ODE3NzY2MA==&amp;mid=2247515576&amp;idx=6&amp;sn=84720be2a97940eb13a0f170da5bdfa0&amp;chksm=c06472abf713fbbdff24b4e5f407ff68b2436b7b5f6a4f43dbfcab3484b4211c2157846b54d8&amp;scene=27#wechat_redirect\",\"source_url\":\"\",\"cover\":\"http:\/\/mmbiz.qpic.cn\/mmbiz_jpg\/PNgicOnq3dsk1cNoM1h9EaxHw1kqNhmesnXQCz7b627RAgGPBGRQicnHBrBg8jpSfgJD0AFeqradIpBXBGqYY0BQ\/0?wx_fmt=jpeg\",\"author\":\"NanoLab\",\"copyright_stat\":11,\"del_flag\":1,\"item_show_type\":0,\"audio_fileid\":0,\"duration\":0,\"play_url\":\"\",\"malicious_title_reason_id\":0,\"malicious_content_type\":0},{\"title\":\"上海交通大学杨斌Nano Energy：一种适用于远程监控应用的自供电5G NB-IoT系统\",\"digest\":\"自供电\",\"content\":\"\",\"fileid\":0,\"content_url\":\"http:\/\/mp.weixin.qq.com\/s?__biz=Mzg5ODE3NzY2MA==&amp;mid=2247515576&amp;idx=7&amp;sn=794ba6bd3b45c3b5236b534c7dfc6c8e&amp;chksm=c06472abf713fbbd805a008298dba7809ade37d393c97f4372ce9cfbad02ff096506d9023a5a&amp;scene=27#wechat_redirect\",\"source_url\":\"\",\"cover\":\"http:\/\/mmbiz.qpic.cn\/mmbiz_jpg\/PNgicOnq3dsm2Gg1Gl9lPQ9z3aWGKHuAKz5oDjYDR7EOQp3pM3CElEHhZiaQ0CLPrjs4886aZRtbDsVreIPYDQ2Q\/0?wx_fmt=jpeg\",\"author\":\"NanoLab\",\"copyright_stat\":11,\"del_flag\":1,\"item_show_type\":0,\"audio_fileid\":0,\"duration\":0,\"play_url\":\"\",\"malicious_title_reason_id\":0,\"malicious_content_type\":0}],\"author\":\"\",\"copyright_stat\":100,\"duration\":0,\"del_flag\":1,\"item_show_type\":0,\"audio_fileid\":0,\"play_url\":\"\",\"malicious_title_reason_id\":0,\"malicious_content_type\":0}},{\"comm_msg_info\":{\"id\":1000000635,\"type\":49,\"datetime\":1621076116,\"fakeid\":\"3898177660\",\"status\":2,\"content\":\"\"},\"app_msg_ext_info\":{\"title\":\"​Nature：大学排名，几时休？\",\"digest\":\"大学排名\",\"content\":\"\",\"fileid\":100006442,\"content_url\":\"http:\/\/mp.weixin.qq.com\/s?__biz=Mzg5ODE3NzY2MA==&amp;mid=2247515532&amp;idx=1&amp;sn=44c72cda08448ae21e7c4c4a16f0415c&amp;chksm=c064729ff713fb89150098eec2fc66c07b283269235b77f9f389d12ff62bb2f2a9c70112f234&amp;scene=27#wechat_redirect\",\"source_url\":\"\",\"cover\":\"http:\/\/mmbiz.qpic.cn\/mmbiz_jpg\/PNgicOnq3dsm2Gg1Gl9lPQ9z3aWGKHuAKib7Dgtlf7UQVS8zr2AlHFEEZTRugRhicGnd1ibAF8N0bISCGZh4BcG43w\/0?wx_fmt=jpeg\",\"subtype\":9,\"is_multi\":1,\"multi_app_msg_item_list\":[{\"title\":\"Cell子刊：科学史上最珍贵的眼泪\",\"digest\":\"人工泪腺新进展！\",\"content\":\"\",\"fileid\":100031849,\"content_url\":\"http:\/\/mp.weixin.qq.com\/s?__biz=Mzg5ODE3NzY2MA==&amp;mid=2247515532&amp;idx=2&amp;sn=acb45514bf5b4c6cc7aad88b27bd60c3&amp;chksm=c064729ff713fb89e8bce1b55c1a1ff555ebdf2fafe3c8b8fa995253d6b84dc31c65981c55fe&amp;scene=27#wechat_redirect\",\"source_url\":\"\",\"cover\":\"http:\/\/mmbiz.qpic.cn\/mmbiz_jpg\/PNgicOnq3dsm2Gg1Gl9lPQ9z3aWGKHuAKpzIYsibAHDiayY5yaXeqBiaTq5VLJssIlQv5BRqoMU0s3bicOP2VZGibQfQ\/0?wx_fmt=jpeg\",\"author\":\"中科幻彩\",\"copyright_stat\":100,\"del_flag\":1,\"item_show_type\":0,\"audio_fileid\":0,\"duration\":0,\"play_url\":\"\",\"malicious_title_reason_id\":0,\"malicious_content_type\":0},{\"title\":\"湖南大学张晓兵\/宋国胜Nano Letters: 比率光声成像评估动脉粥样硬化斑块易损性\",\"digest\":\"比率光声成像\",\"content\":\"\",\"fileid\":0,\"content_url\":\"http:\/\/mp.weixin.qq.com\/s?__biz=Mzg5ODE3NzY2MA==&amp;mid=2247515532&amp;idx=3&amp;sn=41c055013d75e1b41277b8e3c6220c16&amp;chksm=c064729ff713fb89561d975265cedbdebc395fc193e2ee8d23534b10f16f9ce22b8d7493239a&amp;scene=27#wechat_redirect\",\"source_url\":\"\",\"cover\":\"http:\/\/mmbiz.qpic.cn\/mmbiz_jpg\/PNgicOnq3dsm2Gg1Gl9lPQ9z3aWGKHuAKXkgRnObVfDUkbCXUj9eo9YF0rvQnlvpWaykmGP0phs9pujPRFZibqyg\/0?wx_fmt=jpeg\",\"author\":\"NanoLab\",\"copyright_stat\":11,\"del_flag\":1,\"item_show_type\":0,\"audio_fileid\":0,\"duration\":0,\"play_url\":\"\",\"malicious_title_reason_id\":0,\"malicious_content_type\":0},{\"title\":\"上海交通大学\/复旦大学Adv. Sci.：一种兼具“内外优势”的给药策略有效提高给药效率\",\"digest\":\"提高给药效率\",\"content\":\"\",\"fileid\":0,\"content_url\":\"http:\/\/mp.weixin.qq.com\/s?__biz=Mzg5ODE3NzY2MA==&amp;mid=2247515532&amp;idx=4&amp;sn=be6d163cc398c5c1c589fce8d5ba4026&amp;chksm=c064729ff713fb898e76d0b1ad3b6a6461050f2e44d71412b63f24cbbca1b0726e7d3e1eac55&amp;scene=27#wechat_redirect\",\"source_url\":\"\",\"cover\":\"http:\/\/mmbiz.qpic.cn\/mmbiz_jpg\/PNgicOnq3dsm2Gg1Gl9lPQ9z3aWGKHuAKXhlnnXOu2DQNCTGsSI4D1UcAOD5ic3ngRvKKGlsxrWDyP49lflosOkw\/0?wx_fmt=jpeg\",\"author\":\"NanoLab\",\"copyright_stat\":11,\"del_flag\":1,\"item_show_type\":0,\"audio_fileid\":0,\"duration\":0,\"play_url\":\"\",\"malicious_title_reason_id\":0,\"malicious_content_type\":0},{\"title\":\"ACS Nano：近红外光激活的共轭聚合物纳米粒子的诊疗应用\",\"digest\":\"\",\"content\":\"\",\"fileid\":0,\"content_url\":\"http:\/\/mp.weixin.qq.com\/s?__biz=Mzg5ODE3NzY2MA==&amp;mid=2247515532&amp;idx=5&amp;sn=75f2ac406fc60792ce6d44015b0a2b8d&amp;chksm=c064729ff713fb895764895d0bc2d38c44412ddd690698e9685b03260d22dc03c75993eab1a0&amp;scene=27#wechat_redirect\",\"source_url\":\"\",\"cover\":\"http:\/\/mmbiz.qpic.cn\/mmbiz_jpg\/PNgicOnq3dsm2Gg1Gl9lPQ9z3aWGKHuAK6REXMUwr7MfxbNnbu7kPLBcV5XricbGoMNGLtc9sbM2ZhDCz1TBZsWA\/0?wx_fmt=jpeg\",\"author\":\"NanoLab\",\"copyright_stat\":11,\"del_flag\":1,\"item_show_type\":0,\"audio_fileid\":0,\"duration\":0,\"play_url\":\"\",\"malicious_title_reason_id\":0,\"malicious_content_type\":0},{\"title\":\"Adv. Mater：免疫检查点-生物工程化β细胞疫苗用于逆转早发1型糖尿病\",\"digest\":\"疫苗\",\"content\":\"\",\"fileid\":0,\"content_url\":\"http:\/\/mp.weixin.qq.com\/s?__biz=Mzg5ODE3NzY2MA==&amp;mid=2247515532&amp;idx=6&amp;sn=84b84147c53913c030cdedb696f60d3c&amp;chksm=c064729ff713fb89f95cdd221df9b8f940f75768823e81d07319d126fe8352f0d5c065a04170&amp;scene=27#wechat_redirect\",\"source_url\":\"\",\"cover\":\"http:\/\/mmbiz.qpic.cn\/mmbiz_jpg\/PNgicOnq3dsm2Gg1Gl9lPQ9z3aWGKHuAKXcvxicLuMULfjhyHia5PvqdQNt8gVqvzB9IMmJibuv7yEkVdb5iaiaBDJQA\/0?wx_fmt=jpeg\",\"author\":\"NanoLab\",\"copyright_stat\":14,\"del_flag\":1,\"item_show_type\":0,\"audio_fileid\":0,\"duration\":0,\"play_url\":\"\",\"malicious_title_reason_id\":0,\"malicious_content_type\":0}],\"author\":\"​Glenn\",\"copyright_stat\":11,\"duration\":0,\"del_flag\":1,\"item_show_type\":0,\"audio_fileid\":0,\"play_url\":\"\",\"malicious_title_reason_id\":0,\"malicious_content_type\":0}},{\"comm_msg_info\":{\"id\":1000000634,\"type\":49,\"datetime\":1620992984,\"fakeid\":\"3898177660\",\"status\":2,\"content\":\"\"},\"app_msg_ext_info\":{\"title\":\"北京大学张俊龙JACS：一种简单策略，用于调控光学治疗\",\"digest\":\"镧系金属-类卟啉单分子\",\"content\":\"\",\"fileid\":100009044,\"content_url\":\"http:\/\/mp.weixin.qq.com\/s?__biz=Mzg5ODE3NzY2MA==&amp;mid=2247515496&amp;idx=1&amp;sn=13f87c8e765367644833f4c5bff019a0&amp;chksm=c064727bf713fb6d6ba6579ddf71357ddccb43d8fc38e6b50d38a34fe72016c29c92e2caac45&amp;scene=27#wechat_redirect\",\"source_url\":\"\",\"cover\":\"http:\/\/mmbiz.qpic.cn\/mmbiz_jpg\/PNgicOnq3dsmvpLTpkYnDAPNWoHpuJqQBK0axP4VqnmyQmMrT1icym4SJibIA0bHFSHOVsQPGTkwHWnvc4g9sdlTg\/0?wx_fmt=jpeg\",\"subtype\":9,\"is_multi\":1,\"multi_app_msg_item_list\":[{\"title\":\"唐本忠院士\/王东\/张志军Biomaterials：单组分AIE点用于荧光-光声成像治疗的协同癌症多模态治疗\",\"digest\":\"AIE\",\"content\":\"\",\"fileid\":0,\"content_url\":\"http:\/\/mp.weixin.qq.com\/s?__biz=Mzg5ODE3NzY2MA==&amp;mid=2247515496&amp;idx=2&amp;sn=d3fc06df7e8c8cf60e4d483d52a5d91e&amp;chksm=c064727bf713fb6d1ed16d695729f0d8354af262809f449b1e38dc018827940ce3da8dd92e6a&amp;scene=27#wechat_redirect\",\"source_url\":\"\",\"cover\":\"http:\/\/mmbiz.qpic.cn\/mmbiz_jpg\/PNgicOnq3dsmvpLTpkYnDAPNWoHpuJqQB8cde8zQ7n4rg7icpnUcSbu83QeBGeDqLZkT8s8BI35TicEMKX2D05KeA\/0?wx_fmt=jpeg\",\"author\":\"NanoLab\",\"copyright_stat\":11,\"del_flag\":1,\"item_show_type\":0,\"audio_fileid\":0,\"duration\":0,\"play_url\":\"\",\"malicious_title_reason_id\":0,\"malicious_content_type\":0},{\"title\":\"6月1号研讨会：50帧每秒---真正的视频级高速原子力显微镜揭示单分子动力学\",\"digest\":\"6月1号网络直播开始报名啦！\",\"content\":\"\",\"fileid\":0,\"content_url\":\"http:\/\/mp.weixin.qq.com\/s?__biz=Mzg5ODE3NzY2MA==&amp;mid=2247515496&amp;idx=3&amp;sn=1e2df410c16dcbe104621191831eec51&amp;chksm=c064727bf713fb6d0642d67bedb344f8b9bb232ad1ccad59b8495e4b91558918df2d5dc9f397&amp;scene=27#wechat_redirect\",\"source_url\":\"\",\"cover\":\"http:\/\/mmbiz.qpic.cn\/mmbiz_jpg\/aiaMHB0OPks1Ql8W0icsZmL7emNllXYdPibFicNiaqW876DYO77hk0FMm3lGOMmblBVnfGheicL20krxkb6SPACf2toQ\/0?wx_fmt=jpeg\",\"author\":\"\",\"copyright_stat\":100,\"del_flag\":1,\"item_show_type\":0,\"audio_fileid\":0,\"duration\":0,\"play_url\":\"\",\"malicious_title_reason_id\":0,\"malicious_content_type\":0},{\"title\":\"Cell：人体内这种酶，可选择性杀死癌细胞？\",\"digest\":\"\",\"content\":\"\",\"fileid\":100006434,\"content_url\":\"http:\/\/mp.weixin.qq.com\/s?__biz=Mzg5ODE3NzY2MA==&amp;mid=2247515496&amp;idx=4&amp;sn=fba280b0fd316ccd96b9fceb52c70410&amp;chksm=c064727bf713fb6dc596c941e538a55cfc453762e4af7ad56637368289e46808a3628d39ef5b&amp;scene=27#wechat_redirect\",\"source_url\":\"\",\"cover\":\"http:\/\/mmbiz.qpic.cn\/mmbiz_jpg\/PNgicOnq3dsmvpLTpkYnDAPNWoHpuJqQBdp4lb4zcpTSHBgdiaXCVPL0lAic2UHl7fYNkEy4NWxSkaNmx1tFY737w\/0?wx_fmt=jpeg\",\"author\":\"NanoLab\",\"copyright_stat\":11,\"del_flag\":1,\"item_show_type\":0,\"audio_fileid\":0,\"duration\":0,\"play_url\":\"\",\"malicious_title_reason_id\":0,\"malicious_content_type\":0},{\"title\":\"复旦大学武培怡ACS Nano：巧妙策略制造多功能智能可穿戴面料\",\"digest\":\"可穿戴\",\"content\":\"\",\"fileid\":0,\"content_url\":\"http:\/\/mp.weixin.qq.com\/s?__biz=Mzg5ODE3NzY2MA==&amp;mid=2247515496&amp;idx=5&amp;sn=9f97b14f1a037ee9e0965d516df3646b&amp;chksm=c064727bf713fb6d91c9e73cd1cec10a0637dd73c890e75b61e4465e25278576912e662ac582&amp;scene=27#wechat_redirect\",\"source_url\":\"\",\"cover\":\"http:\/\/mmbiz.qpic.cn\/mmbiz_jpg\/PNgicOnq3dsmvpLTpkYnDAPNWoHpuJqQBSzF62KEB4spNnS8g9TNy2voGRpxhT9iacia89d94WkLianp2hF7zBl4Bg\/0?wx_fmt=jpeg\",\"author\":\"NanoLab\",\"copyright_stat\":11,\"del_flag\":1,\"item_show_type\":0,\"audio_fileid\":0,\"duration\":0,\"play_url\":\"\",\"malicious_title_reason_id\":0,\"malicious_content_type\":0},{\"title\":\"Biomaterials：免疫调节的纳米系统用于治疗炎症性疾病\",\"digest\":\"免疫\",\"content\":\"\",\"fileid\":0,\"content_url\":\"http:\/\/mp.weixin.qq.com\/s?__biz=Mzg5ODE3NzY2MA==&amp;mid=2247515496&amp;idx=6&amp;sn=12a8128725864014357c6ab31f87cd7f&amp;chksm=c064727bf713fb6d309d49b0d93b1289610af01e5ae16df7324d861d23d8c09179bad769f09a&amp;scene=27#wechat_redirect\",\"source_url\":\"\",\"cover\":\"http:\/\/mmbiz.qpic.cn\/mmbiz_jpg\/PNgicOnq3dsmvpLTpkYnDAPNWoHpuJqQBy5qYO8xhsyqZBy5hayuM3Mntbr4p66DpszGzIt3eJLMHsKv4eiaDJVQ\/0?wx_fmt=jpeg\",\"author\":\"NanoLab\",\"copyright_stat\":11,\"del_flag\":1,\"item_show_type\":0,\"audio_fileid\":0,\"duration\":0,\"play_url\":\"\",\"malicious_title_reason_id\":0,\"malicious_content_type\":0},{\"title\":\"在线课程丨材料分析与表征测试技术研讨班\",\"digest\":\"材料表征测试\",\"content\":\"\",\"fileid\":100005137,\"content_url\":\"http:\/\/mp.weixin.qq.com\/s?__biz=Mzg5ODE3NzY2MA==&amp;mid=2247515496&amp;idx=7&amp;sn=173f6eb93a8daef0db4279a8f36c970f&amp;chksm=c064727bf713fb6d3a17fcf1c3bc31d151c159e34f3a4d80fdbe78e2abf7a7a56a28147343d1&amp;scene=27#wechat_redirect\",\"source_url\":\"\",\"cover\":\"http:\/\/mmbiz.qpic.cn\/mmbiz_jpg\/PNgicOnq3dsmvpLTpkYnDAPNWoHpuJqQB2ia2Ml1GlqfaQpMNVgmmib3wTjUB6KFVMLP1U2Su2CVtxy102jqWueeA\/0?wx_fmt=jpeg\",\"author\":\"\",\"copyright_stat\":100,\"del_flag\":1,\"item_show_type\":0,\"audio_fileid\":0,\"duration\":0,\"play_url\":\"\",\"malicious_title_reason_id\":0,\"malicious_content_type\":0}],\"author\":\"NanoLab\",\"copyright_stat\":11,\"duration\":0,\"del_flag\":1,\"item_show_type\":0,\"audio_fileid\":0,\"play_url\":\"\",\"malicious_title_reason_id\":0,\"malicious_content_type\":0}},{\"comm_msg_info\":{\"id\":1000000633,\"type\":49,\"datetime\":1620902049,\"fakeid\":\"3898177660\",\"status\":2,\"content\":\"\"},\"app_msg_ext_info\":{\"title\":\"1650篇文章撤稿！\",\"digest\":\"撤稿\",\"content\":\"\",\"fileid\":100004160,\"content_url\":\"http:\/\/mp.weixin.qq.com\/s?__biz=Mzg5ODE3NzY2MA==&amp;mid=2247515436&amp;idx=1&amp;sn=7138ac33dc035428aacedc6a5233c4c3&amp;chksm=c064723ff713fb291874b5554020745dc4827d08352714d596d49f00da7cba9a7c7ec707d223&amp;scene=27#wechat_redirect\",\"source_url\":\"\",\"cover\":\"http:\/\/mmbiz.qpic.cn\/mmbiz_jpg\/PNgicOnq3dsmGe2XEt5UuqQgFXN6DMIwziahmMbwMvBPnyaF7SfPaUuMicQBfDQwBNcRkShueELrk7y84Bal0JfGg\/0?wx_fmt=jpeg\",\"subtype\":9,\"is_multi\":1,\"multi_app_msg_item_list\":[{\"title\":\"那些在复试中放了导师鸽子的研究生，现在都怎么样了...\",\"digest\":\"诚信为本\",\"content\":\"\",\"fileid\":100031755,\"content_url\":\"http:\/\/mp.weixin.qq.com\/s?__biz=Mzg5ODE3NzY2MA==&amp;mid=2247515436&amp;idx=2&amp;sn=34e1d11c2af8a91783e6ae4c7ddc43ab&amp;chksm=c064723ff713fb293a71abe46b8743bdc2de707f77eb4120b39b5b457e2792861dee612371ea&amp;scene=27#wechat_redirect\",\"source_url\":\"\",\"cover\":\"http:\/\/mmbiz.qpic.cn\/mmbiz_jpg\/PNgicOnq3dsmLXxNIPnSTUECibicjHMvCzYiafSrDxBvGciaQMyZJnpKE8q5zVBsLgsiaGwDPq8ic8an84Na0rD2FToIw\/0?wx_fmt=jpeg\",\"author\":\"中科幻彩\",\"copyright_stat\":100,\"del_flag\":1,\"item_show_type\":0,\"audio_fileid\":0,\"duration\":0,\"play_url\":\"\",\"malicious_title_reason_id\":0,\"malicious_content_type\":0},{\"title\":\"Nature重点报道，复旦大学新进展！\",\"digest\":\"大面积显示织物\",\"content\":\"\",\"fileid\":100006442,\"content_url\":\"http:\/\/mp.weixin.qq.com\/s?__biz=Mzg5ODE3NzY2MA==&amp;mid=2247515436&amp;idx=3&amp;sn=a361ac48519c9f1ae67bb031c73cc026&amp;chksm=c064723ff713fb298f79d464fdc88f207d8f1e8e76d4fee73a9353bc3159bbeafc841ecc585a&amp;scene=27#wechat_redirect\",\"source_url\":\"\",\"cover\":\"http:\/\/mmbiz.qpic.cn\/mmbiz_jpg\/PNgicOnq3dsmLXxNIPnSTUECibicjHMvCzYwmnD0DERdcdDtuM5tpWKhYt1OY8c2q0Mkj6thicw6icIMxeOibnAOicmGA\/0?wx_fmt=jpeg\",\"author\":\"刘首鹏\",\"copyright_stat\":100,\"del_flag\":1,\"item_show_type\":0,\"audio_fileid\":0,\"duration\":0,\"play_url\":\"\",\"malicious_title_reason_id\":0,\"malicious_content_type\":0},{\"title\":\"Warren Chan等ACS Nano：利用核酸酶和金纳米颗粒诊断抗生素耐药性\",\"digest\":\"耐药性检测\",\"content\":\"\",\"fileid\":0,\"content_url\":\"http:\/\/mp.weixin.qq.com\/s?__biz=Mzg5ODE3NzY2MA==&amp;mid=2247515436&amp;idx=4&amp;sn=42ba6d3d76982d8a630deecdeb24a66f&amp;chksm=c064723ff713fb291fa04a6aff7dc090756bb482b5d5d87bde97d485084647987e3163cb673b&amp;scene=27#wechat_redirect\",\"source_url\":\"\",\"cover\":\"http:\/\/mmbiz.qpic.cn\/mmbiz_jpg\/PNgicOnq3dsmGe2XEt5UuqQgFXN6DMIwzicZXCbRkQfZSvQywQmDVDH5Wv5ibrt4F3PBUmfgbTCKGUvSsibWCrhVtg\/0?wx_fmt=jpeg\",\"author\":\"NanoLab\",\"copyright_stat\":11,\"del_flag\":1,\"item_show_type\":0,\"audio_fileid\":0,\"duration\":0,\"play_url\":\"\",\"malicious_title_reason_id\":0,\"malicious_content_type\":0},{\"title\":\"东南大学吴富根\/梁高林ACS Nano：消耗谷胱甘肽的纳米药物用于癌症的协同治疗\",\"digest\":\"纳米药物\",\"content\":\"\",\"fileid\":0,\"content_url\":\"http:\/\/mp.weixin.qq.com\/s?__biz=Mzg5ODE3NzY2MA==&amp;mid=2247515436&amp;idx=5&amp;sn=fc253955c707ada522e9ab472c448657&amp;chksm=c064723ff713fb29829fcabc6bf86e520c4eb2c3424df97f6a3794d10aa46f0d664b882bd7b4&amp;scene=27#wechat_redirect\",\"source_url\":\"\",\"cover\":\"http:\/\/mmbiz.qpic.cn\/mmbiz_jpg\/PNgicOnq3dsmGe2XEt5UuqQgFXN6DMIwzxWuqBdoEuAIToUfL5oI77ULNsRezE3a0maO5iau2SHdB2kcuS4b3vlg\/0?wx_fmt=jpeg\",\"author\":\"NanoLab\",\"copyright_stat\":11,\"del_flag\":1,\"item_show_type\":0,\"audio_fileid\":0,\"duration\":0,\"play_url\":\"\",\"malicious_title_reason_id\":0,\"malicious_content_type\":0},{\"title\":\"ACS Nano：超低剂量的X射线刺激纳米颗粒用于双重增敏效应\",\"digest\":\"放射增敏\",\"content\":\"\",\"fileid\":0,\"content_url\":\"http:\/\/mp.weixin.qq.com\/s?__biz=Mzg5ODE3NzY2MA==&amp;mid=2247515436&amp;idx=6&amp;sn=cd5e6397fcf92e4e0bd6ac4559df4cff&amp;chksm=c064723ff713fb29662757d6fcadaa186cf27737eb3c53e3dca218aa1cfb14ea49f500555eef&amp;scene=27#wechat_redirect\",\"source_url\":\"\",\"cover\":\"http:\/\/mmbiz.qpic.cn\/mmbiz_jpg\/PNgicOnq3dsmGe2XEt5UuqQgFXN6DMIwzm9sxBoiaeTODYzbbW3EDDBIrRJpDsDFrOoGKKPBVN0QzyxueibUcicuqw\/0?wx_fmt=jpeg\",\"author\":\"NanoLab\",\"copyright_stat\":11,\"del_flag\":1,\"item_show_type\":0,\"audio_fileid\":0,\"duration\":0,\"play_url\":\"\",\"malicious_title_reason_id\":0,\"malicious_content_type\":0},{\"title\":\"暨南大学薛巍\/朱静宜CEJ：基于密度泛函理论构建可拆卸纳米平台用于敏化肿瘤归巢的光热治疗\",\"digest\":\"密度泛函理论指导载体设计\",\"content\":\"\",\"fileid\":0,\"content_url\":\"http:\/\/mp.weixin.qq.com\/s?__biz=Mzg5ODE3NzY2MA==&amp;mid=2247515436&amp;idx=7&amp;sn=b0d7dd5a44654f3c3aecec078d1195d1&amp;chksm=c064723ff713fb29d33df2e5017b110472f14ddf963891f21afc5ed3504a02fc0abc213e8fd6&amp;scene=27#wechat_redirect\",\"source_url\":\"\",\"cover\":\"http:\/\/mmbiz.qpic.cn\/mmbiz_jpg\/PNgicOnq3dsmLXxNIPnSTUECibicjHMvCzY0KRQ0GBicR4LaOPZiaeiam3uichvhJhkyrOk18Z22DxvPRE9xOqd4DLB8w\/0?wx_fmt=jpeg\",\"author\":\"\",\"copyright_stat\":100,\"del_flag\":1,\"item_show_type\":0,\"audio_fileid\":0,\"duration\":0,\"play_url\":\"\",\"malicious_title_reason_id\":0,\"malicious_content_type\":0}],\"author\":\"Glenn\",\"copyright_stat\":11,\"duration\":0,\"del_flag\":1,\"item_show_type\":0,\"audio_fileid\":0,\"play_url\":\"\",\"malicious_title_reason_id\":0,\"malicious_content_type\":0}}]}","next_offset":30,"video_count":1,"use_video_tab":1,"real_type":0,"home_page_list":[]}