{"ret":0,"errmsg":"ok","msg_count":10,"can_msg_continue":1,"general_msg_list":"{\"list\":[{\"comm_msg_info\":{\"id\":1000000559,\"type\":49,\"datetime\":1614767564,\"fakeid\":\"3898177660\",\"status\":2,\"content\":\"\"},\"app_msg_ext_info\":{\"title\":\"物理与化学的结合，成就一篇Nature Biomedical Engineering\",\"digest\":\"可穿戴贴片\",\"content\":\"\",\"fileid\":100006436,\"content_url\":\"http:\/\/mp.weixin.qq.com\/s?__biz=Mzg5ODE3NzY2MA==&amp;mid=2247510892&amp;idx=1&amp;sn=369c05e6556a4f5499224fab9e7eee5b&amp;chksm=c064647ff713ed69020131f74138cab1bdf83928b7e86cd4340158612ab695837e728f726937&amp;scene=27#wechat_redirect\",\"source_url\":\"\",\"cover\":\"http:\/\/mmbiz.qpic.cn\/mmbiz_jpg\/PNgicOnq3dsliaRqQY9B5ZrNf9FwssmRCdxAS2wicpEp8QIPa7SB5ARc7NQ1ew0glPjQQ2ibJXB2lapXvicUUOTWxpw\/0?wx_fmt=jpeg\",\"subtype\":9,\"is_multi\":1,\"multi_app_msg_item_list\":[{\"title\":\"写好一篇论文到底有多难？德国洪堡学者十年SCI论文写作经验倾囊相授！\",\"digest\":\"文以载道\",\"content\":\"\",\"fileid\":0,\"content_url\":\"http:\/\/mp.weixin.qq.com\/s?__biz=Mzg5ODE3NzY2MA==&amp;mid=2247510892&amp;idx=2&amp;sn=210834435a6bceb747f60abd4ce1d075&amp;chksm=c064647ff713ed69a19e70dec54236d6e750a03f7c7a528c9d9740c63efdbacea612a1dd5625&amp;scene=27#wechat_redirect\",\"source_url\":\"\",\"cover\":\"http:\/\/mmbiz.qpic.cn\/mmbiz_jpg\/PNgicOnq3dsliaRqQY9B5ZrNf9FwssmRCdeplHYsr1qEshSRzJvRlx3Vxz5mn7Ll4icchO5fZwPw9PFhDQtukbh5A\/0?wx_fmt=jpeg\",\"author\":\"学研汇\",\"copyright_stat\":100,\"del_flag\":1,\"item_show_type\":0,\"audio_fileid\":0,\"duration\":0,\"play_url\":\"\",\"malicious_title_reason_id\":0,\"malicious_content_type\":0},{\"title\":\"西南交大鲁雄\/谢超鸣团队：仿贻贝纳米酶用于构建抗菌导电粘附水凝胶\",\"digest\":\"纳米酶\",\"content\":\"\",\"fileid\":0,\"content_url\":\"http:\/\/mp.weixin.qq.com\/s?__biz=Mzg5ODE3NzY2MA==&amp;mid=2247510892&amp;idx=3&amp;sn=a9e5c47730b87efdb36eb6bdaae63212&amp;chksm=c064647ff713ed69417d4babe0906ee65aaaf41ae7df0ab60a68400b3c26cb956bb58caebd3d&amp;scene=27#wechat_redirect\",\"source_url\":\"\",\"cover\":\"http:\/\/mmbiz.qpic.cn\/mmbiz_jpg\/PNgicOnq3dsliaRqQY9B5ZrNf9FwssmRCd6PwLSiaA7qdiaYDibRiclhRibCjXQdjRE5DfOPDq6Fex1xJlnVFHzR4TrbQ\/0?wx_fmt=jpeg\",\"author\":\"鲁雄课题组\",\"copyright_stat\":100,\"del_flag\":1,\"item_show_type\":0,\"audio_fileid\":0,\"duration\":0,\"play_url\":\"\",\"malicious_title_reason_id\":0,\"malicious_content_type\":0},{\"title\":\"JACS：可在缺氧环境下激活的氟尿苷低聚物\",\"digest\":\"尺寸\/电荷双转换纳米催化药物，用于深部治疗\",\"content\":\"\",\"fileid\":100009044,\"content_url\":\"http:\/\/mp.weixin.qq.com\/s?__biz=Mzg5ODE3NzY2MA==&amp;mid=2247510892&amp;idx=4&amp;sn=14a628eabe200f7bb9cc31aea56d51be&amp;chksm=c064647ff713ed69bb392a532334bf94d782346c5bedc4a96a7f9be68fd7813278b1c7e4cd24&amp;scene=27#wechat_redirect\",\"source_url\":\"\",\"cover\":\"http:\/\/mmbiz.qpic.cn\/mmbiz_jpg\/PNgicOnq3dsliaRqQY9B5ZrNf9FwssmRCd9HV8pAFkEufa86GCahrhI08AKWIze6lTWFhRBOrgw9wbRpUTweMUww\/0?wx_fmt=jpeg\",\"author\":\"NanoLab\",\"copyright_stat\":11,\"del_flag\":1,\"item_show_type\":0,\"audio_fileid\":0,\"duration\":0,\"play_url\":\"\",\"malicious_title_reason_id\":0,\"malicious_content_type\":0},{\"title\":\"ACS Nano：对pH响应的介孔二氧化硅纳米颗粒用于递送瑞喹莫德以增强局部免疫应答\",\"digest\":\"\",\"content\":\"\",\"fileid\":0,\"content_url\":\"http:\/\/mp.weixin.qq.com\/s?__biz=Mzg5ODE3NzY2MA==&amp;mid=2247510892&amp;idx=5&amp;sn=75cd13f058607a6a0d6d8571dfec4f47&amp;chksm=c064647ff713ed692934de3e4fc604cac3563b849c1395ec536485df01683a3f36109309a879&amp;scene=27#wechat_redirect\",\"source_url\":\"\",\"cover\":\"http:\/\/mmbiz.qpic.cn\/mmbiz_jpg\/PNgicOnq3dsliaRqQY9B5ZrNf9FwssmRCdFf7JyMvoniaoIXKNXKDzwURh8RdkK1iapL58C6qU3OLAnv4lcb1SscLA\/0?wx_fmt=jpeg\",\"author\":\"NanoLab\",\"copyright_stat\":11,\"del_flag\":1,\"item_show_type\":0,\"audio_fileid\":0,\"duration\":0,\"play_url\":\"\",\"malicious_title_reason_id\":0,\"malicious_content_type\":0},{\"title\":\"ACS Nano：DNA纳米结构用于细胞递送的挑战和机遇\",\"digest\":\"DNA\",\"content\":\"\",\"fileid\":0,\"content_url\":\"http:\/\/mp.weixin.qq.com\/s?__biz=Mzg5ODE3NzY2MA==&amp;mid=2247510892&amp;idx=6&amp;sn=c50ab90d89fdfb8c2f7a12cb52c0b731&amp;chksm=c064647ff713ed69e412ef70ae7344592243feb642e021ffc8498fa31b3ec8c88fb6e0e10b35&amp;scene=27#wechat_redirect\",\"source_url\":\"\",\"cover\":\"http:\/\/mmbiz.qpic.cn\/mmbiz_jpg\/PNgicOnq3dsliaRqQY9B5ZrNf9FwssmRCdhSlVvCZEt5TwSvtW8ic1Je5siarvQTPbZElZtjPu3D3cqgtI7RJSBE8A\/0?wx_fmt=jpeg\",\"author\":\"NanoLab\",\"copyright_stat\":11,\"del_flag\":1,\"item_show_type\":0,\"audio_fileid\":0,\"duration\":0,\"play_url\":\"\",\"malicious_title_reason_id\":0,\"malicious_content_type\":0},{\"title\":\"Nature Genetics：癌症免疫逃逸的机制\",\"digest\":\"\",\"content\":\"\",\"fileid\":0,\"content_url\":\"http:\/\/mp.weixin.qq.com\/s?__biz=Mzg5ODE3NzY2MA==&amp;mid=2247510892&amp;idx=7&amp;sn=a634c04fb7680ea8c1dc5a11f8968284&amp;chksm=c064647ff713ed697bca6ac23767984d80bf7bbf56ba5984e46cb2428509edfdd02c6c184b5c&amp;scene=27#wechat_redirect\",\"source_url\":\"\",\"cover\":\"http:\/\/mmbiz.qpic.cn\/mmbiz_jpg\/PNgicOnq3dsliaRqQY9B5ZrNf9FwssmRCdyNrfjAG8529EhuYDnFKCWjXIAelVzHNLcj0x1icekCmcDIhyK8SicgYA\/0?wx_fmt=jpeg\",\"author\":\"NanoLab\",\"copyright_stat\":11,\"del_flag\":1,\"item_show_type\":0,\"audio_fileid\":0,\"duration\":0,\"play_url\":\"\",\"malicious_title_reason_id\":0,\"malicious_content_type\":0}],\"author\":\"小奇\",\"copyright_stat\":11,\"duration\":0,\"del_flag\":1,\"item_show_type\":0,\"audio_fileid\":0,\"play_url\":\"\",\"malicious_title_reason_id\":0,\"malicious_content_type\":0}},{\"comm_msg_info\":{\"id\":1000000558,\"type\":49,\"datetime\":1614684851,\"fakeid\":\"3898177660\",\"status\":2,\"content\":\"\"},\"app_msg_ext_info\":{\"title\":\"施剑林院士Adv. Sci.：纳米催化治疗获新进展\",\"digest\":\"尺寸\/电荷双转换纳米催化药物，用于深部治疗\",\"content\":\"\",\"fileid\":100011891,\"content_url\":\"http:\/\/mp.weixin.qq.com\/s?__biz=Mzg5ODE3NzY2MA==&amp;mid=2247510812&amp;idx=1&amp;sn=2d884e7c8b6c3e0b84188da849a0739d&amp;chksm=c064640ff713ed19834f70f67f73e538958c782c43fdb4a999fd7c2ffe1e8e8db0e1a233001e&amp;scene=27#wechat_redirect\",\"source_url\":\"\",\"cover\":\"http:\/\/mmbiz.qpic.cn\/mmbiz_jpg\/PNgicOnq3dsnvX6mMSu8cnbdXfdzfp04thtjW5ckWy3JkFYdiath1W4EPPJibH5o4J0xdgeXJUNicSmxHHHK0FM14Q\/0?wx_fmt=jpeg\",\"subtype\":9,\"is_multi\":1,\"multi_app_msg_item_list\":[{\"title\":\"“水刊”洗白，Scientific Reports到底值不值得？\",\"digest\":\"投稿“避雷”小妙招\",\"content\":\"\",\"fileid\":100027090,\"content_url\":\"http:\/\/mp.weixin.qq.com\/s?__biz=Mzg5ODE3NzY2MA==&amp;mid=2247510812&amp;idx=2&amp;sn=30cf60723f9564aa9ddaecda18b1a7df&amp;chksm=c064640ff713ed190fb3d27983a18894941f1c061df50bb9b62979ce2012074f30d4c2b56f25&amp;scene=27#wechat_redirect\",\"source_url\":\"\",\"cover\":\"http:\/\/mmbiz.qpic.cn\/mmbiz_jpg\/PNgicOnq3dskP7BovYHEnm24wbGy67ibIaKicicabaFAGgCZjDSC6p9PsVs6zvroK7hTqibwvc8vediclOeRrVmRE0Eg\/0?wx_fmt=jpeg\",\"author\":\"中科幻彩\",\"copyright_stat\":100,\"del_flag\":1,\"item_show_type\":0,\"audio_fileid\":0,\"duration\":0,\"play_url\":\"\",\"malicious_title_reason_id\":0,\"malicious_content_type\":0},{\"title\":\"广东省人民医院​AFM：可吸收生物粘附自愈凝胶用于止血和骨再生\",\"digest\":\"光热免疫治疗\",\"content\":\"\",\"fileid\":0,\"content_url\":\"http:\/\/mp.weixin.qq.com\/s?__biz=Mzg5ODE3NzY2MA==&amp;mid=2247510812&amp;idx=3&amp;sn=8239f268817e3822c81db3e85fb90919&amp;chksm=c064640ff713ed1984b32860b7037e0f544395e2e577f5f6e3f8731c9d00936dd653cac89db8&amp;scene=27#wechat_redirect\",\"source_url\":\"\",\"cover\":\"http:\/\/mmbiz.qpic.cn\/mmbiz_jpg\/PNgicOnq3dsnvX6mMSu8cnbdXfdzfp04tYpXEDCefL2CvkW5B8HbcHhm7HTZQ6mcD59O12Sd30fd8JicicXiaBic39A\/0?wx_fmt=jpeg\",\"author\":\"NanoLab\",\"copyright_stat\":11,\"del_flag\":1,\"item_show_type\":0,\"audio_fileid\":0,\"duration\":0,\"play_url\":\"\",\"malicious_title_reason_id\":0,\"malicious_content_type\":0},{\"title\":\"深圳大学黄鹏AM：二氧化锰包覆的金纳米棒用于成像指导的NIR-II光热-化学动力学治疗-\",\"digest\":\"\",\"content\":\"\",\"fileid\":0,\"content_url\":\"http:\/\/mp.weixin.qq.com\/s?__biz=Mzg5ODE3NzY2MA==&amp;mid=2247510812&amp;idx=4&amp;sn=51241b891381a7e4da8fcc4c2ca37acb&amp;chksm=c064640ff713ed196cb34c489edeb65b02d7f4651cbecc5ffc48c409c4887240aaa87fbac2ae&amp;scene=27#wechat_redirect\",\"source_url\":\"\",\"cover\":\"http:\/\/mmbiz.qpic.cn\/mmbiz_jpg\/PNgicOnq3dsnvX6mMSu8cnbdXfdzfp04ticGRicXYeeYBDNgqtknBXxpfcQZ14ZzIhntpUJSytpqS7rPPZRSjNBQg\/0?wx_fmt=jpeg\",\"author\":\"NanoLab\",\"copyright_stat\":11,\"del_flag\":1,\"item_show_type\":0,\"audio_fileid\":0,\"duration\":0,\"play_url\":\"\",\"malicious_title_reason_id\":0,\"malicious_content_type\":0},{\"title\":\"华南理工大学袁友永\/杨蕊梦\/江新青Nano. Lett：双药骨架聚合前药用于协同型联合化疗\",\"digest\":\"\",\"content\":\"\",\"fileid\":0,\"content_url\":\"http:\/\/mp.weixin.qq.com\/s?__biz=Mzg5ODE3NzY2MA==&amp;mid=2247510812&amp;idx=5&amp;sn=4eefef1371e73392c7c46a2a844fb68b&amp;chksm=c064640ff713ed196e231341dc0cef3440534b212ec87843260509104604b84d4091c9cfd544&amp;scene=27#wechat_redirect\",\"source_url\":\"\",\"cover\":\"http:\/\/mmbiz.qpic.cn\/mmbiz_jpg\/PNgicOnq3dsnvX6mMSu8cnbdXfdzfp04tRL0RgWA3xWu3SNUkyT1SKSqAqjQrnR4K8Ne2OkFTErOW96M9KC1sibg\/0?wx_fmt=jpeg\",\"author\":\"NanoLab\",\"copyright_stat\":11,\"del_flag\":1,\"item_show_type\":0,\"audio_fileid\":0,\"duration\":0,\"play_url\":\"\",\"malicious_title_reason_id\":0,\"malicious_content_type\":0},{\"title\":\"江南大学匡华\/孙茂忠AM：用于对抗病毒的生物材料\",\"digest\":\"\",\"content\":\"\",\"fileid\":0,\"content_url\":\"http:\/\/mp.weixin.qq.com\/s?__biz=Mzg5ODE3NzY2MA==&amp;mid=2247510812&amp;idx=6&amp;sn=974bbaa667c75451786c12b9916aa8f7&amp;chksm=c064640ff713ed19e68aef21e2e08a43bf3520e6fd53938777a92aeb8db505ce9a3ce6220bc7&amp;scene=27#wechat_redirect\",\"source_url\":\"\",\"cover\":\"http:\/\/mmbiz.qpic.cn\/mmbiz_jpg\/PNgicOnq3dsnvX6mMSu8cnbdXfdzfp04tS4pUZMnkWIuGk9a0SMUiaE3Kx2ACAy7ciavFXVicDlXFYtdvyEeM1ApyA\/0?wx_fmt=jpeg\",\"author\":\"NanoLab\",\"copyright_stat\":11,\"del_flag\":1,\"item_show_type\":0,\"audio_fileid\":0,\"duration\":0,\"play_url\":\"\",\"malicious_title_reason_id\":0,\"malicious_content_type\":0},{\"title\":\"ACS Nano：一种非阳离子多酚纳米胶囊，能够将siRNA系统递送至实体肿瘤\",\"digest\":\"\",\"content\":\"\",\"fileid\":0,\"content_url\":\"http:\/\/mp.weixin.qq.com\/s?__biz=Mzg5ODE3NzY2MA==&amp;mid=2247510812&amp;idx=7&amp;sn=04a7524e993307ef7bb9724d041980d4&amp;chksm=c064640ff713ed198fcc9ff710853a27a56eca5f51a80782261082025a9822bd0d1dae32be85&amp;scene=27#wechat_redirect\",\"source_url\":\"\",\"cover\":\"http:\/\/mmbiz.qpic.cn\/mmbiz_jpg\/PNgicOnq3dsnvX6mMSu8cnbdXfdzfp04tAc75YbcHiayYL0ATV8yDyJLGcxr53X4IwLsic2RZf9kmuw25PTIic1e6w\/0?wx_fmt=jpeg\",\"author\":\"NanoLab\",\"copyright_stat\":11,\"del_flag\":1,\"item_show_type\":0,\"audio_fileid\":0,\"duration\":0,\"play_url\":\"\",\"malicious_title_reason_id\":0,\"malicious_content_type\":0}],\"author\":\"NanoLab\",\"copyright_stat\":11,\"duration\":0,\"del_flag\":1,\"item_show_type\":0,\"audio_fileid\":0,\"play_url\":\"\",\"malicious_title_reason_id\":0,\"malicious_content_type\":0}},{\"comm_msg_info\":{\"id\":1000000557,\"type\":49,\"datetime\":1614601309,\"fakeid\":\"3898177660\",\"status\":2,\"content\":\"\"},\"app_msg_ext_info\":{\"title\":\"一个月8篇Nature Materials，了解生物材料等领域最新研究动态！\",\"digest\":\"2月回顾\",\"content\":\"\",\"fileid\":100006439,\"content_url\":\"http:\/\/mp.weixin.qq.com\/s?__biz=Mzg5ODE3NzY2MA==&amp;mid=2247510737&amp;idx=1&amp;sn=670978d774238620777407f8253babd5&amp;chksm=c06465c2f713ecd426cc4ee67d1893bb1589fce387626751242365fb595cda1678d2953bab69&amp;scene=27#wechat_redirect\",\"source_url\":\"\",\"cover\":\"http:\/\/mmbiz.qpic.cn\/mmbiz_jpg\/PNgicOnq3dskP7BovYHEnm24wbGy67ibIaZ30zgmyGIXpibOr6h1QbHYsLfRt0fr5N2frSyYJs3mZhCJjEXBnudpA\/0?wx_fmt=jpeg\",\"subtype\":9,\"is_multi\":1,\"multi_app_msg_item_list\":[{\"title\":\"北航常凌乾等Research：核酸快速检测微纳芯片及便携式检测平台\",\"digest\":\"核酸检测\",\"content\":\"\",\"fileid\":0,\"content_url\":\"http:\/\/mp.weixin.qq.com\/s?__biz=Mzg5ODE3NzY2MA==&amp;mid=2247510737&amp;idx=3&amp;sn=ed09071cce6203f89a7b4e13041bbdd0&amp;chksm=c06465c2f713ecd410c8f9e2ad1876c6c6d08e97fed3fb161eb33df8b7a8165e56cc8e814598&amp;scene=27#wechat_redirect\",\"source_url\":\"\",\"cover\":\"http:\/\/mmbiz.qpic.cn\/mmbiz_jpg\/PNgicOnq3dskP7BovYHEnm24wbGy67ibIabPnXfbetxMy0kPEMeJzVZicclUF7GlQWNxOjFwRJdFHuTpEK2pY6I5g\/0?wx_fmt=jpeg\",\"author\":\"\",\"copyright_stat\":100,\"del_flag\":1,\"item_show_type\":0,\"audio_fileid\":0,\"duration\":0,\"play_url\":\"\",\"malicious_title_reason_id\":0,\"malicious_content_type\":0},{\"title\":\"南开大学李昌华\/张强哲ACS Nano：一种用于高效光热疗法的非光漂白和近红外吸收纳米J-聚集体的超分子工程策略\",\"digest\":\"光热免疫治疗\",\"content\":\"\",\"fileid\":0,\"content_url\":\"http:\/\/mp.weixin.qq.com\/s?__biz=Mzg5ODE3NzY2MA==&amp;mid=2247510737&amp;idx=4&amp;sn=535d386f39e0defa8cfe3c05b4b4cdf9&amp;chksm=c06465c2f713ecd44851ce791834cdf28e51526dabe2f3dc61113078ffe996c2d4a91f00b140&amp;scene=27#wechat_redirect\",\"source_url\":\"\",\"cover\":\"http:\/\/mmbiz.qpic.cn\/mmbiz_jpg\/PNgicOnq3dskP7BovYHEnm24wbGy67ibIaTM6BX40BXZZBrCaWOeKaAYVoxBfMnLV0ibdj9ZVzh0SbWKO0IVHQtyQ\/0?wx_fmt=jpeg\",\"author\":\"NanoLab\",\"copyright_stat\":11,\"del_flag\":1,\"item_show_type\":0,\"audio_fileid\":0,\"duration\":0,\"play_url\":\"\",\"malicious_title_reason_id\":0,\"malicious_content_type\":0},{\"title\":\"Angew：锰基T1造影剂的新型策略\",\"digest\":\"\",\"content\":\"\",\"fileid\":0,\"content_url\":\"http:\/\/mp.weixin.qq.com\/s?__biz=Mzg5ODE3NzY2MA==&amp;mid=2247510737&amp;idx=5&amp;sn=d90f71fb6e27df88d99df0ff07b6a409&amp;chksm=c06465c2f713ecd4abbbb1e9bb012bc0c28dc7e10bcabb7862ad748b4c868077a773e9c2fe61&amp;scene=27#wechat_redirect\",\"source_url\":\"\",\"cover\":\"http:\/\/mmbiz.qpic.cn\/mmbiz_jpg\/PNgicOnq3dskP7BovYHEnm24wbGy67ibIaagqjldia8CQZ36SaYMYZwx2etas6G6nibIfKrOeOU3nBuL503mLvSXPg\/0?wx_fmt=jpeg\",\"author\":\"NanoLab\",\"copyright_stat\":11,\"del_flag\":1,\"item_show_type\":0,\"audio_fileid\":0,\"duration\":0,\"play_url\":\"\",\"malicious_title_reason_id\":0,\"malicious_content_type\":0},{\"title\":\"湘潭大学李春艳Anal Chem：新型近红外荧光探针用于监测糖尿病及其并发症的过氧化氢波动\",\"digest\":\"\",\"content\":\"\",\"fileid\":0,\"content_url\":\"http:\/\/mp.weixin.qq.com\/s?__biz=Mzg5ODE3NzY2MA==&amp;mid=2247510737&amp;idx=6&amp;sn=3a0f284b3aac2c6ed9e41ebb530f9013&amp;chksm=c06465c2f713ecd4e2b4d24faa4c88550ae31563812a8bc31f4930b82ddeb5a66d133c322001&amp;scene=27#wechat_redirect\",\"source_url\":\"\",\"cover\":\"http:\/\/mmbiz.qpic.cn\/mmbiz_jpg\/PNgicOnq3dskP7BovYHEnm24wbGy67ibIa5lQaUk0R9uANARN82aSiaibRClCN2ycoXXzFx3VNNXYnt9dFQQbmSusA\/0?wx_fmt=jpeg\",\"author\":\"NanoLab\",\"copyright_stat\":11,\"del_flag\":1,\"item_show_type\":0,\"audio_fileid\":0,\"duration\":0,\"play_url\":\"\",\"malicious_title_reason_id\":0,\"malicious_content_type\":0},{\"title\":\"ACS Nano：超弹性MXene基混合气凝胶用于压缩弹性设备\",\"digest\":\"气凝胶\",\"content\":\"\",\"fileid\":0,\"content_url\":\"http:\/\/mp.weixin.qq.com\/s?__biz=Mzg5ODE3NzY2MA==&amp;mid=2247510737&amp;idx=7&amp;sn=3a39b7a7db029740cca66a3f5028a263&amp;chksm=c06465c2f713ecd40a227b63843065f9b51a28d40f04c2829652ccf37655529d5b92343eb801&amp;scene=27#wechat_redirect\",\"source_url\":\"\",\"cover\":\"http:\/\/mmbiz.qpic.cn\/mmbiz_jpg\/PNgicOnq3dskP7BovYHEnm24wbGy67ibIa1p7aBylDurq0oYawLKcU5a5HibWYlggR0dIib2C5OqkJxFKW9nBeMPSQ\/0?wx_fmt=jpeg\",\"author\":\"NanoLab\",\"copyright_stat\":11,\"del_flag\":1,\"item_show_type\":0,\"audio_fileid\":0,\"duration\":0,\"play_url\":\"\",\"malicious_title_reason_id\":0,\"malicious_content_type\":0}],\"author\":\"小奇\",\"copyright_stat\":11,\"duration\":0,\"del_flag\":1,\"item_show_type\":0,\"audio_fileid\":0,\"play_url\":\"\",\"malicious_title_reason_id\":0,\"malicious_content_type\":0}},{\"comm_msg_info\":{\"id\":1000000556,\"type\":49,\"datetime\":1614511609,\"fakeid\":\"3898177660\",\"status\":2,\"content\":\"\"},\"app_msg_ext_info\":{\"title\":\"张瑞平\/浦侃裔AM：仿生膜多面手，用于光热免疫治疗\",\"digest\":\"光热免疫治疗\",\"content\":\"\",\"fileid\":100011890,\"content_url\":\"http:\/\/mp.weixin.qq.com\/s?__biz=Mzg5ODE3NzY2MA==&amp;mid=2247510665&amp;idx=1&amp;sn=c03ee66a99757bd13e2b66ec44b08f1e&amp;chksm=c064659af713ec8c2e6007a1477abc7b552b66a9767453afa20074ed3160ea22793b81644a37&amp;scene=27#wechat_redirect\",\"source_url\":\"\",\"cover\":\"http:\/\/mmbiz.qpic.cn\/mmbiz_jpg\/PNgicOnq3dskQrn6lCOiczSFa3JJGfRsEOibkQVJ3S0CLoYFcdUWSsh372EeAYDe2zEhpx6hqiczSUicRkV1niapjD2Q\/0?wx_fmt=jpeg\",\"subtype\":9,\"is_multi\":1,\"multi_app_msg_item_list\":[{\"title\":\"四川大学张新星Nature子刊：一种超强健的自修复材料\",\"digest\":\"\",\"content\":\"\",\"fileid\":100006442,\"content_url\":\"http:\/\/mp.weixin.qq.com\/s?__biz=Mzg5ODE3NzY2MA==&amp;mid=2247510665&amp;idx=2&amp;sn=01e8caea9de52983067d972979b2c2f8&amp;chksm=c064659af713ec8ca4b3c221ddb3f15f500cdfa8a206f43f1dfe14291965d2dfe55358508148&amp;scene=27#wechat_redirect\",\"source_url\":\"\",\"cover\":\"http:\/\/mmbiz.qpic.cn\/mmbiz_jpg\/PNgicOnq3dskQrn6lCOiczSFa3JJGfRsEOh0m6lZdROOINd1qZ5Q0c1fMRvpLIsiaG0moFUzK1AZtIg1H6PyuHv8A\/0?wx_fmt=jpeg\",\"author\":\"NanoLab\",\"copyright_stat\":11,\"del_flag\":1,\"item_show_type\":0,\"audio_fileid\":0,\"duration\":0,\"play_url\":\"\",\"malicious_title_reason_id\":0,\"malicious_content_type\":0},{\"title\":\"Zeta电位原理、制样与数据分析！\",\"digest\":\"表面电荷\",\"content\":\"\",\"fileid\":100011891,\"content_url\":\"http:\/\/mp.weixin.qq.com\/s?__biz=Mzg5ODE3NzY2MA==&amp;mid=2247510665&amp;idx=3&amp;sn=1a69fbe63c3ce1311bc9b907de42ee1f&amp;chksm=c064659af713ec8ca871e70430157bd2156da59931a6be2db75046272063c1c2e8b31b85ae48&amp;scene=27#wechat_redirect\",\"source_url\":\"\",\"cover\":\"http:\/\/mmbiz.qpic.cn\/mmbiz_jpg\/PNgicOnq3dslRevG1DX0agTJAtNwZPnk9EoFDtOngZXTnpUez1JCCiaJye3F4M0ZQCfOUu0nick6BZaEsGa4diblMQ\/0?wx_fmt=jpeg\",\"author\":\"\",\"copyright_stat\":100,\"del_flag\":1,\"item_show_type\":0,\"audio_fileid\":0,\"duration\":0,\"play_url\":\"\",\"malicious_title_reason_id\":0,\"malicious_content_type\":0},{\"title\":\"四川大学徐建国\/郭刚AFM：用于化疗光热治疗的肿瘤酸性和近红外光响应双药递送的聚多巴胺纳米颗粒\",\"digest\":\"\",\"content\":\"\",\"fileid\":0,\"content_url\":\"http:\/\/mp.weixin.qq.com\/s?__biz=Mzg5ODE3NzY2MA==&amp;mid=2247510665&amp;idx=4&amp;sn=f5e0791b643830ff4d468b4c4d2da811&amp;chksm=c064659af713ec8c860878f53c4934f9b3cccdd6559e011b63bbc307640b6a31f51d25a2f41f&amp;scene=27#wechat_redirect\",\"source_url\":\"\",\"cover\":\"http:\/\/mmbiz.qpic.cn\/mmbiz_jpg\/PNgicOnq3dskQrn6lCOiczSFa3JJGfRsEOsVvMzDTUdNoBg3gib8qBic2UjPny954MIQClwMYYe02w2G7UT53rocAA\/0?wx_fmt=jpeg\",\"author\":\"NanoLab\",\"copyright_stat\":11,\"del_flag\":1,\"item_show_type\":0,\"audio_fileid\":0,\"duration\":0,\"play_url\":\"\",\"malicious_title_reason_id\":0,\"malicious_content_type\":0},{\"title\":\"香港中文大学ACS Nano：多孔纳米催化剂磁性微群靶向消除生物膜堵塞\",\"digest\":\"\",\"content\":\"\",\"fileid\":0,\"content_url\":\"http:\/\/mp.weixin.qq.com\/s?__biz=Mzg5ODE3NzY2MA==&amp;mid=2247510665&amp;idx=5&amp;sn=b87e9a1523c2ee9964b83a93aa97e398&amp;chksm=c064659af713ec8c2e4a5e91dfed646510b696f52e86f573cd122b8c97a6eb2d060159801976&amp;scene=27#wechat_redirect\",\"source_url\":\"\",\"cover\":\"http:\/\/mmbiz.qpic.cn\/mmbiz_jpg\/PNgicOnq3dskQrn6lCOiczSFa3JJGfRsEO2EyUL1pnBt5z1WjW0beEAEGYkAKrMoXj6trtRTb1wGB6sianEcNlPMg\/0?wx_fmt=jpeg\",\"author\":\"NanoLab\",\"copyright_stat\":11,\"del_flag\":1,\"item_show_type\":0,\"audio_fileid\":0,\"duration\":0,\"play_url\":\"\",\"malicious_title_reason_id\":0,\"malicious_content_type\":0},{\"title\":\"Angew：球晶状胶束\",\"digest\":\"\",\"content\":\"\",\"fileid\":0,\"content_url\":\"http:\/\/mp.weixin.qq.com\/s?__biz=Mzg5ODE3NzY2MA==&amp;mid=2247510665&amp;idx=6&amp;sn=01afa041d1ac2161695b72aadbde9d52&amp;chksm=c064659af713ec8c2ed3b3d04670d4c5c58d16780ea4dbc201413d20b3ba11290bf6e0c801c5&amp;scene=27#wechat_redirect\",\"source_url\":\"\",\"cover\":\"http:\/\/mmbiz.qpic.cn\/mmbiz_jpg\/PNgicOnq3dskQrn6lCOiczSFa3JJGfRsEObc0R9eibyUoiaLHZAJrgWAFib74HQicrvwX8ia6Wc4qvAvIulCFuCq7otMQ\/0?wx_fmt=jpeg\",\"author\":\"NanoLab\",\"copyright_stat\":11,\"del_flag\":1,\"item_show_type\":0,\"audio_fileid\":0,\"duration\":0,\"play_url\":\"\",\"malicious_title_reason_id\":0,\"malicious_content_type\":0},{\"title\":\"胡喜乐等Angew：修饰碱性配体的[Mn]配合物作为[Fe]酶的人工氢化酶\",\"digest\":\"\",\"content\":\"\",\"fileid\":0,\"content_url\":\"http:\/\/mp.weixin.qq.com\/s?__biz=Mzg5ODE3NzY2MA==&amp;mid=2247510665&amp;idx=7&amp;sn=bb70a88db890e6093138c2bf7ffc7172&amp;chksm=c064659af713ec8c810ea21db747ee297141306245204a61e3ee48ae27d51f8a87201b69f68e&amp;scene=27#wechat_redirect\",\"source_url\":\"\",\"cover\":\"http:\/\/mmbiz.qpic.cn\/mmbiz_jpg\/PNgicOnq3dskQrn6lCOiczSFa3JJGfRsEOunibVUDdKhz6GtfadHk9oBShjiaDTMViap23Qp2FtZYich66jhJPia49qHA\/0?wx_fmt=jpeg\",\"author\":\"NanoLab\",\"copyright_stat\":11,\"del_flag\":1,\"item_show_type\":0,\"audio_fileid\":0,\"duration\":0,\"play_url\":\"\",\"malicious_title_reason_id\":0,\"malicious_content_type\":0},{\"title\":\"华中师范\/清华深研院Anal Chem：具有AIE性能的噻吩异靛蓝的分子设计、光学性能和生物成像应用\",\"digest\":\"\",\"content\":\"\",\"fileid\":0,\"content_url\":\"http:\/\/mp.weixin.qq.com\/s?__biz=Mzg5ODE3NzY2MA==&amp;mid=2247510665&amp;idx=8&amp;sn=54a3ded00e59991d439a73c53895436c&amp;chksm=c064659af713ec8cfb93fb3d9bbbcda5aafe36283b67708ed68e543599a96684be636c9af6da&amp;scene=27#wechat_redirect\",\"source_url\":\"\",\"cover\":\"http:\/\/mmbiz.qpic.cn\/mmbiz_jpg\/PNgicOnq3dskQrn6lCOiczSFa3JJGfRsEOrbNWRFEVcAjRzYWqRSH3xiclicoibodibohJ5MvRUpCaEiabIkUiaOadAUPQ\/0?wx_fmt=jpeg\",\"author\":\"NanoLab\",\"copyright_stat\":11,\"del_flag\":1,\"item_show_type\":0,\"audio_fileid\":0,\"duration\":0,\"play_url\":\"\",\"malicious_title_reason_id\":0,\"malicious_content_type\":0}],\"author\":\"NanoLab\",\"copyright_stat\":11,\"duration\":0,\"del_flag\":1,\"item_show_type\":0,\"audio_fileid\":0,\"play_url\":\"\",\"malicious_title_reason_id\":0,\"malicious_content_type\":0}},{\"comm_msg_info\":{\"id\":1000000555,\"type\":49,\"datetime\":1614426738,\"fakeid\":\"3898177660\",\"status\":2,\"content\":\"\"},\"app_msg_ext_info\":{\"title\":\"Zeta电位：如何提高纳米材料的稳定性？\",\"digest\":\"表面电荷\",\"content\":\"\",\"fileid\":100011891,\"content_url\":\"http:\/\/mp.weixin.qq.com\/s?__biz=Mzg5ODE3NzY2MA==&amp;mid=2247510609&amp;idx=1&amp;sn=9030c4f995b69dd0e8173d14813e93f8&amp;chksm=c0646542f713ec542200ae0ed18ff23b9a2810fdbd8fffb5e327d606035b1139718eff60fd29&amp;scene=27#wechat_redirect\",\"source_url\":\"\",\"cover\":\"http:\/\/mmbiz.qpic.cn\/mmbiz_jpg\/PNgicOnq3dslRevG1DX0agTJAtNwZPnk9EoFDtOngZXTnpUez1JCCiaJye3F4M0ZQCfOUu0nick6BZaEsGa4diblMQ\/0?wx_fmt=jpeg\",\"subtype\":9,\"is_multi\":1,\"multi_app_msg_item_list\":[{\"title\":\"赵远锦\/潘景业\/商珞然Materials Today：微流控技术用于柔性电子\",\"digest\":\"可穿戴电子\",\"content\":\"\",\"fileid\":0,\"content_url\":\"http:\/\/mp.weixin.qq.com\/s?__biz=Mzg5ODE3NzY2MA==&amp;mid=2247510609&amp;idx=2&amp;sn=d03b0a2d8b7a881c0c77df8248ab7c52&amp;chksm=c0646542f713ec543504cd8b5dd5fc3878f0314011fb6bca4a29e31a1347b1389e33cb42ca18&amp;scene=27#wechat_redirect\",\"source_url\":\"\",\"cover\":\"http:\/\/mmbiz.qpic.cn\/mmbiz_jpg\/PNgicOnq3dskyHyyN7d4L5NBQHgwwFhf2DOM9HiapVWuvVnJgl9aNcq9DEuhtCdy52dpzTfkZnhcpLlgIaNUs7jQ\/0?wx_fmt=jpeg\",\"author\":\"NanoLab\",\"copyright_stat\":11,\"del_flag\":1,\"item_show_type\":0,\"audio_fileid\":0,\"duration\":0,\"play_url\":\"\",\"malicious_title_reason_id\":0,\"malicious_content_type\":0},{\"title\":\"上海交通大学刘尽尧AM: 聚合介导的活细胞多功能化，以增强基于细胞的治疗\",\"digest\":\"\",\"content\":\"\",\"fileid\":0,\"content_url\":\"http:\/\/mp.weixin.qq.com\/s?__biz=Mzg5ODE3NzY2MA==&amp;mid=2247510609&amp;idx=3&amp;sn=4fb8117c0891f5fd65925f89d7df27a5&amp;chksm=c0646542f713ec54e31612caf47d1063546995d0a8116ac0315f69ac83ba674e6adf24657af2&amp;scene=27#wechat_redirect\",\"source_url\":\"\",\"cover\":\"http:\/\/mmbiz.qpic.cn\/mmbiz_jpg\/PNgicOnq3dskyHyyN7d4L5NBQHgwwFhf2BUkUbX2yEJHn6PfiakhjiagUibyOoG4oQmgDxutbCc5IAHtxAua90R8oA\/0?wx_fmt=jpeg\",\"author\":\"NanoLab\",\"copyright_stat\":14,\"del_flag\":1,\"item_show_type\":0,\"audio_fileid\":0,\"duration\":0,\"play_url\":\"\",\"malicious_title_reason_id\":0,\"malicious_content_type\":0},{\"title\":\"苏州纳米所王强斌\/陈光村AM：纳米配方介导的多功能干细胞疗法以治疗改善阿尔茨海默病\",\"digest\":\"\",\"content\":\"\",\"fileid\":0,\"content_url\":\"http:\/\/mp.weixin.qq.com\/s?__biz=Mzg5ODE3NzY2MA==&amp;mid=2247510609&amp;idx=4&amp;sn=45457241e5d710fb3e032028b92c06db&amp;chksm=c0646542f713ec54a461098e12099f198f276795657be985e515461d72b261e93a9cf71ec9dd&amp;scene=27#wechat_redirect\",\"source_url\":\"\",\"cover\":\"http:\/\/mmbiz.qpic.cn\/mmbiz_jpg\/PNgicOnq3dskyHyyN7d4L5NBQHgwwFhf2ABt71YP8UhOrcM9DOkRp7MVzmIzJtIohBSGUyPKT6XTjia7z1XWibiaxg\/0?wx_fmt=jpeg\",\"author\":\"NanoLab\",\"copyright_stat\":11,\"del_flag\":1,\"item_show_type\":0,\"audio_fileid\":0,\"duration\":0,\"play_url\":\"\",\"malicious_title_reason_id\":0,\"malicious_content_type\":0},{\"title\":\"陶伟等人Nature Commun：从三明治结构的蛭石中捕获功能性二维纳米片用于癌症治疗\",\"digest\":\"二维纳米片\",\"content\":\"\",\"fileid\":100006442,\"content_url\":\"http:\/\/mp.weixin.qq.com\/s?__biz=Mzg5ODE3NzY2MA==&amp;mid=2247510609&amp;idx=5&amp;sn=96eb33521d4cc75d6d0cc9f95000b30b&amp;chksm=c0646542f713ec54d84bb9d4251693f1e9e2e1035f3a0511c8ea8e3439ec8e82b1f429b70d77&amp;scene=27#wechat_redirect\",\"source_url\":\"\",\"cover\":\"http:\/\/mmbiz.qpic.cn\/mmbiz_jpg\/PNgicOnq3dslRevG1DX0agTJAtNwZPnk9TOIIZggk8MhZZeWgH6IjUVVx4bSfaMU3wwENRCKY5Zg2n0NQBRe4tQ\/0?wx_fmt=jpeg\",\"author\":\"NanoLab\",\"copyright_stat\":11,\"del_flag\":1,\"item_show_type\":0,\"audio_fileid\":0,\"duration\":0,\"play_url\":\"\",\"malicious_title_reason_id\":0,\"malicious_content_type\":0},{\"title\":\"西安交通大学李昂\/李菲等人开发出一种纸基芯片，用于检测牙周炎\",\"digest\":\"纸基芯片\",\"content\":\"\",\"fileid\":0,\"content_url\":\"http:\/\/mp.weixin.qq.com\/s?__biz=Mzg5ODE3NzY2MA==&amp;mid=2247510609&amp;idx=6&amp;sn=712ae030e500819221f7a0572f52d3e1&amp;chksm=c0646542f713ec542bfb9c8671d8207233fae119488b90f09c009a21b75bccda9ceca00573cc&amp;scene=27#wechat_redirect\",\"source_url\":\"\",\"cover\":\"http:\/\/mmbiz.qpic.cn\/mmbiz_jpg\/PNgicOnq3dslRevG1DX0agTJAtNwZPnk9eat9xXiaU299W2BAoVeeL8VfuTW0bPzvQ2xn8esx8scAdzfSmDlt9tA\/0?wx_fmt=jpeg\",\"author\":\"李昂课题组\",\"copyright_stat\":100,\"del_flag\":1,\"item_show_type\":0,\"audio_fileid\":0,\"duration\":0,\"play_url\":\"\",\"malicious_title_reason_id\":0,\"malicious_content_type\":0},{\"title\":\"AM:使用集成刺激响应材料的超高灵敏度压力传感器\",\"digest\":\"\",\"content\":\"\",\"fileid\":0,\"content_url\":\"http:\/\/mp.weixin.qq.com\/s?__biz=Mzg5ODE3NzY2MA==&amp;mid=2247510609&amp;idx=7&amp;sn=f280c3dcef98211ef284bdeaaf22a636&amp;chksm=c0646542f713ec5413dc736fbc8699c853be3e4b66939298a1bda2dc27e2025f5cb991766753&amp;scene=27#wechat_redirect\",\"source_url\":\"\",\"cover\":\"http:\/\/mmbiz.qpic.cn\/mmbiz_jpg\/PNgicOnq3dskyHyyN7d4L5NBQHgwwFhf2UwIPEiceMXGSPCYAYtwrK8DNtc6XqAXHq765MhTB9FT8qW7KUVkSicxw\/0?wx_fmt=jpeg\",\"author\":\"NanoLab\",\"copyright_stat\":11,\"del_flag\":1,\"item_show_type\":0,\"audio_fileid\":0,\"duration\":0,\"play_url\":\"\",\"malicious_title_reason_id\":0,\"malicious_content_type\":0}],\"author\":\"\",\"copyright_stat\":100,\"duration\":0,\"del_flag\":1,\"item_show_type\":0,\"audio_fileid\":0,\"play_url\":\"\",\"malicious_title_reason_id\":0,\"malicious_content_type\":0}},{\"comm_msg_info\":{\"id\":1000000554,\"type\":49,\"datetime\":1614341272,\"fakeid\":\"3898177660\",\"status\":2,\"content\":\"\"},\"app_msg_ext_info\":{\"title\":\"Zeta电位：如何界定纳米材料表面电荷？\",\"digest\":\"表面电荷\",\"content\":\"\",\"fileid\":100011891,\"content_url\":\"http:\/\/mp.weixin.qq.com\/s?__biz=Mzg5ODE3NzY2MA==&amp;mid=2247510567&amp;idx=1&amp;sn=b4b56480739a985ad5a0458ac9142f7c&amp;chksm=c0646534f713ec221db6fbd27a9cb9d15c67254124d6440cb84fdd14df4c1c5cde9ba4b7285f&amp;scene=27#wechat_redirect\",\"source_url\":\"\",\"cover\":\"http:\/\/mmbiz.qpic.cn\/mmbiz_jpg\/PNgicOnq3dslRevG1DX0agTJAtNwZPnk9EoFDtOngZXTnpUez1JCCiaJye3F4M0ZQCfOUu0nick6BZaEsGa4diblMQ\/0?wx_fmt=jpeg\",\"subtype\":9,\"is_multi\":1,\"multi_app_msg_item_list\":[{\"title\":\"四川大学顾忠伟ACS Nano：一种仿细菌形态生物医学材料\",\"digest\":\"\",\"content\":\"\",\"fileid\":100006778,\"content_url\":\"http:\/\/mp.weixin.qq.com\/s?__biz=Mzg5ODE3NzY2MA==&amp;mid=2247510567&amp;idx=2&amp;sn=36594d7f48aecd7a9893153e9d4903b2&amp;chksm=c0646534f713ec22c408523e332617a2a6595b3a8e3d572e5d9a5245ba3c7e2839a1e8a8b6a0&amp;scene=27#wechat_redirect\",\"source_url\":\"\",\"cover\":\"http:\/\/mmbiz.qpic.cn\/mmbiz_jpg\/PNgicOnq3dslRevG1DX0agTJAtNwZPnk9jjJeZhaEKHG2ibY4ibPoDs5QPSVU4nV1svJ6H0xTVPenN6iaCl3UddI1Q\/0?wx_fmt=jpeg\",\"author\":\"NanoLab\",\"copyright_stat\":11,\"del_flag\":1,\"item_show_type\":0,\"audio_fileid\":0,\"duration\":0,\"play_url\":\"\",\"malicious_title_reason_id\":0,\"malicious_content_type\":0},{\"title\":\"这篇Science 子刊，让机器人有触觉！\",\"digest\":\"\",\"content\":\"\",\"fileid\":100006443,\"content_url\":\"http:\/\/mp.weixin.qq.com\/s?__biz=Mzg5ODE3NzY2MA==&amp;mid=2247510567&amp;idx=3&amp;sn=ff0abb48735eeb39f3e441f2fea942a2&amp;chksm=c0646534f713ec225d45a2ea196c4268469c17e384a2364ded2abfdba19cc6e4bc83c41ec6fd&amp;scene=27#wechat_redirect\",\"source_url\":\"\",\"cover\":\"http:\/\/mmbiz.qpic.cn\/mmbiz_jpg\/PNgicOnq3dslRevG1DX0agTJAtNwZPnk9xzZcImIjA9UvSwaLjrdtia01c6s6w4SZibe7oko1BKKIoBCGJJaEzELQ\/0?wx_fmt=jpeg\",\"author\":\"\",\"copyright_stat\":100,\"del_flag\":1,\"item_show_type\":0,\"audio_fileid\":0,\"duration\":0,\"play_url\":\"\",\"malicious_title_reason_id\":0,\"malicious_content_type\":0},{\"title\":\"吴水林\/刘想梅Nature子刊： MXene材料快速光激发杀死细菌\",\"digest\":\"杀菌\",\"content\":\"\",\"fileid\":100006442,\"content_url\":\"http:\/\/mp.weixin.qq.com\/s?__biz=Mzg5ODE3NzY2MA==&amp;mid=2247510567&amp;idx=4&amp;sn=23d50ee9e8b871e025e94dd70bf7831e&amp;chksm=c0646534f713ec2238dae2677b81bedf5922bfd6fe89d62dc61343ae0214f2b4f54845c12fbe&amp;scene=27#wechat_redirect\",\"source_url\":\"\",\"cover\":\"http:\/\/mmbiz.qpic.cn\/mmbiz_jpg\/PNgicOnq3dslRevG1DX0agTJAtNwZPnk9TOIIZggk8MhZZeWgH6IjUVVx4bSfaMU3wwENRCKY5Zg2n0NQBRe4tQ\/0?wx_fmt=jpeg\",\"author\":\"NanoLab\",\"copyright_stat\":11,\"del_flag\":1,\"item_show_type\":0,\"audio_fileid\":0,\"duration\":0,\"play_url\":\"\",\"malicious_title_reason_id\":0,\"malicious_content_type\":0},{\"title\":\"南方医科大学\/中山大学Nano Lett：镁基微马达作为氢发生器用于类风湿关节炎的精准治疗\",\"digest\":\"关节炎治疗\",\"content\":\"\",\"fileid\":0,\"content_url\":\"http:\/\/mp.weixin.qq.com\/s?__biz=Mzg5ODE3NzY2MA==&amp;mid=2247510567&amp;idx=5&amp;sn=3e5f29e6b1b5fdc5d446d871cc225cce&amp;chksm=c0646534f713ec22052eddcd706badbf439232d7959fb2a4957d5e6dfc231c30add392c20769&amp;scene=27#wechat_redirect\",\"source_url\":\"\",\"cover\":\"http:\/\/mmbiz.qpic.cn\/mmbiz_jpg\/PNgicOnq3dslRevG1DX0agTJAtNwZPnk9MCNzvPT7Q2bR5oOOW8K3MlB3mVxeDdlc0ovqibmBEdYBk7Mp7CcHiaicw\/0?wx_fmt=jpeg\",\"author\":\"NanoLab\",\"copyright_stat\":11,\"del_flag\":1,\"item_show_type\":0,\"audio_fileid\":0,\"duration\":0,\"play_url\":\"\",\"malicious_title_reason_id\":0,\"malicious_content_type\":0},{\"title\":\"ACS Nano：量子点纳米药物制剂显著改善了衰老小鼠的药理特性，并改变了二甲双胍和烟酰胺单核苷酸的摄取途径\",\"digest\":\"\",\"content\":\"\",\"fileid\":0,\"content_url\":\"http:\/\/mp.weixin.qq.com\/s?__biz=Mzg5ODE3NzY2MA==&amp;mid=2247510567&amp;idx=6&amp;sn=45c469e4b4f8c1f7e01fbdc9f3eea415&amp;chksm=c0646534f713ec22fbae452cf0e1527491ef591ccbd7b6f948768d0d1b36a5be62d3af2945a3&amp;scene=27#wechat_redirect\",\"source_url\":\"\",\"cover\":\"http:\/\/mmbiz.qpic.cn\/mmbiz_jpg\/PNgicOnq3dslRevG1DX0agTJAtNwZPnk96ciab87BZZPLEAh5Spkg5Vr5AVcbibphb8hI1jicePBZ0YBQVeDbdfdWg\/0?wx_fmt=jpeg\",\"author\":\"NanoLab\",\"copyright_stat\":11,\"del_flag\":1,\"item_show_type\":0,\"audio_fileid\":0,\"duration\":0,\"play_url\":\"\",\"malicious_title_reason_id\":0,\"malicious_content_type\":0},{\"title\":\"Nature Commun：数字化单分子纳米SERS平台用于预测和监测免疫治疗中的免疫毒性\",\"digest\":\"\",\"content\":\"\",\"fileid\":0,\"content_url\":\"http:\/\/mp.weixin.qq.com\/s?__biz=Mzg5ODE3NzY2MA==&amp;mid=2247510567&amp;idx=7&amp;sn=dfb3c684168748baf37babf458c8c235&amp;chksm=c0646534f713ec2237e7cb9ee487e43824dbb4d927bd21716cde048714fe9abff23aedd05bff&amp;scene=27#wechat_redirect\",\"source_url\":\"\",\"cover\":\"http:\/\/mmbiz.qpic.cn\/mmbiz_jpg\/PNgicOnq3dslRevG1DX0agTJAtNwZPnk9UCbA6DMANwnrWkrqNS3FZMWnxC3m3lr1IFWiaywwAWxckg9E4x2g8Zg\/0?wx_fmt=jpeg\",\"author\":\"NanoLab\",\"copyright_stat\":11,\"del_flag\":1,\"item_show_type\":0,\"audio_fileid\":0,\"duration\":0,\"play_url\":\"\",\"malicious_title_reason_id\":0,\"malicious_content_type\":0}],\"author\":\"\",\"copyright_stat\":100,\"duration\":0,\"del_flag\":1,\"item_show_type\":0,\"audio_fileid\":0,\"play_url\":\"\",\"malicious_title_reason_id\":0,\"malicious_content_type\":0}},{\"comm_msg_info\":{\"id\":1000000553,\"type\":49,\"datetime\":1614260945,\"fakeid\":\"3898177660\",\"status\":2,\"content\":\"\"},\"app_msg_ext_info\":{\"title\":\"Nature重磅 | 水凝胶生物材料获新突破！\",\"digest\":\"强韧的水凝胶\",\"content\":\"\",\"fileid\":100006442,\"content_url\":\"http:\/\/mp.weixin.qq.com\/s?__biz=Mzg5ODE3NzY2MA==&amp;mid=2247510459&amp;idx=1&amp;sn=7119a408ef0451a242fd9a0a3b727830&amp;chksm=c06466a8f713efbedd8145fd019e507176ca2f2d38f9601180c508f43dff4c59740f01425953&amp;scene=27#wechat_redirect\",\"source_url\":\"\",\"cover\":\"http:\/\/mmbiz.qpic.cn\/mmbiz_jpg\/PNgicOnq3dslYXFicgXMvAicG9SLpWmBbFibNygMibRvypx71WqUWknWczpSW2fzSN9iaIwdbgLHlRZicJEduaOj8XFmQ\/0?wx_fmt=jpeg\",\"subtype\":9,\"is_multi\":1,\"multi_app_msg_item_list\":[{\"title\":\"浙江大学周民等人Biomaterials：仿生蛋白冠策略构建Ag-Au纳米结构以用于SERS成像和光学治疗\",\"digest\":\"\",\"content\":\"\",\"fileid\":0,\"content_url\":\"http:\/\/mp.weixin.qq.com\/s?__biz=Mzg5ODE3NzY2MA==&amp;mid=2247510459&amp;idx=2&amp;sn=a53df31537b50b933aab32e1467d4050&amp;chksm=c06466a8f713efbedc710017ae42d5233463d10b2940db4965887073f3490c624e7688fab0ac&amp;scene=27#wechat_redirect\",\"source_url\":\"\",\"cover\":\"http:\/\/mmbiz.qpic.cn\/mmbiz_jpg\/PNgicOnq3dslYXFicgXMvAicG9SLpWmBbFibm5ehpDmwKn37vBknV4Qoe0LCUVS1gjictrNia00aZxyKurzZWPaSmItw\/0?wx_fmt=jpeg\",\"author\":\"NanoLab\",\"copyright_stat\":11,\"del_flag\":1,\"item_show_type\":0,\"audio_fileid\":0,\"duration\":0,\"play_url\":\"\",\"malicious_title_reason_id\":0,\"malicious_content_type\":0},{\"title\":\"上海药物所张志文​ACS Nano：供氧聚氟碳纳米载体改善肿瘤氧合，增强光动力介导的抗肿瘤免疫\",\"digest\":\"\",\"content\":\"\",\"fileid\":0,\"content_url\":\"http:\/\/mp.weixin.qq.com\/s?__biz=Mzg5ODE3NzY2MA==&amp;mid=2247510459&amp;idx=3&amp;sn=f88cc5537a6f6227b6b659938ec9444b&amp;chksm=c06466a8f713efbef1da54775ed8111f04129601eff2bb53818cd6b54621dbe2524f22b09c94&amp;scene=27#wechat_redirect\",\"source_url\":\"\",\"cover\":\"http:\/\/mmbiz.qpic.cn\/mmbiz_jpg\/PNgicOnq3dslYXFicgXMvAicG9SLpWmBbFib9kGv93UmXjfImNuwpyLtjYVnQypXXHMJ1ws7kLzev7hPBg2OCgVsrQ\/0?wx_fmt=jpeg\",\"author\":\"NanoLab\",\"copyright_stat\":11,\"del_flag\":1,\"item_show_type\":0,\"audio_fileid\":0,\"duration\":0,\"play_url\":\"\",\"malicious_title_reason_id\":0,\"malicious_content_type\":0},{\"title\":\"血液所石莉红Cell Stem Cell：造血干细胞异质性与骨髓增生性肿瘤的起始和治疗反应有关\",\"digest\":\"\",\"content\":\"\",\"fileid\":0,\"content_url\":\"http:\/\/mp.weixin.qq.com\/s?__biz=Mzg5ODE3NzY2MA==&amp;mid=2247510459&amp;idx=4&amp;sn=c1277c974ecbf36c1e24af1ab6584084&amp;chksm=c06466a8f713efbe96068f4bb3a6343f6b8b67186270ab53ea20776bd5b4d484309ab2ec8d5b&amp;scene=27#wechat_redirect\",\"source_url\":\"\",\"cover\":\"http:\/\/mmbiz.qpic.cn\/mmbiz_jpg\/PNgicOnq3dslYXFicgXMvAicG9SLpWmBbFibQlYtavb3HiaBDKPHn8uRL2fHwricAtR84YcPzw50JSzlULcomhAkU3ow\/0?wx_fmt=jpeg\",\"author\":\"NanoLab\",\"copyright_stat\":11,\"del_flag\":1,\"item_show_type\":0,\"audio_fileid\":0,\"duration\":0,\"play_url\":\"\",\"malicious_title_reason_id\":0,\"malicious_content_type\":0},{\"title\":\"西南大学Nanoscale：铁基纳米颗粒用于MR成像指导的铁死亡和光动力联合治疗\",\"digest\":\"\",\"content\":\"\",\"fileid\":0,\"content_url\":\"http:\/\/mp.weixin.qq.com\/s?__biz=Mzg5ODE3NzY2MA==&amp;mid=2247510459&amp;idx=5&amp;sn=1247ec804e290d0b151bc22d060ab05f&amp;chksm=c06466a8f713efbedd3caf6adaa8ab829179a59c5c1031166d2fbb915f1f8c0674992d1a0197&amp;scene=27#wechat_redirect\",\"source_url\":\"\",\"cover\":\"http:\/\/mmbiz.qpic.cn\/mmbiz_jpg\/PNgicOnq3dslYXFicgXMvAicG9SLpWmBbFibIXVoUcvR86zXqlxcjYzEHlb9bpygyGz6Teeiaian4X7oM5JyUu8CYNIg\/0?wx_fmt=jpeg\",\"author\":\"NanoLab\",\"copyright_stat\":11,\"del_flag\":1,\"item_show_type\":0,\"audio_fileid\":0,\"duration\":0,\"play_url\":\"\",\"malicious_title_reason_id\":0,\"malicious_content_type\":0},{\"title\":\"Angew：金属化石墨炔作为一类新型的光功能2D有机金属纳米片\",\"digest\":\"\",\"content\":\"\",\"fileid\":0,\"content_url\":\"http:\/\/mp.weixin.qq.com\/s?__biz=Mzg5ODE3NzY2MA==&amp;mid=2247510459&amp;idx=6&amp;sn=9be70a48316744decc9313967eba2f39&amp;chksm=c06466a8f713efbe7a5d7a05bb5c1d0c9ecc51edb7f769bc9120d0da63e7e2466693f3cb26c7&amp;scene=27#wechat_redirect\",\"source_url\":\"\",\"cover\":\"http:\/\/mmbiz.qpic.cn\/mmbiz_jpg\/PNgicOnq3dslYXFicgXMvAicG9SLpWmBbFibf2RZHWAsDoAmgicV9eylwKtQ0Aiag3q4ian7JWKIOnTwtwLJFyHz0HBxw\/0?wx_fmt=jpeg\",\"author\":\"NanoLab\",\"copyright_stat\":11,\"del_flag\":1,\"item_show_type\":0,\"audio_fileid\":0,\"duration\":0,\"play_url\":\"\",\"malicious_title_reason_id\":0,\"malicious_content_type\":0}],\"author\":\"小奇\",\"copyright_stat\":11,\"duration\":0,\"del_flag\":1,\"item_show_type\":0,\"audio_fileid\":0,\"play_url\":\"\",\"malicious_title_reason_id\":0,\"malicious_content_type\":0}},{\"comm_msg_info\":{\"id\":1000000552,\"type\":49,\"datetime\":1614168973,\"fakeid\":\"3898177660\",\"status\":2,\"content\":\"\"},\"app_msg_ext_info\":{\"title\":\"Nature Nanotech：用上转换颗粒抓住细胞！\",\"digest\":\"纳米上转换\",\"content\":\"\",\"fileid\":100006441,\"content_url\":\"http:\/\/mp.weixin.qq.com\/s?__biz=Mzg5ODE3NzY2MA==&amp;mid=2247510409&amp;idx=1&amp;sn=32f2d0046f9be4b21c9d7007a08d2c0d&amp;chksm=c064669af713ef8cf4a7067b4a3efc36ee7d13960ac8f201461d631500520f47dcb715c8182b&amp;scene=27#wechat_redirect\",\"source_url\":\"\",\"cover\":\"http:\/\/mmbiz.qpic.cn\/mmbiz_jpg\/PNgicOnq3dsll3g1mjiagRdUa92xKZr4pq0P7qeGLD8o27YThiaI6xL0TfjkuqVocNibe1BZ38kTIOaSwbA82Ntqcg\/0?wx_fmt=jpeg\",\"subtype\":9,\"is_multi\":1,\"multi_app_msg_item_list\":[{\"title\":\"上海中医药大学ACS Nano：可吸收多种毒素的杂合脂质体用于治疗大肠杆菌感染\",\"digest\":\"\",\"content\":\"\",\"fileid\":0,\"content_url\":\"http:\/\/mp.weixin.qq.com\/s?__biz=Mzg5ODE3NzY2MA==&amp;mid=2247510409&amp;idx=2&amp;sn=effeb5c9a09327643048a0a2e4463335&amp;chksm=c064669af713ef8cb6cc52ee5011f59dd49c13f2cece23fee294169c2581a4987518fe6fa5ba&amp;scene=27#wechat_redirect\",\"source_url\":\"\",\"cover\":\"http:\/\/mmbiz.qpic.cn\/mmbiz_jpg\/PNgicOnq3dsll3g1mjiagRdUa92xKZr4pq1FLibOqtaC3oS1b5F6O8GQFS5ewqibKASuvAT2WbvibvDLgsw0mldib2LQ\/0?wx_fmt=jpeg\",\"author\":\"NanoLab\",\"copyright_stat\":11,\"del_flag\":1,\"item_show_type\":0,\"audio_fileid\":0,\"duration\":0,\"play_url\":\"\",\"malicious_title_reason_id\":0,\"malicious_content_type\":0},{\"title\":\"北京化工大学\/河南大学Angew：具有抗肿瘤活性、多组分自组装的巨型异种金属多氧钨酸盐超簇\",\"digest\":\"\",\"content\":\"\",\"fileid\":0,\"content_url\":\"http:\/\/mp.weixin.qq.com\/s?__biz=Mzg5ODE3NzY2MA==&amp;mid=2247510409&amp;idx=3&amp;sn=3f77cd941bd4e0985b1766c2ab17ad57&amp;chksm=c064669af713ef8cdd4474c8eaf9bc2e53a2a57078a6c31b530fac90dea73ec43ba1635d8920&amp;scene=27#wechat_redirect\",\"source_url\":\"\",\"cover\":\"http:\/\/mmbiz.qpic.cn\/mmbiz_jpg\/PNgicOnq3dsll3g1mjiagRdUa92xKZr4pq5wexWb7ezbNcPiblv0QUgLvbibgIOD3FnibZck6l9s8aibRpXmqNVJzy3A\/0?wx_fmt=jpeg\",\"author\":\"NanoLab\",\"copyright_stat\":11,\"del_flag\":1,\"item_show_type\":0,\"audio_fileid\":0,\"duration\":0,\"play_url\":\"\",\"malicious_title_reason_id\":0,\"malicious_content_type\":0},{\"title\":\"汪舰\/付立民\/周晶ACS Nano：自发膜吸附法增强第二近红外深层成像引导颅内肿瘤治疗\",\"digest\":\"\",\"content\":\"\",\"fileid\":0,\"content_url\":\"http:\/\/mp.weixin.qq.com\/s?__biz=Mzg5ODE3NzY2MA==&amp;mid=2247510409&amp;idx=4&amp;sn=64ed9cd289a12a579e8a1576d16ca4a1&amp;chksm=c064669af713ef8cf3f86675d4dc7076a8f57b4d1fe2c1c260f778c7c5b974549fff6c79aa36&amp;scene=27#wechat_redirect\",\"source_url\":\"\",\"cover\":\"http:\/\/mmbiz.qpic.cn\/mmbiz_jpg\/PNgicOnq3dsll3g1mjiagRdUa92xKZr4pqCMN5a45SBha7puxRBDOeeTzbO01csJBSWE8FYYdrLibic6z8uP9icWE5Q\/0?wx_fmt=jpeg\",\"author\":\"NanoLab\",\"copyright_stat\":11,\"del_flag\":1,\"item_show_type\":0,\"audio_fileid\":0,\"duration\":0,\"play_url\":\"\",\"malicious_title_reason_id\":0,\"malicious_content_type\":0},{\"title\":\"AFM：光交联生物可还原聚合物纳米颗粒用于增强siRNA的系统递送\",\"digest\":\"\",\"content\":\"\",\"fileid\":0,\"content_url\":\"http:\/\/mp.weixin.qq.com\/s?__biz=Mzg5ODE3NzY2MA==&amp;mid=2247510409&amp;idx=5&amp;sn=dc3b5134756d713f96430ab279fd9684&amp;chksm=c064669af713ef8cd57d6d188851225fdde43c4c65c25f7acb688852515b8a75aa0ca6c2fd95&amp;scene=27#wechat_redirect\",\"source_url\":\"\",\"cover\":\"http:\/\/mmbiz.qpic.cn\/mmbiz_jpg\/PNgicOnq3dsll3g1mjiagRdUa92xKZr4pqiaoqCpWmTrpKnYLjfe9F3MFk4YBcPFKVIerIwibPc0SKQe4QKBD3YJMA\/0?wx_fmt=jpeg\",\"author\":\"NanoLab\",\"copyright_stat\":11,\"del_flag\":1,\"item_show_type\":0,\"audio_fileid\":0,\"duration\":0,\"play_url\":\"\",\"malicious_title_reason_id\":0,\"malicious_content_type\":0},{\"title\":\"Angew：光切换造影剂用于对绝对3D温度进行MR成像\",\"digest\":\"\",\"content\":\"\",\"fileid\":0,\"content_url\":\"http:\/\/mp.weixin.qq.com\/s?__biz=Mzg5ODE3NzY2MA==&amp;mid=2247510409&amp;idx=6&amp;sn=2754eed7d3e0617133f3c4449e6f8271&amp;chksm=c064669af713ef8c57f1225494c0ede5a790521fe52980a13a2dfe9049acf8dc930416f58270&amp;scene=27#wechat_redirect\",\"source_url\":\"\",\"cover\":\"http:\/\/mmbiz.qpic.cn\/mmbiz_jpg\/PNgicOnq3dsll3g1mjiagRdUa92xKZr4pqDuoe5G6NAJs94eRK5g3nkwXXoFeDoicJawVvWRjEnjFXxQAQJgaSHzA\/0?wx_fmt=jpeg\",\"author\":\"NanoLab\",\"copyright_stat\":11,\"del_flag\":1,\"item_show_type\":0,\"audio_fileid\":0,\"duration\":0,\"play_url\":\"\",\"malicious_title_reason_id\":0,\"malicious_content_type\":0},{\"title\":\"Biomaterials：碳纤维增强聚合物用于植入式医疗设备\",\"digest\":\"\",\"content\":\"\",\"fileid\":0,\"content_url\":\"http:\/\/mp.weixin.qq.com\/s?__biz=Mzg5ODE3NzY2MA==&amp;mid=2247510409&amp;idx=7&amp;sn=b5dcf7427fd8a2554ac88c3e0bebd40c&amp;chksm=c064669af713ef8c619bbd564a8c00afa63e51fef1da239724ccac1d2071dfcf4db95efc0210&amp;scene=27#wechat_redirect\",\"source_url\":\"\",\"cover\":\"http:\/\/mmbiz.qpic.cn\/mmbiz_jpg\/PNgicOnq3dsll3g1mjiagRdUa92xKZr4pqP65DJ62rEo6kycHTI3ria2OCCEoyeZTtXzT1Zsyl12d3kfEtribL94Ug\/0?wx_fmt=jpeg\",\"author\":\"NanoLab\",\"copyright_stat\":11,\"del_flag\":1,\"item_show_type\":0,\"audio_fileid\":0,\"duration\":0,\"play_url\":\"\",\"malicious_title_reason_id\":0,\"malicious_content_type\":0}],\"author\":\"\",\"copyright_stat\":100,\"duration\":0,\"del_flag\":1,\"item_show_type\":0,\"audio_fileid\":0,\"play_url\":\"\",\"malicious_title_reason_id\":0,\"malicious_content_type\":0}},{\"comm_msg_info\":{\"id\":1000000551,\"type\":49,\"datetime\":1614074930,\"fakeid\":\"3898177660\",\"status\":2,\"content\":\"\"},\"app_msg_ext_info\":{\"title\":\"仿生材料又一次登上Nature Materials!\",\"digest\":\"振动诱导的交联材料\",\"content\":\"\",\"fileid\":0,\"content_url\":\"http:\/\/mp.weixin.qq.com\/s?__biz=Mzg5ODE3NzY2MA==&amp;mid=2247510347&amp;idx=1&amp;sn=d0feb419962b4b21f0b6c5fd5ff0c4d8&amp;chksm=c0646658f713ef4e51f02772a86ddb7d2493c77a9a06cfb044680f6d3825a87fcb440f38de5a&amp;scene=27#wechat_redirect\",\"source_url\":\"\",\"cover\":\"http:\/\/mmbiz.qpic.cn\/mmbiz_jpg\/PNgicOnq3dskF0z1ewyviaAYAfCicf8AprsKNYTgYYIIIIKPcGrB5OwpGWuYdBqOmtOTtqB8u1hLszBBtNJNbnsYA\/0?wx_fmt=jpeg\",\"subtype\":9,\"is_multi\":1,\"multi_app_msg_item_list\":[{\"title\":\"中国科学技术大学邓兆祥JACS：快速合成DNA密度最高球形核酸的策略\",\"digest\":\"\",\"content\":\"\",\"fileid\":0,\"content_url\":\"http:\/\/mp.weixin.qq.com\/s?__biz=Mzg5ODE3NzY2MA==&amp;mid=2247510347&amp;idx=2&amp;sn=535e22c566f0b71b1bb98c0462186e96&amp;chksm=c0646658f713ef4e069dc45f1a162b19715e8493e61d6f67cc0f3460a911cd824b411b871529&amp;scene=27#wechat_redirect\",\"source_url\":\"\",\"cover\":\"http:\/\/mmbiz.qpic.cn\/mmbiz_jpg\/PNgicOnq3dskF0z1ewyviaAYAfCicf8AprsHYnI9LIGGqWypSznnHvEGhDxW2Z02I6ibJCTaYianicYpECAqhULCR9uQ\/0?wx_fmt=jpeg\",\"author\":\"NanoLab\",\"copyright_stat\":11,\"del_flag\":1,\"item_show_type\":0,\"audio_fileid\":0,\"duration\":0,\"play_url\":\"\",\"malicious_title_reason_id\":0,\"malicious_content_type\":0},{\"title\":\"浙江大学鲜于运雷Angew：碘化物介导的对金纳米星表面进行快速刻蚀以用于生物传感\",\"digest\":\"\",\"content\":\"\",\"fileid\":0,\"content_url\":\"http:\/\/mp.weixin.qq.com\/s?__biz=Mzg5ODE3NzY2MA==&amp;mid=2247510347&amp;idx=3&amp;sn=4b5205ba186f170284997dfa2fc5d63d&amp;chksm=c0646658f713ef4e3f1328d87c99e195e22b66dc7c04fd8307c302f65e357b96c9422bb55e58&amp;scene=27#wechat_redirect\",\"source_url\":\"\",\"cover\":\"http:\/\/mmbiz.qpic.cn\/mmbiz_jpg\/PNgicOnq3dskF0z1ewyviaAYAfCicf8AprsWqq38PCBusiav6DEicqDXdicX0viaqZRCWyVIbgcibBJt2t0iaDUPLOSRtbg\/0?wx_fmt=jpeg\",\"author\":\"NanoLab\",\"copyright_stat\":11,\"del_flag\":1,\"item_show_type\":0,\"audio_fileid\":0,\"duration\":0,\"play_url\":\"\",\"malicious_title_reason_id\":0,\"malicious_content_type\":0},{\"title\":\"吉林大学\/华南理工大学Biomaterials：仿生联合组装纳米药物用于抑制化疗导致的乳腺癌转移\",\"digest\":\"\",\"content\":\"\",\"fileid\":0,\"content_url\":\"http:\/\/mp.weixin.qq.com\/s?__biz=Mzg5ODE3NzY2MA==&amp;mid=2247510347&amp;idx=4&amp;sn=a841201199d3f134cbac6976d1d049fa&amp;chksm=c0646658f713ef4ed27b748bae76ce501aa7f65e01bc6a2dc194cdcef85378ebf76b9169ab6a&amp;scene=27#wechat_redirect\",\"source_url\":\"\",\"cover\":\"http:\/\/mmbiz.qpic.cn\/mmbiz_jpg\/PNgicOnq3dskF0z1ewyviaAYAfCicf8AprsowB9LtNlOrYWXJ81Q6UtpCQaKhnyF40mlxXgia2g9FynDU9iaibiawN9qQ\/0?wx_fmt=jpeg\",\"author\":\"NanoLab\",\"copyright_stat\":11,\"del_flag\":1,\"item_show_type\":0,\"audio_fileid\":0,\"duration\":0,\"play_url\":\"\",\"malicious_title_reason_id\":0,\"malicious_content_type\":0},{\"title\":\"青岛大学丛海林Biomaterials：有机小分子用于NIR-II生物成像\",\"digest\":\"\",\"content\":\"\",\"fileid\":0,\"content_url\":\"http:\/\/mp.weixin.qq.com\/s?__biz=Mzg5ODE3NzY2MA==&amp;mid=2247510347&amp;idx=5&amp;sn=b2dbce6118b228908577606ceb6d1f0a&amp;chksm=c0646658f713ef4e228855bce29de3195234855824a8f852569c8ba604a4b869ab8322990c77&amp;scene=27#wechat_redirect\",\"source_url\":\"\",\"cover\":\"http:\/\/mmbiz.qpic.cn\/mmbiz_jpg\/PNgicOnq3dskF0z1ewyviaAYAfCicf8Aprs3dcl7SCiceAnbZIFKMWqWJLkMiaSqicYTPsoo3tJBhib0UHSejK1BicDWSw\/0?wx_fmt=jpeg\",\"author\":\"NanoLab\",\"copyright_stat\":11,\"del_flag\":1,\"item_show_type\":0,\"audio_fileid\":0,\"duration\":0,\"play_url\":\"\",\"malicious_title_reason_id\":0,\"malicious_content_type\":0},{\"title\":\"ACS Nano：颗粒大小决定自润滑三元液滴中超粒子的形状\",\"digest\":\"\",\"content\":\"\",\"fileid\":0,\"content_url\":\"http:\/\/mp.weixin.qq.com\/s?__biz=Mzg5ODE3NzY2MA==&amp;mid=2247510347&amp;idx=6&amp;sn=7ad15007e5389debd58e4a6416683bde&amp;chksm=c0646658f713ef4ee8e3cbe810a37429fbab2c03a78da02e53c1948edba5a6acd1efee139504&amp;scene=27#wechat_redirect\",\"source_url\":\"\",\"cover\":\"http:\/\/mmbiz.qpic.cn\/mmbiz_jpg\/PNgicOnq3dskF0z1ewyviaAYAfCicf8AprssDf4oPfOibAqWnmoqVwXOLIQvMzZUDfShAHlN0ShTw9YBWZ4v6M4brQ\/0?wx_fmt=jpeg\",\"author\":\"NanoLab\",\"copyright_stat\":11,\"del_flag\":1,\"item_show_type\":0,\"audio_fileid\":0,\"duration\":0,\"play_url\":\"\",\"malicious_title_reason_id\":0,\"malicious_content_type\":0},{\"title\":\"吴玫颖\/陈雨Nano Research：仿生纳米医学，为个性化疾病诊疗带来新方向！\",\"digest\":\"第一作者：Huisong Hao通讯作者：吴玫颖、陈雨通讯单位：中山大学、上海大学纳米药物递送系统凭借其优异\",\"content\":\"\",\"fileid\":0,\"content_url\":\"http:\/\/mp.weixin.qq.com\/s?__biz=Mzg5ODE3NzY2MA==&amp;mid=2247510347&amp;idx=7&amp;sn=e9ad18c0a51ac99fbbce16e965eae382&amp;chksm=c0646658f713ef4e7a7eb1cf6a9e7cd7e4deccb2b88f0f9cbd3bcc60a55d1d4bf0191d33ba42&amp;scene=27#wechat_redirect\",\"source_url\":\"https:\/\/rdcu.be\/cdKU5\",\"cover\":\"http:\/\/mmbiz.qpic.cn\/mmbiz_jpg\/NgNpRVa0iaORWcRQse2pJfZibWaYvttJaibRJQibE3buXlX15hZQUqAZrcr266Gn32P0NSA9qagujqA6CDoVGN459A\/0?wx_fmt=jpeg\",\"author\":\"吴玫颖课题组\",\"copyright_stat\":201,\"del_flag\":1,\"item_show_type\":0,\"audio_fileid\":0,\"duration\":0,\"play_url\":\"\",\"malicious_title_reason_id\":0,\"malicious_content_type\":0}],\"author\":\"NanoLab\",\"copyright_stat\":11,\"duration\":0,\"del_flag\":1,\"item_show_type\":0,\"audio_fileid\":0,\"play_url\":\"\",\"malicious_title_reason_id\":0,\"malicious_content_type\":0}},{\"comm_msg_info\":{\"id\":1000000550,\"type\":49,\"datetime\":1613993813,\"fakeid\":\"3898177660\",\"status\":2,\"content\":\"\"},\"app_msg_ext_info\":{\"title\":\"一种电子皮肤，两篇Nature Materials\",\"digest\":\"液体可穿戴器件\",\"content\":\"\",\"fileid\":100006439,\"content_url\":\"http:\/\/mp.weixin.qq.com\/s?__biz=Mzg5ODE3NzY2MA==&amp;mid=2247510300&amp;idx=1&amp;sn=e98054c84c0c00be8d89d0da0ce8170b&amp;chksm=c064660ff713ef19556ae9453f05ae26449ce8343d76e78bd3a3d9fa3d5828fee789b11ebfd0&amp;scene=27#wechat_redirect\",\"source_url\":\"\",\"cover\":\"http:\/\/mmbiz.qpic.cn\/mmbiz_jpg\/PNgicOnq3dsnftmQqSDopyvtCy7yabWaRJwaGU8d61fvic5guK6JNeuf2YVwD2phnLZZ7dkD2hNATgnH9icNehNQQ\/0?wx_fmt=jpeg\",\"subtype\":9,\"is_multi\":1,\"multi_app_msg_item_list\":[{\"title\":\"长春应化所陈学思院士\/丁建勋Nano. Lett：超声增强线粒体钙离子超载以诱导免疫原性细胞死亡\",\"digest\":\"\",\"content\":\"\",\"fileid\":0,\"content_url\":\"http:\/\/mp.weixin.qq.com\/s?__biz=Mzg5ODE3NzY2MA==&amp;mid=2247510300&amp;idx=2&amp;sn=c6185c5ab6392ca6688788402909ebfe&amp;chksm=c064660ff713ef19b9e2c32f1909454227760f0f55c305c86ddb1bc42bade431252b3828afd2&amp;scene=27#wechat_redirect\",\"source_url\":\"\",\"cover\":\"http:\/\/mmbiz.qpic.cn\/mmbiz_jpg\/PNgicOnq3dsnftmQqSDopyvtCy7yabWaR8cr2dlCvicR9qpzSic5kJuEXpGLT1mTnbIXrJPSrmNHM1UwO0u6eB14w\/0?wx_fmt=jpeg\",\"author\":\"NanoLab\",\"copyright_stat\":11,\"del_flag\":1,\"item_show_type\":0,\"audio_fileid\":0,\"duration\":0,\"play_url\":\"\",\"malicious_title_reason_id\":0,\"malicious_content_type\":0},{\"title\":\"清华大学许华平Biomaterials：对H2O2响应的聚合物用于CO\/化疗增敏\/抗血管生成协同治疗\",\"digest\":\"\",\"content\":\"\",\"fileid\":0,\"content_url\":\"http:\/\/mp.weixin.qq.com\/s?__biz=Mzg5ODE3NzY2MA==&amp;mid=2247510300&amp;idx=3&amp;sn=c69fdd91193381e994425cb590522145&amp;chksm=c064660ff713ef19019fad89b36cb82af08aa19397737a37e4c953a818fc8755e484221f6a43&amp;scene=27#wechat_redirect\",\"source_url\":\"\",\"cover\":\"http:\/\/mmbiz.qpic.cn\/mmbiz_jpg\/PNgicOnq3dsnftmQqSDopyvtCy7yabWaRksNP06Td6HKef8MAOElUeIHUlddghDPbTrTgErcP66QEaj8qvTuTlw\/0?wx_fmt=jpeg\",\"author\":\"NanoLab\",\"copyright_stat\":11,\"del_flag\":1,\"item_show_type\":0,\"audio_fileid\":0,\"duration\":0,\"play_url\":\"\",\"malicious_title_reason_id\":0,\"malicious_content_type\":0},{\"title\":\"王启明AM：具有有序微结构和优异机械性能的生物复合材料\",\"digest\":\"\",\"content\":\"\",\"fileid\":0,\"content_url\":\"http:\/\/mp.weixin.qq.com\/s?__biz=Mzg5ODE3NzY2MA==&amp;mid=2247510300&amp;idx=4&amp;sn=4111f6d74711cf9d529bf669b427a09f&amp;chksm=c064660ff713ef1950b3f929e4069cb3f3681fe353d52b890c30031d61c4bc6abe5c4a5f8d36&amp;scene=27#wechat_redirect\",\"source_url\":\"\",\"cover\":\"http:\/\/mmbiz.qpic.cn\/mmbiz_jpg\/PNgicOnq3dsnftmQqSDopyvtCy7yabWaRV4qptZg719HuLIcrHxe5EvlW6SVz7t6YAYLK7GpVAB2IB8IZgze3eA\/0?wx_fmt=jpeg\",\"author\":\"NanoLab\",\"copyright_stat\":11,\"del_flag\":1,\"item_show_type\":0,\"audio_fileid\":0,\"duration\":0,\"play_url\":\"\",\"malicious_title_reason_id\":0,\"malicious_content_type\":0},{\"title\":\"Adv. Mater：细胞内递送\",\"digest\":\"\",\"content\":\"\",\"fileid\":0,\"content_url\":\"http:\/\/mp.weixin.qq.com\/s?__biz=Mzg5ODE3NzY2MA==&amp;mid=2247510300&amp;idx=5&amp;sn=affacfc83b7d8ffac2af1f4a072ee422&amp;chksm=c064660ff713ef19184822bdfb6e53389274827d0852f5af41ac2970999d72ac7e00ce84cfc9&amp;scene=27#wechat_redirect\",\"source_url\":\"\",\"cover\":\"http:\/\/mmbiz.qpic.cn\/mmbiz_jpg\/PNgicOnq3dsnftmQqSDopyvtCy7yabWaRbZrkoibAOcz4rZib5aI2EJhV9CRWxxibvBRYOXf5cJneFGz5A3TQn6VJQ\/0?wx_fmt=jpeg\",\"author\":\"NanoLab\",\"copyright_stat\":11,\"del_flag\":1,\"item_show_type\":0,\"audio_fileid\":0,\"duration\":0,\"play_url\":\"\",\"malicious_title_reason_id\":0,\"malicious_content_type\":0},{\"title\":\"ACS Nano：具有和x射线荧光特性的纳米粒子用于双模态生物成像\",\"digest\":\"\",\"content\":\"\",\"fileid\":0,\"content_url\":\"http:\/\/mp.weixin.qq.com\/s?__biz=Mzg5ODE3NzY2MA==&amp;mid=2247510300&amp;idx=6&amp;sn=c9b45a7ef33f0c0612f2843520a0387e&amp;chksm=c064660ff713ef1947310d92ee0b790373d9ed819bd2035f58a97839e1d3af98b35eb9884530&amp;scene=27#wechat_redirect\",\"source_url\":\"\",\"cover\":\"http:\/\/mmbiz.qpic.cn\/mmbiz_jpg\/PNgicOnq3dsnftmQqSDopyvtCy7yabWaRz0Yre2RE2JQWiaRxaz4Fico8OrO1UMA3pqONjiah7HD1e6VOYjfR81bNg\/0?wx_fmt=jpeg\",\"author\":\"NanoLab\",\"copyright_stat\":11,\"del_flag\":1,\"item_show_type\":0,\"audio_fileid\":0,\"duration\":0,\"play_url\":\"\",\"malicious_title_reason_id\":0,\"malicious_content_type\":0},{\"title\":\"Macromolecules：溶剂热醇解法回收高浓度硅橡胶废料\",\"digest\":\"\",\"content\":\"\",\"fileid\":0,\"content_url\":\"http:\/\/mp.weixin.qq.com\/s?__biz=Mzg5ODE3NzY2MA==&amp;mid=2247510300&amp;idx=7&amp;sn=99d030898a4234c50d172f7aeb74d6da&amp;chksm=c064660ff713ef19cbbe08116758b29b136177b619d0cbe11bf88bd47bf0824320abe82694df&amp;scene=27#wechat_redirect\",\"source_url\":\"\",\"cover\":\"http:\/\/mmbiz.qpic.cn\/mmbiz_jpg\/PNgicOnq3dsnftmQqSDopyvtCy7yabWaRNiaSIKOUYmmfn9PJBfnf5Gsia1n2Vq1nBB0ib07v5pN1qqbY1cUjvI9sw\/0?wx_fmt=jpeg\",\"author\":\"NanoLab\",\"copyright_stat\":11,\"del_flag\":1,\"item_show_type\":0,\"audio_fileid\":0,\"duration\":0,\"play_url\":\"\",\"malicious_title_reason_id\":0,\"malicious_content_type\":0}],\"author\":\"小奇\",\"copyright_stat\":11,\"duration\":0,\"del_flag\":1,\"item_show_type\":0,\"audio_fileid\":0,\"play_url\":\"\",\"malicious_title_reason_id\":0,\"malicious_content_type\":0}}]}","next_offset":110,"video_count":1,"use_video_tab":1,"real_type":0,"home_page_list":[]}