{"ret":0,"errmsg":"ok","msg_count":10,"can_msg_continue":1,"general_msg_list":"{\"list\":[{\"comm_msg_info\":{\"id\":1000000578,\"type\":49,\"datetime\":1607515769,\"fakeid\":\"2395381522\",\"status\":2,\"content\":\"\"},\"app_msg_ext_info\":{\"title\":\"对话芯片顶级投资人：AI芯片投资热潮下的冷思考 ｜ GTIC2020\",\"digest\":\"两位芯片投资老炮儿的思想交锋：跨界造芯没那么容易，做芯片也要做生态。\",\"content\":\"\",\"fileid\":300407672,\"content_url\":\"http:\/\/mp.weixin.qq.com\/s?__biz=MjM5NTM4MTUyMg==&amp;mid=2447891329&amp;idx=1&amp;sn=73288104431dc245afa18d7990f1338d&amp;chksm=b2ea13fc859d9aea87921a0a8e09a1a647a882cfb05617384f5be950ae46f74de13dbee23d78&amp;scene=27#wechat_redirect\",\"source_url\":\"https:\/\/mp.weixin.qq.com\/s\/RPDaoBBJbKuCYhsnB8ykFQ\",\"cover\":\"http:\/\/mmbiz.qpic.cn\/mmbiz_jpg\/vudjndXIRDrhgKiaxVUiaWlee5jlhhgiboZvoVklKDHLhUsLcwJj35t87oujOiaCQIlib0icCFUFYsUoSHWibOrTU4bBg\/0?wx_fmt=jpeg\",\"subtype\":9,\"is_multi\":1,\"multi_app_msg_item_list\":[{\"title\":\"Imagination刘国军：用“GPU+AI加速器”破局AI算力需求 ｜ GTIC2020\",\"digest\":\"在GTIC AI芯片创新峰会上，知名芯片IP公司Imagination副总裁刘国军，现身解读公司两大产品性能特点。\",\"content\":\"\",\"fileid\":300407645,\"content_url\":\"http:\/\/mp.weixin.qq.com\/s?__biz=MjM5NTM4MTUyMg==&amp;mid=2447891329&amp;idx=2&amp;sn=7099bb2fbb726935db85ca19184ed72b&amp;chksm=b2ea13fc859d9aea83bd8767708e4d010b6af9bd4620b33c5414300f0aab7330b1cf45f6e309&amp;scene=27#wechat_redirect\",\"source_url\":\"https:\/\/mp.weixin.qq.com\/s\/RPDaoBBJbKuCYhsnB8ykFQ\",\"cover\":\"http:\/\/mmbiz.qpic.cn\/mmbiz_png\/vudjndXIRDrvK5oB2zCQlnlwnLGvsstVzx2nQFSpsEf2wRVIwUj1AgibaBE06Yjdpw0W99ibKEicpQdNmTyFHyXzA\/0?wx_fmt=png\",\"author\":\"温淑\",\"copyright_stat\":11,\"del_flag\":1,\"item_show_type\":0,\"audio_fileid\":0,\"duration\":0,\"play_url\":\"\",\"malicious_title_reason_id\":0,\"malicious_content_type\":0}],\"author\":\"信仪\",\"copyright_stat\":11,\"duration\":0,\"del_flag\":1,\"item_show_type\":0,\"audio_fileid\":0,\"play_url\":\"\",\"malicious_title_reason_id\":0,\"malicious_content_type\":0}},{\"comm_msg_info\":{\"id\":1000000577,\"type\":49,\"datetime\":1607432997,\"fakeid\":\"2395381522\",\"status\":2,\"content\":\"\"},\"app_msg_ext_info\":{\"title\":\"苹果M2芯片重磅爆料！最多32核，原来M1只是前菜\",\"digest\":\"苹果，在芯片研发的道路上越走越远，剑锋直指英特尔和AMD。\",\"content\":\"\",\"fileid\":300407655,\"content_url\":\"http:\/\/mp.weixin.qq.com\/s?__biz=MjM5NTM4MTUyMg==&amp;mid=2447891305&amp;idx=1&amp;sn=97ab0935c066ffe0755afad429f60e7c&amp;chksm=b2ea1314859d9a0257bc880cdb5aaa047543b5bccc5983067468b10dbced79a0d93d5061aa2a&amp;scene=27#wechat_redirect\",\"source_url\":\"https:\/\/zhidx.com\/p\/247553.html\",\"cover\":\"http:\/\/mmbiz.qpic.cn\/mmbiz_jpg\/vudjndXIRDrvK5oB2zCQlnlwnLGvsstVpvPyic3Jg7789pkL99xYCRt8075icIVBMZaP45U5lwEF1ysHSaxnoFGg\/0?wx_fmt=jpeg\",\"subtype\":9,\"is_multi\":1,\"multi_app_msg_item_list\":[{\"title\":\"又送书了！《&quot;芯&quot;想事成》免费领，新华社记者解读中国芯片产业的突围！\",\"digest\":\"赠书活动又来啦！\",\"content\":\"\",\"fileid\":0,\"content_url\":\"http:\/\/mp.weixin.qq.com\/s?__biz=MjM5NTM4MTUyMg==&amp;mid=2447891305&amp;idx=2&amp;sn=a04500eb38802f176593be058aa4a43c&amp;chksm=b2ea1314859d9a023d6039b76a21eceb5cbf3a3f051df0d5907d33e0a4d3fd405e2c59e74f36&amp;scene=27#wechat_redirect\",\"source_url\":\"\",\"cover\":\"http:\/\/mmbiz.qpic.cn\/mmbiz_jpg\/vudjndXIRDoVl2ib4Vib70icaRrspticyAYSxtvfQKMHUS0IABaLo35R042E7NVseriaNpEibdUBejicFR7SMyTfTGv5Q\/0?wx_fmt=jpeg\",\"author\":\"送福利的小芯\",\"copyright_stat\":100,\"del_flag\":1,\"item_show_type\":0,\"audio_fileid\":0,\"duration\":0,\"play_url\":\"\",\"malicious_title_reason_id\":0,\"malicious_content_type\":0}],\"author\":\"林卓玮\",\"copyright_stat\":11,\"duration\":0,\"del_flag\":1,\"item_show_type\":0,\"audio_fileid\":0,\"play_url\":\"\",\"malicious_title_reason_id\":0,\"malicious_content_type\":0}},{\"comm_msg_info\":{\"id\":1000000576,\"type\":49,\"datetime\":1607341838,\"fakeid\":\"2395381522\",\"status\":2,\"content\":\"\"},\"app_msg_ext_info\":{\"title\":\"比特大陆王俊：解读AI芯片产品战略，如何落地智慧城市？ | GTIC2020\",\"digest\":\"由城市统一建设的AI算力中心来支撑庞大而繁杂的AI计算，是智慧城市建设最高效的解决方案。\",\"content\":\"\",\"fileid\":0,\"content_url\":\"http:\/\/mp.weixin.qq.com\/s?__biz=MjM5NTM4MTUyMg==&amp;mid=2447891268&amp;idx=1&amp;sn=1841ca99a7a766d5007fc6d6602ba9f3&amp;chksm=b2ea1339859d9a2f5c0e499364e875e8f7efeaeecfa6882311efb55ace9f1e7d60f3468315c0&amp;scene=27#wechat_redirect\",\"source_url\":\"https:\/\/mp.weixin.qq.com\/s\/RPDaoBBJbKuCYhsnB8ykFQ\",\"cover\":\"http:\/\/mmbiz.qpic.cn\/mmbiz_jpg\/vudjndXIRDqIoj6N5BVg33Yib9xgIVdaftDE2bZ4d6k8WbJpXHbwZNK0UraL0K2f2XTP9UpSK3nghnYy73GTc5Q\/0?wx_fmt=jpeg\",\"subtype\":9,\"is_multi\":0,\"multi_app_msg_item_list\":[],\"author\":\"王俊\",\"copyright_stat\":11,\"duration\":0,\"del_flag\":1,\"item_show_type\":0,\"audio_fileid\":0,\"play_url\":\"\",\"malicious_title_reason_id\":0,\"malicious_content_type\":0}},{\"comm_msg_info\":{\"id\":1000000575,\"type\":49,\"datetime\":1607246971,\"fakeid\":\"2395381522\",\"status\":2,\"content\":\"\"},\"app_msg_ext_info\":{\"title\":\"黑芝麻智能杨宇欣：200T大算力芯片明年发布，产品路线图首次公布 ｜ GTIC2020\",\"digest\":\"黑芝麻智能CMO杨宇欣峰会演讲干货！自动驾驶未来十年前景可观，对芯片算力需求高涨。\",\"content\":\"\",\"fileid\":300407605,\"content_url\":\"http:\/\/mp.weixin.qq.com\/s?__biz=MjM5NTM4MTUyMg==&amp;mid=2447891256&amp;idx=1&amp;sn=0274379d902eb899460efa37a8f0b101&amp;chksm=b2ea1345859d9a53e427d087c53695a2fc708da0a3f745d48b4732fa2bbb24775a348af469f5&amp;scene=27#wechat_redirect\",\"source_url\":\"https:\/\/mp.weixin.qq.com\/s\/RPDaoBBJbKuCYhsnB8ykFQ\",\"cover\":\"http:\/\/mmbiz.qpic.cn\/mmbiz_jpg\/vudjndXIRDoicqOamoBzm6ib2B14vjnBf3dQSuDzkwuChsKm3nnO8PRsGY6VjfgCLEicicsNyQic9A6hibYicuWD2S4tA\/0?wx_fmt=jpeg\",\"subtype\":9,\"is_multi\":0,\"multi_app_msg_item_list\":[],\"author\":\"温淑\",\"copyright_stat\":11,\"duration\":0,\"del_flag\":1,\"item_show_type\":0,\"audio_fileid\":0,\"play_url\":\"\",\"malicious_title_reason_id\":0,\"malicious_content_type\":0}},{\"comm_msg_info\":{\"id\":1000000574,\"type\":49,\"datetime\":1607154407,\"fakeid\":\"2395381522\",\"status\":2,\"content\":\"\"},\"app_msg_ext_info\":{\"title\":\"赛灵思姚颂：数字AI芯片进步趋缓，颠覆式创新难 | GTIC2020\",\"digest\":\"最终AI芯片领域会形成“云端统一，终端垂直”的格局。\",\"content\":\"\",\"fileid\":300407596,\"content_url\":\"http:\/\/mp.weixin.qq.com\/s?__biz=MjM5NTM4MTUyMg==&amp;mid=2447891249&amp;idx=1&amp;sn=bdd661806587b521eeea4380f816f68e&amp;chksm=b2ea134c859d9a5a37675122cfd84dc58c267f570ac2d177263b58f5b1841c5ba401e6e77e12&amp;scene=27#wechat_redirect\",\"source_url\":\"https:\/\/mp.weixin.qq.com\/s\/RPDaoBBJbKuCYhsnB8ykFQ\",\"cover\":\"http:\/\/mmbiz.qpic.cn\/mmbiz_jpg\/vudjndXIRDolazJicgbG0Z6HPhCeGR7LV2Uyia2gXAE5fKcdkLCd5VAOiauCrxR9RAhpQxaWuiaJJWuF9b1HmF1biaQ\/0?wx_fmt=jpeg\",\"subtype\":9,\"is_multi\":0,\"multi_app_msg_item_list\":[],\"author\":\"信仪\",\"copyright_stat\":11,\"duration\":0,\"del_flag\":1,\"item_show_type\":0,\"audio_fileid\":0,\"play_url\":\"\",\"malicious_title_reason_id\":0,\"malicious_content_type\":0}},{\"comm_msg_info\":{\"id\":1000000573,\"type\":49,\"datetime\":1607059130,\"fakeid\":\"2395381522\",\"status\":2,\"content\":\"\"},\"app_msg_ext_info\":{\"title\":\"中芯国际回应美国防部禁令：60天后生效，无重大影响，港股复牌跌超5%\",\"digest\":\"下午开盘后，中芯国际港股一度下跌超5%，后回升。\",\"content\":\"\",\"fileid\":300407591,\"content_url\":\"http:\/\/mp.weixin.qq.com\/s?__biz=MjM5NTM4MTUyMg==&amp;mid=2447891241&amp;idx=1&amp;sn=411cd6c8a8c7c82ef89be3a8acca360d&amp;chksm=b2ea1354859d9a423f5a176f4c9f7c10069dc9d6e09eaad6d9b990111268035d367464c71459&amp;scene=27#wechat_redirect\",\"source_url\":\"https:\/\/mp.weixin.qq.com\/s\/RPDaoBBJbKuCYhsnB8ykFQ\",\"cover\":\"http:\/\/mmbiz.qpic.cn\/mmbiz_jpg\/vudjndXIRDqlRYMpf8UrUgxDT3M97B0vx3p8KD4oDyMVnvWAmcgp5EkYiakSgBzqAWjYgyCHxkpoL44CvVuVw2A\/0?wx_fmt=jpeg\",\"subtype\":9,\"is_multi\":0,\"multi_app_msg_item_list\":[],\"author\":\"心缘\",\"copyright_stat\":11,\"duration\":0,\"del_flag\":1,\"item_show_type\":0,\"audio_fileid\":0,\"play_url\":\"\",\"malicious_title_reason_id\":0,\"malicious_content_type\":0}},{\"comm_msg_info\":{\"id\":1000000572,\"type\":49,\"datetime\":1606927130,\"fakeid\":\"2395381522\",\"status\":2,\"content\":\"\"},\"app_msg_ext_info\":{\"title\":\"骁龙888核心参数拆解：三ISP设计，Arm最新X1内核，AI算力暴涨73%\",\"digest\":\"昨晚没看够？今天高通亲自全面解读骁龙888。\",\"content\":\"\",\"fileid\":300407577,\"content_url\":\"http:\/\/mp.weixin.qq.com\/s?__biz=MjM5NTM4MTUyMg==&amp;mid=2447891229&amp;idx=1&amp;sn=619e77a3e2e8f459494eba21ad208d1d&amp;chksm=b2ea1360859d9a7635465d57a4487ae23788844114309e1bed21939fe74a947a53d40758742f&amp;scene=27#wechat_redirect\",\"source_url\":\"https:\/\/mp.weixin.qq.com\/s\/RPDaoBBJbKuCYhsnB8ykFQ?scene=25#wechat_redirect\",\"cover\":\"http:\/\/mmbiz.qpic.cn\/mmbiz_jpg\/vudjndXIRDrCoEMiczZSDDsxNBfRvBQFuiaa928UpwyPIW8UnMGqiaZBdHxFuaZfdm0OCqoS5zBEviboQpJ3PXH7kw\/0?wx_fmt=jpeg\",\"subtype\":9,\"is_multi\":1,\"multi_app_msg_item_list\":[{\"title\":\"亚马逊自研云端AI训练芯片来了！明年下半年投入使用\",\"digest\":\"亚马逊称其自研芯片可提供比云端竞争对手更高的性能。\",\"content\":\"\",\"fileid\":300407571,\"content_url\":\"http:\/\/mp.weixin.qq.com\/s?__biz=MjM5NTM4MTUyMg==&amp;mid=2447891229&amp;idx=2&amp;sn=564ed33a27426eb50140ec9185b0bff9&amp;chksm=b2ea1360859d9a76f087f0b72c3220f9b29709141d71dfe8cb5683a529bec3b2d0921611e78f&amp;scene=27#wechat_redirect\",\"source_url\":\"https:\/\/mp.weixin.qq.com\/s\/RPDaoBBJbKuCYhsnB8ykFQ\",\"cover\":\"http:\/\/mmbiz.qpic.cn\/mmbiz_jpg\/vudjndXIRDrCoEMiczZSDDsxNBfRvBQFueJQewHrcFzcQYVrAe56QZg8JickZoSm9moftOF1MS1nqsZn32rVaF4g\/0?wx_fmt=jpeg\",\"author\":\"林卓玮\",\"copyright_stat\":11,\"del_flag\":1,\"item_show_type\":0,\"audio_fileid\":0,\"duration\":0,\"play_url\":\"\",\"malicious_title_reason_id\":0,\"malicious_content_type\":0}],\"author\":\"云鹏\",\"copyright_stat\":11,\"duration\":0,\"del_flag\":1,\"item_show_type\":0,\"audio_fileid\":0,\"play_url\":\"\",\"malicious_title_reason_id\":0,\"malicious_content_type\":0}},{\"comm_msg_info\":{\"id\":1000000571,\"type\":49,\"datetime\":1606845861,\"fakeid\":\"2395381522\",\"status\":2,\"content\":\"\"},\"app_msg_ext_info\":{\"title\":\"看了骁龙888，我直呼666！高通5nm芯王来了，小米首发\",\"digest\":\"5nm芯片三缺一！高通骁龙888霸气登场，中国手机排队上。\",\"content\":\"\",\"fileid\":300407536,\"content_url\":\"http:\/\/mp.weixin.qq.com\/s?__biz=MjM5NTM4MTUyMg==&amp;mid=2447891191&amp;idx=1&amp;sn=abf406d8887726e87323bb4927701aaa&amp;chksm=b2ea128a859d9b9c904e2b5d6f41808e7596ff7f82baf32d9e22a04400ee3636f4f3761d5008&amp;scene=27#wechat_redirect\",\"source_url\":\"https:\/\/mp.weixin.qq.com\/s\/RPDaoBBJbKuCYhsnB8ykFQ?scene=25#wechat_redirect\",\"cover\":\"http:\/\/mmbiz.qpic.cn\/mmbiz_jpg\/vudjndXIRDpp26Z0vOfXZQJaYkFNrYMTefNFCqO2CD21E2fFdlegDwHco2xl2lfr5FibKehuTSNwAf38okBck2A\/0?wx_fmt=jpeg\",\"subtype\":9,\"is_multi\":0,\"multi_app_msg_item_list\":[],\"author\":\"云鹏\",\"copyright_stat\":201,\"duration\":0,\"del_flag\":1,\"item_show_type\":0,\"audio_fileid\":0,\"play_url\":\"\",\"malicious_title_reason_id\":0,\"malicious_content_type\":0}},{\"comm_msg_info\":{\"id\":1000000570,\"type\":49,\"datetime\":1606836400,\"fakeid\":\"2395381522\",\"status\":2,\"content\":\"\"},\"app_msg_ext_info\":{\"title\":\"AI芯片“点燃”北京！GTIC 2020 AI芯片创新峰会大咖演讲全干货\",\"digest\":\"GTIC 2020 AI芯片创新峰会圆满收官！\",\"content\":\"\",\"fileid\":300407533,\"content_url\":\"http:\/\/mp.weixin.qq.com\/s?__biz=MjM5NTM4MTUyMg==&amp;mid=2447891183&amp;idx=1&amp;sn=d85691f9fd4ec28f50c8ac9b1b4d874d&amp;chksm=b2ea1292859d9b84e67db10d02779cf45c9272efc508a8f4cc224394776c5701ff9340cea1f4&amp;scene=27#wechat_redirect\",\"source_url\":\"https:\/\/apposcmf8kb5033.h5.xiaoeknow.com\/v1\/course\/alive\/l_5fc4711be4b0231ba88999b6?type=2&amp;app_id=appoSCMf8kb5033&amp;is_redirect=1\",\"cover\":\"http:\/\/mmbiz.qpic.cn\/mmbiz_jpg\/vudjndXIRDpp26Z0vOfXZQJaYkFNrYMTkk2jbFvD32FwJicd306mdOsukAIiaeKtoG9UHctXu1IXOJMJz8TicmOSQ\/0?wx_fmt=jpeg\",\"subtype\":9,\"is_multi\":0,\"multi_app_msg_item_list\":[],\"author\":\"韦世玮\",\"copyright_stat\":100,\"duration\":0,\"del_flag\":1,\"item_show_type\":0,\"audio_fileid\":0,\"play_url\":\"\",\"malicious_title_reason_id\":0,\"malicious_content_type\":0}},{\"comm_msg_info\":{\"id\":1000000569,\"type\":49,\"datetime\":1606729803,\"fakeid\":\"2395381522\",\"status\":2,\"content\":\"\"},\"app_msg_ext_info\":{\"title\":\"特朗普最后的疯狂？拉黑中芯国际，禁令再加码\",\"digest\":\"中芯国际、中海油被美国拉黑！美实体清单增加至35个\",\"content\":\"\",\"fileid\":300407527,\"content_url\":\"http:\/\/mp.weixin.qq.com\/s?__biz=MjM5NTM4MTUyMg==&amp;mid=2447891178&amp;idx=1&amp;sn=edfaa1a4c5aef6f8789452f329463e36&amp;chksm=b2ea1297859d9b81e1c2cef0104bec918ad56f0940a917e53ffb6c2d42db16c806734da42a01&amp;scene=27#wechat_redirect\",\"source_url\":\"https:\/\/mp.weixin.qq.com\/s\/RPDaoBBJbKuCYhsnB8ykFQ\",\"cover\":\"http:\/\/mmbiz.qpic.cn\/mmbiz_jpg\/vudjndXIRDpp3DAncGCbaTUoeBcfLP4Dl3icdBRsUT8aibwsw4of2ModJNg0zhopU2YMkYnpYrRpc5MFWI1jbtvw\/0?wx_fmt=jpeg\",\"subtype\":9,\"is_multi\":1,\"multi_app_msg_item_list\":[{\"title\":\"直播链接激情预告！GTIC 2020 AI芯片创新峰会明日见，18位产学研大牛干货满满\",\"digest\":\"GTIC 2020 AI芯片峰会明日见！\",\"content\":\"\",\"fileid\":300407523,\"content_url\":\"http:\/\/mp.weixin.qq.com\/s?__biz=MjM5NTM4MTUyMg==&amp;mid=2447891178&amp;idx=2&amp;sn=cf97e361bcf6ce05ddc22a05dde574c0&amp;chksm=b2ea1297859d9b812273c88f02f0a1c100cb28ec23e9815e5aecb7f132c95e2c5d198db04c29&amp;scene=27#wechat_redirect\",\"source_url\":\"https:\/\/gtic.zhidx.com\/2020\/aichip\/\",\"cover\":\"http:\/\/mmbiz.qpic.cn\/mmbiz_jpg\/vudjndXIRDpp3DAncGCbaTUoeBcfLP4Dnvx4IU84h6SYvH52v7p0cDupLL4Xda9d0hkHQsJqibUMIicE6RkicIiawA\/0?wx_fmt=jpeg\",\"author\":\"韦世玮\",\"copyright_stat\":11,\"del_flag\":1,\"item_show_type\":0,\"audio_fileid\":0,\"duration\":0,\"play_url\":\"\",\"malicious_title_reason_id\":0,\"malicious_content_type\":0}],\"author\":\"林卓玮\",\"copyright_stat\":11,\"duration\":0,\"del_flag\":1,\"item_show_type\":0,\"audio_fileid\":0,\"play_url\":\"\",\"malicious_title_reason_id\":0,\"malicious_content_type\":0}}]}","next_offset":143,"video_count":1,"use_video_tab":1,"real_type":0,"home_page_list":[]}