{"ret":0,"errmsg":"ok","msg_count":10,"can_msg_continue":1,"general_msg_list":"{\"list\":[{\"comm_msg_info\":{\"id\":1000000669,\"type\":49,\"datetime\":1618502400,\"fakeid\":\"2395381522\",\"status\":2,\"content\":\"\"},\"app_msg_ext_info\":{\"title\":\"套现21亿，减持中芯国际1亿股！大基金密集减持背后\",\"digest\":\"深扒大基金9大减持计划。\",\"content\":\"\",\"fileid\":300409026,\"content_url\":\"http:\/\/mp.weixin.qq.com\/s?__biz=MjM5NTM4MTUyMg==&amp;mid=2447892677&amp;idx=1&amp;sn=3c478141b31b8e0f47cff09539e78988&amp;chksm=b2ea28b8859da1ae6a83f827c2f6a8035de1dcedfe15e69a96f87508128483236f5eec9a1746&amp;scene=27#wechat_redirect\",\"source_url\":\"https:\/\/mp.weixin.qq.com\/s\/RPDaoBBJbKuCYhsnB8ykFQ\",\"cover\":\"http:\/\/mmbiz.qpic.cn\/mmbiz_png\/vudjndXIRDq1LF0QYWJumibjvhWOndlichhyJKZvyOC7CXsjBeAQ3XOAQJwU9lAicoDoOY1nPRibsAVtf3EzwzEEHg\/0?wx_fmt=png\",\"subtype\":9,\"is_multi\":0,\"multi_app_msg_item_list\":[],\"author\":\"温淑\",\"copyright_stat\":11,\"duration\":0,\"del_flag\":1,\"item_show_type\":0,\"audio_fileid\":0,\"play_url\":\"\",\"malicious_title_reason_id\":0,\"malicious_content_type\":0}},{\"comm_msg_info\":{\"id\":1000000668,\"type\":49,\"datetime\":1618419137,\"fakeid\":\"2395381522\",\"status\":2,\"content\":\"\"},\"app_msg_ext_info\":{\"title\":\"台积电工厂突发停电！或损失2亿元，3万片晶圆受损\",\"digest\":\"台积电40nm、45nm制程芯片生产据点停电，恐危及汽车芯片供应。\",\"content\":\"\",\"fileid\":300409017,\"content_url\":\"http:\/\/mp.weixin.qq.com\/s?__biz=MjM5NTM4MTUyMg==&amp;mid=2447892668&amp;idx=1&amp;sn=77655b82c02e35ee025b420d45b106a0&amp;chksm=b2ea28c1859da1d74af715ce31b28a0ee040c9111465a6dc255e11291700b1c04cc32429a58b&amp;scene=27#wechat_redirect\",\"source_url\":\"https:\/\/mp.weixin.qq.com\/s\/RPDaoBBJbKuCYhsnB8ykFQ\",\"cover\":\"http:\/\/mmbiz.qpic.cn\/mmbiz_png\/vudjndXIRDr1lVu1IwnLgiadNyLb6sj1Nicurianqbh5OG56Tb2WMvPYgsDYNJoRxGZKkPAYbDV4x3icnqWVTSiazCg\/0?wx_fmt=png\",\"subtype\":9,\"is_multi\":0,\"multi_app_msg_item_list\":[],\"author\":\"高 歌\",\"copyright_stat\":11,\"duration\":0,\"del_flag\":1,\"item_show_type\":0,\"audio_fileid\":0,\"play_url\":\"\",\"malicious_title_reason_id\":0,\"malicious_content_type\":0}},{\"comm_msg_info\":{\"id\":1000000667,\"type\":49,\"datetime\":1618373952,\"fakeid\":\"2395381522\",\"status\":2,\"content\":\"\"},\"app_msg_ext_info\":{\"title\":\"6.76亿美元！软银领投，这家云端AI芯片独角兽牛在哪？\",\"digest\":\"甲骨文老将和斯坦福教授联手创业，7nm芯片落地多家超算中心。\",\"content\":\"\",\"fileid\":300409006,\"content_url\":\"http:\/\/mp.weixin.qq.com\/s?__biz=MjM5NTM4MTUyMg==&amp;mid=2447892660&amp;idx=1&amp;sn=14fef501ced1b8b9e85d942cb1bbdae8&amp;chksm=b2ea28c9859da1dfc774bf71a88887a21dc779626526d612635f998acbe75b000d67d27b9d2b&amp;scene=27#wechat_redirect\",\"source_url\":\"https:\/\/mp.weixin.qq.com\/s\/RPDaoBBJbKuCYhsnB8ykFQ\",\"cover\":\"http:\/\/mmbiz.qpic.cn\/mmbiz_jpg\/vudjndXIRDr1lVu1IwnLgiadNyLb6sj1NkDPicF34RZicann8Nndc07jqkS7oe4WBJ6x2KvPLsMdbmRs9ApC7QKuA\/0?wx_fmt=jpeg\",\"subtype\":9,\"is_multi\":0,\"multi_app_msg_item_list\":[],\"author\":\"温淑\",\"copyright_stat\":11,\"duration\":0,\"del_flag\":1,\"item_show_type\":0,\"audio_fileid\":0,\"play_url\":\"\",\"malicious_title_reason_id\":0,\"malicious_content_type\":0}},{\"comm_msg_info\":{\"id\":1000000666,\"type\":49,\"datetime\":1618251343,\"fakeid\":\"2395381522\",\"status\":2,\"content\":\"\"},\"app_msg_ext_info\":{\"title\":\"芯片圈变天了！英伟达推出首个CPU，狂捧Arm生态\",\"digest\":\"老黄你变了！GPU之王英伟达首推CPU。\",\"content\":\"\",\"fileid\":300408987,\"content_url\":\"http:\/\/mp.weixin.qq.com\/s?__biz=MjM5NTM4MTUyMg==&amp;mid=2447892638&amp;idx=1&amp;sn=f0d540378c5bd4d23708b5298ffb6078&amp;chksm=b2ea28e3859da1f533ca3b7861f476a07e0f4c835119fca34aaabc3f8366fca8e9b10d622401&amp;scene=27#wechat_redirect\",\"source_url\":\"https:\/\/mp.weixin.qq.com\/s\/RPDaoBBJbKuCYhsnB8ykFQ\",\"cover\":\"http:\/\/mmbiz.qpic.cn\/mmbiz_jpg\/vudjndXIRDpQbXDicOWS95J9Xpgic5lUCa5M0AkHCV7d7KS5piaUSzSia1x5bzmtG6zskd1hznBWfHSs9EBibHBbY2w\/0?wx_fmt=jpeg\",\"subtype\":9,\"is_multi\":0,\"multi_app_msg_item_list\":[],\"author\":\"心缘\",\"copyright_stat\":11,\"duration\":0,\"del_flag\":1,\"item_show_type\":0,\"audio_fileid\":0,\"play_url\":\"\",\"malicious_title_reason_id\":0,\"malicious_content_type\":0}},{\"comm_msg_info\":{\"id\":1000000665,\"type\":49,\"datetime\":1618218538,\"fakeid\":\"2395381522\",\"status\":2,\"content\":\"\"},\"app_msg_ext_info\":{\"title\":\"总金额超181亿！2021开启半导体材料建设高潮，深扒21个项目进展\",\"digest\":\"深扒21个半导体材料项目！一季度开启建设小高潮。\",\"content\":\"\",\"fileid\":300408981,\"content_url\":\"http:\/\/mp.weixin.qq.com\/s?__biz=MjM5NTM4MTUyMg==&amp;mid=2447892632&amp;idx=1&amp;sn=ec61bb58b0e5ec535e0cc22a6ca5cebf&amp;chksm=b2ea28e5859da1f3ef3ccc67d4acccee5bced10301538b2fcbeee779b02729d02b3a28179380&amp;scene=27#wechat_redirect\",\"source_url\":\"https:\/\/mp.weixin.qq.com\/s\/RPDaoBBJbKuCYhsnB8ykFQ\",\"cover\":\"http:\/\/mmbiz.qpic.cn\/mmbiz_png\/vudjndXIRDpQbXDicOWS95J9Xpgic5lUCaVdPpFLBBGSB4fUiakMM3bAtVtHNtibia67iaf3NdNvyeClDQ5TDOAxSYfQ\/0?wx_fmt=png\",\"subtype\":9,\"is_multi\":0,\"multi_app_msg_item_list\":[],\"author\":\"温淑\",\"copyright_stat\":11,\"duration\":0,\"del_flag\":1,\"item_show_type\":0,\"audio_fileid\":0,\"play_url\":\"\",\"malicious_title_reason_id\":0,\"malicious_content_type\":0}},{\"comm_msg_info\":{\"id\":1000000663,\"type\":49,\"datetime\":1617875112,\"fakeid\":\"2395381522\",\"status\":2,\"content\":\"\"},\"app_msg_ext_info\":{\"title\":\"打破美企垄断，将3D扫描仪成本降到1\/8，这家创企如何做到？\",\"digest\":\"脱胎于西安交大，产品落地华为阿里。\",\"content\":\"\",\"fileid\":300408965,\"content_url\":\"http:\/\/mp.weixin.qq.com\/s?__biz=MjM5NTM4MTUyMg==&amp;mid=2447892616&amp;idx=1&amp;sn=266aed6a3a88030986d0e8afc8ccbfb9&amp;chksm=b2ea28f5859da1e368b83e62358c70bbd01fd5be0452258c7adb578e4d299dc15a5fdfb3713f&amp;scene=27#wechat_redirect\",\"source_url\":\"https:\/\/mp.weixin.qq.com\/s\/RPDaoBBJbKuCYhsnB8ykFQhttps:\/\/zhidx.com\/p\/261918.html\",\"cover\":\"http:\/\/mmbiz.qpic.cn\/mmbiz_jpg\/vudjndXIRDq4EdE7NXchzRibHW9TbT6qV5Z1XfibIRfsU7uEQ8B5jnMF4tgEcvqwiamrTqP6IEpc3lhiaPX3TPRoibw\/0?wx_fmt=jpeg\",\"subtype\":9,\"is_multi\":0,\"multi_app_msg_item_list\":[],\"author\":\"温淑\",\"copyright_stat\":11,\"duration\":0,\"del_flag\":1,\"item_show_type\":0,\"audio_fileid\":0,\"play_url\":\"\",\"malicious_title_reason_id\":0,\"malicious_content_type\":0}},{\"comm_msg_info\":{\"id\":1000000662,\"type\":49,\"datetime\":1617796862,\"fakeid\":\"2395381522\",\"status\":2,\"content\":\"\"},\"app_msg_ext_info\":{\"title\":\"史上最擅长AI推理的云端CPU！Q1已出货超20万颗\",\"digest\":\"业界唯一内置AI的数据中心CPU来了。\",\"content\":\"\",\"fileid\":300408958,\"content_url\":\"http:\/\/mp.weixin.qq.com\/s?__biz=MjM5NTM4MTUyMg==&amp;mid=2447892610&amp;idx=1&amp;sn=2ea3ff7d8085efbdf28f410c835b1d6b&amp;chksm=b2ea28ff859da1e9c9e3b863eca96e86764322d821198a103f4bd752e4a07848d7745ae42c38&amp;scene=27#wechat_redirect\",\"source_url\":\"https:\/\/mp.weixin.qq.com\/s\/RPDaoBBJbKuCYhsnB8ykFQ\",\"cover\":\"http:\/\/mmbiz.qpic.cn\/mmbiz_jpg\/vudjndXIRDpSLCGgdiapYoC6yIpVrAXEkdham6lmiab0DXOrH0H0m4icoibK6qEMt7ibzs5rodwib61ZunDbrrAYPuAA\/0?wx_fmt=jpeg\",\"subtype\":9,\"is_multi\":0,\"multi_app_msg_item_list\":[],\"author\":\"心缘\",\"copyright_stat\":11,\"duration\":0,\"del_flag\":1,\"item_show_type\":0,\"audio_fileid\":0,\"play_url\":\"\",\"malicious_title_reason_id\":0,\"malicious_content_type\":0}},{\"comm_msg_info\":{\"id\":1000000661,\"type\":49,\"datetime\":1617709262,\"fakeid\":\"2395381522\",\"status\":2,\"content\":\"\"},\"app_msg_ext_info\":{\"title\":\"芯片制造业为何逃离美国？深扒50年政策找真相\",\"digest\":\"美国智库揭露美国半导体制造业为何衰落。\",\"content\":\"\",\"fileid\":300408945,\"content_url\":\"http:\/\/mp.weixin.qq.com\/s?__biz=MjM5NTM4MTUyMg==&amp;mid=2447892600&amp;idx=1&amp;sn=c5397d419d3deb7ee72cdf233f4c6307&amp;chksm=b2ea2805859da113f92d4df90c0ecee757a1f14c1e7ab42ba22432039ec98d7cb40358a3484b&amp;scene=27#wechat_redirect\",\"source_url\":\"https:\/\/mp.weixin.qq.com\/s\/RPDaoBBJbKuCYhsnB8ykFQ\",\"cover\":\"http:\/\/mmbiz.qpic.cn\/mmbiz_png\/vudjndXIRDrJr8S88W0l5dJ4yTQ8WdPkdnk59f019FG93nFiaM3sStdIpVXCWlhJwuYGyt0IB03jMEHITfKuZHA\/0?wx_fmt=png\",\"subtype\":9,\"is_multi\":0,\"multi_app_msg_item_list\":[],\"author\":\"高 歌\",\"copyright_stat\":11,\"duration\":0,\"del_flag\":1,\"item_show_type\":0,\"audio_fileid\":0,\"play_url\":\"\",\"malicious_title_reason_id\":0,\"malicious_content_type\":0}},{\"comm_msg_info\":{\"id\":1000000660,\"type\":49,\"datetime\":1617441524,\"fakeid\":\"2395381522\",\"status\":2,\"content\":\"\"},\"app_msg_ext_info\":{\"title\":\"数据穿透全球缺芯真相！交货时间延长一倍\",\"digest\":\"揭露芯片短缺如何影响从智能手机到汽车等各类市场。\",\"content\":\"\",\"fileid\":300408935,\"content_url\":\"http:\/\/mp.weixin.qq.com\/s?__biz=MjM5NTM4MTUyMg==&amp;mid=2447892590&amp;idx=1&amp;sn=392c229bcb5cb13ac2ffbc0457c46be0&amp;chksm=b2ea2813859da105f9d5bddfa5e387a68cfe3078e4bd7c22ad3eb14b1ff14e33d97b1d33399e&amp;scene=27#wechat_redirect\",\"source_url\":\"https:\/\/mp.weixin.qq.com\/s\/RPDaoBBJbKuCYhsnB8ykFQ\",\"cover\":\"http:\/\/mmbiz.qpic.cn\/mmbiz_png\/vudjndXIRDoaH8JbuztRNE4YPkmm05OO3rs0C7dzp1WILqyXKOrDjwpjlt518oGjHv9OzM5agoUjeAicTMdtQYA\/0?wx_fmt=png\",\"subtype\":9,\"is_multi\":0,\"multi_app_msg_item_list\":[],\"author\":\"高 歌\",\"copyright_stat\":11,\"duration\":0,\"del_flag\":1,\"item_show_type\":0,\"audio_fileid\":0,\"play_url\":\"\",\"malicious_title_reason_id\":0,\"malicious_content_type\":0}},{\"comm_msg_info\":{\"id\":1000000659,\"type\":49,\"datetime\":1617340553,\"fakeid\":\"2395381522\",\"status\":2,\"content\":\"\"},\"app_msg_ext_info\":{\"title\":\"国产光刻设备第一股：从官司缠身到国产希望？\",\"digest\":\"五大客户频变，产品库存问题难解，深扒芯碁微招股书。\",\"content\":\"\",\"fileid\":300408927,\"content_url\":\"http:\/\/mp.weixin.qq.com\/s?__biz=MjM5NTM4MTUyMg==&amp;mid=2447892580&amp;idx=1&amp;sn=7584b5c57892828f8962403c2ca6e024&amp;chksm=b2ea2819859da10fcad97e88b8a6b3f2444a596093c541b14e91d4f9690e869b3f457187b93d&amp;scene=27#wechat_redirect\",\"source_url\":\"https:\/\/mp.weixin.qq.com\/s\/RPDaoBBJbKuCYhsnB8ykFQ\",\"cover\":\"http:\/\/mmbiz.qpic.cn\/mmbiz_png\/vudjndXIRDogVhibaowDXfjAtHjhxsbndQV0C1BNCob0EJaBN30iacAy7HicNZfRO3PFFfkbsjWFKBsiaF6hMgbGhA\/0?wx_fmt=png\",\"subtype\":9,\"is_multi\":0,\"multi_app_msg_item_list\":[],\"author\":\"温淑\",\"copyright_stat\":100,\"duration\":0,\"del_flag\":1,\"item_show_type\":0,\"audio_fileid\":0,\"play_url\":\"\",\"malicious_title_reason_id\":0,\"malicious_content_type\":0}}]}","next_offset":53,"video_count":1,"use_video_tab":1,"real_type":0,"home_page_list":[]}