{"ret":0,"errmsg":"ok","msg_count":10,"can_msg_continue":1,"general_msg_list":"{\"list\":[{\"comm_msg_info\":{\"id\":1000000638,\"type\":49,\"datetime\":1614814252,\"fakeid\":\"2395381522\",\"status\":2,\"content\":\"\"},\"app_msg_ext_info\":{\"title\":\"总投资超500亿美元！台积电三星格芯在美国扩建，芯片制造业回流美国\",\"digest\":\"三星170亿美元赴美建厂报告透露出更多详细计划。\",\"content\":\"\",\"fileid\":300408526,\"content_url\":\"http:\/\/mp.weixin.qq.com\/s?__biz=MjM5NTM4MTUyMg==&amp;mid=2447892178&amp;idx=1&amp;sn=0c07c8cd88e5f3a865b1f61ccd0b5ec2&amp;chksm=b2ea16af859d9fb9e455ab11a0cc53426053dce28ab5a03a0f144aa9fd573199b91d13355066&amp;scene=27#wechat_redirect\",\"source_url\":\"https:\/\/mp.weixin.qq.com\/s\/RPDaoBBJbKuCYhsnB8ykFQ\",\"cover\":\"http:\/\/mmbiz.qpic.cn\/mmbiz_jpg\/vudjndXIRDpeUJZjcV7YW4Z9SpFulULEXkvVm7ERnvKddbuXoNtcp4dAwvmovwp5Wic0ylDfQYuzjW11O86iaibPg\/0?wx_fmt=jpeg\",\"subtype\":9,\"is_multi\":0,\"multi_app_msg_item_list\":[],\"author\":\"心缘\",\"copyright_stat\":11,\"duration\":0,\"del_flag\":1,\"item_show_type\":0,\"audio_fileid\":0,\"play_url\":\"\",\"malicious_title_reason_id\":0,\"malicious_content_type\":0}},{\"comm_msg_info\":{\"id\":1000000637,\"type\":49,\"datetime\":1614742262,\"fakeid\":\"2395381522\",\"status\":2,\"content\":\"\"},\"app_msg_ext_info\":{\"title\":\"英特尔遭专利碰瓷？因两项专利要赔21.8亿美元\",\"digest\":\"英特尔：还将上诉。\",\"content\":\"\",\"fileid\":300408519,\"content_url\":\"http:\/\/mp.weixin.qq.com\/s?__biz=MjM5NTM4MTUyMg==&amp;mid=2447892171&amp;idx=1&amp;sn=d2bbedb2c10b87c80c04a1061a78733f&amp;chksm=b2ea16b6859d9fa04dcf79a295b0ddf9bd39f297671c1c8a20a76214f4677ce6ef4ff0d93ad1&amp;scene=27#wechat_redirect\",\"source_url\":\"https:\/\/mp.weixin.qq.com\/s\/RPDaoBBJbKuCYhsnB8ykFQ\",\"cover\":\"http:\/\/mmbiz.qpic.cn\/mmbiz_png\/vudjndXIRDpeUJZjcV7YW4Z9SpFulULEG5PR57dmFQpNE95Ria1vjjwVicwN6chkXBqicxceTr02uAqwdxKVVXZfA\/0?wx_fmt=png\",\"subtype\":9,\"is_multi\":0,\"multi_app_msg_item_list\":[],\"author\":\"温淑\",\"copyright_stat\":11,\"duration\":0,\"del_flag\":1,\"item_show_type\":0,\"audio_fileid\":0,\"play_url\":\"\",\"malicious_title_reason_id\":0,\"malicious_content_type\":0}},{\"comm_msg_info\":{\"id\":1000000636,\"type\":49,\"datetime\":1614614400,\"fakeid\":\"2395381522\",\"status\":2,\"content\":\"\"},\"app_msg_ext_info\":{\"title\":\"传台积电在美国建6座5nm厂，员工能拿绿卡还薪资翻倍？\",\"digest\":\"总月产能超10万片，推12项措施揽人才。\",\"content\":\"\",\"fileid\":300408506,\"content_url\":\"http:\/\/mp.weixin.qq.com\/s?__biz=MjM5NTM4MTUyMg==&amp;mid=2447892158&amp;idx=1&amp;sn=33561b9d9f83916f287800dbe70bbfd9&amp;chksm=b2ea16c3859d9fd5757042666aa2ebcf0b4fdf3cb44d050fa8b52e3a061837630f67a503565d&amp;scene=27#wechat_redirect\",\"source_url\":\"https:\/\/mp.weixin.qq.com\/s\/RPDaoBBJbKuCYhsnB8ykFQ\",\"cover\":\"http:\/\/mmbiz.qpic.cn\/mmbiz_png\/vudjndXIRDpy0JicwwnRjicVqpqAGbjTKhW3ngVO4chQeFrNNmROj49ywcdkLGX3ztCqibUWibQI3IPssq7ibJIXG3A\/0?wx_fmt=png\",\"subtype\":9,\"is_multi\":0,\"multi_app_msg_item_list\":[],\"author\":\"温淑\",\"copyright_stat\":11,\"duration\":0,\"del_flag\":1,\"item_show_type\":0,\"audio_fileid\":0,\"play_url\":\"\",\"malicious_title_reason_id\":0,\"malicious_content_type\":0}},{\"comm_msg_info\":{\"id\":1000000635,\"type\":49,\"datetime\":1614578707,\"fakeid\":\"2395381522\",\"status\":2,\"content\":\"\"},\"app_msg_ext_info\":{\"title\":\"这个真超10亿人民币！国内又一GPU玩家融资，7nm云端芯片已“点亮”\",\"digest\":\"云端AI芯片融资火热，国内通用计算战火升级。\",\"content\":\"\",\"fileid\":300408486,\"content_url\":\"http:\/\/mp.weixin.qq.com\/s?__biz=MjM5NTM4MTUyMg==&amp;mid=2447892139&amp;idx=1&amp;sn=8a0ee233376c3b4934ce53b60495748f&amp;chksm=b2ea16d6859d9fc07ff2af65995107596a6fa01a75f20df834e68004e7b1d86aaf7c4ef0a51d&amp;scene=27#wechat_redirect\",\"source_url\":\"https:\/\/mp.weixin.qq.com\/s\/RPDaoBBJbKuCYhsnB8ykFQ\",\"cover\":\"http:\/\/mmbiz.qpic.cn\/mmbiz_jpg\/vudjndXIRDpy0JicwwnRjicVqpqAGbjTKhdK3TklA3UdpyCIq8xEmEc8d8wLOOtA366GvKfGmnmsfJUx68ZDKPQg\/0?wx_fmt=jpeg\",\"subtype\":9,\"is_multi\":0,\"multi_app_msg_item_list\":[],\"author\":\"心缘\",\"copyright_stat\":11,\"duration\":0,\"del_flag\":1,\"item_show_type\":0,\"audio_fileid\":0,\"play_url\":\"\",\"malicious_title_reason_id\":0,\"malicious_content_type\":0}},{\"comm_msg_info\":{\"id\":1000000634,\"type\":49,\"datetime\":1614340244,\"fakeid\":\"2395381522\",\"status\":2,\"content\":\"\"},\"app_msg_ext_info\":{\"title\":\"百日GPU独角兽速成之谜！\",\"digest\":\"100天搞几十亿，核弹还是烟雾弹？\",\"content\":\"\",\"fileid\":300408470,\"content_url\":\"http:\/\/mp.weixin.qq.com\/s?__biz=MjM5NTM4MTUyMg==&amp;mid=2447892125&amp;idx=1&amp;sn=356b9743567528b3f345c3d19b216f6b&amp;chksm=b2ea16e0859d9ff6f356a104f2d781ed7084bd41e646ccaad8712501ec53bbecd4a20f5e8ccd&amp;scene=27#wechat_redirect\",\"source_url\":\"https:\/\/mp.weixin.qq.com\/s\/RPDaoBBJbKuCYhsnB8ykFQ\",\"cover\":\"http:\/\/mmbiz.qpic.cn\/mmbiz_jpg\/vudjndXIRDoCaiahjgyRER1hR8f6m7B1eVIOibBgOVJ6wMMNGpb9TwMSCHZC2kqnDue0PSoevbLE8CRIG16W4gfg\/0?wx_fmt=jpeg\",\"subtype\":9,\"is_multi\":0,\"multi_app_msg_item_list\":[],\"author\":\"心缘\",\"copyright_stat\":11,\"duration\":0,\"del_flag\":1,\"item_show_type\":0,\"audio_fileid\":0,\"play_url\":\"\",\"malicious_title_reason_id\":0,\"malicious_content_type\":0}},{\"comm_msg_info\":{\"id\":1000000633,\"type\":49,\"datetime\":1614219137,\"fakeid\":\"2395381522\",\"status\":2,\"content\":\"\"},\"app_msg_ext_info\":{\"title\":\"拜登正式签署审查行政令！100天重点审查芯片、稀土等四大供应链\",\"digest\":\"美国担忧“卡脖子”背后，中国半导体产业加速发展。\",\"content\":\"\",\"fileid\":300408452,\"content_url\":\"http:\/\/mp.weixin.qq.com\/s?__biz=MjM5NTM4MTUyMg==&amp;mid=2447892104&amp;idx=1&amp;sn=8df75068485d429debf7ecceffaeaf7a&amp;chksm=b2ea16f5859d9fe3bc784b0da6ff10b4cc6d40a91a1f0c0c73a8434d1ba5ecbc30c570c8060b&amp;scene=27#wechat_redirect\",\"source_url\":\"https:\/\/zhidx.com\/p\/257442.html\",\"cover\":\"http:\/\/mmbiz.qpic.cn\/mmbiz_jpg\/vudjndXIRDrrOPmLywyzyib2CGlnmIXn47grYl3mrMgN5DcatqZibiaCTib0OQ1LQ7KkP355ZJJQHicwN6gIcMaXiaSQ\/0?wx_fmt=jpeg\",\"subtype\":9,\"is_multi\":0,\"multi_app_msg_item_list\":[],\"author\":\"韦世玮\",\"copyright_stat\":11,\"duration\":0,\"del_flag\":1,\"item_show_type\":0,\"audio_fileid\":0,\"play_url\":\"\",\"malicious_title_reason_id\":0,\"malicious_content_type\":0}},{\"comm_msg_info\":{\"id\":1000000632,\"type\":49,\"datetime\":1614133235,\"fakeid\":\"2395381522\",\"status\":2,\"content\":\"\"},\"app_msg_ext_info\":{\"title\":\"美国芯片制造份额锐减2\/3！国会密谋千亿投资应对中国崛起\",\"digest\":\"美国白宫原定于周三召开会议应对芯片短缺问题。\",\"content\":\"\",\"fileid\":300408447,\"content_url\":\"http:\/\/mp.weixin.qq.com\/s?__biz=MjM5NTM4MTUyMg==&amp;mid=2447892097&amp;idx=1&amp;sn=d459dd7b1cc0767453e0a7785c97a622&amp;chksm=b2ea16fc859d9fead383e626e97953d849670ddb8fdc5b23bdc6baa63dde17c07ed90af26403&amp;scene=27#wechat_redirect\",\"source_url\":\"https:\/\/mp.weixin.qq.com\/s\/RPDaoBBJbKuCYhsnB8ykFQ\",\"cover\":\"http:\/\/mmbiz.qpic.cn\/mmbiz_jpg\/vudjndXIRDqUWrP1fbqh3L5r5u956whKNbbQIQOragSEiaJrIwLKAn96kUNKUxvqcIv4j8MLU8icf6R7wELhKgNg\/0?wx_fmt=jpeg\",\"subtype\":9,\"is_multi\":0,\"multi_app_msg_item_list\":[],\"author\":\"心缘\",\"copyright_stat\":11,\"duration\":0,\"del_flag\":1,\"item_show_type\":0,\"audio_fileid\":0,\"play_url\":\"\",\"malicious_title_reason_id\":0,\"malicious_content_type\":0}},{\"comm_msg_info\":{\"id\":1000000631,\"type\":49,\"datetime\":1614065678,\"fakeid\":\"2395381522\",\"status\":2,\"content\":\"\"},\"app_msg_ext_info\":{\"title\":\"续命摩尔定律！欧盟提出二维芯片材料规模化落地新方法\",\"digest\":\"二维材料芯片不远了？用热固性“胶水”造出石墨烯芯片。\",\"content\":\"\",\"fileid\":300408440,\"content_url\":\"http:\/\/mp.weixin.qq.com\/s?__biz=MjM5NTM4MTUyMg==&amp;mid=2447892092&amp;idx=1&amp;sn=9aa394f9a24791f028edaeb665542689&amp;chksm=b2ea1601859d9f1714ea968c90ff90020f61cb6192e8497aa31f180db98269308961a2fb7936&amp;scene=27#wechat_redirect\",\"source_url\":\"https:\/\/mp.weixin.qq.com\/s\/RPDaoBBJbKuCYhsnB8ykFQ\",\"cover\":\"http:\/\/mmbiz.qpic.cn\/mmbiz_jpg\/vudjndXIRDr1MnKyRjjZcnmRB3WMaGJC2UD81sSTB9ShjOQxeuH7ExKYemogwO04WoppbEUZjiayKnibeX3jx9hg\/0?wx_fmt=jpeg\",\"subtype\":9,\"is_multi\":1,\"multi_app_msg_item_list\":[{\"title\":\"【限时免费领】芯片顶会论文+PPT！ISSCC 2021最全资料合集\",\"digest\":\"ISSCC 2021最全论文+PPT资料合集，限时免费领取！\",\"content\":\"\",\"fileid\":300408423,\"content_url\":\"http:\/\/mp.weixin.qq.com\/s?__biz=MjM5NTM4MTUyMg==&amp;mid=2447892092&amp;idx=2&amp;sn=26b60e4025cee7d9b0b7cec9b1f48b6b&amp;chksm=b2ea1601859d9f17f38fb75c363f658a3e7ef872504a0f0ae25a1183968e335eced061227e52&amp;scene=27#wechat_redirect\",\"source_url\":\"\",\"cover\":\"http:\/\/mmbiz.qpic.cn\/mmbiz_jpg\/vudjndXIRDrUDPTqiamIMic0S4nWsbVHC3UXb75Cibt99GuHEqicC7XTzryfMGROMXHIyicCvg8s1dy88BrCvPcYpwg\/0?wx_fmt=jpeg\",\"author\":\"小芯\",\"copyright_stat\":100,\"del_flag\":1,\"item_show_type\":0,\"audio_fileid\":0,\"duration\":0,\"play_url\":\"\",\"malicious_title_reason_id\":0,\"malicious_content_type\":0}],\"author\":\"温淑\",\"copyright_stat\":11,\"duration\":0,\"del_flag\":1,\"item_show_type\":0,\"audio_fileid\":0,\"play_url\":\"\",\"malicious_title_reason_id\":0,\"malicious_content_type\":0}},{\"comm_msg_info\":{\"id\":1000000630,\"type\":49,\"datetime\":1613999149,\"fakeid\":\"2395381522\",\"status\":2,\"content\":\"\"},\"app_msg_ext_info\":{\"title\":\"台积电3nm进度超前背后！关键突破性技术揭秘\",\"digest\":\"台积电刘德音：3nm进度超预期，EUV功率突破350W。\",\"content\":\"\",\"fileid\":300408431,\"content_url\":\"http:\/\/mp.weixin.qq.com\/s?__biz=MjM5NTM4MTUyMg==&amp;mid=2447892081&amp;idx=1&amp;sn=e95793128ead4efb0ee1d586ab3dd6aa&amp;chksm=b2ea160c859d9f1a49bddbcab0ee99ead62c09fe65bddaa52b8c611a1dc49de1097e1bf23fd2&amp;scene=27#wechat_redirect\",\"source_url\":\"https:\/\/mp.weixin.qq.com\/s\/RPDaoBBJbKuCYhsnB8ykFQ\",\"cover\":\"http:\/\/mmbiz.qpic.cn\/mmbiz_jpg\/vudjndXIRDrUDPTqiamIMic0S4nWsbVHC3V0kAnlHo6PFQS0wxXRUCia0twaHB9RlYIZ3Pfm3mdJnZU6hyIeic3ytg\/0?wx_fmt=jpeg\",\"subtype\":9,\"is_multi\":0,\"multi_app_msg_item_list\":[],\"author\":\"心缘\",\"copyright_stat\":11,\"duration\":0,\"del_flag\":1,\"item_show_type\":0,\"audio_fileid\":0,\"play_url\":\"\",\"malicious_title_reason_id\":0,\"malicious_content_type\":0}},{\"comm_msg_info\":{\"id\":1000000629,\"type\":49,\"datetime\":1613824207,\"fakeid\":\"2395381522\",\"status\":2,\"content\":\"\"},\"app_msg_ext_info\":{\"title\":\"美国也怕被“卡脖子”？拜登将审查美国半导体、稀土海外供应链\",\"digest\":\"拜登政府计划评估半导体、稀土金属等美国主要供应链。\",\"content\":\"\",\"fileid\":300408400,\"content_url\":\"http:\/\/mp.weixin.qq.com\/s?__biz=MjM5NTM4MTUyMg==&amp;mid=2447892050&amp;idx=1&amp;sn=eccff9c8a89a3c70b899f1e560b38a62&amp;chksm=b2ea162f859d9f3961f6addb140e9d84ab1d635e964cacf93420561da44ecf22e462d3188706&amp;scene=27#wechat_redirect\",\"source_url\":\"https:\/\/mp.weixin.qq.com\/s\/RPDaoBBJbKuCYhsnB8ykFQ\",\"cover\":\"http:\/\/mmbiz.qpic.cn\/mmbiz_jpg\/vudjndXIRDq7d6jxSDYvLPrXRXjJDUBlnDmWSTvQ7uCQIYQ4yz0MoqmfCSXpoREO35jas3um2uo9X5ibptZ8P3A\/0?wx_fmt=jpeg\",\"subtype\":9,\"is_multi\":0,\"multi_app_msg_item_list\":[],\"author\":\"心缘\",\"copyright_stat\":11,\"duration\":0,\"del_flag\":1,\"item_show_type\":0,\"audio_fileid\":0,\"play_url\":\"\",\"malicious_title_reason_id\":0,\"malicious_content_type\":0}}]}","next_offset":83,"video_count":1,"use_video_tab":1,"real_type":0,"home_page_list":[]}