{"ret":0,"errmsg":"ok","msg_count":10,"can_msg_continue":1,"general_msg_list":"{\"list\":[{\"comm_msg_info\":{\"id\":1000000069,\"type\":49,\"datetime\":1614229356,\"fakeid\":\"3272378945\",\"status\":2,\"content\":\"\"},\"app_msg_ext_info\":{\"title\":\"不再需要传统物理理论，机器学习可直接准确预测行星运动\",\"digest\":\"新的机器学习模型可以在不运用基础物理公式的情况下做出准确太阳系行星轨道预测。\",\"content\":\"\",\"fileid\":0,\"content_url\":\"http:\/\/mp.weixin.qq.com\/s?__biz=MzI3MjM3ODk0NQ==&amp;mid=2247484690&amp;idx=1&amp;sn=ffcb2cb69a7c3cefe2aeb861a8e3e087&amp;chksm=eb32383cdc45b12a478b3eb42b708dfec4826e3cb8655202a9cd666e0fad0ea3594221504c4f&amp;scene=27#wechat_redirect\",\"source_url\":\"https:\/\/jiqizhixin.mikecrm.com\/4IQfPrT\",\"cover\":\"http:\/\/mmbiz.qpic.cn\/mmbiz_jpg\/XLCp9HBkwLkHibXxsJl1gQ1Fr8lNlPsrIzbDBYalibiag1OCqg7VIOcuRFv9EE9sEr9rhjxLpg4qm5PhFLiac9xpnA\/0?wx_fmt=jpeg\",\"subtype\":9,\"is_multi\":0,\"multi_app_msg_item_list\":[],\"author\":\"ScienceAI\",\"copyright_stat\":100,\"duration\":0,\"del_flag\":1,\"item_show_type\":0,\"audio_fileid\":0,\"play_url\":\"\",\"malicious_title_reason_id\":0,\"malicious_content_type\":0}},{\"comm_msg_info\":{\"id\":1000000068,\"type\":49,\"datetime\":1614141349,\"fakeid\":\"3272378945\",\"status\":2,\"content\":\"\"},\"app_msg_ext_info\":{\"title\":\"量子光子学的新突破预示着光电路时代的到来\",\"digest\":\"使用光子的量子光电路预示着安全通信和量子计算的新未来。\",\"content\":\"\",\"fileid\":0,\"content_url\":\"http:\/\/mp.weixin.qq.com\/s?__biz=MzI3MjM3ODk0NQ==&amp;mid=2247484679&amp;idx=1&amp;sn=ecb13a4445f0e4c85d8d69e78732832c&amp;chksm=eb323829dc45b13f7984f9b2a35e73af0ec9a7c794b001593579ccff96ae006386f6ab408709&amp;scene=27#wechat_redirect\",\"source_url\":\"https:\/\/jiqizhixin.mikecrm.com\/4IQfPrT\",\"cover\":\"http:\/\/mmbiz.qpic.cn\/mmbiz_jpg\/XLCp9HBkwLky6LsDrPxPibxNg6sMXrhlyVU0PRfSyBH0Sse2LqedomS0cAffu6o3vU8eu2NJQy2knd5o7PQ1xyw\/0?wx_fmt=jpeg\",\"subtype\":9,\"is_multi\":0,\"multi_app_msg_item_list\":[],\"author\":\"ScienceAI\",\"copyright_stat\":100,\"duration\":0,\"del_flag\":1,\"item_show_type\":0,\"audio_fileid\":0,\"play_url\":\"\",\"malicious_title_reason_id\":0,\"malicious_content_type\":0}},{\"comm_msg_info\":{\"id\":1000000067,\"type\":49,\"datetime\":1614087000,\"fakeid\":\"3272378945\",\"status\":2,\"content\":\"\"},\"app_msg_ext_info\":{\"title\":\"从反向传播开始，人工神经网络揭示了大脑如何学习的线索\",\"digest\":\"​在深度学习网络中表现优异的算法在生物学上讲不通？\",\"content\":\"\",\"fileid\":100001021,\"content_url\":\"http:\/\/mp.weixin.qq.com\/s?__biz=MzI3MjM3ODk0NQ==&amp;mid=2247484678&amp;idx=1&amp;sn=00a20b36e87dc6bd7f953861198098f9&amp;chksm=eb323828dc45b13e702ab7aa2613789028d30fa713199a7b5349654dfc56545c7ec12223eaa0&amp;scene=27#wechat_redirect\",\"source_url\":\"https:\/\/jiqizhixin.mikecrm.com\/4IQfPrT\",\"cover\":\"http:\/\/mmbiz.qpic.cn\/mmbiz_jpg\/XLCp9HBkwLl8uf79iaX3iakxGOHRXUEo7BjDx8b00FR0ibhfqyInXoAD9ULhVrzFic6GOb2XCo7NanbW1qRDmP678w\/0?wx_fmt=jpeg\",\"subtype\":9,\"is_multi\":0,\"multi_app_msg_item_list\":[],\"author\":\"\",\"copyright_stat\":100,\"duration\":0,\"del_flag\":1,\"item_show_type\":0,\"audio_fileid\":0,\"play_url\":\"\",\"malicious_title_reason_id\":0,\"malicious_content_type\":0}},{\"comm_msg_info\":{\"id\":1000000066,\"type\":49,\"datetime\":1613985745,\"fakeid\":\"3272378945\",\"status\":2,\"content\":\"\"},\"app_msg_ext_info\":{\"title\":\"面部识别软件抓错人，他在监狱里呆了10天\",\"digest\":\"帕克斯在监狱里待了10天，他之前所有的生活积蓄，都被用来在接下来的一年中为自己洗刷罪名。\",\"content\":\"\",\"fileid\":0,\"content_url\":\"http:\/\/mp.weixin.qq.com\/s?__biz=MzI3MjM3ODk0NQ==&amp;mid=2247484668&amp;idx=1&amp;sn=f3344874a6b799ac0e7ff498afc7d500&amp;chksm=eb3239d2dc45b0c493c022c5eb395d3dd1cf871aebecf6c425f33ba49df4e42b03a8a659d3c1&amp;scene=27#wechat_redirect\",\"source_url\":\"https:\/\/jiqizhixin.mikecrm.com\/4IQfPrT\",\"cover\":\"http:\/\/mmbiz.qpic.cn\/mmbiz_jpg\/XLCp9HBkwLlWF6wgNU8koBGZsdvpITdY7nptFwRIIialJ4QiaACxWbes4p7icEUbnXJ3lmJS4nXKxyEiatI29aYSJQ\/0?wx_fmt=jpeg\",\"subtype\":9,\"is_multi\":0,\"multi_app_msg_item_list\":[],\"author\":\"ScienceAI\",\"copyright_stat\":100,\"duration\":0,\"del_flag\":1,\"item_show_type\":0,\"audio_fileid\":0,\"play_url\":\"\",\"malicious_title_reason_id\":0,\"malicious_content_type\":0}},{\"comm_msg_info\":{\"id\":1000000065,\"type\":49,\"datetime\":1613827937,\"fakeid\":\"3272378945\",\"status\":2,\"content\":\"\"},\"app_msg_ext_info\":{\"title\":\"入围Eppendorf &amp; Science神经生物学奖的三项研究，「为什么口渴」获奖\",\"digest\":\"普林斯顿大学博士后研究员凭借着口渴背后的神经动力学研究成果获得了「Eppendorf &amp; science神经生物学奖」和25000美金的奖金。\",\"content\":\"\",\"fileid\":100001016,\"content_url\":\"http:\/\/mp.weixin.qq.com\/s?__biz=MzI3MjM3ODk0NQ==&amp;mid=2247484667&amp;idx=1&amp;sn=fb9b7b7bc04f7f0f9b080a227e594e57&amp;chksm=eb3239d5dc45b0c356555cade3caeeb5d5efbf1f42c61af3fb9bcce54b33e28615b192ca749c&amp;scene=27#wechat_redirect\",\"source_url\":\"https:\/\/jiqizhixin.mikecrm.com\/4IQfPrT\",\"cover\":\"http:\/\/mmbiz.qpic.cn\/mmbiz_jpg\/XLCp9HBkwLmD4eDI91xv87GGlR5PGwyPAIBtXpMPbCXicusB9FlprKmD9S5h38WqoKnuwCTOuaia8f0Ch9xzkcjQ\/0?wx_fmt=jpeg\",\"subtype\":9,\"is_multi\":0,\"multi_app_msg_item_list\":[],\"author\":\"ScienceAI\",\"copyright_stat\":11,\"duration\":0,\"del_flag\":1,\"item_show_type\":0,\"audio_fileid\":0,\"play_url\":\"\",\"malicious_title_reason_id\":0,\"malicious_content_type\":0}},{\"comm_msg_info\":{\"id\":1000000064,\"type\":49,\"datetime\":1613725219,\"fakeid\":\"3272378945\",\"status\":2,\"content\":\"\"},\"app_msg_ext_info\":{\"title\":\"​MIT团队研发出AI工具，优化激光切割设计，避免材料浪费\",\"digest\":\"麻省理工学院计算机科学和人工智能实验室基于人工智能创建了Fabricaide工具，让用户能够更好地在可用材料的背景下规划设计。\",\"content\":\"\",\"fileid\":100001004,\"content_url\":\"http:\/\/mp.weixin.qq.com\/s?__biz=MzI3MjM3ODk0NQ==&amp;mid=2247484656&amp;idx=1&amp;sn=76581a42b69dd2ba48fdf0e214da2f9f&amp;chksm=eb3239dedc45b0c89c1b23001b82e6c2705fd30f0d8cfb09792680a1bd0b582376d8a23657fd&amp;scene=27#wechat_redirect\",\"source_url\":\"https:\/\/jiqizhixin.mikecrm.com\/4IQfPrT\",\"cover\":\"http:\/\/mmbiz.qpic.cn\/mmbiz_jpg\/XLCp9HBkwLlVT3uy6My4LGmyiasNK6jy76aXK30NrBHKLMhexPvX6sJs2zTV8wRMTBsZp9AuqSMtgqkuO2TaPRw\/0?wx_fmt=jpeg\",\"subtype\":9,\"is_multi\":0,\"multi_app_msg_item_list\":[],\"author\":\"ScienceAI\",\"copyright_stat\":100,\"duration\":0,\"del_flag\":1,\"item_show_type\":0,\"audio_fileid\":0,\"play_url\":\"\",\"malicious_title_reason_id\":0,\"malicious_content_type\":0}},{\"comm_msg_info\":{\"id\":1000000063,\"type\":49,\"datetime\":1613448829,\"fakeid\":\"3272378945\",\"status\":2,\"content\":\"\"},\"app_msg_ext_info\":{\"title\":\"移动设备上也能运行AI算法：斯坦福大学研究出处理器+内存的混合芯片\",\"digest\":\"斯坦福大学团队设计的利用八个混合芯片组成的系统可以更快、更节能地运行AI算法。\",\"content\":\"\",\"fileid\":0,\"content_url\":\"http:\/\/mp.weixin.qq.com\/s?__biz=MzI3MjM3ODk0NQ==&amp;mid=2247484650&amp;idx=1&amp;sn=f91373045b8c20cde2791df030527ce5&amp;chksm=eb3239c4dc45b0d209cacd308dcab0a01b86b2ffe4e01ef7f71a9ad8257a5144170f4d5151f7&amp;scene=27#wechat_redirect\",\"source_url\":\"https:\/\/jiqizhixin.mikecrm.com\/4IQfPrT\",\"cover\":\"http:\/\/mmbiz.qpic.cn\/mmbiz_jpg\/XLCp9HBkwLnso7I75iaP79jDrjk47xCtZMgaSn2lwdsbicVDr8UKVhVnzFuGPajaicGRTnBiaicHSWr1Jzia2uib9C8zw\/0?wx_fmt=jpeg\",\"subtype\":9,\"is_multi\":0,\"multi_app_msg_item_list\":[],\"author\":\"ScienceAI\",\"copyright_stat\":100,\"duration\":0,\"del_flag\":1,\"item_show_type\":0,\"audio_fileid\":0,\"play_url\":\"\",\"malicious_title_reason_id\":0,\"malicious_content_type\":0}},{\"comm_msg_info\":{\"id\":1000000062,\"type\":49,\"datetime\":1613314060,\"fakeid\":\"3272378945\",\"status\":2,\"content\":\"\"},\"app_msg_ext_info\":{\"title\":\"人工智能可预测识别新冠病毒无症状感染者？新算法来了！\",\"digest\":\"甚至还可以识别超级传播者。\",\"content\":\"\",\"fileid\":0,\"content_url\":\"http:\/\/mp.weixin.qq.com\/s?__biz=MzI3MjM3ODk0NQ==&amp;mid=2247484649&amp;idx=1&amp;sn=b591081de4529eac630a310f37cec16b&amp;chksm=eb3239c7dc45b0d1c06cd912db394e4de4a2156bf061dcb89e44ccc1b3e13805e5b50a8292dc&amp;scene=27#wechat_redirect\",\"source_url\":\"https:\/\/jiqizhixin.mikecrm.com\/4IQfPrT\",\"cover\":\"http:\/\/mmbiz.qpic.cn\/mmbiz_jpg\/XLCp9HBkwLlK4LYDEUrC1zNg5BuibQB5FKjWYhIN2cS9kMVQamduic17oMccaBvA2gzK5GAgX0iblYppah21NLShQ\/0?wx_fmt=jpeg\",\"subtype\":9,\"is_multi\":0,\"multi_app_msg_item_list\":[],\"author\":\"ScienceAI\",\"copyright_stat\":11,\"duration\":0,\"del_flag\":1,\"item_show_type\":0,\"audio_fileid\":0,\"play_url\":\"\",\"malicious_title_reason_id\":0,\"malicious_content_type\":0}},{\"comm_msg_info\":{\"id\":1000000061,\"type\":49,\"datetime\":1613222612,\"fakeid\":\"3272378945\",\"status\":2,\"content\":\"\"},\"app_msg_ext_info\":{\"title\":\"破译「幽灵粒子」：机器学习模型对自由电子进行全量子描述\",\"digest\":\"机器学习应用于「解析」溶剂化电子，这种新方法相对廉价但足够精确。\",\"content\":\"\",\"fileid\":0,\"content_url\":\"http:\/\/mp.weixin.qq.com\/s?__biz=MzI3MjM3ODk0NQ==&amp;mid=2247484648&amp;idx=1&amp;sn=de895816bbe5597cccfa31e47387e8e6&amp;chksm=eb3239c6dc45b0d007204689775ef43f059744ed79328880753a4eedbab68243fe780027e17d&amp;scene=27#wechat_redirect\",\"source_url\":\"https:\/\/jiqizhixin.mikecrm.com\/4IQfPrT\",\"cover\":\"http:\/\/mmbiz.qpic.cn\/mmbiz_jpg\/XLCp9HBkwLky6LsDrPxPibxNg6sMXrhlylAEhfUzibQCWj5wvf6GLJc7dziaTt8rIyqpC8bQ6iajDvkkDOadUkgPsA\/0?wx_fmt=jpeg\",\"subtype\":9,\"is_multi\":0,\"multi_app_msg_item_list\":[],\"author\":\"ScienceAI\",\"copyright_stat\":100,\"duration\":0,\"del_flag\":1,\"item_show_type\":0,\"audio_fileid\":0,\"play_url\":\"\",\"malicious_title_reason_id\":0,\"malicious_content_type\":0}},{\"comm_msg_info\":{\"id\":1000000060,\"type\":49,\"datetime\":1613106755,\"fakeid\":\"3272378945\",\"status\":2,\"content\":\"\"},\"app_msg_ext_info\":{\"title\":\"光信号也可以做乘法，或能解决非线性的现实问题\",\"digest\":\"新型光学计算可以解决即使是最强大的超级计算机也无法解决的复杂问题。\",\"content\":\"\",\"fileid\":100000996,\"content_url\":\"http:\/\/mp.weixin.qq.com\/s?__biz=MzI3MjM3ODk0NQ==&amp;mid=2247484647&amp;idx=1&amp;sn=56bbaa4e327dccf570645a38f4b53ca1&amp;chksm=eb3239c9dc45b0df6954979b2d2160a88d37b4ef22f53093028965128ad6e68cbe3228ce6669&amp;scene=27#wechat_redirect\",\"source_url\":\"https:\/\/jiqizhixin.mikecrm.com\/4IQfPrT\",\"cover\":\"http:\/\/mmbiz.qpic.cn\/mmbiz_jpg\/XLCp9HBkwLlK4LYDEUrC1zNg5BuibQB5FeGnNzNT3Dd6QGjBRlZwcTzXJLqgXUTrQqwFxbugIegI1N5WDuhVBWA\/0?wx_fmt=jpeg\",\"subtype\":9,\"is_multi\":0,\"multi_app_msg_item_list\":[],\"author\":\"ScienceAI\",\"copyright_stat\":100,\"duration\":0,\"del_flag\":1,\"item_show_type\":0,\"audio_fileid\":0,\"play_url\":\"\",\"malicious_title_reason_id\":0,\"malicious_content_type\":0}}]}","next_offset":102,"video_count":1,"use_video_tab":1,"real_type":0,"home_page_list":[]}