{"ret":0,"errmsg":"ok","msg_count":10,"can_msg_continue":1,"general_msg_list":"{\"list\":[{\"comm_msg_info\":{\"id\":1000000018,\"type\":49,\"datetime\":1608949936,\"fakeid\":\"3272378945\",\"status\":2,\"content\":\"\"},\"app_msg_ext_info\":{\"title\":\"为什么人工智能会超出你想象的费电\",\"digest\":\"训练一个人工智能模型所产生的碳排放，相当于把五部车生产出来并​开到报废。\",\"content\":\"\",\"fileid\":100000326,\"content_url\":\"http:\/\/mp.weixin.qq.com\/s?__biz=MzI3MjM3ODk0NQ==&amp;mid=2247483978&amp;idx=1&amp;sn=bb32ecef767b70c5a412c2a2525adce9&amp;chksm=eb323f64dc45b67286ff51ed20bc8db78d55257549a7f68eaa83881e806f063ef83b995c0c78&amp;scene=27#wechat_redirect\",\"source_url\":\"\",\"cover\":\"http:\/\/mmbiz.qpic.cn\/mmbiz_jpg\/XLCp9HBkwLniaC6GkyNbl5qovIZMcrqEibyxhQ4ibdib7f2A4CJqX1Y1ggXxLoyWlcz96canYtpNImdia0J3R9YKeeA\/0?wx_fmt=jpeg\",\"subtype\":9,\"is_multi\":0,\"multi_app_msg_item_list\":[],\"author\":\"别闹了机器\",\"copyright_stat\":11,\"duration\":0,\"del_flag\":1,\"item_show_type\":0,\"audio_fileid\":0,\"play_url\":\"\",\"malicious_title_reason_id\":0,\"malicious_content_type\":0}},{\"comm_msg_info\":{\"id\":1000000017,\"type\":49,\"datetime\":1608888780,\"fakeid\":\"3272378945\",\"status\":2,\"content\":\"\"},\"app_msg_ext_info\":{\"title\":\"为什么我们身边的聪明人都喜欢玩，且玩的很精彩\",\"digest\":\"“专注”是成功必需的能力，但有时也束缚了我们的创造力。如何去突破思维的局限呢？让我们一起了解“玩耍”的重要性！\",\"content\":\"\",\"fileid\":100000320,\"content_url\":\"http:\/\/mp.weixin.qq.com\/s?__biz=MzI3MjM3ODk0NQ==&amp;mid=2247483971&amp;idx=1&amp;sn=e9607b161d4111c65989463efc62aed2&amp;chksm=eb323f6ddc45b67b1decef98c8832cc61a33fcc392b4e8502528f97ac603fb6f47e300d17a57&amp;scene=27#wechat_redirect\",\"source_url\":\"http:\/\/nautil.us\/issue\/94\/evolving\/why-it-pays-to-play-around-rp\",\"cover\":\"http:\/\/mmbiz.qpic.cn\/mmbiz_jpg\/XLCp9HBkwLmbytMjbQEL09mq5YiaWnsUgtrgUUFDl5GUV2ljibY88HfVSgEwex7v3q06yqAcib9X6fKNdQoxYoRbQ\/0?wx_fmt=jpeg\",\"subtype\":9,\"is_multi\":0,\"multi_app_msg_item_list\":[],\"author\":\"别闹了机器\",\"copyright_stat\":11,\"duration\":0,\"del_flag\":1,\"item_show_type\":0,\"audio_fileid\":0,\"play_url\":\"\",\"malicious_title_reason_id\":0,\"malicious_content_type\":0}},{\"comm_msg_info\":{\"id\":1000000016,\"type\":49,\"datetime\":1608787786,\"fakeid\":\"3272378945\",\"status\":2,\"content\":\"\"},\"app_msg_ext_info\":{\"title\":\"AI和机器人种菜大跃进，亩产值高达传统农业的400倍\",\"digest\":\"而如果改成垂直农业的话，仅占地 2 英亩生产的水果和蔬菜数量就可以达到 720 英亩平地农场规模。\",\"content\":\"\",\"fileid\":100000289,\"content_url\":\"http:\/\/mp.weixin.qq.com\/s?__biz=MzI3MjM3ODk0NQ==&amp;mid=2247483949&amp;idx=1&amp;sn=c90874cf4c0f147c4e12e0b7857026b5&amp;chksm=eb323f03dc45b615c593d2c56a6d6bbf8fcd12147be314e1db8efcd29634e7514e454e9d9835&amp;scene=27#wechat_redirect\",\"source_url\":\"\",\"cover\":\"http:\/\/mmbiz.qpic.cn\/mmbiz_jpg\/XLCp9HBkwLmmkrk2eyKS7ptrsqiatOtzbUPQEXuia7Wb47libB6jOgC5RvgAH9INSx8wOoNp4hGic8BJ3xIpO06e7w\/0?wx_fmt=jpeg\",\"subtype\":9,\"is_multi\":0,\"multi_app_msg_item_list\":[],\"author\":\"别闹了机器\",\"copyright_stat\":11,\"duration\":0,\"del_flag\":1,\"item_show_type\":0,\"audio_fileid\":0,\"play_url\":\"\",\"malicious_title_reason_id\":0,\"malicious_content_type\":0}},{\"comm_msg_info\":{\"id\":1000000015,\"type\":49,\"datetime\":1608706727,\"fakeid\":\"3272378945\",\"status\":2,\"content\":\"\"},\"app_msg_ext_info\":{\"title\":\"化学物理量子物理三领域科学家通力合作，新催化剂让氢能源应用取得关键突破\",\"digest\":\"这一发现代表着向清洁能源未来迈出了关键一步.\",\"content\":\"\",\"fileid\":100000281,\"content_url\":\"http:\/\/mp.weixin.qq.com\/s?__biz=MzI3MjM3ODk0NQ==&amp;mid=2247483932&amp;idx=1&amp;sn=18208b86002b7ba9bc4e0b38c487f5e6&amp;chksm=eb323f32dc45b6245ceee40c541aa013ad0285211faf7862e7884c508dc160d465d2345b354d&amp;scene=27#wechat_redirect\",\"source_url\":\"https:\/\/as.virginia.edu\/news\/research-breakthrough-could-transform-clean-energy-technology\",\"cover\":\"http:\/\/mmbiz.qpic.cn\/mmbiz_jpg\/XLCp9HBkwLm1y8nowPnuOsz64XIRBO8lfTjbed4Z2578vzM6b0ZlwqP7OsBcxJ0ibm7u4GqiaiaGK6JWqjDEOVwYA\/0?wx_fmt=jpeg\",\"subtype\":9,\"is_multi\":0,\"multi_app_msg_item_list\":[],\"author\":\"别闹了机器\",\"copyright_stat\":11,\"duration\":0,\"del_flag\":1,\"item_show_type\":0,\"audio_fileid\":0,\"play_url\":\"\",\"malicious_title_reason_id\":0,\"malicious_content_type\":0}},{\"comm_msg_info\":{\"id\":1000000014,\"type\":49,\"datetime\":1608608530,\"fakeid\":\"3272378945\",\"status\":2,\"content\":\"\"},\"app_msg_ext_info\":{\"title\":\"硅芯片接近物理极限，人工智能助力发现可替代的磁性新材料\",\"digest\":\"半导体新材料的研发似乎是能保持未来科技发展的唯一解决方案。\",\"content\":\"\",\"fileid\":100000271,\"content_url\":\"http:\/\/mp.weixin.qq.com\/s?__biz=MzI3MjM3ODk0NQ==&amp;mid=2247483922&amp;idx=1&amp;sn=d7a879f9310c70398f3b760c0ade2226&amp;chksm=eb323f3cdc45b62a03378460824fcc187967cb4f3e420e2a7c6022263b474cc24a50c6a1bb11&amp;scene=27#wechat_redirect\",\"source_url\":\"\",\"cover\":\"http:\/\/mmbiz.qpic.cn\/mmbiz_jpg\/XLCp9HBkwLlJFra6Aljzn8zEjnnTIDQJ9hkAjRmeloE2xEFLsGB2D5vubaHvTBLOM3mFdlv1CXh3l9cZtQjXpA\/0?wx_fmt=jpeg\",\"subtype\":9,\"is_multi\":0,\"multi_app_msg_item_list\":[],\"author\":\"大路\",\"copyright_stat\":11,\"duration\":0,\"del_flag\":1,\"item_show_type\":0,\"audio_fileid\":0,\"play_url\":\"\",\"malicious_title_reason_id\":0,\"malicious_content_type\":0}},{\"comm_msg_info\":{\"id\":1000000013,\"type\":49,\"datetime\":1608545534,\"fakeid\":\"3272378945\",\"status\":2,\"content\":\"\"},\"app_msg_ext_info\":{\"title\":\"美军将DeepMind的强大算法用于U-2侦察机——军用飞机AI应用迎来分水岭\",\"digest\":\"AI在军事领域的发展将会突飞猛进。\",\"content\":\"\",\"fileid\":100000262,\"content_url\":\"http:\/\/mp.weixin.qq.com\/s?__biz=MzI3MjM3ODk0NQ==&amp;mid=2247483914&amp;idx=1&amp;sn=81d038b9d63e753bba2b07a385e2f1f3&amp;chksm=eb323f24dc45b632fecc7258b3a5eac359a40accb3ac0fbd16f40a8545430eb67f3201faf053&amp;scene=27#wechat_redirect\",\"source_url\":\"\",\"cover\":\"http:\/\/mmbiz.qpic.cn\/mmbiz_jpg\/XLCp9HBkwLkeJwgoE3y088wiagGCerGCFqOjvgVy3Hb2ZaXfsVmL3ToDLD0loFS8OIiaS1MTZbPr2RRw55ibiaqh0A\/0?wx_fmt=jpeg\",\"subtype\":9,\"is_multi\":0,\"multi_app_msg_item_list\":[],\"author\":\"大路\",\"copyright_stat\":11,\"duration\":0,\"del_flag\":1,\"item_show_type\":0,\"audio_fileid\":0,\"play_url\":\"\",\"malicious_title_reason_id\":0,\"malicious_content_type\":0}},{\"comm_msg_info\":{\"id\":1000000012,\"type\":49,\"datetime\":1608444815,\"fakeid\":\"3272378945\",\"status\":2,\"content\":\"\"},\"app_msg_ext_info\":{\"title\":\"科学家在神经突触中发现众多隐藏蛋白，有助于破解大脑分子语言\",\"digest\":\"这将为研究大脑的突触区域和进化多样性奠定良好基础。\",\"content\":\"\",\"fileid\":100000251,\"content_url\":\"http:\/\/mp.weixin.qq.com\/s?__biz=MzI3MjM3ODk0NQ==&amp;mid=2247483902&amp;idx=1&amp;sn=a17182a21e9554700df9e97d1287c42b&amp;chksm=eb323cd0dc45b5c64b0a3972cf736d87b0b5ec6b159c43042f2f595fbeb83995c22f2762ed11&amp;scene=27#wechat_redirect\",\"source_url\":\"https:\/\/medicalxpress.com\/news\/2020-12-uncharted-molecular-language-brain.html\",\"cover\":\"http:\/\/mmbiz.qpic.cn\/mmbiz_jpg\/XLCp9HBkwLm52GicSORNvbdAXa2zqsX9QUb93lyCDYtO3OicqEbiaibtaUZmQ5bEAwOYMjtmjMMzrEngasF4q5XfFA\/0?wx_fmt=jpeg\",\"subtype\":9,\"is_multi\":0,\"multi_app_msg_item_list\":[],\"author\":\"spark\",\"copyright_stat\":11,\"duration\":0,\"del_flag\":1,\"item_show_type\":0,\"audio_fileid\":0,\"play_url\":\"\",\"malicious_title_reason_id\":0,\"malicious_content_type\":0}},{\"comm_msg_info\":{\"id\":1000000011,\"type\":49,\"datetime\":1608340545,\"fakeid\":\"3272378945\",\"status\":2,\"content\":\"\"},\"app_msg_ext_info\":{\"title\":\"人工智能将5亿年生物进化变得可见，发现生物灭绝新模式\",\"digest\":\"第六次大灭绝在即：人工智能发现了物种更替的新模式。\",\"content\":\"\",\"fileid\":100000119,\"content_url\":\"http:\/\/mp.weixin.qq.com\/s?__biz=MzI3MjM3ODk0NQ==&amp;mid=2247483890&amp;idx=1&amp;sn=099b55803d47f39f1574009b9b1c4fc8&amp;chksm=eb323cdcdc45b5cabd621346039077c526e7a161b203d2489213604461993d8461f5b908c625&amp;scene=27#wechat_redirect\",\"source_url\":\"\",\"cover\":\"http:\/\/mmbiz.qpic.cn\/mmbiz_jpg\/XLCp9HBkwLlx7MA5WGZIxyTov9HMzObhqHqyxjSBO81M0eLYTDia6HubYwUhd5oWXfqO8Dw6bnKFYydAian0UgBQ\/0?wx_fmt=jpeg\",\"subtype\":9,\"is_multi\":0,\"multi_app_msg_item_list\":[],\"author\":\"六便士头上的月亮\",\"copyright_stat\":11,\"duration\":0,\"del_flag\":1,\"item_show_type\":0,\"audio_fileid\":0,\"play_url\":\"\",\"malicious_title_reason_id\":0,\"malicious_content_type\":0}},{\"comm_msg_info\":{\"id\":1000000010,\"type\":49,\"datetime\":1608265642,\"fakeid\":\"3272378945\",\"status\":2,\"content\":\"\"},\"app_msg_ext_info\":{\"title\":\"反之亦然，科学家开始用深度神经网络解释人类大脑\",\"digest\":\"计算神经科学家发现，深度学习神经网络可以用于解释生物大脑的功能和组织。\",\"content\":\"\",\"fileid\":0,\"content_url\":\"http:\/\/mp.weixin.qq.com\/s?__biz=MzI3MjM3ODk0NQ==&amp;mid=2247483889&amp;idx=1&amp;sn=f953b2b998c00a2c044b36f4a97a7fdc&amp;chksm=eb323cdfdc45b5c9e312493ea756ed2d5f79da46c644a65b41ed2f80e7141a5c3b33aaff3e47&amp;scene=27#wechat_redirect\",\"source_url\":\"https:\/\/www.quantamagazine.org\/deep-neural-networks-help-to-explain-living-brains-20201028\/\",\"cover\":\"http:\/\/mmbiz.qpic.cn\/mmbiz_jpg\/XLCp9HBkwLmwtT3wfuibhwpUZU541ticZ4Oc5COAwkaSnKCicLbjabqDz0tmmpGN4ZkuQGfDo7ibtVnALtmkvWbMVg\/0?wx_fmt=jpeg\",\"subtype\":9,\"is_multi\":0,\"multi_app_msg_item_list\":[],\"author\":\"大路\",\"copyright_stat\":11,\"duration\":0,\"del_flag\":1,\"item_show_type\":0,\"audio_fileid\":0,\"play_url\":\"\",\"malicious_title_reason_id\":0,\"malicious_content_type\":0}},{\"comm_msg_info\":{\"id\":1000000009,\"type\":49,\"datetime\":1608175666,\"fakeid\":\"3272378945\",\"status\":2,\"content\":\"\"},\"app_msg_ext_info\":{\"title\":\"学习编程语言和大脑语言中枢无关，资深程序员有专属「最强大脑」\",\"digest\":\"这既是挑战，也是一种机遇，去更好的激活我们的大脑！\",\"content\":\"\",\"fileid\":100000218,\"content_url\":\"http:\/\/mp.weixin.qq.com\/s?__biz=MzI3MjM3ODk0NQ==&amp;mid=2247483870&amp;idx=1&amp;sn=1a7152ebe72f5bb3b0965d63f06a3bf4&amp;chksm=eb323cf0dc45b5e6bb0b79c9b4e38a094299d5b0066f07040647f873b8fa3fa16686ea7a736c&amp;scene=27#wechat_redirect\",\"source_url\":\"https:\/\/news.mit.edu\/2020\/brain-reading-computer-code-1215\",\"cover\":\"http:\/\/mmbiz.qpic.cn\/mmbiz_jpg\/XLCp9HBkwLmwtT3wfuibhwpUZU541ticZ4ww2FZchGOpAyHndQhvdKYmTTBSyFbkiaC3hicIeE6iaxBUNZxAXfjHcRA\/0?wx_fmt=jpeg\",\"subtype\":9,\"is_multi\":0,\"multi_app_msg_item_list\":[],\"author\":\"大路\",\"copyright_stat\":11,\"duration\":0,\"del_flag\":1,\"item_show_type\":0,\"audio_fileid\":0,\"play_url\":\"\",\"malicious_title_reason_id\":0,\"malicious_content_type\":0}}]}","next_offset":153,"video_count":1,"use_video_tab":1,"real_type":0,"home_page_list":[]}