{"ret":0,"errmsg":"ok","msg_count":10,"can_msg_continue":1,"general_msg_list":"{\"list\":[{\"comm_msg_info\":{\"id\":1000000099,\"type\":49,\"datetime\":1617249129,\"fakeid\":\"3272378945\",\"status\":2,\"content\":\"\"},\"app_msg_ext_info\":{\"title\":\"清华博士生深度学习模型MolMapNet登上Nature子刊，可预测药物特性\",\"digest\":\"开箱即用，即使是非专业用户也可以轻松使用MolMapNet模型。\",\"content\":\"\",\"fileid\":0,\"content_url\":\"http:\/\/mp.weixin.qq.com\/s?__biz=MzI3MjM3ODk0NQ==&amp;mid=2247484925&amp;idx=1&amp;sn=27a5e0a4127bdc323c7e0f0b1c101f91&amp;chksm=eb3238d3dc45b1c5ca62abc952706b475f2d2364cdb02aaa772140c750ba9d242e2544b73508&amp;scene=27#wechat_redirect\",\"source_url\":\"https:\/\/jiqizhixin.mikecrm.com\/4IQfPrT\",\"cover\":\"http:\/\/mmbiz.qpic.cn\/mmbiz_jpg\/XLCp9HBkwLnJelhoCO7LBOAqAKnRnPWa3HC7Q0J4dl6Tl9oYYZWRiaTXu80WsZNV6u4PuN7goFZHfp0ibyPQ7ibIw\/0?wx_fmt=jpeg\",\"subtype\":9,\"is_multi\":0,\"multi_app_msg_item_list\":[],\"author\":\"ScienceAI\",\"copyright_stat\":11,\"duration\":0,\"del_flag\":1,\"item_show_type\":0,\"audio_fileid\":0,\"play_url\":\"\",\"malicious_title_reason_id\":0,\"malicious_content_type\":0}},{\"comm_msg_info\":{\"id\":1000000098,\"type\":49,\"datetime\":1617163407,\"fakeid\":\"3272378945\",\"status\":2,\"content\":\"\"},\"app_msg_ext_info\":{\"title\":\"无需植入芯片，超声波读懂猴脑\",\"digest\":\"脑机交互的新途径。\",\"content\":\"\",\"fileid\":100001246,\"content_url\":\"http:\/\/mp.weixin.qq.com\/s?__biz=MzI3MjM3ODk0NQ==&amp;mid=2247484917&amp;idx=1&amp;sn=c04b7ea5da7767ad116dd3734aea1f83&amp;chksm=eb3238dbdc45b1cde40d0a9e03f6e0d1a4255dcf96865cd49d070d56f2a00362da55ee2ec3a3&amp;scene=27#wechat_redirect\",\"source_url\":\"https:\/\/jiqizhixin.mikecrm.com\/4IQfPrT\",\"cover\":\"http:\/\/mmbiz.qpic.cn\/mmbiz_jpg\/XLCp9HBkwLnVXwFicKhqtYAicmicTconFbAhBP3X6gfHAOzgtICUTqJQhm8iaBzgbZVZcoc7diaprSk1DY0S70mIl5Q\/0?wx_fmt=jpeg\",\"subtype\":9,\"is_multi\":0,\"multi_app_msg_item_list\":[],\"author\":\"ScienceAI\",\"copyright_stat\":100,\"duration\":0,\"del_flag\":1,\"item_show_type\":0,\"audio_fileid\":0,\"play_url\":\"\",\"malicious_title_reason_id\":0,\"malicious_content_type\":0}},{\"comm_msg_info\":{\"id\":1000000097,\"type\":49,\"datetime\":1617081641,\"fakeid\":\"3272378945\",\"status\":2,\"content\":\"\"},\"app_msg_ext_info\":{\"title\":\"虚拟电子束检测工具，为高度依赖高质量电子束设备带来福音\",\"digest\":\"基于机器学习，可以帮助优化X射线激光、电子显微镜、医疗加速器等设备的性能。\",\"content\":\"\",\"fileid\":0,\"content_url\":\"http:\/\/mp.weixin.qq.com\/s?__biz=MzI3MjM3ODk0NQ==&amp;mid=2247484916&amp;idx=1&amp;sn=307a1a17cf7e97dbdf8a68e9ebf29909&amp;chksm=eb3238dadc45b1cc70c50bacecb3e1b338b5bf649dae80c4b9f47fd4330b4261e407ffdb9c94&amp;scene=27#wechat_redirect\",\"source_url\":\"https:\/\/jiqizhixin.mikecrm.com\/4IQfPrT\",\"cover\":\"http:\/\/mmbiz.qpic.cn\/mmbiz_jpg\/XLCp9HBkwLnVXwFicKhqtYAicmicTconFbAslGiajTlfCzPNLbRsBG4qZnf6BSYQySuL7O1KBD4RnkmwltMyzzg24Q\/0?wx_fmt=jpeg\",\"subtype\":9,\"is_multi\":0,\"multi_app_msg_item_list\":[],\"author\":\"ScienceAI\",\"copyright_stat\":100,\"duration\":0,\"del_flag\":1,\"item_show_type\":0,\"audio_fileid\":0,\"play_url\":\"\",\"malicious_title_reason_id\":0,\"malicious_content_type\":0}},{\"comm_msg_info\":{\"id\":1000000096,\"type\":49,\"datetime\":1616998650,\"fakeid\":\"3272378945\",\"status\":2,\"content\":\"\"},\"app_msg_ext_info\":{\"title\":\"MIT化学家开发AI应用，为药物发现提速\",\"digest\":\"结合生成模型和Bennett接受率的DeepBAR技术。\",\"content\":\"\",\"fileid\":0,\"content_url\":\"http:\/\/mp.weixin.qq.com\/s?__biz=MzI3MjM3ODk0NQ==&amp;mid=2247484915&amp;idx=1&amp;sn=1c236d615d64e324d1df3a4c3b6566b2&amp;chksm=eb3238dddc45b1cb23ad9588c29fc520d6ec5deafd73493c42aa3f3caaa07c4c761f34b34fce&amp;scene=27#wechat_redirect\",\"source_url\":\"https:\/\/jiqizhixin.mikecrm.com\/4IQfPrT\",\"cover\":\"http:\/\/mmbiz.qpic.cn\/mmbiz_jpg\/XLCp9HBkwLnVXwFicKhqtYAicmicTconFbAPtFMXpiaPMF9TKJqM7Iicia2mTZ6ib0XRCib8ZibWtAcibkvpMHkhOGISgfBQ\/0?wx_fmt=jpeg\",\"subtype\":9,\"is_multi\":0,\"multi_app_msg_item_list\":[],\"author\":\"ScienceAI\",\"copyright_stat\":11,\"duration\":0,\"del_flag\":1,\"item_show_type\":0,\"audio_fileid\":0,\"play_url\":\"\",\"malicious_title_reason_id\":0,\"malicious_content_type\":0}},{\"comm_msg_info\":{\"id\":1000000095,\"type\":49,\"datetime\":1616818028,\"fakeid\":\"3272378945\",\"status\":2,\"content\":\"\"},\"app_msg_ext_info\":{\"title\":\"Broad Institute发起3亿美元的计划，旨在通过人工智能对抗疾病\",\"digest\":\"前谷歌CEO为该计划资助1.5亿美元。\",\"content\":\"\",\"fileid\":0,\"content_url\":\"http:\/\/mp.weixin.qq.com\/s?__biz=MzI3MjM3ODk0NQ==&amp;mid=2247484914&amp;idx=1&amp;sn=4b3b748ad09299a04ba4cd0f73af1438&amp;chksm=eb3238dcdc45b1ca9a5af4b47430dc7cbeb2cfb92b97efc2a44bb356a0b06b939f6d364ead74&amp;scene=27#wechat_redirect\",\"source_url\":\"https:\/\/jiqizhixin.mikecrm.com\/4IQfPrT\",\"cover\":\"http:\/\/mmbiz.qpic.cn\/mmbiz_jpg\/XLCp9HBkwLnVXwFicKhqtYAicmicTconFbAEOTJH7UWkyCGlbMo4qic5zhxibicwHEnCZTPgSKnDqU5HWcQ1G95kv2Rg\/0?wx_fmt=jpeg\",\"subtype\":9,\"is_multi\":0,\"multi_app_msg_item_list\":[],\"author\":\"ScienceAI\",\"copyright_stat\":100,\"duration\":0,\"del_flag\":1,\"item_show_type\":0,\"audio_fileid\":0,\"play_url\":\"\",\"malicious_title_reason_id\":0,\"malicious_content_type\":0}},{\"comm_msg_info\":{\"id\":1000000094,\"type\":49,\"datetime\":1616741313,\"fakeid\":\"3272378945\",\"status\":2,\"content\":\"\"},\"app_msg_ext_info\":{\"title\":\"强化学习模拟自适应免疫系统，或能带来新的免疫学见解\",\"digest\":\"有助于改善疫苗研发和感染治疗方案。\",\"content\":\"\",\"fileid\":0,\"content_url\":\"http:\/\/mp.weixin.qq.com\/s?__biz=MzI3MjM3ODk0NQ==&amp;mid=2247484891&amp;idx=1&amp;sn=dbaaf8a4c61423968e2a10abfaa5b812&amp;chksm=eb3238f5dc45b1e3e1bd369cc477156f860e5c4d4dc83f543eb23ec683e29694a26eb70e36aa&amp;scene=27#wechat_redirect\",\"source_url\":\"https:\/\/jiqizhixin.mikecrm.com\/4IQfPrT\",\"cover\":\"http:\/\/mmbiz.qpic.cn\/mmbiz_jpg\/XLCp9HBkwLnVXwFicKhqtYAicmicTconFbAUkibx7HEgZoAS7IzXtlmWCajkykAdyEQXTmCvLXibCmdyE9XKJTDYIeQ\/0?wx_fmt=jpeg\",\"subtype\":9,\"is_multi\":0,\"multi_app_msg_item_list\":[],\"author\":\"ScienceAI\",\"copyright_stat\":11,\"duration\":0,\"del_flag\":1,\"item_show_type\":0,\"audio_fileid\":0,\"play_url\":\"\",\"malicious_title_reason_id\":0,\"malicious_content_type\":0}},{\"comm_msg_info\":{\"id\":1000000093,\"type\":49,\"datetime\":1616645373,\"fakeid\":\"3272378945\",\"status\":2,\"content\":\"\"},\"app_msg_ext_info\":{\"title\":\"量子机器学习新定理，「贫瘠高原」问题得以解决\",\"digest\":\"新定理解决了量子机器学习可用性的关键问题。\",\"content\":\"\",\"fileid\":0,\"content_url\":\"http:\/\/mp.weixin.qq.com\/s?__biz=MzI3MjM3ODk0NQ==&amp;mid=2247484877&amp;idx=1&amp;sn=7857a252dc0523c328d0f02000d716c6&amp;chksm=eb3238e3dc45b1f52c08a704b498f85dfffb873d3b48ffead6b13998437dfbbebdeea8ba324b&amp;scene=27#wechat_redirect\",\"source_url\":\"https:\/\/jiqizhixin.mikecrm.com\/4IQfPrT\",\"cover\":\"http:\/\/mmbiz.qpic.cn\/mmbiz_jpg\/XLCp9HBkwLmlkJdsEkMtxibRvvaRx0evBlWGiagH20CalQVxdaWOwAdcuj4bEM62hBNF6qOALETqCicUn3KGH3icJQ\/0?wx_fmt=jpeg\",\"subtype\":9,\"is_multi\":0,\"multi_app_msg_item_list\":[],\"author\":\"ScienceAI\",\"copyright_stat\":11,\"duration\":0,\"del_flag\":1,\"item_show_type\":0,\"audio_fileid\":0,\"play_url\":\"\",\"malicious_title_reason_id\":0,\"malicious_content_type\":0}},{\"comm_msg_info\":{\"id\":1000000092,\"type\":49,\"datetime\":1616559720,\"fakeid\":\"3272378945\",\"status\":2,\"content\":\"\"},\"app_msg_ext_info\":{\"title\":\"华盛顿大学提出高光谱图像分类预测架构，登上Nature子刊\",\"digest\":\"可用于遥感、显微成像、医学成像等多个领域。\",\"content\":\"\",\"fileid\":0,\"content_url\":\"http:\/\/mp.weixin.qq.com\/s?__biz=MzI3MjM3ODk0NQ==&amp;mid=2247484867&amp;idx=1&amp;sn=09adde602e4c8bee8868207a37ec366a&amp;chksm=eb3238eddc45b1fbbbdd0be703d10bc9660be8ce76dbfe35344ffae87b3e1a3ab78119892e88&amp;scene=27#wechat_redirect\",\"source_url\":\"https:\/\/jiqizhixin.mikecrm.com\/4IQfPrT\",\"cover\":\"http:\/\/mmbiz.qpic.cn\/mmbiz_jpg\/XLCp9HBkwLnqFBGQUkdiaBPts4EMlLFwUnDT2OoGdJ96gepKPfb0RxOkBowyD7nhUWLVBldztNCSSNASGJj8hyA\/0?wx_fmt=jpeg\",\"subtype\":9,\"is_multi\":0,\"multi_app_msg_item_list\":[],\"author\":\"ScienceAI\",\"copyright_stat\":11,\"duration\":0,\"del_flag\":1,\"item_show_type\":0,\"audio_fileid\":0,\"play_url\":\"\",\"malicious_title_reason_id\":0,\"malicious_content_type\":0}},{\"comm_msg_info\":{\"id\":1000000091,\"type\":49,\"datetime\":1616477059,\"fakeid\":\"3272378945\",\"status\":2,\"content\":\"\"},\"app_msg_ext_info\":{\"title\":\"发现污水渗漏，机器学习是「妙招」\",\"digest\":\"过去未报告的污水渗漏被机器学习发现\",\"content\":\"\",\"fileid\":0,\"content_url\":\"http:\/\/mp.weixin.qq.com\/s?__biz=MzI3MjM3ODk0NQ==&amp;mid=2247484860&amp;idx=1&amp;sn=12a62529156780926f4d5dcd6f65c328&amp;chksm=eb323892dc45b184d840325ae95cef997bc26904d3207c504a282a03e716d3c1ff46520ba68c&amp;scene=27#wechat_redirect\",\"source_url\":\"https:\/\/jiqizhixin.mikecrm.com\/4IQfPrT\",\"cover\":\"http:\/\/mmbiz.qpic.cn\/mmbiz_jpg\/XLCp9HBkwLn0nPYyGujRsnRiaBIQlRVdkKLFfCCE7NHmXp47oorGjRMt6Jdx4YJvWUbaSh2DuMRCgXK1grydmuA\/0?wx_fmt=jpeg\",\"subtype\":9,\"is_multi\":0,\"multi_app_msg_item_list\":[],\"author\":\"\",\"copyright_stat\":100,\"duration\":0,\"del_flag\":1,\"item_show_type\":0,\"audio_fileid\":0,\"play_url\":\"\",\"malicious_title_reason_id\":0,\"malicious_content_type\":0}},{\"comm_msg_info\":{\"id\":1000000090,\"type\":49,\"datetime\":1616392827,\"fakeid\":\"3272378945\",\"status\":2,\"content\":\"\"},\"app_msg_ext_info\":{\"title\":\"基因组编写CAD即将面市，仍有无限可能\",\"digest\":\"旨在使大规模基因组编辑和设计更为容易获得。\",\"content\":\"\",\"fileid\":0,\"content_url\":\"http:\/\/mp.weixin.qq.com\/s?__biz=MzI3MjM3ODk0NQ==&amp;mid=2247484851&amp;idx=1&amp;sn=982c898987452aed24cf955242bc1181&amp;chksm=eb32389ddc45b18b440259aec3b6c59ff0d69a97d8b7e2155f9e680d78dcc5a7ac385ce1fa81&amp;scene=27#wechat_redirect\",\"source_url\":\"https:\/\/jiqizhixin.mikecrm.com\/4IQfPrT\",\"cover\":\"http:\/\/mmbiz.qpic.cn\/mmbiz_jpg\/XLCp9HBkwLmf1ZRoYibmk0bYJ692m5ibsoZjcd8GHQgLv0qlOJva9J4AwPDUhRNR6nicHSjMLddjTibAktXdqRqvvA\/0?wx_fmt=jpeg\",\"subtype\":9,\"is_multi\":0,\"multi_app_msg_item_list\":[],\"author\":\"ScienceAI\",\"copyright_stat\":100,\"duration\":0,\"del_flag\":1,\"item_show_type\":0,\"audio_fileid\":0,\"play_url\":\"\",\"malicious_title_reason_id\":0,\"malicious_content_type\":0}}]}","next_offset":72,"video_count":1,"use_video_tab":1,"real_type":0,"home_page_list":[]}